row_id,species_std,record_type,source_file,source_sheet,identifier,location,site_description,age_estimate,radiocarbon_lab,lat,lon,coord_status,unresolved_reason
1,unknown,NA,Rat Midden Distn MasterList6.xls,L_Middens,NA,NA,NA,NA,NA,-24,133,ok,NA
2,unknown,NA,Rat Midden Distn MasterList6.xls,L_Middens,NA,NA,NA,NA,NA,-24,133,ok,NA
3,unknown,NA,Rat Midden Distn MasterList6.xls,L_Middens,NA,NA,NA,NA,NA,-30.5,119.66666666666667,ok,NA
4,unknown,NA,Rat Midden Distn MasterList6.xls,L_Middens,NA,NA,NA,NA,NA,-23.5,134.5,ok,NA
5,unknown,NA,Rat Midden Distn MasterList6.xls,L_Middens,NA,NA,NA,NA,NA,-24.316666666666666,131.68333333333334,ok,NA
6,unknown,NA,Rat Midden Distn MasterList6.xls,L_Middens,NA,NA,NA,NA,NA,-24.316666666666666,131.68333333333334,ok,NA
7,unknown,NA,Rat Midden Distn MasterList6.xls,L_Middens,NA,NA,NA,NA,NA,-25.05,124.98333333333333,ok,NA
8,unknown,NA,Rat Midden Distn MasterList6.xls,L_Middens,NA,NA,NA,NA,NA,-25.05,124.98333333333333,ok,NA
9,unknown,NA,Rat Midden Distn MasterList6.xls,L_Middens,NA,NA,NA,NA,NA,-25.05,124.98333333333333,ok,NA
10,unknown,NA,Rat Midden Distn MasterList6.xls,L_Middens,NA,NA,NA,NA,NA,-25.05,124.98333333333333,ok,NA
11,unknown,NA,Rat Midden Distn MasterList6.xls,L_Middens,NA,NA,NA,NA,NA,-25.05,124.98333333333333,ok,NA
12,unknown,NA,Rat Midden Distn MasterList6.xls,L_Middens,NA,NA,NA,NA,NA,-25.83,134.19833333333332,ok,NA
13,unknown,NA,Rat Midden Distn MasterList6.xls,L_Middens,NA,NA,NA,NA,NA,-25.83,134.19833333333332,ok,NA
14,unknown,NA,Rat Midden Distn MasterList6.xls,L_Middens,NA,NA,NA,NA,NA,-25.83,134.19833333333332,ok,NA
15,unknown,NA,Rat Midden Distn MasterList6.xls,L_Middens,NA,NA,NA,NA,NA,-25.83,134.19833333333332,ok,NA
16,unknown,NA,Rat Midden Distn MasterList6.xls,L_Middens,NA,NA,NA,NA,NA,-25.83,134.19833333333332,ok,NA
17,unknown,NA,Rat Midden Distn MasterList6.xls,L_Middens,NA,NA,NA,NA,NA,-25.83,134.19833333333332,ok,NA
18,unknown,NA,Rat Midden Distn MasterList6.xls,L_Middens,NA,NA,NA,NA,NA,-25.83,134.19833333333332,ok,NA
19,unknown,NA,Rat Midden Distn MasterList6.xls,L_Middens,NA,NA,NA,NA,NA,-25.83,134.19833333333332,ok,NA
20,unknown,NA,Rat Midden Distn MasterList6.xls,L_Middens,NA,NA,NA,NA,NA,-25.83,134.19833333333332,ok,NA
21,unknown,NA,Rat Midden Distn MasterList6.xls,L_Middens,NA,NA,NA,NA,NA,-25.83,134.19833333333332,ok,NA
22,unknown,NA,Rat Midden Distn MasterList6.xls,L_Middens,NA,NA,NA,NA,NA,-25.83,134.19833333333332,ok,NA
23,unknown,NA,Rat Midden Distn MasterList6.xls,L_Middens,NA,NA,NA,NA,NA,-25.83,134.19833333333332,ok,NA
24,unknown,NA,Rat Midden Distn MasterList6.xls,L_Middens,NA,NA,NA,NA,NA,-25.83,134.19833333333332,ok,NA
25,unknown,NA,Rat Midden Distn MasterList6.xls,L_Middens,NA,NA,NA,NA,NA,-25.83,134.19833333333332,ok,NA
26,unknown,NA,Rat Midden Distn MasterList6.xls,L_Middens,NA,NA,NA,NA,NA,-25.83,134.19833333333332,ok,NA
27,unknown,NA,Rat Midden Distn MasterList6.xls,L_Middens,NA,NA,NA,NA,NA,-25.83,134.19833333333332,ok,NA
28,unknown,NA,Rat Midden Distn MasterList6.xls,L_Middens,NA,NA,NA,NA,NA,-25.83,134.19833333333332,ok,NA
29,unknown,NA,Rat Midden Distn MasterList6.xls,L_Middens,NA,NA,NA,NA,NA,-25.83,134.19833333333332,ok,NA
30,unknown,NA,Rat Midden Distn MasterList6.xls,L_Middens,NA,NA,NA,NA,NA,-25.83,134.19833333333332,ok,NA
31,unknown,NA,Rat Midden Distn MasterList6.xls,L_Middens,NA,NA,NA,NA,NA,-25.83,134.19833333333332,ok,NA
32,unknown,NA,Rat Midden Distn MasterList6.xls,L_Middens,NA,NA,NA,NA,NA,-25.83,134.19833333333332,ok,NA
33,unknown,NA,Rat Midden Distn MasterList6.xls,L_Middens,NA,NA,NA,NA,NA,-25.83,134.19833333333332,ok,NA
34,unknown,NA,Rat Midden Distn MasterList6.xls,L_Middens,NA,NA,NA,NA,NA,-25.83,134.19833333333332,ok,NA
35,unknown,NA,Rat Midden Distn MasterList6.xls,L_Middens,NA,NA,NA,NA,NA,-25.83,134.19833333333332,ok,NA
36,unknown,NA,Rat Midden Distn MasterList6.xls,L_Middens,NA,NA,NA,NA,NA,-25.83,134.19833333333332,ok,NA
37,unknown,NA,Rat Midden Distn MasterList6.xls,L_Middens,NA,NA,NA,NA,NA,-25.83,134.19833333333332,ok,NA
38,unknown,NA,Rat Midden Distn MasterList6.xls,L_Middens,NA,NA,NA,NA,NA,-26.15833333333333,127.91333333333334,ok,NA
39,unknown,NA,Rat Midden Distn MasterList6.xls,L_Middens,NA,NA,NA,NA,NA,-26.953055555555554,133.4986111111111,ok,NA
40,unknown,NA,Rat Midden Distn MasterList6.xls,L_Middens,NA,NA,NA,NA,NA,-27.885555555555555,134.31722222222223,ok,NA
41,unknown,NA,Rat Midden Distn MasterList6.xls,L_Middens,NA,NA,NA,NA,NA,-27.885555555555555,134.31722222222223,ok,NA
42,unknown,NA,Rat Midden Distn MasterList6.xls,L_Middens,NA,NA,NA,NA,NA,-27.885555555555555,134.31722222222223,ok,NA
43,unknown,NA,Rat Midden Distn MasterList6.xls,L_Middens,NA,NA,NA,NA,NA,-27.885555555555555,134.31722222222223,ok,NA
44,unknown,NA,Rat Midden Distn MasterList6.xls,L_Middens,NA,NA,NA,NA,NA,-27.885555555555555,134.31722222222223,ok,NA
45,unknown,NA,Rat Midden Distn MasterList6.xls,L_Middens,NA,NA,NA,NA,NA,-27.885555555555555,134.31722222222223,ok,NA
46,unknown,NA,Rat Midden Distn MasterList6.xls,L_Middens,NA,NA,NA,NA,NA,-27.885555555555555,134.31722222222223,ok,NA
47,unknown,NA,Rat Midden Distn MasterList6.xls,L_Middens,NA,NA,NA,NA,NA,-27.885555555555555,134.31722222222223,ok,NA
48,unknown,NA,Rat Midden Distn MasterList6.xls,L_Middens,NA,NA,NA,NA,NA,-27.885555555555555,134.31722222222223,ok,NA
49,unknown,NA,Rat Midden Distn MasterList6.xls,L_Middens,NA,NA,NA,NA,NA,-27.885555555555555,134.31722222222223,ok,NA
50,unknown,NA,Rat Midden Distn MasterList6.xls,L_Middens,NA,NA,NA,NA,NA,-28.419722222222223,122.97694444444444,ok,NA
51,unknown,NA,Rat Midden Distn MasterList6.xls,L_Middens,NA,NA,NA,NA,NA,-28.419722222222223,122.97694444444444,ok,NA
52,unknown,NA,Rat Midden Distn MasterList6.xls,L_Middens,NA,NA,NA,NA,NA,-30.066666666666666,142.56666666666666,ok,NA
53,unknown,NA,Rat Midden Distn MasterList6.xls,L_Middens,NA,NA,NA,NA,NA,-30.066666666666666,142.56666666666666,ok,NA
54,unknown,NA,Rat Midden Distn MasterList6.xls,L_Middens,NA,NA,NA,NA,NA,-30.066666666666666,142.56666666666666,ok,NA
55,unknown,NA,Rat Midden Distn MasterList6.xls,L_Middens,NA,NA,NA,NA,NA,-30.066666666666666,142.56666666666666,ok,NA
56,unknown,NA,Rat Midden Distn MasterList6.xls,L_Middens,NA,NA,NA,NA,NA,-30.066666666666666,142.56666666666666,ok,NA
57,unknown,NA,Rat Midden Distn MasterList6.xls,L_Middens,NA,NA,NA,NA,NA,-30.066666666666666,142.56666666666666,ok,NA
58,unknown,NA,Rat Midden Distn MasterList6.xls,L_Middens,NA,NA,NA,NA,NA,-30.066666666666666,142.56666666666666,ok,NA
59,unknown,NA,Rat Midden Distn MasterList6.xls,L_Middens,NA,NA,NA,NA,NA,-30.066666666666666,142.56666666666666,ok,NA
60,unknown,NA,Rat Midden Distn MasterList6.xls,L_Middens,NA,NA,NA,NA,NA,-30.066666666666666,142.56666666666666,ok,NA
61,unknown,NA,Rat Midden Distn MasterList6.xls,L_Middens,NA,NA,NA,NA,NA,-30.066666666666666,142.56666666666666,ok,NA
62,unknown,NA,Rat Midden Distn MasterList6.xls,L_Middens,NA,NA,NA,NA,NA,-30.066666666666666,142.56666666666666,ok,NA
63,unknown,NA,Rat Midden Distn MasterList6.xls,L_Middens,NA,NA,NA,NA,NA,-30.066666666666666,142.56666666666666,ok,NA
64,unknown,NA,Rat Midden Distn MasterList6.xls,L_Middens,NA,NA,NA,NA,NA,-30.328888888888887,123.26722222222222,ok,NA
65,unknown,NA,Rat Midden Distn MasterList6.xls,L_Middens,NA,NA,NA,NA,NA,-30.328888888888887,123.26722222222222,ok,NA
66,unknown,NA,Rat Midden Distn MasterList6.xls,L_Middens,NA,NA,NA,NA,NA,-30.328888888888887,123.26722222222222,ok,NA
67,unknown,NA,Rat Midden Distn MasterList6.xls,L_Middens,NA,NA,NA,NA,NA,-30.328888888888887,123.26722222222222,ok,NA
68,unknown,NA,Rat Midden Distn MasterList6.xls,L_Middens,NA,NA,NA,NA,NA,-30.328888888888887,123.26722222222222,ok,NA
69,unknown,NA,Rat Midden Distn MasterList6.xls,L_Middens,NA,NA,NA,NA,NA,-30.333333333333332,139.33333333333334,ok,NA
70,unknown,NA,Rat Midden Distn MasterList6.xls,L_Middens,NA,NA,NA,NA,NA,-30.333333333333332,139.33333333333334,ok,NA
71,unknown,NA,Rat Midden Distn MasterList6.xls,L_Middens,NA,NA,NA,NA,NA,-30.333333333333332,139.33333333333334,ok,NA
72,unknown,NA,Rat Midden Distn MasterList6.xls,L_Middens,NA,NA,NA,NA,NA,-30.333333333333332,139.33333333333334,ok,NA
73,unknown,NA,Rat Midden Distn MasterList6.xls,L_Middens,NA,NA,NA,NA,NA,-30.333333333333332,139.33333333333334,ok,NA
74,unknown,NA,Rat Midden Distn MasterList6.xls,L_Middens,NA,NA,NA,NA,NA,-30.333333333333332,139.33333333333334,ok,NA
75,unknown,NA,Rat Midden Distn MasterList6.xls,L_Middens,NA,NA,NA,NA,NA,-30.333333333333332,139.33333333333334,ok,NA
76,unknown,NA,Rat Midden Distn MasterList6.xls,L_Middens,NA,NA,NA,NA,NA,-30.333333333333332,139.33333333333334,ok,NA
77,unknown,NA,Rat Midden Distn MasterList6.xls,L_Middens,NA,NA,NA,NA,NA,-30.333333333333332,139.33333333333334,ok,NA
78,unknown,NA,Rat Midden Distn MasterList6.xls,L_Middens,NA,NA,NA,NA,NA,-30.333333333333332,139.33333333333334,ok,NA
79,unknown,NA,Rat Midden Distn MasterList6.xls,L_Middens,NA,NA,NA,NA,NA,-30.333333333333332,139.33333333333334,ok,NA
80,unknown,NA,Rat Midden Distn MasterList6.xls,L_Middens,NA,NA,NA,NA,NA,-30.333333333333332,139.33333333333334,ok,NA
81,unknown,NA,Rat Midden Distn MasterList6.xls,L_Middens,NA,NA,NA,NA,NA,-30.333333333333332,139.33333333333334,ok,NA
82,unknown,NA,Rat Midden Distn MasterList6.xls,L_Middens,NA,NA,NA,NA,NA,-30.5,119.66666666666667,ok,NA
83,unknown,NA,Rat Midden Distn MasterList6.xls,L_Middens,NA,NA,NA,NA,NA,-30.866666666666667,142.6,ok,NA
84,unknown,NA,Rat Midden Distn MasterList6.xls,L_Middens,NA,NA,NA,NA,NA,-30.866666666666667,142.6,ok,NA
85,unknown,NA,Rat Midden Distn MasterList6.xls,L_Middens,NA,NA,NA,NA,NA,-30.966666666666665,139.33333333333334,ok,NA
86,unknown,NA,Rat Midden Distn MasterList6.xls,L_Middens,NA,NA,NA,NA,NA,-30.966666666666665,139.33333333333334,ok,NA
87,unknown,NA,Rat Midden Distn MasterList6.xls,L_Middens,NA,NA,NA,NA,NA,-30.966666666666665,139.33333333333334,ok,NA
88,unknown,NA,Rat Midden Distn MasterList6.xls,L_Middens,NA,NA,NA,NA,NA,-30.966666666666665,139.33333333333334,ok,NA
89,unknown,NA,Rat Midden Distn MasterList6.xls,L_Middens,NA,NA,NA,NA,NA,-30.966666666666665,139.33333333333334,ok,NA
90,unknown,NA,Rat Midden Distn MasterList6.xls,L_Middens,NA,NA,NA,NA,NA,-30.966666666666665,139.33333333333334,ok,NA
91,unknown,NA,Rat Midden Distn MasterList6.xls,L_Middens,NA,NA,NA,NA,NA,-30.966666666666665,139.33333333333334,ok,NA
92,unknown,NA,Rat Midden Distn MasterList6.xls,L_Middens,NA,NA,NA,NA,NA,-30.966666666666665,139.33333333333334,ok,NA
93,unknown,NA,Rat Midden Distn MasterList6.xls,L_Middens,NA,NA,NA,NA,NA,-30.966666666666665,139.33333333333334,ok,NA
94,unknown,NA,Rat Midden Distn MasterList6.xls,L_Middens,NA,NA,NA,NA,NA,-30.966666666666665,139.33333333333334,ok,NA
95,unknown,NA,Rat Midden Distn MasterList6.xls,L_Middens,NA,NA,NA,NA,NA,-30.966666666666665,139.33333333333334,ok,NA
96,unknown,NA,Rat Midden Distn MasterList6.xls,L_Middens,NA,NA,NA,NA,NA,-30.966666666666665,139.33333333333334,ok,NA
97,unknown,NA,Rat Midden Distn MasterList6.xls,L_Middens,NA,NA,NA,NA,NA,-30.966666666666665,139.33333333333334,ok,NA
98,unknown,NA,Rat Midden Distn MasterList6.xls,L_Middens,NA,NA,NA,NA,NA,-31.066666666666666,142.56666666666666,ok,NA
99,unknown,NA,Rat Midden Distn MasterList6.xls,L_Middens,NA,NA,NA,NA,NA,-31.066666666666666,142.56666666666666,ok,NA
100,unknown,NA,Rat Midden Distn MasterList6.xls,L_Middens,NA,NA,NA,NA,NA,-31.066666666666666,142.56666666666666,ok,NA
101,unknown,NA,Rat Midden Distn MasterList6.xls,L_Middens,NA,NA,NA,NA,NA,-31.066666666666666,142.56666666666666,ok,NA
102,unknown,NA,Rat Midden Distn MasterList6.xls,L_Middens,NA,NA,NA,NA,NA,-31.066666666666666,142.56666666666666,ok,NA
103,unknown,NA,Rat Midden Distn MasterList6.xls,L_Middens,NA,NA,NA,NA,NA,-31.066666666666666,142.56666666666666,ok,NA
104,unknown,NA,Rat Midden Distn MasterList6.xls,L_Middens,NA,NA,NA,NA,NA,-31.066666666666666,142.56666666666666,ok,NA
105,unknown,NA,Rat Midden Distn MasterList6.xls,L_Middens,NA,NA,NA,NA,NA,-31.066666666666666,142.56666666666666,ok,NA
106,unknown,NA,Rat Midden Distn MasterList6.xls,L_Middens,NA,NA,NA,NA,NA,-31.066666666666666,142.56666666666666,ok,NA
107,unknown,NA,Rat Midden Distn MasterList6.xls,L_Middens,NA,NA,NA,NA,NA,-31.066666666666666,142.56666666666666,ok,NA
108,unknown,NA,Rat Midden Distn MasterList6.xls,L_Middens,NA,NA,NA,NA,NA,-31.066666666666666,142.56666666666666,ok,NA
109,unknown,NA,Rat Midden Distn MasterList6.xls,L_Middens,NA,NA,NA,NA,NA,-31.066666666666666,142.56666666666666,ok,NA
110,unknown,NA,Rat Midden Distn MasterList6.xls,L_Middens,NA,NA,NA,NA,NA,-31.066666666666666,142.56666666666666,ok,NA
111,unknown,NA,Rat Midden Distn MasterList6.xls,L_Middens,NA,NA,NA,NA,NA,-31.066666666666666,142.56666666666666,ok,NA
112,unknown,NA,Rat Midden Distn MasterList6.xls,L_Middens,NA,NA,NA,NA,NA,-31.166666666666668,142.6,ok,NA
113,unknown,NA,Rat Midden Distn MasterList6.xls,L_Middens,NA,NA,NA,NA,NA,-31.166666666666668,142.6,ok,NA
114,unknown,NA,Rat Midden Distn MasterList6.xls,L_Middens,NA,NA,NA,NA,NA,-31.166666666666668,142.6,ok,NA
115,unknown,NA,Rat Midden Distn MasterList6.xls,L_Middens,NA,NA,NA,NA,NA,-31.166666666666668,142.6,ok,NA
116,unknown,NA,Rat Midden Distn MasterList6.xls,L_Middens,NA,NA,NA,NA,NA,-31.166666666666668,142.6,ok,NA
117,unknown,NA,Rat Midden Distn MasterList6.xls,L_Middens,NA,NA,NA,NA,NA,-31.166666666666668,142.6,ok,NA
118,unknown,NA,Rat Midden Distn MasterList6.xls,L_Middens,NA,NA,NA,NA,NA,-31.166666666666668,142.6,ok,NA
119,unknown,NA,Rat Midden Distn MasterList6.xls,L_Middens,NA,NA,NA,NA,NA,-31.166666666666668,142.6,ok,NA
120,unknown,NA,Rat Midden Distn MasterList6.xls,L_Middens,NA,NA,NA,NA,NA,-31.166666666666668,142.6,ok,NA
121,unknown,NA,Rat Midden Distn MasterList6.xls,L_Middens,NA,NA,NA,NA,NA,-31.35,138.55,ok,NA
122,unknown,NA,Rat Midden Distn MasterList6.xls,L_Middens,NA,NA,NA,NA,NA,-31.35,138.55,ok,NA
123,unknown,NA,Rat Midden Distn MasterList6.xls,L_Middens,NA,NA,NA,NA,NA,-31.35,138.55,ok,NA
124,unknown,NA,Rat Midden Distn MasterList6.xls,L_Middens,NA,NA,NA,NA,NA,-31.35,138.55,ok,NA
125,unknown,NA,Rat Midden Distn MasterList6.xls,L_Middens,NA,NA,NA,NA,NA,-31.35,138.55,ok,NA
126,unknown,NA,Rat Midden Distn MasterList6.xls,L_Middens,NA,NA,NA,NA,NA,-31.35,138.55,ok,NA
127,unknown,NA,Rat Midden Distn MasterList6.xls,L_Middens,NA,NA,NA,NA,NA,-31.35,138.55,ok,NA
128,unknown,NA,Rat Midden Distn MasterList6.xls,L_Middens,NA,NA,NA,NA,NA,-31.35,138.55,ok,NA
129,unknown,NA,Rat Midden Distn MasterList6.xls,L_Middens,NA,NA,NA,NA,NA,-31.35,138.55,ok,NA
130,unknown,NA,Rat Midden Distn MasterList6.xls,L_Middens,NA,NA,NA,NA,NA,-31.35,138.55,ok,NA
131,unknown,NA,Rat Midden Distn MasterList6.xls,L_Middens,NA,NA,NA,NA,NA,-31.35,138.55,ok,NA
132,unknown,NA,Rat Midden Distn MasterList6.xls,L_Middens,NA,NA,NA,NA,NA,-31.35,138.55,ok,NA
133,unknown,NA,Rat Midden Distn MasterList6.xls,L_Middens,NA,NA,NA,NA,NA,-31.35,138.55,ok,NA
134,unknown,NA,Rat Midden Distn MasterList6.xls,L_Middens,NA,NA,NA,NA,NA,-31.35,138.55,ok,NA
135,unknown,NA,Rat Midden Distn MasterList6.xls,L_Middens,NA,NA,NA,NA,NA,-31.35,138.55,ok,NA
136,unknown,NA,Rat Midden Distn MasterList6.xls,L_Middens,NA,NA,NA,NA,NA,-31.35,138.55,ok,NA
137,unknown,NA,Rat Midden Distn MasterList6.xls,L_Middens,NA,NA,NA,NA,NA,-31.35,138.55,ok,NA
138,unknown,NA,Rat Midden Distn MasterList6.xls,L_Middens,NA,NA,NA,NA,NA,-31.35,138.55,ok,NA
139,unknown,NA,Rat Midden Distn MasterList6.xls,L_Middens,NA,NA,NA,NA,NA,-31.35,138.55,ok,NA
140,unknown,NA,Rat Midden Distn MasterList6.xls,L_Middens,NA,NA,NA,NA,NA,-31.35,138.55,ok,NA
141,unknown,NA,Rat Midden Distn MasterList6.xls,L_Middens,NA,NA,NA,NA,NA,-31.35,138.55,ok,NA
142,unknown,NA,Rat Midden Distn MasterList6.xls,L_Middens,NA,NA,NA,NA,NA,-31.35,138.55,ok,NA
143,unknown,NA,Rat Midden Distn MasterList6.xls,L_Middens,NA,NA,NA,NA,NA,-23.45,134.7,ok,NA
144,unknown,NA,Rat Midden Distn MasterList6.xls,L_Middens,NA,NA,NA,NA,NA,-23.45,134.7,ok,NA
145,unknown,NA,Rat Midden Distn MasterList6.xls,L_Middens,NA,NA,NA,NA,NA,-23.45,134.7,ok,NA
146,unknown,NA,Rat Midden Distn MasterList6.xls,L_Middens,NA,NA,NA,NA,NA,-23.45,134.7,ok,NA
147,unknown,NA,Rat Midden Distn MasterList6.xls,L_Middens,NA,NA,NA,NA,NA,-23.45,134.7,ok,NA
148,unknown,NA,Rat Midden Distn MasterList6.xls,L_Middens,NA,NA,NA,NA,NA,-23.45,134.7,ok,NA
149,unknown,NA,Rat Midden Distn MasterList6.xls,L_Middens,NA,NA,NA,NA,NA,-31.394929,138.856601,ok,NA
150,unknown,NA,Rat Midden Distn MasterList6.xls,L_Middens,NA,NA,NA,NA,NA,-31.394929,138.856601,ok,NA
151,unknown,NA,Rat Midden Distn MasterList6.xls,L_Middens,NA,NA,NA,NA,NA,-24.433333333333334,132.2,ok,NA
152,unknown,NA,Rat Midden Distn MasterList6.xls,L_Middens,NA,NA,NA,NA,NA,-24.433333333333334,132.2,ok,NA
153,unknown,NA,Rat Midden Distn MasterList6.xls,L_Middens,NA,NA,NA,NA,NA,-24.433333333333334,132.2,ok,NA
154,unknown,NA,Rat Midden Distn MasterList6.xls,L_Middens,NA,NA,NA,NA,NA,-24.433333333333334,132.2,ok,NA
155,unknown,NA,Rat Midden Distn MasterList6.xls,L_Middens,NA,NA,NA,NA,NA,-31.95,149.267,ok,NA
156,unknown,NA,Rat Midden Distn MasterList6.xls,L_Middens,NA,NA,NA,NA,NA,-23.2666,134.39998,ok,NA
157,unknown,NA,Rat Midden Distn MasterList6.xls,L_Middens,NA,NA,NA,NA,NA,-23.61664,134.33332,ok,NA
158,unknown,NA,Rat Midden Distn MasterList6.xls,L_Middens,NA,NA,NA,NA,NA,-22,137.251667,ok,NA
159,unknown,NA,Rat Midden Distn MasterList6.xls,L_Middens,NA,NA,NA,NA,NA,-22.0044444444444,137.320556,ok,NA
160,unknown,NA,Rat Midden Distn MasterList6.xls,L_Middens,NA,NA,NA,NA,NA,-25.066671958656542,124.9999945289191,ok,NA
161,unknown,NA,Rat Midden Distn MasterList6.xls,L_Middens,NA,NA,NA,NA,NA,-25.18333699740058,125.06665702887992,ok,NA
162,unknown,NA,Rat Midden Distn MasterList6.xls,L_Middens,NA,NA,NA,NA,NA,-25.550001401957275,125.29721833570987,ok,NA
163,unknown,NA,Rat Midden Distn MasterList6.xls,L_Middens,NA,NA,NA,NA,NA,-31.01666811270874,125.3333303540751,ok,NA
164,unknown,NA,Rat Midden Distn MasterList6.xls,L_Middens,NA,NA,NA,NA,NA,-26.961112555242494,125.41555376724865,ok,NA
165,unknown,NA,Rat Midden Distn MasterList6.xls,L_Middens,NA,NA,NA,NA,NA,-25.716670659143855,125.49999846869389,ok,NA
166,unknown,NA,Rat Midden Distn MasterList6.xls,L_Middens,NA,NA,NA,NA,NA,-25.247227329824295,125.54999282574879,ok,NA
167,unknown,NA,Rat Midden Distn MasterList6.xls,L_Middens,NA,NA,NA,NA,NA,-25.65000566321246,125.5499936490833,ok,NA
168,unknown,NA,Rat Midden Distn MasterList6.xls,L_Middens,NA,NA,NA,NA,NA,-25.05000248417204,125.58332539322357,ok,NA
169,unknown,NA,Rat Midden Distn MasterList6.xls,L_Middens,NA,NA,NA,NA,NA,-27.100003909878268,125.61666569537789,ok,NA
170,unknown,NA,Rat Midden Distn MasterList6.xls,L_Middens,NA,NA,NA,NA,NA,-26.8500071057902,125.6666570788952,ok,NA
171,unknown,NA,Rat Midden Distn MasterList6.xls,L_Middens,NA,NA,NA,NA,NA,-26.8500071057902,125.6666570788952,ok,NA
172,unknown,NA,Rat Midden Distn MasterList6.xls,L_Middens,NA,NA,NA,NA,NA,-26.60000359388658,125.86666517263507,ok,NA
173,unknown,NA,Rat Midden Distn MasterList6.xls,L_Middens,NA,NA,NA,NA,NA,-25.772228340572386,125.93054814769393,ok,NA
174,unknown,NA,Rat Midden Distn MasterList6.xls,L_Middens,NA,NA,NA,NA,NA,-26.783336069980294,125.94999782674233,ok,NA
175,unknown,NA,Rat Midden Distn MasterList6.xls,L_Middens,NA,NA,NA,NA,NA,-26.050008780811122,125.96666280727479,ok,NA
176,unknown,NA,Rat Midden Distn MasterList6.xls,L_Middens,NA,NA,NA,NA,NA,-26.516670009519153,126.01666007319861,ok,NA
177,unknown,NA,Rat Midden Distn MasterList6.xls,L_Middens,NA,NA,NA,NA,NA,-26.516670009519153,126.01666007319861,ok,NA
178,unknown,NA,Rat Midden Distn MasterList6.xls,L_Middens,NA,NA,NA,NA,NA,-28.30000836453808,126.08332714181746,ok,NA
179,unknown,NA,Rat Midden Distn MasterList6.xls,L_Middens,NA,NA,NA,NA,NA,-25.75000436932494,126.19999008634227,ok,NA
180,unknown,NA,Rat Midden Distn MasterList6.xls,L_Middens,NA,NA,NA,NA,NA,-27.00000124550322,126.29165677112783,ok,NA
181,unknown,NA,Rat Midden Distn MasterList6.xls,L_Middens,NA,NA,NA,NA,NA,-27.050003408329328,126.36665913208772,ok,NA
182,unknown,NA,Rat Midden Distn MasterList6.xls,L_Middens,NA,NA,NA,NA,NA,-26.833334655980345,126.3666631663169,ok,NA
183,unknown,NA,Rat Midden Distn MasterList6.xls,L_Middens,NA,NA,NA,NA,NA,-26.831950495181164,126.38055490359483,ok,NA
184,unknown,NA,Rat Midden Distn MasterList6.xls,L_Middens,NA,NA,NA,NA,NA,-27.06666723691628,126.41666396185445,ok,NA
185,unknown,NA,Rat Midden Distn MasterList6.xls,L_Middens,NA,NA,NA,NA,NA,-27.23333947293402,126.43332604726986,ok,NA
186,unknown,NA,Rat Midden Distn MasterList6.xls,L_Middens,NA,NA,NA,NA,NA,-26.758333987917265,126.44999352967021,ok,NA
187,unknown,NA,Rat Midden Distn MasterList6.xls,L_Middens,NA,NA,NA,NA,NA,-26.66667311802304,126.46665954275694,ok,NA
188,unknown,NA,Rat Midden Distn MasterList6.xls,L_Middens,NA,NA,NA,NA,NA,-27.166672639859293,126.48332694917048,ok,NA
189,unknown,NA,Rat Midden Distn MasterList6.xls,L_Middens,NA,NA,NA,NA,NA,-26.600004453533963,126.53332732470653,ok,NA
190,unknown,NA,Rat Midden Distn MasterList6.xls,L_Middens,NA,NA,NA,NA,NA,-25.800006733827765,127.39999046266061,ok,NA
191,unknown,NA,Rat Midden Distn MasterList6.xls,L_Middens,NA,NA,NA,NA,NA,-26.183335833102536,127.43333074617051,ok,NA
192,unknown,NA,Rat Midden Distn MasterList6.xls,L_Middens,NA,NA,NA,NA,NA,-28.75000234381601,128.96666111051076,ok,NA
193,unknown,NA,Rat Midden Distn MasterList6.xls,L_Middens,NA,NA,NA,NA,NA,-28.916667066488106,129.1833329344944,ok,NA
194,unknown,NA,Rat Midden Distn MasterList6.xls,L_Middens,NA,NA,NA,NA,NA,-25.916673774814594,129.35832633238536,ok,NA
195,unknown,NA,Rat Midden Distn MasterList6.xls,L_Middens,NA,NA,NA,NA,NA,-31.366675679256065,129.99999587618385,ok,NA
196,unknown,NA,Rat Midden Distn MasterList6.xls,L_Middens,NA,NA,NA,NA,NA,-26.450008358447572,130.44999821321514,ok,NA
197,unknown,NA,Rat Midden Distn MasterList6.xls,L_Middens,NA,NA,NA,NA,NA,-31.32361934009383,130.7083308667593,ok,NA
198,unknown,NA,Rat Midden Distn MasterList6.xls,L_Middens,NA,NA,NA,NA,NA,-31.32222724663436,130.71665976135665,ok,NA
199,unknown,NA,Rat Midden Distn MasterList6.xls,L_Middens,NA,NA,NA,NA,NA,-31.20277863699061,130.7416592544103,ok,NA
200,unknown,NA,Rat Midden Distn MasterList6.xls,L_Middens,NA,NA,NA,NA,NA,-31.366672285473722,130.865269076707,ok,NA
201,unknown,NA,Rat Midden Distn MasterList6.xls,L_Middens,NA,NA,NA,NA,NA,-31.248612038045145,131.037496136968,ok,NA
202,unknown,NA,Rat Midden Distn MasterList6.xls,L_Middens,NA,NA,NA,NA,NA,-31.155558249132323,131.04721791516886,ok,NA
203,unknown,NA,Rat Midden Distn MasterList6.xls,L_Middens,NA,NA,NA,NA,NA,-31.294446991551716,131.07222127231648,ok,NA
204,unknown,NA,Rat Midden Distn MasterList6.xls,L_Middens,NA,NA,NA,NA,NA,-31.027786226829548,131.38333078643194,ok,NA
205,unknown,NA,Rat Midden Distn MasterList6.xls,L_Middens,NA,NA,NA,NA,NA,-31.033342176843497,131.3833330543222,ok,NA
206,unknown,NA,Rat Midden Distn MasterList6.xls,L_Middens,NA,NA,NA,NA,NA,-27.033334,132.433328,ok,NA
207,unknown,NA,Rat Midden Distn MasterList6.xls,L_Middens,NA,NA,NA,NA,NA,-26.583339,133.249999,ok,NA
208,unknown,NA,Rat Midden Distn MasterList6.xls,L_Middens,NA,NA,NA,NA,NA,-26.566672,133.266665,ok,NA
209,unknown,NA,Rat Midden Distn MasterList6.xls,L_Middens,NA,NA,NA,NA,NA,-26.983335,133.449999,ok,NA
210,unknown,NA,Rat Midden Distn MasterList6.xls,L_Middens,NA,NA,NA,NA,NA,-26.950006,133.508332,ok,NA
211,unknown,NA,Rat Midden Distn MasterList6.xls,L_Middens,NA,NA,NA,NA,NA,-26.950008,133.749991,ok,NA
212,unknown,NA,Rat Midden Distn MasterList6.xls,L_Middens,NA,NA,NA,NA,NA,-26.041672,133.774991,ok,NA
213,unknown,NA,Rat Midden Distn MasterList6.xls,L_Middens,NA,NA,NA,NA,NA,-25.891671,133.899998,ok,NA
214,unknown,NA,Rat Midden Distn MasterList6.xls,L_Middens,NA,NA,NA,NA,NA,-25.800009,133.899998,ok,NA
215,unknown,NA,Rat Midden Distn MasterList6.xls,L_Middens,NA,NA,NA,NA,NA,-25.883337,133.949992,ok,NA
216,unknown,NA,Rat Midden Distn MasterList6.xls,L_Middens,NA,NA,NA,NA,NA,-25.958336,134.074993,ok,NA
217,unknown,NA,Rat Midden Distn MasterList6.xls,L_Middens,NA,NA,NA,NA,NA,-28.166669,134.083327,ok,NA
218,unknown,NA,Rat Midden Distn MasterList6.xls,L_Middens,NA,NA,NA,NA,NA,-27.966675,134.166662,ok,NA
219,unknown,NA,Rat Midden Distn MasterList6.xls,L_Middens,NA,NA,NA,NA,NA,-27.966675,134.183326,ok,NA
220,unknown,NA,Rat Midden Distn MasterList6.xls,L_Middens,NA,NA,NA,NA,NA,-28.225002,134.208324,ok,NA
221,unknown,NA,Rat Midden Distn MasterList6.xls,L_Middens,NA,NA,NA,NA,NA,-28.183335,134.249991,ok,NA
222,unknown,NA,Rat Midden Distn MasterList6.xls,L_Middens,NA,NA,NA,NA,NA,-26.200005,134.249993,ok,NA
223,unknown,NA,Rat Midden Distn MasterList6.xls,L_Middens,NA,NA,NA,NA,NA,-27.883339,134.258327,ok,NA
224,unknown,NA,Rat Midden Distn MasterList6.xls,L_Middens,NA,NA,NA,NA,NA,-27.900002,134.266657,ok,NA
225,unknown,NA,Rat Midden Distn MasterList6.xls,L_Middens,NA,NA,NA,NA,NA,-28.200007,134.266666,ok,NA
226,unknown,NA,Rat Midden Distn MasterList6.xls,L_Middens,NA,NA,NA,NA,NA,-28.200007,134.266666,ok,NA
227,unknown,NA,Rat Midden Distn MasterList6.xls,L_Middens,NA,NA,NA,NA,NA,-27.933336,134.283324,ok,NA
228,unknown,NA,Rat Midden Distn MasterList6.xls,L_Middens,NA,NA,NA,NA,NA,-28.025003,134.333326,ok,NA
229,unknown,NA,Rat Midden Distn MasterList6.xls,L_Middens,NA,NA,NA,NA,NA,-28.533334,134.333332,ok,NA
230,unknown,NA,Rat Midden Distn MasterList6.xls,L_Middens,NA,NA,NA,NA,NA,-27.38725,134.51949,ok,NA
231,unknown,NA,Rat Midden Distn MasterList6.xls,L_Middens,NA,NA,NA,NA,NA,-28.800001,134.583328,ok,NA
232,unknown,NA,Rat Midden Distn MasterList6.xls,L_Middens,NA,NA,NA,NA,NA,-27.700008,134.599997,ok,NA
233,unknown,NA,Rat Midden Distn MasterList6.xls,L_Middens,NA,NA,NA,NA,NA,-27.900007,134.608328,ok,NA
234,unknown,NA,Rat Midden Distn MasterList6.xls,L_Middens,NA,NA,NA,NA,NA,-29.433342,134.749999,ok,NA
235,unknown,NA,Rat Midden Distn MasterList6.xls,L_Middens,NA,NA,NA,NA,NA,-25.883342,135.199996,ok,NA
236,unknown,NA,Rat Midden Distn MasterList6.xls,L_Middens,NA,NA,NA,NA,NA,-25.883342,135.199996,ok,NA
237,unknown,NA,Rat Midden Distn MasterList6.xls,L_Middens,NA,NA,NA,NA,NA,-26.216676,135.433328,ok,NA
238,unknown,NA,Rat Midden Distn MasterList6.xls,L_Middens,NA,NA,NA,NA,NA,-32.38558,135.694243,ok,NA
239,unknown,NA,Rat Midden Distn MasterList6.xls,L_Middens,NA,NA,NA,NA,NA,-34.583336,135.833325,ok,NA
240,unknown,NA,Rat Midden Distn MasterList6.xls,L_Middens,NA,NA,NA,NA,NA,-27.666671,135.999994,ok,NA
241,unknown,NA,Rat Midden Distn MasterList6.xls,L_Middens,NA,NA,NA,NA,NA,-31.183337,136.333326,ok,NA
242,unknown,NA,Rat Midden Distn MasterList6.xls,L_Middens,NA,NA,NA,NA,NA,-33.200002,137.099991,ok,NA
243,unknown,NA,Rat Midden Distn MasterList6.xls,L_Middens,NA,NA,NA,NA,NA,-33.016667,137.166662,ok,NA
244,unknown,NA,Rat Midden Distn MasterList6.xls,L_Middens,NA,NA,NA,NA,NA,-33.033341,137.166664,ok,NA
245,unknown,NA,Rat Midden Distn MasterList6.xls,L_Middens,NA,NA,NA,NA,NA,-33.050006,137.166665,ok,NA
246,unknown,NA,Rat Midden Distn MasterList6.xls,L_Middens,NA,NA,NA,NA,NA,-32.750001,137.433331,ok,NA
247,unknown,NA,Rat Midden Distn MasterList6.xls,L_Middens,NA,NA,NA,NA,NA,-29.500005,137.499995,ok,NA
248,unknown,NA,Rat Midden Distn MasterList6.xls,L_Middens,NA,NA,NA,NA,NA,-32.083338,138.066658,ok,NA
249,unknown,NA,Rat Midden Distn MasterList6.xls,L_Middens,NA,NA,NA,NA,NA,-30.550001,138.416666,ok,NA
250,unknown,NA,Rat Midden Distn MasterList6.xls,L_Middens,NA,NA,NA,NA,NA,-31.500002,138.749996,ok,NA
251,unknown,NA,Rat Midden Distn MasterList6.xls,L_Middens,NA,NA,NA,NA,NA,-29.392107,138.774186,ok,NA
252,unknown,NA,Rat Midden Distn MasterList6.xls,L_Middens,NA,NA,NA,NA,NA,-30.340722,138.819529,ok,NA
253,unknown,NA,Rat Midden Distn MasterList6.xls,L_Middens,NA,NA,NA,NA,NA,-31.500006,138.833325,ok,NA
254,unknown,NA,Rat Midden Distn MasterList6.xls,L_Middens,NA,NA,NA,NA,NA,-32.15,138.916662,ok,NA
255,unknown,NA,Rat Midden Distn MasterList6.xls,L_Middens,NA,NA,NA,NA,NA,-32.15,138.916662,ok,NA
256,unknown,NA,Rat Midden Distn MasterList6.xls,L_Middens,NA,NA,NA,NA,NA,-32.15,138.916662,ok,NA
257,unknown,NA,Rat Midden Distn MasterList6.xls,L_Middens,NA,NA,NA,NA,NA,-30.566667,139.149994,ok,NA
258,unknown,NA,Rat Midden Distn MasterList6.xls,L_Middens,NA,NA,NA,NA,NA,-30.683335,139.216664,ok,NA
259,unknown,NA,Rat Midden Distn MasterList6.xls,L_Middens,NA,NA,NA,NA,NA,-30.966673,139.266662,ok,NA
260,unknown,NA,Rat Midden Distn MasterList6.xls,L_Middens,NA,NA,NA,NA,NA,-30.175476,139.273877,ok,NA
261,unknown,NA,Rat Midden Distn MasterList6.xls,L_Middens,NA,NA,NA,NA,NA,-30.666668,139.283325,ok,NA
262,unknown,NA,Rat Midden Distn MasterList6.xls,L_Middens,NA,NA,NA,NA,NA,-32.050002,140.166662,ok,NA
263,unknown,NA,Rat Midden Distn MasterList6.xls,L_Middens,NA,NA,NA,NA,NA,-32.719478,140.178334,ok,NA
264,unknown,NA,Rat Midden Distn MasterList6.xls,L_Middens,NA,NA,NA,NA,NA,-32.716669,140.199999,ok,NA
265,unknown,NA,Rat Midden Distn MasterList6.xls,L_Middens,NA,NA,NA,NA,NA,-34.225009,140.383332,ok,NA
266,unknown,NA,Rat Midden Distn MasterList6.xls,L_Middens,NA,NA,NA,NA,NA,-37.833334,140.783331,ok,NA
267,unknown,NA,Rat Midden Distn MasterList6.xls,L_Middens,NA,NA,NA,NA,NA,-32.450008,140.916663,ok,NA
268,unknown,NA,Rat Midden Distn MasterList6.xls,L_Middens,NA,NA,NA,NA,NA,-31.183336,141.49999,ok,NA
269,unknown,NA,Rat Midden Distn MasterList6.xls,L_Middens,NA,NA,NA,NA,NA,-29.083341,141.766659,ok,NA
270,unknown,NA,Rat Midden Distn MasterList6.xls,L_Middens,NA,NA,NA,NA,NA,-29.083337,141.883327,ok,NA
271,unknown,NA,Rat Midden Distn MasterList6.xls,L_Middens,NA,NA,NA,NA,NA,-29.033333,141.949991,ok,NA
272,unknown,NA,Rat Midden Distn MasterList6.xls,L_Middens,NA,NA,NA,NA,NA,-32.666672,142.333324,ok,NA
273,unknown,NA,Rat Midden Distn MasterList6.xls,L_Middens,NA,NA,NA,NA,NA,-31.11667,142.699999,ok,NA
274,Leporillus apicalis,NA,Rat Midden Distn MasterList6.xls,Lapicalis,12684,NA,NA,NA,NA,-33.43334,136.16666,ok,NA
275,Leporillus apicalis,NA,Rat Midden Distn MasterList6.xls,Lapicalis,12674,NA,NA,NA,NA,-30.86667,132.166661,ok,NA
276,Leporillus apicalis,NA,Rat Midden Distn MasterList6.xls,Lapicalis,12688,NA,NA,NA,NA,-34.183342,142.166664,ok,NA
277,Leporillus apicalis,NA,Rat Midden Distn MasterList6.xls,Lapicalis,12575,NA,NA,NA,NA,-34.16667,142.183326,ok,NA
278,Leporillus apicalis,NA,Rat Midden Distn MasterList6.xls,Lapicalis,12659,NA,NA,NA,NA,-30.96667,139.283329,ok,NA
279,Leporillus apicalis,NA,Rat Midden Distn MasterList6.xls,Lapicalis,12661,NA,NA,NA,NA,-30.583334,138.366661,ok,NA
280,Leporillus apicalis,NA,Rat Midden Distn MasterList6.xls,Lapicalis,12678,NA,NA,NA,NA,-32.216670195722415,125.88332589087337,ok,NA
281,Leporillus apicalis,NA,Rat Midden Distn MasterList6.xls,Lapicalis,12738,NA,NA,NA,NA,-31.966669920192786,125.91666592057311,ok,NA
282,Leporillus apicalis,NA,Rat Midden Distn MasterList6.xls,Lapicalis,13233,NA,NA,NA,NA,-25.76666837551978,125.93333106124335,ok,NA
283,Leporillus apicalis,NA,Rat Midden Distn MasterList6.xls,Lapicalis,13235,NA,NA,NA,NA,-26.60000359388658,125.86666517263507,ok,NA
284,Leporillus apicalis,NA,Rat Midden Distn MasterList6.xls,Lapicalis,12695,NA,NA,NA,NA,-31.650000943509845,127.43332620260664,ok,NA
285,Leporillus apicalis,NA,Rat Midden Distn MasterList6.xls,Lapicalis,12700,NA,NA,NA,NA,-26.616672857216347,130.6666632161866,ok,NA
286,Leporillus apicalis,NA,Rat Midden Distn MasterList6.xls,Lapicalis,12716,NA,NA,NA,NA,-31.766669713229184,127.79999638903517,ok,NA
287,Leporillus apicalis,NA,Rat Midden Distn MasterList6.xls,Lapicalis,105480,NA,NA,NA,NA,-26.893581422014282,129.93292427739746,ok,NA
288,Leporillus apicalis,NA,Rat Midden Distn MasterList6.xls,Lapicalis,12723,NA,NA,NA,NA,-31.583339143492136,127.01666054318713,ok,NA
289,Leporillus apicalis,NA,Rat Midden Distn MasterList6.xls,Lapicalis,12725,NA,NA,NA,NA,-31.85000768465489,126.73332634405332,ok,NA
290,Leporillus apicalis,NA,Rat Midden Distn MasterList6.xls,Lapicalis,12743,NA,NA,NA,NA,-31.66667334257992,128.48332416590603,ok,NA
291,Leporillus apicalis,NA,Rat Midden Distn MasterList6.xls,Lapicalis,12755,NA,NA,NA,NA,-31.70000087647003,128.48332947992145,ok,NA
292,Leporillus apicalis,NA,Rat Midden Distn MasterList6.xls,Lapicalis,12759,NA,NA,NA,NA,-31.6833415280554,129.03333021296604,ok,NA
293,Leporillus apicalis,NA,Rat Midden Distn MasterList6.xls,Lapicalis,12762,NA,NA,NA,NA,-31.06667499248358,128.7499896797507,ok,NA
294,Leporillus apicalis,NA,Rat Midden Distn MasterList6.xls,Lapicalis,12781,NA,NA,NA,NA,-31.766669713229184,127.79999638903517,ok,NA
295,Leporillus apicalis,NA,Rat Midden Distn MasterList6.xls,Lapicalis,12783,NA,NA,NA,NA,-31.650000531334182,128.48333204168273,ok,NA
296,Leporillus apicalis,NA,Rat Midden Distn MasterList6.xls,Lapicalis,12788,NA,NA,NA,NA,-32.050003190943805,126.03332736910907,ok,NA
297,Leporillus apicalis,NA,Rat Midden Distn MasterList6.xls,Lapicalis,12644,NA,NA,NA,NA,-31.500003674349536,129.9166599394264,ok,NA
298,Leporillus apicalis,NA,Rat Midden Distn MasterList6.xls,Lapicalis,12713,NA,NA,NA,NA,-32.06667451851645,126.03332882986672,ok,NA
299,Leporillus apicalis,NA,Rat Midden Distn MasterList6.xls,Lapicalis,12715,NA,NA,NA,NA,-32.10000006282898,126.18333304260975,ok,NA
300,Leporillus apicalis,NA,Rat Midden Distn MasterList6.xls,Lapicalis,12718,NA,NA,NA,NA,-31.83333477294163,127.71666062389029,ok,NA
301,Leporillus apicalis,NA,Rat Midden Distn MasterList6.xls,Lapicalis,12721,NA,NA,NA,NA,-31.650000943509845,127.43332620260664,ok,NA
302,Leporillus apicalis,NA,Rat Midden Distn MasterList6.xls,Lapicalis,12747,NA,NA,NA,NA,-31.433337192970523,127.18333042201293,ok,NA
303,Leporillus apicalis,NA,Rat Midden Distn MasterList6.xls,Lapicalis,12750,NA,NA,NA,NA,-31.68334080590647,127.7166611687803,ok,NA
304,Leporillus apicalis,NA,Rat Midden Distn MasterList6.xls,Lapicalis,12753,NA,NA,NA,NA,-31.716673600125294,128.4833320230659,ok,NA
305,Leporillus apicalis,NA,Rat Midden Distn MasterList6.xls,Lapicalis,12768,NA,NA,NA,NA,-31.775005300990752,127.79999437308508,ok,NA
306,Leporillus apicalis,NA,Rat Midden Distn MasterList6.xls,Lapicalis,12757,NA,NA,NA,NA,-31.533337490179314,129.0999989719857,ok,NA
307,Leporillus apicalis,NA,Rat Midden Distn MasterList6.xls,Lapicalis,13234,NA,NA,NA,NA,-26.51667508761381,126.03332701761936,ok,NA
308,Leporillus apicalis,NA,Rat Midden Distn MasterList6.xls,Lapicalis,13236,NA,NA,NA,NA,-26.700005847136644,126.44999835605805,ok,NA
309,Leporillus apicalis,NA,Rat Midden Distn MasterList6.xls,Lapicalis,12727,NA,NA,NA,NA,-31.966673172226823,127.03332457729357,ok,NA
310,Leporillus apicalis,NA,Rat Midden Distn MasterList6.xls,Lapicalis,12785,NA,NA,NA,NA,-31.983341211053684,127.03332876663272,ok,NA
311,Leporillus apicalis,NA,Rat Midden Distn MasterList6.xls,Lapicalis,13237,NA,NA,NA,NA,-27.200001860053746,126.46666461463113,ok,NA
312,Leporillus apicalis,NA,Rat Midden Distn MasterList6.xls,Lapicalis,BaynesGVD,NA,NA,NA,NA,-28.280593,122.706531,ok,NA
313,Leporillus apicalis,NA,Rat Midden Distn MasterList6.xls,Lapicalis,BaynesGVD,NA,NA,NA,NA,-29.090078,124.602681,ok,NA
314,Leporillus apicalis,NA,Rat Midden Distn MasterList6.xls,Lapicalis,BaynesGVD,NA,NA,NA,NA,-29.087849,124.602512,ok,NA
315,Leporillus apicalis,NA,Rat Midden Distn MasterList6.xls,Lapicalis,BaynesGVD,NA,NA,NA,NA,-29.087664,124.619761,ok,NA
316,Leporillus apicalis,NA,Rat Midden Distn MasterList6.xls,Lapicalis,BaynesGVD,NA,NA,NA,NA,-29.130023,124.638472,ok,NA
317,Leporillus apicalis,NA,Rat Midden Distn MasterList6.xls,Lapicalis,BaynesGVD,NA,NA,NA,NA,-29.131335,124.639333,ok,NA
318,Leporillus apicalis,NA,Rat Midden Distn MasterList6.xls,Lapicalis,BaynesGVD,NA,NA,NA,NA,-29.178021,124.481407,ok,NA
319,Leporillus apicalis,NA,Rat Midden Distn MasterList6.xls,Lapicalis,BaynesGVD,NA,NA,NA,NA,-29.176756,124.479105,ok,NA
320,Leporillus apicalis,NA,Rat Midden Distn MasterList6.xls,Lapicalis,BaynesGVD,NA,NA,NA,NA,-29.218396,124.52208,ok,NA
321,Leporillus apicalis,NA,Rat Midden Distn MasterList6.xls,Lapicalis,BaynesGVD,NA,NA,NA,NA,-29.555665,124.592288,ok,NA
322,Leporillus apicalis,NA,Rat Midden Distn MasterList6.xls,Lapicalis,BaynesGVD,NA,NA,NA,NA,-29.331603,124.57898900000001,ok,NA
323,Leporillus apicalis,NA,Rat Midden Distn MasterList6.xls,Lapicalis,BaynesGVD,NA,NA,NA,NA,-29.333475,124.740483,ok,NA
324,Leporillus apicalis,NA,Rat Midden Distn MasterList6.xls,Lapicalis,BaynesGVD,NA,NA,NA,NA,-26.76583,124.36652,ok,NA
325,Leporillus apicalis,NA,Rat Midden Distn MasterList6.xls,Lapicalis,BaynesGVD,NA,NA,NA,NA,-26.904491,124.468431,ok,NA
326,Leporillus apicalis,NA,Rat Midden Distn MasterList6.xls,Lapicalis,BaynesGVD,NA,NA,NA,NA,-26.834645,125.654977,ok,NA
327,Leporillus apicalis,NA,Rat Midden Distn MasterList6.xls,Lapicalis,BaynesGVD,NA,NA,NA,NA,-26.595833,125.8625,ok,NA
328,Leporillus apicalis,NA,Rat Midden Distn MasterList6.xls,Lapicalis,BaynesGVD,NA,NA,NA,NA,-26.598354,125.855984,ok,NA
329,Leporillus apicalis,NA,Rat Midden Distn MasterList6.xls,Lapicalis,BaynesGVD,NA,NA,NA,NA,-26.695833,126.451388,ok,NA
330,Leporillus apicalis,NA,Rat Midden Distn MasterList6.xls,Lapicalis,BaynesGVD,NA,NA,NA,NA,-26.693055,126.454166,ok,NA
331,Leporillus apicalis,NA,Rat Midden Distn MasterList6.xls,Lapicalis,BaynesGVD,NA,NA,NA,NA,-27.060558,126.374272,ok,NA
332,Leporillus apicalis,NA,Rat Midden Distn MasterList6.xls,Lapicalis,BaynesGVD,NA,NA,NA,NA,-27.06015,126.362217,ok,NA
333,Leporillus apicalis,NA,Rat Midden Distn MasterList6.xls,Lapicalis,BaynesGVD,NA,NA,NA,NA,-27.215277,126.468055,ok,NA
334,Leporillus apicalis,NA,Rat Midden Distn MasterList6.xls,Lapicalis,BaynesGVD,NA,NA,NA,NA,-27.235,126.44278,ok,NA
335,Leporillus apicalis,NA,Rat Midden Distn MasterList6.xls,Lapicalis,BaynesGVD,NA,NA,NA,NA,-27.621919,126.155233,ok,NA
336,Leporillus conditor,NA,Rat Midden Distn MasterList6.xls,Lconditor,Baynes2002,NA,NA,NA,NA,-25.75,112.95,ok,NA
337,Leporillus conditor,NA,Rat Midden Distn MasterList6.xls,Lconditor,Baynes2002,NA,NA,NA,NA,-25.967,113.1,ok,NA
338,Leporillus conditor,NA,Rat Midden Distn MasterList6.xls,Lconditor,Baynes2002,NA,NA,NA,NA,-26.4,113.3,ok,NA
339,Leporillus conditor,NA,Rat Midden Distn MasterList6.xls,Lconditor,Baynes2002,NA,NA,NA,NA,-24.117,113.433,ok,NA
340,Leporillus conditor,NA,Rat Midden Distn MasterList6.xls,Lconditor,Baynes2002,NA,NA,NA,NA,-25.633,113.583,ok,NA
341,Leporillus conditor,NA,Rat Midden Distn MasterList6.xls,Lconditor,Baynes2002,NA,NA,NA,NA,-26.6,113.683,ok,NA
342,Leporillus conditor,NA,Rat Midden Distn MasterList6.xls,Lconditor,Baynes2002,NA,NA,NA,NA,-23.117,113.8,ok,NA
343,Leporillus conditor,NA,Rat Midden Distn MasterList6.xls,Lconditor,Baynes2002,NA,NA,NA,NA,-27.833,114.1,ok,NA
344,Leporillus conditor,NA,Rat Midden Distn MasterList6.xls,Lconditor,Baynes2002,NA,NA,NA,NA,-25.983,114.283,ok,NA
345,Leporillus conditor,NA,Rat Midden Distn MasterList6.xls,Lconditor,Baynes2002,NA,NA,NA,NA,-28.117,115.617,ok,NA
346,Leporillus conditor,NA,Rat Midden Distn MasterList6.xls,Lconditor,Baynes2002,NA,NA,NA,NA,-28.133,117.183,ok,NA
347,Leporillus conditor,NA,Rat Midden Distn MasterList6.xls,Lconditor,Baynes2002,NA,NA,NA,NA,-26.917,117.7,ok,NA
348,Leporillus conditor,NA,Rat Midden Distn MasterList6.xls,Lconditor,Baynes2002,NA,NA,NA,NA,-29.017,118.317,ok,NA
349,Leporillus conditor,NA,Rat Midden Distn MasterList6.xls,Lconditor,Baynes2002,NA,NA,NA,NA,-29.367,119.367,ok,NA
350,Leporillus conditor,NA,Rat Midden Distn MasterList6.xls,Lconditor,Baynes2002,NA,NA,NA,NA,-28.117,120.3,ok,NA
351,Leporillus conditor,NA,Rat Midden Distn MasterList6.xls,Lconditor,Baynes2002,NA,NA,NA,NA,-30.9,121.317,ok,NA
352,Leporillus conditor,NA,Rat Midden Distn MasterList6.xls,Lconditor,Baynes2002,NA,NA,NA,NA,-29.517,121.633,ok,NA
353,Leporillus conditor,NA,Rat Midden Distn MasterList6.xls,Lconditor,12708,NA,NA,NA,NA,-31.0666729123387,125.33332500009357,ok,NA
354,Leporillus conditor,NA,Rat Midden Distn MasterList6.xls,Lconditor,12787,NA,NA,NA,NA,-31.983336964763954,125.86665715174163,ok,NA
355,Leporillus conditor,NA,Rat Midden Distn MasterList6.xls,Lconditor,12679,NA,NA,NA,NA,-32.216670195722415,125.88332589087337,ok,NA
356,Leporillus conditor,NA,Rat Midden Distn MasterList6.xls,Lconditor,12739,NA,NA,NA,NA,-31.966669920192786,125.91666592057311,ok,NA
357,Leporillus conditor,NA,Rat Midden Distn MasterList6.xls,Lconditor,12789,NA,NA,NA,NA,-32.050003190943805,126.03332736910907,ok,NA
358,Leporillus conditor,NA,Rat Midden Distn MasterList6.xls,Lconditor,12714,NA,NA,NA,NA,-32.06667451851645,126.03332882986672,ok,NA
359,Leporillus conditor,NA,Rat Midden Distn MasterList6.xls,Lconditor,12712,NA,NA,NA,NA,-32.033337926136866,126.18332362765844,ok,NA
360,Leporillus conditor,NA,Rat Midden Distn MasterList6.xls,Lconditor,12740,NA,NA,NA,NA,-31.983339645420322,126.49998998843144,ok,NA
361,Leporillus conditor,NA,Rat Midden Distn MasterList6.xls,Lconditor,12726,NA,NA,NA,NA,-31.85000768465489,126.73332634405332,ok,NA
362,Leporillus conditor,NA,Rat Midden Distn MasterList6.xls,Lconditor,12720,NA,NA,NA,NA,-31.033333942613755,126.79999323297812,ok,NA
363,Leporillus conditor,NA,Rat Midden Distn MasterList6.xls,Lconditor,12724,NA,NA,NA,NA,-31.75000723288207,127.01666131600247,ok,NA
364,Leporillus conditor,NA,Rat Midden Distn MasterList6.xls,Lconditor,12728,NA,NA,NA,NA,-31.966673172226823,127.03332457729357,ok,NA
365,Leporillus conditor,NA,Rat Midden Distn MasterList6.xls,Lconditor,12786,NA,NA,NA,NA,-31.983341211053684,127.03332876663272,ok,NA
366,Leporillus conditor,NA,Rat Midden Distn MasterList6.xls,Lconditor,12742,NA,NA,NA,NA,-30.96666676163356,127.06665795023805,ok,NA
367,Leporillus conditor,NA,Rat Midden Distn MasterList6.xls,Lconditor,12748,NA,NA,NA,NA,-31.433337192970523,127.18333042201293,ok,NA
368,Leporillus conditor,NA,Rat Midden Distn MasterList6.xls,Lconditor,12765,NA,NA,NA,NA,-31.6666743406835,127.23332893757382,ok,NA
369,Leporillus conditor,NA,Rat Midden Distn MasterList6.xls,Lconditor,12764,NA,NA,NA,NA,-31.716673802217635,127.23333085592573,ok,NA
370,Leporillus conditor,NA,Rat Midden Distn MasterList6.xls,Lconditor,12741,NA,NA,NA,NA,-31.566674443270795,127.2333316265471,ok,NA
371,Leporillus conditor,NA,Rat Midden Distn MasterList6.xls,Lconditor,12696,NA,NA,NA,NA,-31.650000943509845,127.43332620260664,ok,NA
372,Leporillus conditor,NA,Rat Midden Distn MasterList6.xls,Lconditor,12722,NA,NA,NA,NA,-31.650000943509845,127.43332620260664,ok,NA
373,Leporillus conditor,NA,Rat Midden Distn MasterList6.xls,Lconditor,12719,NA,NA,NA,NA,-31.83333477294163,127.71666062389029,ok,NA
374,Leporillus conditor,NA,Rat Midden Distn MasterList6.xls,Lconditor,12751,NA,NA,NA,NA,-31.68334080590647,127.7166611687803,ok,NA
375,Leporillus conditor,NA,Rat Midden Distn MasterList6.xls,Lconditor,12769,NA,NA,NA,NA,-31.775005300990752,127.79999437308508,ok,NA
376,Leporillus conditor,NA,Rat Midden Distn MasterList6.xls,Lconditor,12717,NA,NA,NA,NA,-31.766669713229184,127.79999638903517,ok,NA
377,Leporillus conditor,NA,Rat Midden Distn MasterList6.xls,Lconditor,12782,NA,NA,NA,NA,-31.766669713229184,127.79999638903517,ok,NA
378,Leporillus conditor,NA,Rat Midden Distn MasterList6.xls,Lconditor,12745,NA,NA,NA,NA,-31.433338723018377,127.86665757613356,ok,NA
379,Leporillus conditor,NA,Rat Midden Distn MasterList6.xls,Lconditor,12761,NA,NA,NA,NA,-31.166670780983626,127.94999560222529,ok,NA
380,Leporillus conditor,NA,Rat Midden Distn MasterList6.xls,Lconditor,12744,NA,NA,NA,NA,-31.66667334257992,128.48332416590603,ok,NA
381,Leporillus conditor,NA,Rat Midden Distn MasterList6.xls,Lconditor,12746,NA,NA,NA,NA,-31.250001740621826,128.48332778339648,ok,NA
382,Leporillus conditor,NA,Rat Midden Distn MasterList6.xls,Lconditor,12756,NA,NA,NA,NA,-31.70000087647003,128.48332947992145,ok,NA
383,Leporillus conditor,NA,Rat Midden Distn MasterList6.xls,Lconditor,12754,NA,NA,NA,NA,-31.716673600125294,128.4833320230659,ok,NA
384,Leporillus conditor,NA,Rat Midden Distn MasterList6.xls,Lconditor,12784,NA,NA,NA,NA,-31.650000531334182,128.48333204168273,ok,NA
385,Leporillus conditor,NA,Rat Midden Distn MasterList6.xls,Lconditor,12752,NA,NA,NA,NA,-31.400005043494403,128.58333146886292,ok,NA
386,Leporillus conditor,NA,Rat Midden Distn MasterList6.xls,Lconditor,13238,NA,NA,NA,NA,-30.4833381018487,128.6666614310417,ok,NA
387,Leporillus conditor,NA,Rat Midden Distn MasterList6.xls,Lconditor,Baynes2002,NA,NA,NA,NA,-30.483,128.667,ok,NA
388,Leporillus conditor,NA,Rat Midden Distn MasterList6.xls,Lconditor,12763,NA,NA,NA,NA,-31.06667499248358,128.7499896797507,ok,NA
389,Leporillus conditor,NA,Rat Midden Distn MasterList6.xls,Lconditor,12760,NA,NA,NA,NA,-31.6833415280554,129.03333021296604,ok,NA
390,Leporillus conditor,NA,Rat Midden Distn MasterList6.xls,Lconditor,12758,NA,NA,NA,NA,-31.533337490179314,129.0999989719857,ok,NA
391,Leporillus conditor,NA,Rat Midden Distn MasterList6.xls,Lconditor,12677,NA,NA,NA,NA,-29.750005231182612,129.24999737521688,ok,NA
392,Leporillus conditor,NA,Rat Midden Distn MasterList6.xls,Lconditor,12646,NA,NA,NA,NA,-31.400003850662603,129.83332690118078,ok,NA
393,Leporillus conditor,NA,Rat Midden Distn MasterList6.xls,Lconditor,12645,NA,NA,NA,NA,-31.500003674349536,129.9166599394264,ok,NA
394,Leporillus conditor,NA,Rat Midden Distn MasterList6.xls,Lconditor,12767,NA,NA,NA,NA,-30.550008029157617,130.9666616962959,ok,NA
395,Leporillus conditor,NA,Rat Midden Distn MasterList6.xls,Lconditor,12689,NA,NA,NA,NA,-30.25000357260447,131.24999292928266,ok,NA
396,Leporillus conditor,NA,Rat Midden Distn MasterList6.xls,Lconditor,12692,NA,NA,NA,NA,-30.583341422105857,131.24999365145518,ok,NA
397,Leporillus conditor,NA,Rat Midden Distn MasterList6.xls,Lconditor,12693,NA,NA,NA,NA,-30.583341422105857,131.24999365145518,ok,NA
398,Leporillus conditor,NA,Rat Midden Distn MasterList6.xls,Lconditor,12699,NA,NA,NA,NA,-30.583341422105857,131.24999365145518,ok,NA
399,Leporillus conditor,NA,Rat Midden Distn MasterList6.xls,Lconditor,12766,NA,NA,NA,NA,-30.583341422105857,131.24999365145518,ok,NA
400,Leporillus conditor,NA,Rat Midden Distn MasterList6.xls,Lconditor,12690,NA,NA,NA,NA,-30.450002674936943,131.6666589552267,ok,NA
401,Leporillus conditor,NA,Rat Midden Distn MasterList6.xls,Lconditor,12691,NA,NA,NA,NA,-30.450002674936943,131.6666589552267,ok,NA
402,Leporillus conditor,NA,Rat Midden Distn MasterList6.xls,Lconditor,12736,NA,NA,NA,NA,-30.450002674936943,131.6666589552267,ok,NA
403,Leporillus conditor,NA,Rat Midden Distn MasterList6.xls,Lconditor,12873,NA,NA,NA,NA,-30.46666995572023,131.66666552269083,ok,NA
404,Leporillus conditor,NA,Rat Midden Distn MasterList6.xls,Lconditor,12655,NA,NA,NA,NA,-32.450007,133.649994,ok,NA
405,Leporillus conditor,NA,Rat Midden Distn MasterList6.xls,Lconditor,12662,NA,NA,NA,NA,-32.450004,133.666664,ok,NA
406,Leporillus conditor,NA,Rat Midden Distn MasterList6.xls,Lconditor,12663,NA,NA,NA,NA,-32.450004,133.666664,ok,NA
407,Leporillus conditor,NA,Rat Midden Distn MasterList6.xls,Lconditor,12999,NA,NA,NA,NA,-32.450004,133.666664,ok,NA
408,Leporillus conditor,NA,Rat Midden Distn MasterList6.xls,Lconditor,12568,NA,NA,NA,NA,-27.966675,134.166662,ok,NA
409,Leporillus conditor,NA,Rat Midden Distn MasterList6.xls,Lconditor,12733,NA,NA,NA,NA,-34.516667,136.266658,ok,NA
410,Leporillus conditor,NA,Rat Midden Distn MasterList6.xls,Lconditor,12657,NA,NA,NA,NA,-28.500004,136.999996,ok,NA
411,Leporillus conditor,NA,Rat Midden Distn MasterList6.xls,Lconditor,18472,NA,NA,NA,NA,-30.258891,138.375625,ok,NA
412,Leporillus conditor,NA,Rat Midden Distn MasterList6.xls,Lconditor,12660,NA,NA,NA,NA,-30.550001,138.416666,ok,NA
413,Leporillus conditor,NA,Rat Midden Distn MasterList6.xls,Lconditor,18497,NA,NA,NA,NA,-29.389539,138.782484,ok,NA
414,Leporillus conditor,NA,Rat Midden Distn MasterList6.xls,Lconditor,114484,NA,NA,NA,NA,-31.104991,138.903465,ok,NA
415,Leporillus conditor,NA,Rat Midden Distn MasterList6.xls,Lconditor,114192,NA,NA,NA,NA,-30.174112,139.27307,ok,NA
416,Leporillus conditor,NA,Rat Midden Distn MasterList6.xls,Lconditor,12658,NA,NA,NA,NA,-30.96667,139.283329,ok,NA
417,Leporillus conditor,NA,Rat Midden Distn MasterList6.xls,Lconditor,12572,NA,NA,NA,NA,-33.950004,141.949993,ok,NA
418,Leporillus conditor,NA,Rat Midden Distn MasterList6.xls,Lconditor,12573,NA,NA,NA,NA,-33.950004,141.949993,ok,NA
419,Leporillus conditor,NA,Rat Midden Distn MasterList6.xls,Lconditor,12574,NA,NA,NA,NA,-33.950004,141.949993,ok,NA
420,Leporillus conditor,NA,Rat Midden Distn MasterList6.xls,Lconditor,12576,NA,NA,NA,NA,-32.666672,142.333324,ok,NA
421,unknown,NA,Rat Midden Distn MasterList6.xls,NPC NT,NA,NA,NA,NA,NA,-22,137.25,ok,NA
422,unknown,NA,Rat Midden Distn MasterList6.xls,NPC NT,NA,NA,NA,NA,NA,-23.64,133.89,ok,NA
423,unknown,NA,Rat Midden Distn MasterList6.xls,NPC NT,NA,NA,NA,NA,NA,-23.74,133.97,ok,NA
424,unknown,NA,Rat Midden Distn MasterList6.xls,NPC NT,NA,NA,NA,NA,NA,-23.66,134.33,ok,NA
425,unknown,NA,Rat Midden Distn MasterList6.xls,NPC NT,NA,NA,NA,NA,NA,-23.63,134.43,ok,NA
426,unknown,NA,Rat Midden Distn MasterList6.xls,NPC NT,NA,NA,NA,NA,NA,-23.44,134.73,ok,NA
427,unknown,NA,Rat Midden Distn MasterList6.xls,NPC NT,NA,NA,NA,NA,NA,-23.7,134.8,ok,NA
428,unknown,NA,Rat Midden Distn MasterList6.xls,NPC NT,NA,NA,NA,NA,NA,-22.35,134.88,ok,NA
429,unknown,NA,Rat Midden Distn MasterList6.xls,NPC NT,NA,NA,NA,NA,NA,-23.56,135.01,ok,NA
430,unknown,NA,Rat Midden Distn MasterList6.xls,NPC NT,NA,NA,NA,NA,NA,-22.78,135.08,ok,NA
431,unknown,NA,Rat Midden Distn MasterList6.xls,NPC NT,NA,NA,NA,NA,NA,-23.85,137.16,ok,NA
432,unknown,NA,Rat Midden Distn MasterList6.xls,NPC NT,NA,NA,NA,NA,NA,-23.83,137.18,ok,NA
433,unknown,NA,Rat Midden Distn MasterList6.xls,NPC NT,NA,NA,NA,NA,NA,-22,137.25,ok,NA
434,unknown,NA,Rat Midden Distn MasterList6.xls,NPC NT,NA,NA,NA,NA,NA,-22,137.32,ok,NA
435,unknown,NA,Rat Midden Distn MasterList6.xls,NPC NT,NA,NA,NA,NA,NA,-23.8,130.83,ok,NA
436,unknown,NA,Rat Midden Distn MasterList6.xls,NPC NT,NA,NA,NA,NA,NA,-23.83,131.31,ok,NA
437,unknown,NA,Rat Midden Distn MasterList6.xls,NPC NT,NA,NA,NA,NA,NA,-25.35,131.03,ok,NA
438,unknown,NA,Rat Midden Distn MasterList6.xls,NPC NT,NA,NA,NA,NA,NA,-25.35,131.03,ok,NA
439,unknown,NA,Rat Midden Distn MasterList6.xls,NPC NT,NA,NA,NA,NA,NA,-25.35,131.03,ok,NA
440,unknown,NA,Rat Midden Distn MasterList6.xls,NPC NT,NA,NA,NA,NA,NA,-25.35,131.03,ok,NA
441,unknown,NA,Rat Midden Distn MasterList6.xls,NPC NT,NA,NA,NA,NA,NA,-24.03,133.41,ok,NA
442,unknown,NA,Rat Midden Distn MasterList6.xls,NPC NT,NA,NA,NA,NA,NA,-25.96,133.86,ok,NA
443,unknown,NA,Rat Midden Distn MasterList6.xls,NPC NT,NA,NA,NA,NA,NA,-25.98,133.9,ok,NA
444,unknown,NA,Rat Midden Distn MasterList6.xls,NPC NT,NA,NA,NA,NA,NA,-24.56,135.75,ok,NA
445,unknown,NA,Rat Midden Distn MasterList6.xls,FossilMiddens,NA,NA,NA,-2780,A3990,-24,133,ok,NA
446,unknown,NA,Rat Midden Distn MasterList6.xls,FossilMiddens,NA,NA,NA,-1660,A3989,-24,133,ok,NA
447,unknown,NA,Rat Midden Distn MasterList6.xls,FossilMiddens,NA,NA,NA,-340,OZB166,-30.5,119.66666666666667,ok,NA
448,unknown,NA,Rat Midden Distn MasterList6.xls,FossilMiddens,NA,NA,NA,-2400,OZA980,-23.5,134.5,ok,NA
449,unknown,NA,Rat Midden Distn MasterList6.xls,FossilMiddens,NA,NA,NA,-3500,BETA-23022,-24.316666666666666,131.68333333333334,ok,NA
450,unknown,NA,Rat Midden Distn MasterList6.xls,FossilMiddens,NA,NA,NA,-1700,BETA-23023,-24.316666666666666,131.68333333333334,ok,NA
451,unknown,NA,Rat Midden Distn MasterList6.xls,FossilMiddens,NA,NA,NA,-710,BETA-30955,-25.05,124.98333333333333,ok,NA
452,unknown,NA,Rat Midden Distn MasterList6.xls,FossilMiddens,NA,NA,NA,-800,BETA-68230,-25.05,124.98333333333333,ok,NA
453,unknown,NA,Rat Midden Distn MasterList6.xls,FossilMiddens,NA,NA,NA,-1150,BETA-30956,-25.05,124.98333333333333,ok,NA
454,unknown,NA,Rat Midden Distn MasterList6.xls,FossilMiddens,NA,NA,NA,-900,OZA167U,-25.05,124.98333333333333,ok,NA
455,unknown,NA,Rat Midden Distn MasterList6.xls,FossilMiddens,NA,NA,NA,-900,BETA-30957,-25.05,124.98333333333333,ok,NA
456,unknown,NA,Rat Midden Distn MasterList6.xls,FossilMiddens,NA,NA,NA,-300,BETA-30958,-25.05,124.98333333333333,ok,NA
457,unknown,NA,Rat Midden Distn MasterList6.xls,FossilMiddens,NA,NA,NA,-610,OZA973U,-25.83,134.19833333333332,ok,NA
458,unknown,NA,Rat Midden Distn MasterList6.xls,FossilMiddens,NA,NA,NA,-200,OZA972,-25.83,134.19833333333332,ok,NA
459,unknown,NA,Rat Midden Distn MasterList6.xls,FossilMiddens,NA,NA,NA,-2280,OZA186U,-25.83,134.19833333333332,ok,NA
460,unknown,NA,Rat Midden Distn MasterList6.xls,FossilMiddens,NA,NA,NA,-2330,OZA187,-25.83,134.19833333333332,ok,NA
461,unknown,NA,Rat Midden Distn MasterList6.xls,FossilMiddens,NA,NA,NA,-3350,OZA188U2,-25.83,134.19833333333332,ok,NA
462,unknown,NA,Rat Midden Distn MasterList6.xls,FossilMiddens,NA,NA,NA,-3310,OZA188U1,-25.83,134.19833333333332,ok,NA
463,unknown,NA,Rat Midden Distn MasterList6.xls,FossilMiddens,NA,NA,NA,-3450,OZA189,-25.83,134.19833333333332,ok,NA
464,unknown,NA,Rat Midden Distn MasterList6.xls,FossilMiddens,NA,NA,NA,-3330,OZA190,-25.83,134.19833333333332,ok,NA
465,unknown,NA,Rat Midden Distn MasterList6.xls,FossilMiddens,NA,NA,NA,NOT DATABLE,ANSTO,-25.83,134.19833333333332,ok,NA
466,unknown,NA,Rat Midden Distn MasterList6.xls,FossilMiddens,NA,NA,NA,101.55pMC+ 0.4%,OZA191,-25.83,134.19833333333332,ok,NA
467,unknown,NA,Rat Midden Distn MasterList6.xls,FossilMiddens,NA,NA,NA,-410,OZA192,-25.83,134.19833333333332,ok,NA
468,unknown,NA,Rat Midden Distn MasterList6.xls,FossilMiddens,NA,NA,NA,-250,BETA-76573,-25.83,134.19833333333332,ok,NA
469,unknown,NA,Rat Midden Distn MasterList6.xls,FossilMiddens,NA,NA,NA,101.1pMC+ 0.7%,BETA-76574,-25.83,134.19833333333332,ok,NA
470,unknown,NA,Rat Midden Distn MasterList6.xls,FossilMiddens,NA,NA,NA,-1470,BETA-76575,-25.83,134.19833333333332,ok,NA
471,unknown,NA,Rat Midden Distn MasterList6.xls,FossilMiddens,NA,NA,NA,-310,OZA961U,-25.83,134.19833333333332,ok,NA
472,unknown,NA,Rat Midden Distn MasterList6.xls,FossilMiddens,NA,NA,NA,-300,OZA970,-25.83,134.19833333333332,ok,NA
473,unknown,NA,Rat Midden Distn MasterList6.xls,FossilMiddens,NA,NA,NA,-1720,OZA969U,-25.83,134.19833333333332,ok,NA
474,unknown,NA,Rat Midden Distn MasterList6.xls,FossilMiddens,NA,NA,NA,-1140,OZA967,-25.83,134.19833333333332,ok,NA
475,unknown,NA,Rat Midden Distn MasterList6.xls,FossilMiddens,NA,NA,NA,-510,OZA966U,-25.83,134.19833333333332,ok,NA
476,unknown,NA,Rat Midden Distn MasterList6.xls,FossilMiddens,NA,NA,NA,-360,OZB165,-25.83,134.19833333333332,ok,NA
477,unknown,NA,Rat Midden Distn MasterList6.xls,FossilMiddens,NA,NA,NA,-1310,OZA964U,-25.83,134.19833333333332,ok,NA
478,unknown,NA,Rat Midden Distn MasterList6.xls,FossilMiddens,NA,NA,NA,-2380,OZA963,-25.83,134.19833333333332,ok,NA
479,unknown,NA,Rat Midden Distn MasterList6.xls,FossilMiddens,NA,NA,NA,-1150,OZA962,-25.83,134.19833333333332,ok,NA
480,unknown,NA,Rat Midden Distn MasterList6.xls,FossilMiddens,NA,NA,NA,-360,OZA965U,-25.83,134.19833333333332,ok,NA
481,unknown,NA,Rat Midden Distn MasterList6.xls,FossilMiddens,NA,NA,NA,-80,BETA-76576,-25.83,134.19833333333332,ok,NA
482,unknown,NA,Rat Midden Distn MasterList6.xls,FossilMiddens,NA,NA,NA,-170,BETA-76577,-25.83,134.19833333333332,ok,NA
483,unknown,NA,Rat Midden Distn MasterList6.xls,FossilMiddens,NA,NA,NA,-3430,OZB168U,-26.15833333333333,127.91333333333334,ok,NA
484,unknown,NA,Rat Midden Distn MasterList6.xls,FossilMiddens,NA,NA,NA,-430,OZB164,-26.953055555555554,133.4986111111111,ok,NA
485,unknown,NA,Rat Midden Distn MasterList6.xls,FossilMiddens,NA,NA,NA,-1820,OZA978U,-27.885555555555555,134.31722222222223,ok,NA
486,unknown,NA,Rat Midden Distn MasterList6.xls,FossilMiddens,NA,NA,NA,-510,OZA979U,-27.885555555555555,134.31722222222223,ok,NA
487,unknown,NA,Rat Midden Distn MasterList6.xls,FossilMiddens,NA,NA,NA,-1430,OZA976,-27.885555555555555,134.31722222222223,ok,NA
488,unknown,NA,Rat Midden Distn MasterList6.xls,FossilMiddens,NA,NA,NA,-700,OZA977,-27.885555555555555,134.31722222222223,ok,NA
489,unknown,NA,Rat Midden Distn MasterList6.xls,FossilMiddens,NA,NA,NA,-1120,OZA974,-27.885555555555555,134.31722222222223,ok,NA
490,unknown,NA,Rat Midden Distn MasterList6.xls,FossilMiddens,NA,NA,NA,-1540,OZA181,-27.885555555555555,134.31722222222223,ok,NA
491,unknown,NA,Rat Midden Distn MasterList6.xls,FossilMiddens,NA,NA,NA,-1530,OZA182,-27.885555555555555,134.31722222222223,ok,NA
492,unknown,NA,Rat Midden Distn MasterList6.xls,FossilMiddens,NA,NA,NA,-1610,OZA975U,-27.885555555555555,134.31722222222223,ok,NA
493,unknown,NA,Rat Midden Distn MasterList6.xls,FossilMiddens,NA,NA,NA,-1130,OZA183,-27.885555555555555,134.31722222222223,ok,NA
494,unknown,NA,Rat Midden Distn MasterList6.xls,FossilMiddens,NA,NA,NA,-940,OZA184,-27.885555555555555,134.31722222222223,ok,NA
495,unknown,NA,Rat Midden Distn MasterList6.xls,FossilMiddens,NA,NA,NA,-1950,BETA-67212,-28.419722222222223,122.97694444444444,ok,NA
496,unknown,NA,Rat Midden Distn MasterList6.xls,FossilMiddens,NA,NA,NA,-20,BETA-68231,-28.419722222222223,122.97694444444444,ok,NA
497,unknown,NA,Rat Midden Distn MasterList6.xls,FossilMiddens,NA,NA,NA,-770,OZC041,-30.066666666666666,142.56666666666666,ok,NA
498,unknown,NA,Rat Midden Distn MasterList6.xls,FossilMiddens,NA,NA,NA,-620,OZC044,-30.066666666666666,142.56666666666666,ok,NA
499,unknown,NA,Rat Midden Distn MasterList6.xls,FossilMiddens,NA,NA,NA,-470,OZC045,-30.066666666666666,142.56666666666666,ok,NA
500,unknown,NA,Rat Midden Distn MasterList6.xls,FossilMiddens,NA,NA,NA,-590,OZC040,-30.066666666666666,142.56666666666666,ok,NA
501,unknown,NA,Rat Midden Distn MasterList6.xls,FossilMiddens,NA,NA,NA,-560,OZC048,-30.066666666666666,142.56666666666666,ok,NA
502,unknown,NA,Rat Midden Distn MasterList6.xls,FossilMiddens,NA,NA,NA,-3670,OZC617U2,-30.066666666666666,142.56666666666666,ok,NA
503,unknown,NA,Rat Midden Distn MasterList6.xls,FossilMiddens,NA,NA,NA,-880,OZC616,-30.066666666666666,142.56666666666666,ok,NA
504,unknown,NA,Rat Midden Distn MasterList6.xls,FossilMiddens,NA,NA,NA,-880,OZC621U1,-30.066666666666666,142.56666666666666,ok,NA
505,unknown,NA,Rat Midden Distn MasterList6.xls,FossilMiddens,NA,NA,NA,-4350,OZC046,-30.066666666666666,142.56666666666666,ok,NA
506,unknown,NA,Rat Midden Distn MasterList6.xls,FossilMiddens,NA,NA,NA,-2430,OZC618,-30.066666666666666,142.56666666666666,ok,NA
507,unknown,NA,Rat Midden Distn MasterList6.xls,FossilMiddens,NA,NA,NA,-450,OZC043,-30.066666666666666,142.56666666666666,ok,NA
508,unknown,NA,Rat Midden Distn MasterList6.xls,FossilMiddens,NA,NA,NA,0,OZC624,-30.066666666666666,142.56666666666666,ok,NA
509,unknown,NA,Rat Midden Distn MasterList6.xls,FossilMiddens,NA,NA,NA,-530,OZA185,-30.328888888888887,123.26722222222222,ok,NA
510,unknown,NA,Rat Midden Distn MasterList6.xls,FossilMiddens,NA,NA,NA,-590,BETA-76571,-30.328888888888887,123.26722222222222,ok,NA
511,unknown,NA,Rat Midden Distn MasterList6.xls,FossilMiddens,NA,NA,NA,-80,?OZA968U,-30.328888888888887,123.26722222222222,ok,NA
512,unknown,NA,Rat Midden Distn MasterList6.xls,FossilMiddens,NA,NA,NA,-410,OZA314,-30.328888888888887,123.26722222222222,ok,NA
513,unknown,NA,Rat Midden Distn MasterList6.xls,FossilMiddens,NA,NA,NA,-340,OZA968,-30.328888888888887,123.26722222222222,ok,NA
514,unknown,NA,Rat Midden Distn MasterList6.xls,FossilMiddens,NA,NA,NA,-5540,OZA315,-30.333333333333332,139.33333333333334,ok,NA
515,unknown,NA,Rat Midden Distn MasterList6.xls,FossilMiddens,NA,NA,NA,-7200,OZA316U,-30.333333333333332,139.33333333333334,ok,NA
516,unknown,NA,Rat Midden Distn MasterList6.xls,FossilMiddens,NA,NA,NA,-6472,OZA31?,-30.333333333333332,139.33333333333334,ok,NA
517,unknown,NA,Rat Midden Distn MasterList6.xls,FossilMiddens,NA,NA,NA,-10550,OZA317,-30.333333333333332,139.33333333333334,ok,NA
518,unknown,NA,Rat Midden Distn MasterList6.xls,FossilMiddens,NA,NA,NA,-11950,OZA318U,-30.333333333333332,139.33333333333334,ok,NA
519,unknown,NA,Rat Midden Distn MasterList6.xls,FossilMiddens,NA,NA,NA,-10850,NA,-30.333333333333332,139.33333333333334,ok,NA
520,unknown,NA,Rat Midden Distn MasterList6.xls,FossilMiddens,NA,NA,NA,-9473,OZA319,-30.333333333333332,139.33333333333334,ok,NA
521,unknown,NA,Rat Midden Distn MasterList6.xls,FossilMiddens,NA,NA,NA,-1000,BETA-62204,-30.333333333333332,139.33333333333334,ok,NA
522,unknown,NA,Rat Midden Distn MasterList6.xls,FossilMiddens,NA,NA,NA,-1920,ANU7753,-30.333333333333332,139.33333333333334,ok,NA
523,unknown,NA,Rat Midden Distn MasterList6.xls,FossilMiddens,NA,NA,NA,-6380,ANU8136,-30.333333333333332,139.33333333333334,ok,NA
524,unknown,NA,Rat Midden Distn MasterList6.xls,FossilMiddens,NA,NA,NA,-8820,ANU7754,-30.333333333333332,139.33333333333334,ok,NA
525,unknown,NA,Rat Midden Distn MasterList6.xls,FossilMiddens,NA,NA,NA,-1300,ANU8140,-30.333333333333332,139.33333333333334,ok,NA
526,unknown,NA,Rat Midden Distn MasterList6.xls,FossilMiddens,NA,NA,NA,-630,BETA-62205,-30.333333333333332,139.33333333333334,ok,NA
527,unknown,NA,Rat Midden Distn MasterList6.xls,FossilMiddens,NA,NA,NA,-1480,BETA-30954,-30.5,119.66666666666667,ok,NA
528,unknown,NA,Rat Midden Distn MasterList6.xls,FossilMiddens,NA,NA,NA,-780,BETA-89607,-30.866666666666667,142.6,ok,NA
529,unknown,NA,Rat Midden Distn MasterList6.xls,FossilMiddens,NA,NA,NA,-380,BETA-89608,-30.866666666666667,142.6,ok,NA
530,unknown,NA,Rat Midden Distn MasterList6.xls,FossilMiddens,NA,NA,NA,-470,OZC619,-30.966666666666665,139.33333333333334,ok,NA
531,unknown,NA,Rat Midden Distn MasterList6.xls,FossilMiddens,NA,NA,NA,-1280,OZC620,-30.966666666666665,139.33333333333334,ok,NA
532,unknown,NA,Rat Midden Distn MasterList6.xls,FossilMiddens,NA,NA,NA,-410,OZC625,-30.966666666666665,139.33333333333334,ok,NA
533,unknown,NA,Rat Midden Distn MasterList6.xls,FossilMiddens,NA,NA,NA,-590,OZC623,-30.966666666666665,139.33333333333334,ok,NA
534,unknown,NA,Rat Midden Distn MasterList6.xls,FossilMiddens,NA,NA,NA,-385,OZC614,-30.966666666666665,139.33333333333334,ok,NA
535,unknown,NA,Rat Midden Distn MasterList6.xls,FossilMiddens,NA,NA,NA,-230,OZC622U1,-30.966666666666665,139.33333333333334,ok,NA
536,unknown,NA,Rat Midden Distn MasterList6.xls,FossilMiddens,NA,NA,NA,-7260,OZC615U2,-30.966666666666665,139.33333333333334,ok,NA
537,unknown,NA,Rat Midden Distn MasterList6.xls,FossilMiddens,NA,NA,NA,-9420,ANU8110,-30.966666666666665,139.33333333333334,ok,NA
538,unknown,NA,Rat Midden Distn MasterList6.xls,FossilMiddens,NA,NA,NA,-10630,ANU8138,-30.966666666666665,139.33333333333334,ok,NA
539,unknown,NA,Rat Midden Distn MasterList6.xls,FossilMiddens,NA,NA,NA,-10900,OZA318,-30.966666666666665,139.33333333333334,ok,NA
540,unknown,NA,Rat Midden Distn MasterList6.xls,FossilMiddens,NA,NA,NA,-10870,ANU8109,-30.966666666666665,139.33333333333334,ok,NA
541,unknown,NA,Rat Midden Distn MasterList6.xls,FossilMiddens,NA,NA,NA,-9060,ANU8137,-30.966666666666665,139.33333333333334,ok,NA
542,unknown,NA,Rat Midden Distn MasterList6.xls,FossilMiddens,NA,NA,NA,-5340,ANU8139,-30.966666666666665,139.33333333333334,ok,NA
543,unknown,NA,Rat Midden Distn MasterList6.xls,FossilMiddens,NA,NA,NA,-6360,BETA-89613,-31.066666666666666,142.56666666666666,ok,NA
544,unknown,NA,Rat Midden Distn MasterList6.xls,FossilMiddens,NA,NA,NA,-5710,BETA-89609,-31.066666666666666,142.56666666666666,ok,NA
545,unknown,NA,Rat Midden Distn MasterList6.xls,FossilMiddens,NA,NA,NA,-5240,BETA-91807,-31.066666666666666,142.56666666666666,ok,NA
546,unknown,NA,Rat Midden Distn MasterList6.xls,FossilMiddens,NA,NA,NA,-6360,BETA-89611,-31.066666666666666,142.56666666666666,ok,NA
547,unknown,NA,Rat Midden Distn MasterList6.xls,FossilMiddens,NA,NA,NA,-6470,BETA-91809,-31.066666666666666,142.56666666666666,ok,NA
548,unknown,NA,Rat Midden Distn MasterList6.xls,FossilMiddens,NA,NA,NA,-6520,BETA-91808,-31.066666666666666,142.56666666666666,ok,NA
549,unknown,NA,Rat Midden Distn MasterList6.xls,FossilMiddens,NA,NA,NA,-5340,BETA-91810,-31.066666666666666,142.56666666666666,ok,NA
550,unknown,NA,Rat Midden Distn MasterList6.xls,FossilMiddens,NA,NA,NA,-1380,BETA-91811,-31.066666666666666,142.56666666666666,ok,NA
551,unknown,NA,Rat Midden Distn MasterList6.xls,FossilMiddens,NA,NA,NA,-3430,BETA-89612,-31.066666666666666,142.56666666666666,ok,NA
552,unknown,NA,Rat Midden Distn MasterList6.xls,FossilMiddens,NA,NA,NA,-1000,OZA313U,-31.066666666666666,142.56666666666666,ok,NA
553,unknown,NA,Rat Midden Distn MasterList6.xls,FossilMiddens,NA,NA,NA,-1300,OZA312U,-31.066666666666666,142.56666666666666,ok,NA
554,unknown,NA,Rat Midden Distn MasterList6.xls,FossilMiddens,NA,NA,NA,-460,BETA-59080,-31.066666666666666,142.56666666666666,ok,NA
555,unknown,NA,Rat Midden Distn MasterList6.xls,FossilMiddens,NA,NA,NA,-2960,BETA-97075,-31.066666666666666,142.56666666666666,ok,NA
556,unknown,NA,Rat Midden Distn MasterList6.xls,FossilMiddens,NA,NA,NA,-3040,BETA-89606,-31.066666666666666,142.56666666666666,ok,NA
557,unknown,NA,Rat Midden Distn MasterList6.xls,FossilMiddens,NA,NA,NA,-220,BETA-59077,-31.166666666666668,142.6,ok,NA
558,unknown,NA,Rat Midden Distn MasterList6.xls,FossilMiddens,NA,NA,NA,-310,BETA-59078,-31.166666666666668,142.6,ok,NA
559,unknown,NA,Rat Midden Distn MasterList6.xls,FossilMiddens,NA,NA,NA,-280,BETA-86305,-31.166666666666668,142.6,ok,NA
560,unknown,NA,Rat Midden Distn MasterList6.xls,FossilMiddens,NA,NA,NA,-510,BETA-59079,-31.166666666666668,142.6,ok,NA
561,unknown,NA,Rat Midden Distn MasterList6.xls,FossilMiddens,NA,NA,NA,-270,BETA-86306,-31.166666666666668,142.6,ok,NA
562,unknown,NA,Rat Midden Distn MasterList6.xls,FossilMiddens,NA,NA,NA,-530,BETA-86307,-31.166666666666668,142.6,ok,NA
563,unknown,NA,Rat Midden Distn MasterList6.xls,FossilMiddens,NA,NA,NA,-2680,BETA-80610,-31.166666666666668,142.6,ok,NA
564,unknown,NA,Rat Midden Distn MasterList6.xls,FossilMiddens,NA,NA,NA,-420,OZC042,-31.166666666666668,142.6,ok,NA
565,unknown,NA,Rat Midden Distn MasterList6.xls,FossilMiddens,NA,NA,NA,-1840,ANU2385,-31.166666666666668,142.6,ok,NA
566,unknown,NA,Rat Midden Distn MasterList6.xls,FossilMiddens,NA,NA,NA,-6710,OZB291,-31.35,138.55,ok,NA
567,unknown,NA,Rat Midden Distn MasterList6.xls,FossilMiddens,NA,NA,NA,-7310,BETA-81090,-31.35,138.55,ok,NA
568,unknown,NA,Rat Midden Distn MasterList6.xls,FossilMiddens,NA,NA,NA,-6800,OZB292,-31.35,138.55,ok,NA
569,unknown,NA,Rat Midden Distn MasterList6.xls,FossilMiddens,NA,NA,NA,-7400,BETA-8108,-31.35,138.55,ok,NA
570,unknown,NA,Rat Midden Distn MasterList6.xls,FossilMiddens,NA,NA,NA,-5020,OZC049,-31.35,138.55,ok,NA
571,unknown,NA,Rat Midden Distn MasterList6.xls,FossilMiddens,NA,NA,NA,-3690,OZB298,-31.35,138.55,ok,NA
572,unknown,NA,Rat Midden Distn MasterList6.xls,FossilMiddens,NA,NA,NA,-3640,OZB293,-31.35,138.55,ok,NA
573,unknown,NA,Rat Midden Distn MasterList6.xls,FossilMiddens,NA,NA,NA,-3790,OZB300,-31.35,138.55,ok,NA
574,unknown,NA,Rat Midden Distn MasterList6.xls,FossilMiddens,NA,NA,NA,-3570,OZB299,-31.35,138.55,ok,NA
575,unknown,NA,Rat Midden Distn MasterList6.xls,FossilMiddens,NA,NA,NA,-6290,OZB295,-31.35,138.55,ok,NA
576,unknown,NA,Rat Midden Distn MasterList6.xls,FossilMiddens,NA,NA,NA,-5690,OZB294,-31.35,138.55,ok,NA
577,unknown,NA,Rat Midden Distn MasterList6.xls,FossilMiddens,NA,NA,NA,-6930,BETA-81091,-31.35,138.55,ok,NA
578,unknown,NA,Rat Midden Distn MasterList6.xls,FossilMiddens,NA,NA,NA,-6520,BETA-87299,-31.35,138.55,ok,NA
579,unknown,NA,Rat Midden Distn MasterList6.xls,FossilMiddens,NA,NA,NA,-6580,BETA-87300,-31.35,138.55,ok,NA
580,unknown,NA,Rat Midden Distn MasterList6.xls,FossilMiddens,NA,NA,NA,-6880,BETA-87301,-31.35,138.55,ok,NA
581,unknown,NA,Rat Midden Distn MasterList6.xls,FossilMiddens,NA,NA,NA,-6920,BETA-87302,-31.35,138.55,ok,NA
582,unknown,NA,Rat Midden Distn MasterList6.xls,FossilMiddens,NA,NA,NA,-6650,OZB297,-31.35,138.55,ok,NA
583,unknown,NA,Rat Midden Distn MasterList6.xls,FossilMiddens,NA,NA,NA,-6610,OZB296,-31.35,138.55,ok,NA
584,unknown,NA,Rat Midden Distn MasterList6.xls,FossilMiddens,NA,NA,NA,-7720,BETA-81092,-31.35,138.55,ok,NA
585,unknown,NA,Rat Midden Distn MasterList6.xls,FossilMiddens,NA,NA,NA,-5790,OZC047,-31.35,138.55,ok,NA
586,unknown,NA,Rat Midden Distn MasterList6.xls,FossilMiddens,NA,NA,NA,-2430,OZA308U,-31.35,138.55,ok,NA
587,unknown,NA,Rat Midden Distn MasterList6.xls,FossilMiddens,NA,NA,NA,-2950,OZA309,-31.35,138.55,ok,NA
588,unknown,NA,Rat Midden Distn MasterList6.xls,FossilMiddens,NA,NA,NA,Modern,Waikato9584,-23.45,134.7,ok,NA
589,unknown,NA,Rat Midden Distn MasterList6.xls,FossilMiddens,NA,NA,NA,2500,OZF197,-23.45,134.7,ok,NA
590,unknown,NA,Rat Midden Distn MasterList6.xls,FossilMiddens,NA,NA,NA,606,Waikato9581,-23.45,134.7,ok,NA
591,unknown,NA,Rat Midden Distn MasterList6.xls,FossilMiddens,NA,NA,NA,835,Waikato9582,-23.45,134.7,ok,NA
592,unknown,NA,Rat Midden Distn MasterList6.xls,FossilMiddens,NA,NA,NA,433,Waikato9585,-23.45,134.7,ok,NA
593,unknown,NA,Rat Midden Distn MasterList6.xls,FossilMiddens,NA,NA,NA,Modern,Waikato9583,-23.45,134.7,ok,NA
594,unknown,NA,Rat Midden Distn MasterList6.xls,FossilMiddens,NA,NA,NA,-1600,OZA310U,-31.395003,138.856257,ok,NA
595,unknown,NA,Rat Midden Distn MasterList6.xls,FossilMiddens,NA,NA,NA,-961,OZA311,-31.395003,138.856257,ok,NA
596,unknown,NA,Rat Midden Distn MasterList6.xls,FossilMiddens,NA,NA,NA,756,Waikato,-24.433333333333334,132.2,ok,NA
597,unknown,NA,Rat Midden Distn MasterList6.xls,FossilMiddens,NA,NA,NA,3090,Waikato,-24.433333333333334,132.2,ok,NA
599,unknown,NA,Rat Midden Distn MasterList6.xls,FossilMiddens,NA,NA,NA,988,Waikato,-24.433333333333334,132.2,ok,NA
600,unknown,NA,Rat Midden Distn MasterList6.xls,FossilMiddens,NA,NA,NA,552,Waikato,-24.433333333333334,132.2,ok,NA
601,unknown,NA,Rat Midden Distn MasterList6.xls,FossilMiddens,NA,NA,NA,-400,NA,-37.916885,141.973419,ok,NA
602,unknown,NA,Rat Midden Distn MasterList6.xls,FossilMiddens,NA,NA,NA,-770,OZC041,NA,NA,unresolved,missing_coords_in_source
603,unknown,NA,Rat Midden Distn MasterList6.xls,FossilMiddens,NA,NA,NA,undated,NA,-31.28075,149.274618,ok,NA
604,unknown,NA,Rat Midden Distn MasterList6.xls,FossilMiddens,NA,NA,NA,-10870,BETA-67214,NA,NA,unresolved,missing_coords_in_source
605,Leporillus apicalis,NA,Rat Midden Distn MasterList6.xls,all records,12684,Dirk Hartog I.,NA,NA,NA,-33.43334,136.16666,ok,NA
606,Leporillus apicalis,NA,Rat Midden Distn MasterList6.xls,all records,NPC NT 2002,Edel Land,NA,NA,NA,-23.66,134.33,ok,NA
607,Leporillus conditor,NA,Rat Midden Distn MasterList6.xls,all records,12689,Kalbarri National Park,NA,NA,NA,-30.25000357260447,131.24999292928266,ok,NA
608,Leporillus apicalis,NA,Rat Midden Distn MasterList6.xls,all records,12661,Lyons R. Stn,NA,NA,NA,-30.583334,138.366661,ok,NA
609,Leporillus conditor,NA,Rat Midden Distn MasterList6.xls,all records,12744,Mt Gibson Station,NA,NA,NA,-31.66667334257992,128.48332416590603,ok,NA
610,Leporillus conditor,NA,Rat Midden Distn MasterList6.xls,all records,12660,NE Cape Cuvier,NA,NA,NA,-30.550001,138.416666,ok,NA
611,unknown,NA,Rat Midden Distn MasterList6.xls,all records,12652,NE Cape Cuvier,NA,NA,NA,-30.550001,138.416666,ok,NA
612,Leporillus conditor,NA,Rat Midden Distn MasterList6.xls,all records,12657,Peron Peninsula,NA,NA,NA,-28.500004,136.999996,ok,NA
613,unknown,NA,Rat Midden Distn MasterList6.xls,all records,12872,Peron Peninsula,NA,NA,NA,-33.200002,137.099991,ok,NA
614,unknown,NA,Rat Midden Distn MasterList6.xls,all records,12737,Pingandie Stn,NA,NA,NA,-31.500002,138.749996,ok,NA
615,Leporillus apicalis,NA,Rat Midden Distn MasterList6.xls,all records,NPC NT 2002,Pinnacles Station,NA,NA,NA,-23.8,130.83,ok,NA
616,unknown,NA,Rat Midden Distn MasterList6.xls,all records,12667,Pinnacles Station,NA,NA,NA,-31.366672285473722,130.865269076707,ok,NA
617,Leporillus conditor,NA,Rat Midden Distn MasterList6.xls,all records,12568,Shark Bay,NA,NA,NA,-27.966675,134.166662,ok,NA
618,unknown,NA,Rat Midden Distn MasterList6.xls,all records,12610,Shark Bay,NA,NA,NA,-27.966675,134.166662,ok,NA
619,Leporillus apicalis,NA,Rat Midden Distn MasterList6.xls,all records,Baynes2002,10.7 km W of Bulloo Downs Hstd,NA,NA,NA,-23.967,119.433,ok,NA
620,Leporillus apicalis,NA,Rat Midden Distn MasterList6.xls,all records,Lowry1965,Abrakurrie Cave,NA,NA,NA,-31.666667,127.433333,ok,NA
621,Leporillus conditor,NA,Rat Midden Distn MasterList6.xls,all records,Lowry1966,Abrakurrie Cave,NA,NA,NA,-31.666667,127.433333,ok,NA
622,unknown,NA,Rat Midden Distn MasterList6.xls,all records,Cole2000,"Allitera Tableland Hale River, eastern side, around Numery Dam",NA,NA,NA,-23.2666,134.39998,ok,NA
623,Leporillus apicalis,NA,Rat Midden Distn MasterList6.xls,all records,Baynes2002,Baba Head,NA,NA,NA,-26.6,113.683,ok,NA
624,Leporillus conditor,NA,Rat Midden Distn MasterList6.xls,all records,Baynes2002,Baba Head,NA,NA,NA,-26.6,113.683,ok,NA
625,Leporillus apicalis,NA,Rat Midden Distn MasterList6.xls,all records,Baynes2002,Beanthiny Hill,NA,NA,NA,-29.567,117.25,ok,NA
626,Leporillus conditor,NA,Rat Midden Distn MasterList6.xls,all records,Baynes2002,Bluff Point,NA,NA,NA,-27.833,114.1,ok,NA
627,Leporillus apicalis,NA,Rat Midden Distn MasterList6.xls,all records,Baynes2002,Bluffs near Yaringa Homestead,NA,NA,NA,-25.983,114.283,ok,NA
628,Leporillus conditor,NA,Rat Midden Distn MasterList6.xls,all records,Baynes2002,Bluffs near Yaringa Homestead,NA,NA,NA,-25.983,114.283,ok,NA
629,Leporillus apicalis,NA,Rat Midden Distn MasterList6.xls,all records,Baynes2002,Breakaway 20 miles NW Yeelirrie Hstd,NA,NA,NA,-27.05,119.933,ok,NA
630,Leporillus apicalis,NA,Rat Midden Distn MasterList6.xls,all records,Baynes2002,Breakaway ENE of Kirkalocka Hstd,NA,NA,NA,-28.55,117.817,ok,NA
631,Leporillus apicalis,NA,Rat Midden Distn MasterList6.xls,all records,Baynes2002,Breakaway on Diemals Station,NA,NA,NA,-29.367,119.367,ok,NA
632,Leporillus conditor,NA,Rat Midden Distn MasterList6.xls,all records,Baynes2002,Breakaway on Diemals Station,NA,NA,NA,-29.367,119.367,ok,NA
633,Leporillus conditor,NA,Rat Midden Distn MasterList6.xls,all records,Baynes2002,Breakaway on Narndee Station,NA,NA,NA,-29.017,118.317,ok,NA
634,Leporillus apicalis,NA,Rat Midden Distn MasterList6.xls,all records,Baynes2002,Breakaway on Winderie Station,NA,NA,NA,-25.35,115.15,ok,NA
635,Leporillus apicalis,NA,Rat Midden Distn MasterList6.xls,all records,Baynes2002,Breakaways near Gahnda Rockhole,NA,NA,NA,-26.6,125.867,ok,NA
636,Leporillus apicalis,NA,Rat Midden Distn MasterList6.xls,all records,Baynes2002,Breakaways near Winduldurra Rockhole,NA,NA,NA,-26.517,126.033,ok,NA
637,Leporillus apicalis,NA,Rat Midden Distn MasterList6.xls,all records,Baynes2002,Breakaways NW of Callion,NA,NA,NA,-30.083,120.533,ok,NA
638,Leporillus apicalis,NA,Rat Midden Distn MasterList6.xls,all records,Baynes2002,Breakaways on Murgoo Stn,NA,NA,NA,-27.467,116.283,ok,NA
639,Leporillus apicalis,NA,Rat Midden Distn MasterList6.xls,all records,Baynes2002,Cave C-200 Cape Range,NA,NA,NA,-22.217,114,ok,NA
640,Leporillus apicalis,NA,Rat Midden Distn MasterList6.xls,all records,Baynes2002,Cave C-207 Cape Range,NA,NA,NA,-22.2,113.983,ok,NA
641,Leporillus apicalis,NA,Rat Midden Distn MasterList6.xls,all records,Baynes2002,Cave C-251 Cape Range,NA,NA,NA,-22.017,114.033,ok,NA
642,Leporillus apicalis,NA,Rat Midden Distn MasterList6.xls,all records,Baynes2002,Cave C-299 Cape Range,NA,NA,NA,-22.133,114,ok,NA
643,Leporillus apicalis,NA,Rat Midden Distn MasterList6.xls,all records,Baynes2002,Cave C-4 Cape Range,NA,NA,NA,-22.183,113.983,ok,NA
644,Leporillus apicalis,NA,Rat Midden Distn MasterList6.xls,all records,Baynes2002,Coastal cliffs,NA,NA,NA,-24.117,113.433,ok,NA
645,Leporillus conditor,NA,Rat Midden Distn MasterList6.xls,all records,Baynes2002,Coastal cliffs,NA,NA,NA,-24.117,113.433,ok,NA
646,Leporillus apicalis,NA,Rat Midden Distn MasterList6.xls,all records,Thomas1971,Cocklebiddy Cave,NA,NA,NA,-31.966667,125.916667,ok,NA
647,Leporillus conditor,NA,Rat Midden Distn MasterList6.xls,all records,Lowry1965,Cocklebiddy Cave,NA,NA,NA,-31.966667,125.916667,ok,NA
648,Leporillus apicalis,NA,Rat Midden Distn MasterList6.xls,all records,Medlin1984,Darke Peak,NA,NA,NA,-33.433333,136.166667,ok,NA
649,Leporillus apicalis,NA,Rat Midden Distn MasterList6.xls,all records,Lundelius1954,Dingo Cave,NA,NA,NA,-31.850001,126.733333,ok,NA
650,Leporillus conditor,NA,Rat Midden Distn MasterList6.xls,all records,Hyslop1967,Dingo Cave,NA,NA,NA,-31.850001,126.733333,ok,NA
651,Leporillus apicalis,NA,Rat Midden Distn MasterList6.xls,all records,Baynes2002,False Entrance Well,NA,NA,NA,-26.4,113.3,ok,NA
652,Leporillus conditor,NA,Rat Midden Distn MasterList6.xls,all records,Baynes2002,False Entrance Well,NA,NA,NA,-26.4,113.3,ok,NA
653,Leporillus apicalis,NA,Rat Midden Distn MasterList6.xls,all records,Hyslop1967,Firestick Cave,NA,NA,NA,-31.75,127.016667,ok,NA
654,Leporillus conditor,NA,Rat Midden Distn MasterList6.xls,all records,Cawthorn1961,Firestick Cave,NA,NA,NA,-31.75,127.016667,ok,NA
655,Leporillus apicalis,NA,Rat Midden Distn MasterList6.xls,all records,Baynes2002,Guichenault Point,NA,NA,NA,-25.633,113.583,ok,NA
656,Leporillus conditor,NA,Rat Midden Distn MasterList6.xls,all records,Baynes2002,Guichenault Point,NA,NA,NA,-25.633,113.583,ok,NA
657,Leporillus conditor,NA,Rat Midden Distn MasterList6.xls,all records,Baynes2002,Herald Heights,NA,NA,NA,-25.967,113.1,ok,NA
658,Leporillus apicalis,NA,Rat Midden Distn MasterList6.xls,all records,Lowry1966,Horseshoe Cave,NA,NA,NA,-31.65,127.433333,ok,NA
659,Leporillus conditor,NA,Rat Midden Distn MasterList6.xls,all records,Archer1969,Horseshoe Cave,NA,NA,NA,-31.65,127.433333,ok,NA
660,Leporillus apicalis,NA,Rat Midden Distn MasterList6.xls,all records,Baynes2002,Karara Stn,NA,NA,NA,-29.2,116.767,ok,NA
661,Leporillus apicalis,NA,Rat Midden Distn MasterList6.xls,all records,Cook1962,Kutowalla Doline,NA,NA,NA,-31.716667,128.483333,ok,NA
662,Leporillus conditor,NA,Rat Midden Distn MasterList6.xls,all records,Lowry1966,Kutowalla Doline,NA,NA,NA,-31.716667,128.483333,ok,NA
663,Leporillus apicalis,NA,Rat Midden Distn MasterList6.xls,all records,Baynes2002,Limestone gorge,NA,NA,NA,-24.05,117.917,ok,NA
664,Leporillus apicalis,NA,Rat Midden Distn MasterList6.xls,all records,Baynes2002,Limestone ridge SE of Cardabia Hstd,NA,NA,NA,-23.117,113.8,ok,NA
665,Leporillus conditor,NA,Rat Midden Distn MasterList6.xls,all records,Baynes2002,Limestone ridge SE of Cardabia Hstd,NA,NA,NA,-23.117,113.8,ok,NA
666,unknown,NA,Rat Midden Distn MasterList6.xls,all records,Cole2000,Loves Creek Station,Edel Land,NA,NA,-23.61664,134.33332,ok,NA
667,Leporillus conditor,NA,Rat Midden Distn MasterList6.xls,all records,Lowry1966,Lynch Cave,NA,NA,NA,-30.966667,127.066667,ok,NA
668,Leporillus apicalis,NA,Rat Midden Distn MasterList6.xls,all records,Baynes1984,Madura Six Mile South Cave,NA,NA,NA,-31.966667,127.033333,ok,NA
669,Leporillus conditor,NA,Rat Midden Distn MasterList6.xls,all records,Cook1961,Madura Six Mile South Cave,NA,NA,NA,-31.966667,127.033333,ok,NA
670,unknown,NA,Rat Midden Distn MasterList6.xls,all records,Cole2000,Manners Creek,NA,NA,NA,-22,137.251667,ok,NA
671,unknown,NA,Rat Midden Distn MasterList6.xls,all records,Cole2000,Manners Creek,NA,NA,NA,-22.0044444444444,137.320556,ok,NA
672,Leporillus apicalis,NA,Rat Midden Distn MasterList6.xls,all records,Baynes2002,Manton Knob,NA,NA,NA,-26.7,126.45,ok,NA
673,Leporillus apicalis,NA,Rat Midden Distn MasterList6.xls,all records,Baynes2002,Mesa near Table Top Well,NA,NA,NA,-24.75,115.35,ok,NA
674,Leporillus apicalis,NA,Rat Midden Distn MasterList6.xls,all records,Baynes2002,Millrose Station,NA,NA,NA,-26.417,121.05,ok,NA
675,Leporillus conditor,NA,Rat Midden Distn MasterList6.xls,all records,Lowry1966,Moonera Tank Cave,NA,NA,NA,-31.983333,126.5,ok,NA
676,Leporillus apicalis,NA,Rat Midden Distn MasterList6.xls,all records,Baynes2002,Mount Samuel,NA,NA,NA,-25.767,125.933,ok,NA
677,Leporillus apicalis,NA,Rat Midden Distn MasterList6.xls,all records,Baynes2002,Mt Johnson,NA,NA,NA,-25.433,124.433,ok,NA
678,Leporillus conditor,NA,Rat Midden Distn MasterList6.xls,all records,Zeck1960,Mullamullang Cave,NA,NA,NA,-31.716667,127.233333,ok,NA
679,Leporillus apicalis,NA,Rat Midden Distn MasterList6.xls,all records,Hart1984,Murra-el-elevyn Cave,NA,NA,NA,-32.066667,126.033333,ok,NA
680,Leporillus conditor,NA,Rat Midden Distn MasterList6.xls,all records,Lundelius1954,Murra-el-elevyn Cave,NA,NA,NA,-32.066667,126.033333,ok,NA
681,Leporillus apicalis,NA,Rat Midden Distn MasterList6.xls,all records,Baynes2002,Narring Range,NA,NA,NA,-28.133,117.183,ok,NA
682,Leporillus conditor,NA,Rat Midden Distn MasterList6.xls,all records,Baynes2002,Narring Range,NA,NA,NA,-28.133,117.183,ok,NA
683,Leporillus conditor,NA,Rat Midden Distn MasterList6.xls,all records,Baynes2002,Nullarbor sinkhole,NA,NA,NA,-30.483,128.667,ok,NA
684,Leporillus conditor,NA,Rat Midden Distn MasterList6.xls,all records,Lowry1966,Old Homestead Cave,NA,NA,NA,-31.166667,127.95,ok,NA
685,Leporillus apicalis,NA,Rat Midden Distn MasterList6.xls,all records,Baynes2002,Old tree on Yerilla Station,NA,NA,NA,-29.517,121.633,ok,NA
686,Leporillus conditor,NA,Rat Midden Distn MasterList6.xls,all records,Baynes2002,Old tree on Yerilla Station,NA,NA,NA,-29.517,121.633,ok,NA
687,Leporillus conditor,NA,Rat Midden Distn MasterList6.xls,all records,Lowry1965,Pannikin Plain Cave,NA,NA,NA,-32.033333,126.183333,ok,NA
688,Leporillus apicalis,NA,Rat Midden Distn MasterList6.xls,all records,Baynes1984,Peak Charles,Combined sample from three caves: large open cave on E. slope of N. spur; high open cave near top W. slope N. spur; and small sheet erosion cave on S.H. slope S. spur.,NA,NA,-32.866667,121.15,ok,NA
689,Leporillus apicalis,NA,Rat Midden Distn MasterList6.xls,all records,Baynes2002,Pinjin Station,NA,NA,NA,-30.083,122.817,ok,NA
690,Leporillus apicalis,NA,Rat Midden Distn MasterList6.xls,all records,Baynes2002,Point Wood,NA,NA,NA,-27.2,126.467,ok,NA
691,Leporillus apicalis,NA,Rat Midden Distn MasterList6.xls,all records,Archer1969,Roaches Rest Cave,NA,NA,NA,-31.566667,127.233333,ok,NA
692,Leporillus conditor,NA,Rat Midden Distn MasterList6.xls,all records,Lowry1966,Roaches Rest Cave,NA,NA,NA,-31.566667,127.233333,ok,NA
693,Leporillus apicalis,NA,Rat Midden Distn MasterList6.xls,all records,Baynes2002,Rockshelter on Merkanooka Stn,NA,NA,NA,-29.083,115.583,ok,NA
694,Leporillus apicalis,NA,Rat Midden Distn MasterList6.xls,all records,Baynes2002,Sawback Range,NA,NA,NA,-25.067,117.75,ok,NA
695,Leporillus conditor,NA,Rat Midden Distn MasterList6.xls,all records,Lowry1966,Skinkhole,NA,NA,NA,-31.433333,127.866667,ok,NA
696,Leporillus apicalis,NA,Rat Midden Distn MasterList6.xls,all records,Baynes2002,Small breakaway SE of Mt Elephant,NA,NA,NA,-23.567,117.15,ok,NA
697,Leporillus apicalis,NA,Rat Midden Distn MasterList6.xls,all records,Baynes2002,Tallering Hill,NA,NA,NA,-28.117,115.617,ok,NA
698,Leporillus conditor,NA,Rat Midden Distn MasterList6.xls,all records,Baynes2002,Tallering Hill,NA,NA,NA,-28.117,115.617,ok,NA
699,Leporillus apicalis,NA,Rat Midden Distn MasterList6.xls,all records,Cook1961,Telegraph Cave,NA,NA,NA,-32.216667,125.883333,ok,NA
700,Leporillus conditor,NA,Rat Midden Distn MasterList6.xls,all records,Carlisle1966,Telegraph Cave,NA,NA,NA,-32.216667,125.883333,ok,NA
701,Leporillus apicalis,NA,Rat Midden Distn MasterList6.xls,all records,Cawthorn1961,Thylacine Hole,NA,NA,NA,-31.683333,127.716667,ok,NA
702,Leporillus conditor,NA,Rat Midden Distn MasterList6.xls,all records,Lowry1966,Thylacine Hole,NA,NA,NA,-31.683333,127.716667,ok,NA
703,Leporillus apicalis,NA,Rat Midden Distn MasterList6.xls,all records,Baynes1984,Tommy Grahams Cave,"Granite rock 8 km N. of Mount Andrew, Large crescentic open cave on northern flank of rock.",NA,NA,-32.1,126.183333,ok,NA
704,Leporillus apicalis,NA,Rat Midden Distn MasterList6.xls,all records,Kendrick1966,Twin Level Cave,NA,NA,NA,-32.569167,124.792778,ok,NA
705,Leporillus conditor,NA,Rat Midden Distn MasterList6.xls,all records,Carlisle1975,Unnamed,"A group of seven caves ""100 miles north-east Forrest (approx.)"", of which four yielded material.",NA,NA,-29.75,129.25,ok,NA
706,Leporillus conditor,NA,Rat Midden Distn MasterList6.xls,all records,Butler1967,Unnamed,"Cave ""15 miles S. of W. of Loongana"".",NA,NA,-31.033333,126.8,ok,NA
707,Leporillus conditor,NA,Rat Midden Distn MasterList6.xls,all records,Marshall1968,Unnamed,"Cave ""5 miles S. of Rawlinna"".",NA,NA,-31.066667,125.333333,ok,NA
708,Leporillus apicalis,NA,Rat Midden Distn MasterList6.xls,all records,Lowry1966,Unnamed,Overhang in cliffs 1.2 miles E. of Wilsons Bluff cairn.,NA,NA,-31.683333,129.033333,ok,NA
709,Leporillus conditor,NA,Rat Midden Distn MasterList6.xls,all records,Lowry1966,Unnamed,Overhang in cliffs 1.2 miles E. of Wilsons Bluff cairn.,NA,NA,-31.683333,129.033333,ok,NA
710,Leporillus apicalis,NA,Rat Midden Distn MasterList6.xls,all records,Lowry1968,Unnamed,Sinkhole 3.3 km SW of Balladonia Station homestead. Small figure-of-eight shaped entrance. Vertical solution pipe about 7 m to small circular chamber with small southern extension.,NA,NA,-32.478333,123.839444,ok,NA
711,Leporillus conditor,NA,Rat Midden Distn MasterList6.xls,all records,Thomas1971,Unnamed,Sinkhole 3.3 km SW of Balladonia Station homestead. Small figure-of-eight shaped entrance. Vertical solution pipe about 7 m to small circular chamber with small southern extension.,NA,NA,-32.478333,123.839444,ok,NA
712,Leporillus apicalis,NA,Rat Midden Distn MasterList6.xls,all records,Baynes1984,Unnamed,"Sinkhole on northern side of track across Hampton Tableland at M.R. 552033 Price 1:100,000 sheet. Vertical solution pipe about 7 m to small round chamber.",NA,NA,-32.497222,124.634722,ok,NA
713,Leporillus conditor,NA,Rat Midden Distn MasterList6.xls,all records,Hart1984,Unnamed,"Sinkhole on northern side of track across Hampton Tableland at M.R. 552033 Price 1:100,000 sheet. Vertical solution pipe about 7 m to small round chamber.",NA,NA,-32.497222,124.634722,ok,NA
714,Leporillus apicalis,NA,Rat Midden Distn MasterList6.xls,all records,Baynes1984,Unnamed,Small cave near top of cliff face at extreme east end of Wylie Scarp (where it swings seaward to become Baxter Cliffs).,NA,NA,-32.591667,122.917222,ok,NA
715,Leporillus apicalis,NA,Rat Midden Distn MasterList6.xls,all records,Lowry1966,Unnamed,Very small breakaway on north shore of salt lake S. of old Telegraph line in Dundas Nature Reserve.,NA,NA,-32.467778,123.398889,ok,NA
716,Leporillus conditor,NA,Rat Midden Distn MasterList6.xls,all records,Baynes1984,Unnamed,Very small breakaway on north shore of salt lake S. of old Telegraph line in Dundas Nature Reserve.,NA,NA,-32.467778,123.398889,ok,NA
717,Leporillus conditor,NA,Rat Midden Distn MasterList6.xls,all records,Lowry1966,Unnamed,NA,NA,NA,-31.25,128.483333,ok,NA
718,Leporillus conditor,NA,Rat Midden Distn MasterList6.xls,all records,Lowry1966,Unnamed,NA,NA,NA,-31.4,128.583333,ok,NA
719,Leporillus conditor,NA,Rat Midden Distn MasterList6.xls,all records,Lowry1966,Unnamed,NA,NA,NA,-31.433333,127.183333,ok,NA
720,Leporillus conditor,NA,Rat Midden Distn MasterList6.xls,all records,Baynes2002,W. end Red Lake near Kalgoorlie,NA,NA,NA,-30.9,121.317,ok,NA
721,Leporillus apicalis,NA,Rat Midden Distn MasterList6.xls,all records,Lowry1966,Warbla Cave,NA,NA,NA,-31.533333,129.1,ok,NA
722,Leporillus conditor,NA,Rat Midden Distn MasterList6.xls,all records,Lowry1968,Warbla Cave,NA,NA,NA,-31.533333,129.1,ok,NA
723,Leporillus apicalis,NA,Rat Midden Distn MasterList6.xls,all records,Lance1976,Webbs Cave,NA,NA,NA,-31.766667,127.8,ok,NA
724,Leporillus conditor,NA,Rat Midden Distn MasterList6.xls,all records,Cook1962,Webbs Cave,NA,NA,NA,-31.766667,127.8,ok,NA
725,Leporillus apicalis,NA,Rat Midden Distn MasterList6.xls,all records,Lowry1966,Weebubbie Cave,NA,NA,NA,-31.666667,128.75,ok,NA
726,Leporillus conditor,NA,Rat Midden Distn MasterList6.xls,all records,Lowry1966,Weebubbie Cave,NA,NA,NA,-31.666667,128.75,ok,NA
727,Leporillus conditor,NA,Rat Midden Distn MasterList6.xls,all records,Baynes2002,West Coast Well,NA,NA,NA,-25.75,112.95,ok,NA
728,Leporillus apicalis,NA,Rat Midden Distn MasterList6.xls,all records,Baynes2002,White Cloud Cliffs,NA,NA,NA,-28.117,120.3,ok,NA
729,Leporillus conditor,NA,Rat Midden Distn MasterList6.xls,all records,Baynes2002,White Cloud Cliffs,NA,NA,NA,-28.117,120.3,ok,NA
730,Leporillus apicalis,NA,Rat Midden Distn MasterList6.xls,all records,Baynes2002,Wilgie Mia,NA,NA,NA,-26.917,117.7,ok,NA
731,Leporillus conditor,NA,Rat Midden Distn MasterList6.xls,all records,Baynes2002,Wilgie Mia,NA,NA,NA,-26.917,117.7,ok,NA
732,Leporillus apicalis,NA,Rat Midden Distn MasterList6.xls,all records,Lowry1966,Winbirra Cave,NA,NA,NA,-31.7,128.483333,ok,NA
733,Leporillus conditor,NA,Rat Midden Distn MasterList6.xls,all records,Lowry1966,Winbirra Cave,NA,NA,NA,-31.7,128.483333,ok,NA
734,Leporillus apicalis,NA,Rat Midden Distn MasterList6.xls,all records,Carlisle1966,Witches Cave,NA,NA,NA,-31.833333,127.716667,ok,NA
735,Leporillus conditor,NA,Rat Midden Distn MasterList6.xls,all records,Lance1976,Witches Cave,NA,NA,NA,-31.833333,127.716667,ok,NA
736,Leporillus apicalis,NA,Rat Midden Distn MasterList6.xls,all records,Baynes2002,Young Range,NA,NA,NA,-25.033,124.983,ok,NA
737,Leporillus apicalis,NA,Rat Midden Distn MasterList6.xls,all records,12575,NA,NA,NA,NA,-34.16667,142.183326,ok,NA
738,Leporillus apicalis,NA,Rat Midden Distn MasterList6.xls,all records,12644,NA,NA,NA,NA,-31.500003674349536,129.9166599394264,ok,NA
739,Leporillus apicalis,NA,Rat Midden Distn MasterList6.xls,all records,12659,NA,NA,NA,NA,-30.96667,139.283329,ok,NA
740,Leporillus apicalis,NA,Rat Midden Distn MasterList6.xls,all records,12674,NA,NA,NA,NA,-30.86667,132.166661,ok,NA
741,Leporillus apicalis,NA,Rat Midden Distn MasterList6.xls,all records,12678,NA,NA,NA,NA,-32.216670195722415,125.88332589087337,ok,NA
742,Leporillus apicalis,NA,Rat Midden Distn MasterList6.xls,all records,12688,NA,NA,NA,NA,-34.183342,142.166664,ok,NA
743,Leporillus apicalis,NA,Rat Midden Distn MasterList6.xls,all records,12695,NA,NA,NA,NA,-31.650000943509845,127.43332620260664,ok,NA
744,Leporillus apicalis,NA,Rat Midden Distn MasterList6.xls,all records,12700,NA,NA,NA,NA,-26.616672857216347,130.6666632161866,ok,NA
745,Leporillus apicalis,NA,Rat Midden Distn MasterList6.xls,all records,12713,NA,NA,NA,NA,-32.06667451851645,126.03332882986672,ok,NA
746,Leporillus apicalis,NA,Rat Midden Distn MasterList6.xls,all records,12715,NA,NA,NA,NA,-32.10000006282898,126.18333304260975,ok,NA
747,Leporillus apicalis,NA,Rat Midden Distn MasterList6.xls,all records,12716,NA,NA,NA,NA,-31.766669713229184,127.79999638903517,ok,NA
748,Leporillus apicalis,NA,Rat Midden Distn MasterList6.xls,all records,12718,NA,NA,NA,NA,-31.83333477294163,127.71666062389029,ok,NA
749,Leporillus apicalis,NA,Rat Midden Distn MasterList6.xls,all records,12721,NA,NA,NA,NA,-31.650000943509845,127.43332620260664,ok,NA
750,Leporillus apicalis,NA,Rat Midden Distn MasterList6.xls,all records,12723,NA,NA,NA,NA,-31.583339143492136,127.01666054318713,ok,NA
751,Leporillus apicalis,NA,Rat Midden Distn MasterList6.xls,all records,12725,NA,NA,NA,NA,-31.85000768465489,126.73332634405332,ok,NA
752,Leporillus apicalis,NA,Rat Midden Distn MasterList6.xls,all records,12727,NA,NA,NA,NA,-31.966673172226823,127.03332457729357,ok,NA
753,Leporillus apicalis,NA,Rat Midden Distn MasterList6.xls,all records,12738,NA,NA,NA,NA,-31.966669920192786,125.91666592057311,ok,NA
754,Leporillus apicalis,NA,Rat Midden Distn MasterList6.xls,all records,12743,NA,NA,NA,NA,-31.66667334257992,128.48332416590603,ok,NA
755,Leporillus apicalis,NA,Rat Midden Distn MasterList6.xls,all records,12747,NA,NA,NA,NA,-31.433337192970523,127.18333042201293,ok,NA
756,Leporillus apicalis,NA,Rat Midden Distn MasterList6.xls,all records,12750,NA,NA,NA,NA,-31.68334080590647,127.7166611687803,ok,NA
757,Leporillus apicalis,NA,Rat Midden Distn MasterList6.xls,all records,12753,NA,NA,NA,NA,-31.716673600125294,128.4833320230659,ok,NA
758,Leporillus apicalis,NA,Rat Midden Distn MasterList6.xls,all records,12755,NA,NA,NA,NA,-31.70000087647003,128.48332947992145,ok,NA
759,Leporillus apicalis,NA,Rat Midden Distn MasterList6.xls,all records,12757,NA,NA,NA,NA,-31.533337490179314,129.0999989719857,ok,NA
760,Leporillus apicalis,NA,Rat Midden Distn MasterList6.xls,all records,12759,NA,NA,NA,NA,-31.6833415280554,129.03333021296604,ok,NA
761,Leporillus apicalis,NA,Rat Midden Distn MasterList6.xls,all records,12762,NA,NA,NA,NA,-31.06667499248358,128.7499896797507,ok,NA
762,Leporillus apicalis,NA,Rat Midden Distn MasterList6.xls,all records,12768,NA,NA,NA,NA,-31.775005300990752,127.79999437308508,ok,NA
763,Leporillus apicalis,NA,Rat Midden Distn MasterList6.xls,all records,12781,NA,NA,NA,NA,-31.766669713229184,127.79999638903517,ok,NA
764,Leporillus apicalis,NA,Rat Midden Distn MasterList6.xls,all records,12783,NA,NA,NA,NA,-31.650000531334182,128.48333204168273,ok,NA
765,Leporillus apicalis,NA,Rat Midden Distn MasterList6.xls,all records,12785,NA,NA,NA,NA,-31.983341211053684,127.03332876663272,ok,NA
766,Leporillus apicalis,NA,Rat Midden Distn MasterList6.xls,all records,12788,NA,NA,NA,NA,-32.050003190943805,126.03332736910907,ok,NA
767,Leporillus apicalis,NA,Rat Midden Distn MasterList6.xls,all records,13233,NA,NA,NA,NA,-25.76666837551978,125.93333106124335,ok,NA
768,Leporillus apicalis,NA,Rat Midden Distn MasterList6.xls,all records,13234,NA,NA,NA,NA,-26.51667508761381,126.03332701761936,ok,NA
769,Leporillus apicalis,NA,Rat Midden Distn MasterList6.xls,all records,13235,NA,NA,NA,NA,-26.60000359388658,125.86666517263507,ok,NA
770,Leporillus apicalis,NA,Rat Midden Distn MasterList6.xls,all records,13236,NA,NA,NA,NA,-26.700005847136644,126.44999835605805,ok,NA
771,Leporillus apicalis,NA,Rat Midden Distn MasterList6.xls,all records,13237,NA,NA,NA,NA,-27.200001860053746,126.46666461463113,ok,NA
772,Leporillus apicalis,NA,Rat Midden Distn MasterList6.xls,all records,105480,NA,NA,NA,NA,-26.893581422014282,129.93292427739746,ok,NA
773,Leporillus apicalis,NA,Rat Midden Distn MasterList6.xls,all records,NPC NT 2002,NA,NA,NA,NA,-23.85,137.16,ok,NA
774,Leporillus apicalis,NA,Rat Midden Distn MasterList6.xls,all records,NPC NT 2002,NA,NA,NA,NA,-23.83,137.18,ok,NA
775,Leporillus apicalis,NA,Rat Midden Distn MasterList6.xls,all records,NPC NT 2002,NA,NA,NA,NA,-24.56,135.75,ok,NA
776,Leporillus apicalis,NA,Rat Midden Distn MasterList6.xls,all records,NPC NT 2002,NA,NA,NA,NA,-23.7,134.8,ok,NA
777,Leporillus apicalis,NA,Rat Midden Distn MasterList6.xls,all records,NPC NT 2002,NA,NA,NA,NA,-25.96,133.86,ok,NA
778,Leporillus apicalis,NA,Rat Midden Distn MasterList6.xls,all records,NPC NT 2002,NA,NA,NA,NA,-25.98,133.9,ok,NA
779,Leporillus apicalis,NA,Rat Midden Distn MasterList6.xls,all records,NPC NT 2002,NA,NA,NA,NA,-23.83,131.31,ok,NA
780,Leporillus apicalis,NA,Rat Midden Distn MasterList6.xls,all records,NPC NT 2002,NA,NA,NA,NA,-23.74,133.97,ok,NA
781,Leporillus apicalis,NA,Rat Midden Distn MasterList6.xls,all records,NPC NT 2002,NA,NA,NA,NA,-22.78,135.08,ok,NA
782,Leporillus apicalis,NA,Rat Midden Distn MasterList6.xls,all records,NPC NT 2002,NA,NA,NA,NA,-22.35,134.88,ok,NA
783,Leporillus apicalis,NA,Rat Midden Distn MasterList6.xls,all records,NPC NT 2002,NA,NA,NA,NA,-23.44,134.73,ok,NA
784,Leporillus apicalis,NA,Rat Midden Distn MasterList6.xls,all records,NPC NT 2002,NA,NA,NA,NA,-23.63,134.43,ok,NA
785,Leporillus apicalis,NA,Rat Midden Distn MasterList6.xls,all records,NPC NT 2002,NA,NA,NA,NA,-23.64,133.89,ok,NA
786,Leporillus apicalis,NA,Rat Midden Distn MasterList6.xls,all records,NPC NT 2002,NA,NA,NA,NA,-24.03,133.41,ok,NA
787,Leporillus apicalis,NA,Rat Midden Distn MasterList6.xls,all records,NPC NT 2002,NA,NA,NA,NA,-22,137.25,ok,NA
788,Leporillus apicalis,NA,Rat Midden Distn MasterList6.xls,all records,NPC NT 2002,NA,NA,NA,NA,-22,137.25,ok,NA
789,Leporillus apicalis,NA,Rat Midden Distn MasterList6.xls,all records,NPC NT 2002,NA,NA,NA,NA,-22,137.32,ok,NA
790,Leporillus apicalis,NA,Rat Midden Distn MasterList6.xls,all records,NPC NT 2002,NA,NA,NA,NA,-25.35,131.03,ok,NA
791,Leporillus apicalis,NA,Rat Midden Distn MasterList6.xls,all records,NPC NT 2002,NA,NA,NA,NA,-25.35,131.03,ok,NA
792,Leporillus apicalis,NA,Rat Midden Distn MasterList6.xls,all records,NPC NT 2002,NA,NA,NA,NA,-23.56,135.01,ok,NA
793,Leporillus apicalis,NA,Rat Midden Distn MasterList6.xls,all records,NPC NT 2002,NA,NA,NA,NA,-25.35,131.03,ok,NA
794,Leporillus apicalis,NA,Rat Midden Distn MasterList6.xls,all records,NPC NT 2002,NA,NA,NA,NA,-25.35,131.03,ok,NA
795,Leporillus conditor,NA,Rat Midden Distn MasterList6.xls,all records,12572,NA,NA,NA,NA,-33.950004,141.949993,ok,NA
796,Leporillus conditor,NA,Rat Midden Distn MasterList6.xls,all records,12573,NA,NA,NA,NA,-33.950004,141.949993,ok,NA
797,Leporillus conditor,NA,Rat Midden Distn MasterList6.xls,all records,12574,NA,NA,NA,NA,-33.950004,141.949993,ok,NA
798,Leporillus conditor,NA,Rat Midden Distn MasterList6.xls,all records,12576,NA,NA,NA,NA,-32.666672,142.333324,ok,NA
799,Leporillus conditor,NA,Rat Midden Distn MasterList6.xls,all records,12645,NA,NA,NA,NA,-31.500003674349536,129.9166599394264,ok,NA
800,Leporillus conditor,NA,Rat Midden Distn MasterList6.xls,all records,12646,NA,NA,NA,NA,-31.400003850662603,129.83332690118078,ok,NA
801,Leporillus conditor,NA,Rat Midden Distn MasterList6.xls,all records,12655,NA,NA,NA,NA,-32.450007,133.649994,ok,NA
802,Leporillus conditor,NA,Rat Midden Distn MasterList6.xls,all records,12658,NA,NA,NA,NA,-30.96667,139.283329,ok,NA
803,Leporillus conditor,NA,Rat Midden Distn MasterList6.xls,all records,12662,NA,NA,NA,NA,-32.450004,133.666664,ok,NA
804,Leporillus conditor,NA,Rat Midden Distn MasterList6.xls,all records,12663,NA,NA,NA,NA,-32.450004,133.666664,ok,NA
805,Leporillus conditor,NA,Rat Midden Distn MasterList6.xls,all records,12677,NA,NA,NA,NA,-29.750005231182612,129.24999737521688,ok,NA
806,Leporillus conditor,NA,Rat Midden Distn MasterList6.xls,all records,12679,NA,NA,NA,NA,-32.216670195722415,125.88332589087337,ok,NA
807,Leporillus conditor,NA,Rat Midden Distn MasterList6.xls,all records,12690,NA,NA,NA,NA,-30.450002674936943,131.6666589552267,ok,NA
808,Leporillus conditor,NA,Rat Midden Distn MasterList6.xls,all records,12691,NA,NA,NA,NA,-30.450002674936943,131.6666589552267,ok,NA
809,Leporillus conditor,NA,Rat Midden Distn MasterList6.xls,all records,12692,NA,NA,NA,NA,-30.583341422105857,131.24999365145518,ok,NA
810,Leporillus conditor,NA,Rat Midden Distn MasterList6.xls,all records,12693,NA,NA,NA,NA,-30.583341422105857,131.24999365145518,ok,NA
811,Leporillus conditor,NA,Rat Midden Distn MasterList6.xls,all records,12696,NA,NA,NA,NA,-31.650000943509845,127.43332620260664,ok,NA
812,Leporillus conditor,NA,Rat Midden Distn MasterList6.xls,all records,12699,NA,NA,NA,NA,-30.583341422105857,131.24999365145518,ok,NA
813,Leporillus conditor,NA,Rat Midden Distn MasterList6.xls,all records,12708,NA,NA,NA,NA,-31.0666729123387,125.33332500009357,ok,NA
814,Leporillus conditor,NA,Rat Midden Distn MasterList6.xls,all records,12712,NA,NA,NA,NA,-32.033337926136866,126.18332362765844,ok,NA
815,Leporillus conditor,NA,Rat Midden Distn MasterList6.xls,all records,12714,NA,NA,NA,NA,-32.06667451851645,126.03332882986672,ok,NA
816,Leporillus conditor,NA,Rat Midden Distn MasterList6.xls,all records,12717,NA,NA,NA,NA,-31.766669713229184,127.79999638903517,ok,NA
817,Leporillus conditor,NA,Rat Midden Distn MasterList6.xls,all records,12719,NA,NA,NA,NA,-31.83333477294163,127.71666062389029,ok,NA
818,Leporillus conditor,NA,Rat Midden Distn MasterList6.xls,all records,12720,NA,NA,NA,NA,-31.033333942613755,126.79999323297812,ok,NA
819,Leporillus conditor,NA,Rat Midden Distn MasterList6.xls,all records,12722,NA,NA,NA,NA,-31.650000943509845,127.43332620260664,ok,NA
820,Leporillus conditor,NA,Rat Midden Distn MasterList6.xls,all records,12724,NA,NA,NA,NA,-31.75000723288207,127.01666131600247,ok,NA
821,Leporillus conditor,NA,Rat Midden Distn MasterList6.xls,all records,12726,NA,NA,NA,NA,-31.85000768465489,126.73332634405332,ok,NA
822,Leporillus conditor,NA,Rat Midden Distn MasterList6.xls,all records,12728,NA,NA,NA,NA,-31.966673172226823,127.03332457729357,ok,NA
823,Leporillus conditor,NA,Rat Midden Distn MasterList6.xls,all records,12733,NA,NA,NA,NA,-34.516667,136.266658,ok,NA
824,Leporillus conditor,NA,Rat Midden Distn MasterList6.xls,all records,12736,NA,NA,NA,NA,-30.450002674936943,131.6666589552267,ok,NA
825,Leporillus conditor,NA,Rat Midden Distn MasterList6.xls,all records,12739,NA,NA,NA,NA,-31.966669920192786,125.91666592057311,ok,NA
826,Leporillus conditor,NA,Rat Midden Distn MasterList6.xls,all records,12740,NA,NA,NA,NA,-31.983339645420322,126.49998998843144,ok,NA
827,Leporillus conditor,NA,Rat Midden Distn MasterList6.xls,all records,12741,NA,NA,NA,NA,-31.566674443270795,127.2333316265471,ok,NA
828,Leporillus conditor,NA,Rat Midden Distn MasterList6.xls,all records,12742,NA,NA,NA,NA,-30.96666676163356,127.06665795023805,ok,NA
829,Leporillus conditor,NA,Rat Midden Distn MasterList6.xls,all records,12745,NA,NA,NA,NA,-31.433338723018377,127.86665757613356,ok,NA
830,Leporillus conditor,NA,Rat Midden Distn MasterList6.xls,all records,12746,NA,NA,NA,NA,-31.250001740621826,128.48332778339648,ok,NA
831,Leporillus conditor,NA,Rat Midden Distn MasterList6.xls,all records,12748,NA,NA,NA,NA,-31.433337192970523,127.18333042201293,ok,NA
832,Leporillus conditor,NA,Rat Midden Distn MasterList6.xls,all records,12751,NA,NA,NA,NA,-31.68334080590647,127.7166611687803,ok,NA
833,Leporillus conditor,NA,Rat Midden Distn MasterList6.xls,all records,12752,NA,NA,NA,NA,-31.400005043494403,128.58333146886292,ok,NA
834,Leporillus conditor,NA,Rat Midden Distn MasterList6.xls,all records,12754,NA,NA,NA,NA,-31.716673600125294,128.4833320230659,ok,NA
835,Leporillus conditor,NA,Rat Midden Distn MasterList6.xls,all records,12756,NA,NA,NA,NA,-31.70000087647003,128.48332947992145,ok,NA
836,Leporillus conditor,NA,Rat Midden Distn MasterList6.xls,all records,12758,NA,NA,NA,NA,-31.533337490179314,129.0999989719857,ok,NA
837,Leporillus conditor,NA,Rat Midden Distn MasterList6.xls,all records,12760,NA,NA,NA,NA,-31.6833415280554,129.03333021296604,ok,NA
838,Leporillus conditor,NA,Rat Midden Distn MasterList6.xls,all records,12761,NA,NA,NA,NA,-31.166670780983626,127.94999560222529,ok,NA
839,Leporillus conditor,NA,Rat Midden Distn MasterList6.xls,all records,12763,NA,NA,NA,NA,-31.06667499248358,128.7499896797507,ok,NA
840,Leporillus conditor,NA,Rat Midden Distn MasterList6.xls,all records,12764,NA,NA,NA,NA,-31.716673802217635,127.23333085592573,ok,NA
841,Leporillus conditor,NA,Rat Midden Distn MasterList6.xls,all records,12765,NA,NA,NA,NA,-31.6666743406835,127.23332893757382,ok,NA
842,Leporillus conditor,NA,Rat Midden Distn MasterList6.xls,all records,12766,NA,NA,NA,NA,-30.583341422105857,131.24999365145518,ok,NA
843,Leporillus conditor,NA,Rat Midden Distn MasterList6.xls,all records,12767,NA,NA,NA,NA,-30.550008029157617,130.9666616962959,ok,NA
844,Leporillus conditor,NA,Rat Midden Distn MasterList6.xls,all records,12769,NA,NA,NA,NA,-31.775005300990752,127.79999437308508,ok,NA
845,Leporillus conditor,NA,Rat Midden Distn MasterList6.xls,all records,12782,NA,NA,NA,NA,-31.766669713229184,127.79999638903517,ok,NA
846,Leporillus conditor,NA,Rat Midden Distn MasterList6.xls,all records,12784,NA,NA,NA,NA,-31.650000531334182,128.48333204168273,ok,NA
847,Leporillus conditor,NA,Rat Midden Distn MasterList6.xls,all records,12786,NA,NA,NA,NA,-31.983341211053684,127.03332876663272,ok,NA
848,Leporillus conditor,NA,Rat Midden Distn MasterList6.xls,all records,12787,NA,NA,NA,NA,-31.983336964763954,125.86665715174163,ok,NA
849,Leporillus conditor,NA,Rat Midden Distn MasterList6.xls,all records,12789,NA,NA,NA,NA,-32.050003190943805,126.03332736910907,ok,NA
850,Leporillus conditor,NA,Rat Midden Distn MasterList6.xls,all records,12873,NA,NA,NA,NA,-30.46666995572023,131.66666552269083,ok,NA
851,Leporillus conditor,NA,Rat Midden Distn MasterList6.xls,all records,12999,NA,NA,NA,NA,-32.450004,133.666664,ok,NA
852,Leporillus conditor,NA,Rat Midden Distn MasterList6.xls,all records,13238,NA,NA,NA,NA,-30.4833381018487,128.6666614310417,ok,NA
853,Leporillus conditor,NA,Rat Midden Distn MasterList6.xls,all records,18472,NA,NA,NA,NA,-30.258891,138.375625,ok,NA
854,Leporillus conditor,NA,Rat Midden Distn MasterList6.xls,all records,18497,NA,NA,NA,NA,-29.389539,138.782484,ok,NA
855,Leporillus conditor,NA,Rat Midden Distn MasterList6.xls,all records,114192,NA,NA,NA,NA,-30.174112,139.27307,ok,NA
856,Leporillus conditor,NA,Rat Midden Distn MasterList6.xls,all records,114484,NA,NA,NA,NA,-31.104991,138.903465,ok,NA
857,unknown,NA,Rat Midden Distn MasterList6.xls,all records,378,NA,NA,NA,NA,-32.38558,135.694243,ok,NA
858,unknown,NA,Rat Midden Distn MasterList6.xls,all records,6603,NA,NA,NA,NA,-32.719478,140.178334,ok,NA
859,unknown,NA,Rat Midden Distn MasterList6.xls,all records,12567,NA,NA,NA,NA,-37.833334,140.783331,ok,NA
860,unknown,NA,Rat Midden Distn MasterList6.xls,all records,12569,NA,NA,NA,NA,-30.683335,139.216664,ok,NA
861,unknown,NA,Rat Midden Distn MasterList6.xls,all records,12570,NA,NA,NA,NA,-26.583339,133.249999,ok,NA
862,unknown,NA,Rat Midden Distn MasterList6.xls,all records,12577,NA,NA,NA,NA,-32.666672,142.333324,ok,NA
863,unknown,NA,Rat Midden Distn MasterList6.xls,all records,12578,NA,NA,NA,NA,-31.11667,142.699999,ok,NA
864,unknown,NA,Rat Midden Distn MasterList6.xls,all records,12579,NA,NA,NA,NA,-31.183336,141.49999,ok,NA
865,unknown,NA,Rat Midden Distn MasterList6.xls,all records,12582,NA,NA,NA,NA,-29.083341,141.766659,ok,NA
866,unknown,NA,Rat Midden Distn MasterList6.xls,all records,12583,NA,NA,NA,NA,-29.083337,141.883327,ok,NA
867,unknown,NA,Rat Midden Distn MasterList6.xls,all records,12584,NA,NA,NA,NA,-29.033333,141.949991,ok,NA
868,unknown,NA,Rat Midden Distn MasterList6.xls,all records,12586,NA,NA,NA,NA,-25.883342,135.199996,ok,NA
869,unknown,NA,Rat Midden Distn MasterList6.xls,all records,12587,NA,NA,NA,NA,-25.883342,135.199996,ok,NA
870,unknown,NA,Rat Midden Distn MasterList6.xls,all records,12588,NA,NA,NA,NA,-25.800009,133.899998,ok,NA
871,unknown,NA,Rat Midden Distn MasterList6.xls,all records,12591,NA,NA,NA,NA,-25.916673774814594,129.35832633238536,ok,NA
872,unknown,NA,Rat Midden Distn MasterList6.xls,all records,12593,NA,NA,NA,NA,-25.65000566321246,125.5499936490833,ok,NA
873,unknown,NA,Rat Midden Distn MasterList6.xls,all records,12595,NA,NA,NA,NA,-26.60000359388658,125.86666517263507,ok,NA
874,unknown,NA,Rat Midden Distn MasterList6.xls,all records,12596,NA,NA,NA,NA,-26.516670009519153,126.01666007319861,ok,NA
875,unknown,NA,Rat Midden Distn MasterList6.xls,all records,12597,NA,NA,NA,NA,-26.833334655980345,126.3666631663169,ok,NA
876,unknown,NA,Rat Midden Distn MasterList6.xls,all records,12598,NA,NA,NA,NA,-25.716670659143855,125.49999846869389,ok,NA
877,unknown,NA,Rat Midden Distn MasterList6.xls,all records,12599,NA,NA,NA,NA,-28.225002,134.208324,ok,NA
878,unknown,NA,Rat Midden Distn MasterList6.xls,all records,12600,NA,NA,NA,NA,-27.033334,132.433328,ok,NA
879,unknown,NA,Rat Midden Distn MasterList6.xls,all records,12601,NA,NA,NA,NA,-28.800001,134.583328,ok,NA
880,unknown,NA,Rat Midden Distn MasterList6.xls,all records,12602,NA,NA,NA,NA,-28.916667066488106,129.1833329344944,ok,NA
881,unknown,NA,Rat Midden Distn MasterList6.xls,all records,12603,NA,NA,NA,NA,-28.183335,134.249991,ok,NA
882,unknown,NA,Rat Midden Distn MasterList6.xls,all records,12604,NA,NA,NA,NA,-30.666668,139.283325,ok,NA
883,unknown,NA,Rat Midden Distn MasterList6.xls,all records,12605,NA,NA,NA,NA,-31.366675679256065,129.99999587618385,ok,NA
884,unknown,NA,Rat Midden Distn MasterList6.xls,all records,12606,NA,NA,NA,NA,-31.32361934009383,130.7083308667593,ok,NA
885,unknown,NA,Rat Midden Distn MasterList6.xls,all records,12607,NA,NA,NA,NA,-31.183337,136.333326,ok,NA
886,unknown,NA,Rat Midden Distn MasterList6.xls,all records,12608,NA,NA,NA,NA,-28.025003,134.333326,ok,NA
887,unknown,NA,Rat Midden Distn MasterList6.xls,all records,12609,NA,NA,NA,NA,-27.966675,134.183326,ok,NA
888,unknown,NA,Rat Midden Distn MasterList6.xls,all records,12611,NA,NA,NA,NA,-27.933336,134.283324,ok,NA
889,unknown,NA,Rat Midden Distn MasterList6.xls,all records,12612,NA,NA,NA,NA,-27.900002,134.266657,ok,NA
890,unknown,NA,Rat Midden Distn MasterList6.xls,all records,12613,NA,NA,NA,NA,-27.883339,134.258327,ok,NA
891,unknown,NA,Rat Midden Distn MasterList6.xls,all records,12614,NA,NA,NA,NA,-27.900007,134.608328,ok,NA
892,unknown,NA,Rat Midden Distn MasterList6.xls,all records,12615,NA,NA,NA,NA,-27.700008,134.599997,ok,NA
893,unknown,NA,Rat Midden Distn MasterList6.xls,all records,12616,NA,NA,NA,NA,-26.983335,133.449999,ok,NA
894,unknown,NA,Rat Midden Distn MasterList6.xls,all records,12617,NA,NA,NA,NA,-26.566672,133.266665,ok,NA
895,unknown,NA,Rat Midden Distn MasterList6.xls,all records,12618,NA,NA,NA,NA,-26.950006,133.508332,ok,NA
896,unknown,NA,Rat Midden Distn MasterList6.xls,all records,12619,NA,NA,NA,NA,-26.041672,133.774991,ok,NA
897,unknown,NA,Rat Midden Distn MasterList6.xls,all records,12620,NA,NA,NA,NA,-26.950008,133.749991,ok,NA
898,unknown,NA,Rat Midden Distn MasterList6.xls,all records,12622,NA,NA,NA,NA,-25.066671958656542,124.9999945289191,ok,NA
899,unknown,NA,Rat Midden Distn MasterList6.xls,all records,12623,NA,NA,NA,NA,-25.18333699740058,125.06665702887992,ok,NA
900,unknown,NA,Rat Midden Distn MasterList6.xls,all records,12624,NA,NA,NA,NA,-25.550001401957275,125.29721833570987,ok,NA
901,unknown,NA,Rat Midden Distn MasterList6.xls,all records,12625,NA,NA,NA,NA,-25.247227329824295,125.54999282574879,ok,NA
902,unknown,NA,Rat Midden Distn MasterList6.xls,all records,12626,NA,NA,NA,NA,-25.772228340572386,125.93054814769393,ok,NA
903,unknown,NA,Rat Midden Distn MasterList6.xls,all records,12627,NA,NA,NA,NA,-25.75000436932494,126.19999008634227,ok,NA
904,unknown,NA,Rat Midden Distn MasterList6.xls,all records,12628,NA,NA,NA,NA,-26.961112555242494,125.41555376724865,ok,NA
905,unknown,NA,Rat Midden Distn MasterList6.xls,all records,12629,NA,NA,NA,NA,-26.8500071057902,125.6666570788952,ok,NA
906,unknown,NA,Rat Midden Distn MasterList6.xls,all records,12630,NA,NA,NA,NA,-25.800006733827765,127.39999046266061,ok,NA
907,unknown,NA,Rat Midden Distn MasterList6.xls,all records,12631,NA,NA,NA,NA,-26.516670009519153,126.01666007319861,ok,NA
908,unknown,NA,Rat Midden Distn MasterList6.xls,all records,12632,NA,NA,NA,NA,-27.00000124550322,126.29165677112783,ok,NA
909,unknown,NA,Rat Midden Distn MasterList6.xls,all records,12633,NA,NA,NA,NA,-26.831950495181164,126.38055490359483,ok,NA
910,unknown,NA,Rat Midden Distn MasterList6.xls,all records,12634,NA,NA,NA,NA,-27.166672639859293,126.48332694917048,ok,NA
911,unknown,NA,Rat Midden Distn MasterList6.xls,all records,12635,NA,NA,NA,NA,-27.050003408329328,126.36665913208772,ok,NA
912,unknown,NA,Rat Midden Distn MasterList6.xls,all records,12636,NA,NA,NA,NA,-26.758333987917265,126.44999352967021,ok,NA
913,unknown,NA,Rat Midden Distn MasterList6.xls,all records,12637,NA,NA,NA,NA,-26.66667311802304,126.46665954275694,ok,NA
914,unknown,NA,Rat Midden Distn MasterList6.xls,all records,12638,NA,NA,NA,NA,-25.891671,133.899998,ok,NA
915,unknown,NA,Rat Midden Distn MasterList6.xls,all records,12639,NA,NA,NA,NA,-25.883337,133.949992,ok,NA
916,unknown,NA,Rat Midden Distn MasterList6.xls,all records,12640,NA,NA,NA,NA,-25.958336,134.074993,ok,NA
917,unknown,NA,Rat Midden Distn MasterList6.xls,all records,12642,NA,NA,NA,NA,-32.716669,140.199999,ok,NA
918,unknown,NA,Rat Midden Distn MasterList6.xls,all records,12647,NA,NA,NA,NA,-27.23333947293402,126.43332604726986,ok,NA
919,unknown,NA,Rat Midden Distn MasterList6.xls,all records,12648,NA,NA,NA,NA,-27.06666723691628,126.41666396185445,ok,NA
920,unknown,NA,Rat Midden Distn MasterList6.xls,all records,12649,NA,NA,NA,NA,-27.100003909878268,125.61666569537789,ok,NA
921,unknown,NA,Rat Midden Distn MasterList6.xls,all records,12650,NA,NA,NA,NA,-28.30000836453808,126.08332714181746,ok,NA
922,unknown,NA,Rat Midden Distn MasterList6.xls,all records,12651,NA,NA,NA,NA,-26.8500071057902,125.6666570788952,ok,NA
923,unknown,NA,Rat Midden Distn MasterList6.xls,all records,12653,NA,NA,NA,NA,-29.500005,137.499995,ok,NA
924,unknown,NA,Rat Midden Distn MasterList6.xls,all records,12654,NA,NA,NA,NA,-32.15,138.916662,ok,NA
925,unknown,NA,Rat Midden Distn MasterList6.xls,all records,12656,NA,NA,NA,NA,-32.15,138.916662,ok,NA
926,unknown,NA,Rat Midden Distn MasterList6.xls,all records,12664,NA,NA,NA,NA,-26.216676,135.433328,ok,NA
927,unknown,NA,Rat Midden Distn MasterList6.xls,all records,12665,NA,NA,NA,NA,-31.294446991551716,131.07222127231648,ok,NA
928,unknown,NA,Rat Midden Distn MasterList6.xls,all records,12666,NA,NA,NA,NA,-31.027786226829548,131.38333078643194,ok,NA
929,unknown,NA,Rat Midden Distn MasterList6.xls,all records,12668,NA,NA,NA,NA,-31.32222724663436,130.71665976135665,ok,NA
930,unknown,NA,Rat Midden Distn MasterList6.xls,all records,12669,NA,NA,NA,NA,-31.20277863699061,130.7416592544103,ok,NA
931,unknown,NA,Rat Midden Distn MasterList6.xls,all records,12670,NA,NA,NA,NA,-31.155558249132323,131.04721791516886,ok,NA
932,unknown,NA,Rat Midden Distn MasterList6.xls,all records,12671,NA,NA,NA,NA,-31.033342176843497,131.3833330543222,ok,NA
933,unknown,NA,Rat Midden Distn MasterList6.xls,all records,12672,NA,NA,NA,NA,-31.248612038045145,131.037496136968,ok,NA
934,unknown,NA,Rat Midden Distn MasterList6.xls,all records,12673,NA,NA,NA,NA,-25.05000248417204,125.58332539322357,ok,NA
935,unknown,NA,Rat Midden Distn MasterList6.xls,all records,12675,NA,NA,NA,NA,-32.083338,138.066658,ok,NA
936,unknown,NA,Rat Midden Distn MasterList6.xls,all records,12676,NA,NA,NA,NA,-32.15,138.916662,ok,NA
937,unknown,NA,Rat Midden Distn MasterList6.xls,all records,12680,NA,NA,NA,NA,-28.75000234381601,128.96666111051076,ok,NA
938,unknown,NA,Rat Midden Distn MasterList6.xls,all records,12681,NA,NA,NA,NA,-26.783336069980294,125.94999782674233,ok,NA
939,unknown,NA,Rat Midden Distn MasterList6.xls,all records,12682,NA,NA,NA,NA,-26.600004453533963,126.53332732470653,ok,NA
940,unknown,NA,Rat Midden Distn MasterList6.xls,all records,12683,NA,NA,NA,NA,-30.966673,139.266662,ok,NA
941,unknown,NA,Rat Midden Distn MasterList6.xls,all records,12685,NA,NA,NA,NA,-33.033341,137.166664,ok,NA
942,unknown,NA,Rat Midden Distn MasterList6.xls,all records,12686,NA,NA,NA,NA,-33.016667,137.166662,ok,NA
943,unknown,NA,Rat Midden Distn MasterList6.xls,all records,12687,NA,NA,NA,NA,-33.050006,137.166665,ok,NA
944,unknown,NA,Rat Midden Distn MasterList6.xls,all records,12694,NA,NA,NA,NA,-32.050002,140.166662,ok,NA
945,unknown,NA,Rat Midden Distn MasterList6.xls,all records,12697,NA,NA,NA,NA,-28.166669,134.083327,ok,NA
946,unknown,NA,Rat Midden Distn MasterList6.xls,all records,12698,NA,NA,NA,NA,-28.200007,134.266666,ok,NA
947,unknown,NA,Rat Midden Distn MasterList6.xls,all records,12701,NA,NA,NA,NA,-28.200007,134.266666,ok,NA
948,unknown,NA,Rat Midden Distn MasterList6.xls,all records,12702,NA,NA,NA,NA,-29.433342,134.749999,ok,NA
949,unknown,NA,Rat Midden Distn MasterList6.xls,all records,12704,NA,NA,NA,NA,-26.050008780811122,125.96666280727479,ok,NA
950,unknown,NA,Rat Midden Distn MasterList6.xls,all records,12705,NA,NA,NA,NA,-32.750001,137.433331,ok,NA
951,unknown,NA,Rat Midden Distn MasterList6.xls,all records,12706,NA,NA,NA,NA,-27.666671,135.999994,ok,NA
952,unknown,NA,Rat Midden Distn MasterList6.xls,all records,12707,NA,NA,NA,NA,-28.533334,134.333332,ok,NA
953,unknown,NA,Rat Midden Distn MasterList6.xls,all records,12709,NA,NA,NA,NA,-34.583336,135.833325,ok,NA
954,unknown,NA,Rat Midden Distn MasterList6.xls,all records,12710,NA,NA,NA,NA,-32.450008,140.916663,ok,NA
955,unknown,NA,Rat Midden Distn MasterList6.xls,all records,12711,NA,NA,NA,NA,-31.01666811270874,125.3333303540751,ok,NA
956,unknown,NA,Rat Midden Distn MasterList6.xls,all records,12729,NA,NA,NA,NA,-34.225009,140.383332,ok,NA
957,unknown,NA,Rat Midden Distn MasterList6.xls,all records,12730,NA,NA,NA,NA,-26.450008358447572,130.44999821321514,ok,NA
958,unknown,NA,Rat Midden Distn MasterList6.xls,all records,12731,NA,NA,NA,NA,-30.566667,139.149994,ok,NA
959,unknown,NA,Rat Midden Distn MasterList6.xls,all records,12732,NA,NA,NA,NA,-26.200005,134.249993,ok,NA
960,unknown,NA,Rat Midden Distn MasterList6.xls,all records,12734,NA,NA,NA,NA,-26.183335833102536,127.43333074617051,ok,NA
961,unknown,NA,Rat Midden Distn MasterList6.xls,all records,12735,NA,NA,NA,NA,-31.500006,138.833325,ok,NA
962,unknown,NA,Rat Midden Distn MasterList6.xls,all records,107226,NA,NA,NA,NA,-29.392107,138.774186,ok,NA
963,unknown,NA,Rat Midden Distn MasterList6.xls,all records,107232,NA,NA,NA,NA,-27.38725,134.51949,ok,NA
964,unknown,NA,Rat Midden Distn MasterList6.xls,all records,113906,NA,NA,NA,NA,-30.340722,138.819529,ok,NA
965,unknown,NA,Rat Midden Distn MasterList6.xls,all records,114227,NA,NA,NA,NA,-30.175476,139.273877,ok,NA
966,unknown,NA,Rat Midden Distn MasterList6.xls,all records,QVA464,NA,NA,NA,NA,-30.328888888888887,123.26722222222222,ok,NA
967,unknown,NA,Rat Midden Distn MasterList6.xls,all records,QVB107,NA,NA,NA,NA,-30.328888888888887,123.26722222222222,ok,NA
968,unknown,NA,Rat Midden Distn MasterList6.xls,all records,"Nelson et al (1990) ,",NA,NA,NA,NA,-24,133,ok,NA
969,unknown,NA,Rat Midden Distn MasterList6.xls,all records,Berry (1993),NA,NA,NA,NA,-24.316666666666666,131.68333333333334,ok,NA
970,unknown,NA,Rat Midden Distn MasterList6.xls,all records,CRA9,NA,NA,NA,NA,-23.5,134.5,ok,NA
971,unknown,NA,Rat Midden Distn MasterList6.xls,all records,Berry (1993),NA,NA,NA,NA,-24.316666666666666,131.68333333333334,ok,NA
972,unknown,NA,Rat Midden Distn MasterList6.xls,all records,M0236,NA,NA,NA,NA,-30.5,119.66666666666667,ok,NA
973,unknown,NA,Rat Midden Distn MasterList6.xls,all records,"Nelson et al (1990) ,",NA,NA,NA,NA,-24,133,ok,NA
974,unknown,NA,Rat Midden Distn MasterList6.xls,all records,USB10,NA,NA,NA,NA,-25.83,134.19833333333332,ok,NA
975,unknown,NA,Rat Midden Distn MasterList6.xls,all records,USB10,NA,NA,NA,NA,-25.83,134.19833333333332,ok,NA
976,unknown,NA,Rat Midden Distn MasterList6.xls,all records,BR3 (top),NA,NA,NA,NA,-31.35,138.55,ok,NA
977,unknown,NA,Rat Midden Distn MasterList6.xls,all records,ARLT01,NA,NA,NA,NA,-23.45,134.7,ok,NA
978,unknown,NA,Rat Midden Distn MasterList6.xls,all records,BR4 (10cm),NA,NA,NA,NA,-31.35,138.55,ok,NA
979,unknown,NA,Rat Midden Distn MasterList6.xls,all records,ARLTG8,NA,NA,NA,NA,-23.45,134.7,ok,NA
980,unknown,NA,Rat Midden Distn MasterList6.xls,all records,BR4 (10cm),NA,NA,NA,NA,-31.35,138.55,ok,NA
981,unknown,NA,Rat Midden Distn MasterList6.xls,all records,BR4 (10cm),NA,NA,NA,NA,-31.35,138.55,ok,NA
982,unknown,NA,Rat Midden Distn MasterList6.xls,all records,BR4 (20cm),NA,NA,NA,NA,-31.35,138.55,ok,NA
983,unknown,NA,Rat Midden Distn MasterList6.xls,all records,BR4 (30cm),NA,NA,NA,NA,-31.35,138.55,ok,NA
984,unknown,NA,Rat Midden Distn MasterList6.xls,all records,BR4 (40cm),NA,NA,NA,NA,-31.35,138.55,ok,NA
985,unknown,NA,Rat Midden Distn MasterList6.xls,all records,BR4 (50cm),NA,NA,NA,NA,-31.35,138.55,ok,NA
986,unknown,NA,Rat Midden Distn MasterList6.xls,all records,BR4 (60cm),NA,NA,NA,NA,-31.35,138.55,ok,NA
987,unknown,NA,Rat Midden Distn MasterList6.xls,all records,ARLTH10,NA,NA,NA,NA,-23.45,134.7,ok,NA
988,unknown,NA,Rat Midden Distn MasterList6.xls,all records,ARLTK2,NA,NA,NA,NA,-23.45,134.7,ok,NA
989,unknown,NA,Rat Midden Distn MasterList6.xls,all records,ARLTN15,NA,NA,NA,NA,-23.45,134.7,ok,NA
990,unknown,NA,Rat Midden Distn MasterList6.xls,all records,ARLTP5,NA,NA,NA,NA,-23.45,134.7,ok,NA
991,unknown,NA,Rat Midden Distn MasterList6.xls,all records,EYRIE 2,NA,NA,NA,NA,-31.394929,138.856601,ok,NA
992,unknown,NA,Rat Midden Distn MasterList6.xls,all records,BR4 (60cm),NA,NA,NA,NA,-31.35,138.55,ok,NA
993,unknown,NA,Rat Midden Distn MasterList6.xls,all records,BR4 (60cm),NA,NA,NA,NA,-31.35,138.55,ok,NA
994,unknown,NA,Rat Midden Distn MasterList6.xls,all records,EYRIE CAVE 2,NA,NA,NA,NA,-31.394929,138.856601,ok,NA
995,unknown,NA,Rat Midden Distn MasterList6.xls,all records,BR7 (base),NA,NA,NA,NA,-31.35,138.55,ok,NA
996,unknown,NA,Rat Midden Distn MasterList6.xls,all records,BRACHINA 1 GORGE,NA,NA,NA,NA,-31.35,138.55,ok,NA
997,unknown,NA,Rat Midden Distn MasterList6.xls,all records,BRACHINA 2,NA,NA,NA,NA,-31.35,138.55,ok,NA
998,unknown,NA,Rat Midden Distn MasterList6.xls,all records,SAJQ85R(base),NA,NA,NA,NA,-30.966666666666665,139.33333333333334,ok,NA
999,unknown,NA,Rat Midden Distn MasterList6.xls,all records,SAJQ85R(base),NA,NA,NA,NA,-30.966666666666665,139.33333333333334,ok,NA
1000,unknown,NA,Rat Midden Distn MasterList6.xls,all records,PTA121A,NA,NA,NA,NA,-28.419722222222223,122.97694444444444,ok,NA
1001,unknown,NA,Rat Midden Distn MasterList6.xls,all records,SAJQ89,NA,NA,NA,NA,-30.966666666666665,139.33333333333334,ok,NA
1002,unknown,NA,Rat Midden Distn MasterList6.xls,all records,HH1 base,NA,NA,NA,NA,-30.066666666666666,142.56666666666666,ok,NA
1003,unknown,NA,Rat Midden Distn MasterList6.xls,all records,ARK1,NA,NA,NA,NA,-30.066666666666666,142.56666666666666,ok,NA
1004,unknown,NA,Rat Midden Distn MasterList6.xls,all records,ARK1,NA,NA,NA,NA,-30.066666666666666,142.56666666666666,ok,NA
1005,unknown,NA,Rat Midden Distn MasterList6.xls,all records,HH1 top,NA,NA,NA,NA,-30.066666666666666,142.56666666666666,ok,NA
1006,unknown,NA,Rat Midden Distn MasterList6.xls,all records,NWCK 1,NA,NA,NA,NA,-30.066666666666666,142.56666666666666,ok,NA
1007,unknown,NA,Rat Midden Distn MasterList6.xls,all records,NWCK 2,NA,NA,NA,NA,-30.066666666666666,142.56666666666666,ok,NA
1008,unknown,NA,Rat Midden Distn MasterList6.xls,all records,OT1,NA,NA,NA,NA,-30.066666666666666,142.56666666666666,ok,NA
1009,unknown,NA,Rat Midden Distn MasterList6.xls,all records,OT1,NA,NA,NA,NA,-30.066666666666666,142.56666666666666,ok,NA
1010,unknown,NA,Rat Midden Distn MasterList6.xls,all records,RC 1,NA,NA,NA,NA,-30.066666666666666,142.56666666666666,ok,NA
1011,unknown,NA,Rat Midden Distn MasterList6.xls,all records,RC 2,NA,NA,NA,NA,-30.066666666666666,142.56666666666666,ok,NA
1012,unknown,NA,Rat Midden Distn MasterList6.xls,all records,USA22,NA,NA,NA,NA,-25.83,134.19833333333332,ok,NA
1013,unknown,NA,Rat Midden Distn MasterList6.xls,all records,M06,NA,NA,NA,NA,-25.05,124.98333333333333,ok,NA
1014,unknown,NA,Rat Midden Distn MasterList6.xls,all records,M07,NA,NA,NA,NA,-25.05,124.98333333333333,ok,NA
1015,unknown,NA,Rat Midden Distn MasterList6.xls,all records,M0505,NA,NA,NA,NA,-25.05,124.98333333333333,ok,NA
1016,unknown,NA,Rat Midden Distn MasterList6.xls,all records,M0652,NA,NA,NA,NA,-25.05,124.98333333333333,ok,NA
1017,unknown,NA,Rat Midden Distn MasterList6.xls,all records,M05170b,NA,NA,NA,NA,-25.05,124.98333333333333,ok,NA
1018,unknown,NA,Rat Midden Distn MasterList6.xls,all records,GH6 (top),NA,NA,NA,NA,-31.066666666666666,142.56666666666666,ok,NA
1019,unknown,NA,Rat Midden Distn MasterList6.xls,all records,GH1 (base),NA,NA,NA,NA,-31.166666666666668,142.6,ok,NA
1020,unknown,NA,Rat Midden Distn MasterList6.xls,all records,GH1 (top),NA,NA,NA,NA,-31.166666666666668,142.6,ok,NA
1021,unknown,NA,Rat Midden Distn MasterList6.xls,all records,GH2,NA,NA,NA,NA,-31.166666666666668,142.6,ok,NA
1022,unknown,NA,Rat Midden Distn MasterList6.xls,all records,GH4 (base),NA,NA,NA,NA,-31.166666666666668,142.6,ok,NA
1023,unknown,NA,Rat Midden Distn MasterList6.xls,all records,GH5 (I),NA,NA,NA,NA,-31.166666666666668,142.6,ok,NA
1024,unknown,NA,Rat Midden Distn MasterList6.xls,all records,GH5 (II),NA,NA,NA,NA,-31.166666666666668,142.6,ok,NA
1025,unknown,NA,Rat Midden Distn MasterList6.xls,all records,GH8 (front),NA,NA,NA,NA,-31.166666666666668,142.6,ok,NA
1026,unknown,NA,Rat Midden Distn MasterList6.xls,all records,RC3 top,NA,NA,NA,NA,-31.166666666666668,142.6,ok,NA
1027,unknown,NA,Rat Midden Distn MasterList6.xls,all records,FinkeH19,NA,NA,NA,NA,-24.433333333333334,132.2,ok,NA
1028,unknown,NA,Rat Midden Distn MasterList6.xls,all records,FinkeG15,NA,NA,NA,NA,-24.433333333333334,132.2,ok,NA
1029,unknown,NA,Rat Midden Distn MasterList6.xls,all records,BR1 (top),NA,NA,NA,NA,-31.35,138.55,ok,NA
1030,unknown,NA,Rat Midden Distn MasterList6.xls,all records,Green et al (1983),NA,NA,NA,NA,-31.166666666666668,142.6,ok,NA
1031,unknown,NA,Rat Midden Distn MasterList6.xls,all records,BR1 (base),NA,NA,NA,NA,-31.35,138.55,ok,NA
1032,unknown,NA,Rat Midden Distn MasterList6.xls,all records,FinkeF4,NA,NA,NA,NA,-24.433333333333334,132.2,ok,NA
1033,unknown,NA,Rat Midden Distn MasterList6.xls,all records,GH6 (base),NA,NA,NA,NA,-31.066666666666666,142.56666666666666,ok,NA
1034,unknown,NA,Rat Midden Distn MasterList6.xls,all records,BR2 (middle),NA,NA,NA,NA,-31.35,138.55,ok,NA
1035,unknown,NA,Rat Midden Distn MasterList6.xls,all records,FinkeA22,NA,NA,NA,NA,-24.433333333333334,132.2,ok,NA
1036,unknown,NA,Rat Midden Distn MasterList6.xls,all records,BR1 (base),NA,NA,NA,NA,-31.35,138.55,ok,NA
1037,unknown,NA,Rat Midden Distn MasterList6.xls,all records,BR1 (top),NA,NA,NA,NA,-31.35,138.55,ok,NA
1038,unknown,NA,Rat Midden Distn MasterList6.xls,all records,BR3 (base),NA,NA,NA,NA,-31.35,138.55,ok,NA
1039,unknown,NA,Rat Midden Distn MasterList6.xls,all records,PTA234b,NA,NA,NA,NA,-28.419722222222223,122.97694444444444,ok,NA
1040,unknown,NA,Rat Midden Distn MasterList6.xls,all records,BR3 (top),NA,NA,NA,NA,-31.35,138.55,ok,NA
1041,unknown,NA,Rat Midden Distn MasterList6.xls,all records,QVA312,NA,NA,NA,NA,-30.328888888888887,123.26722222222222,ok,NA
1042,unknown,NA,Rat Midden Distn MasterList6.xls,all records,QVB37,NA,NA,NA,NA,-30.328888888888887,123.26722222222222,ok,NA
1043,unknown,NA,Rat Midden Distn MasterList6.xls,all records,USA16,NA,NA,NA,NA,-25.83,134.19833333333332,ok,NA
1044,unknown,NA,Rat Midden Distn MasterList6.xls,all records,USB11,NA,NA,NA,NA,-25.83,134.19833333333332,ok,NA
1045,unknown,NA,Rat Midden Distn MasterList6.xls,all records,USB13,NA,NA,NA,NA,-25.83,134.19833333333332,ok,NA
1046,unknown,NA,Rat Midden Distn MasterList6.xls,all records,USC191,NA,NA,NA,NA,-25.83,134.19833333333332,ok,NA
1047,unknown,NA,Rat Midden Distn MasterList6.xls,all records,USC31,NA,NA,NA,NA,-25.83,134.19833333333332,ok,NA
1048,unknown,NA,Rat Midden Distn MasterList6.xls,all records,USC39,NA,NA,NA,NA,-25.83,134.19833333333332,ok,NA
1049,unknown,NA,Rat Midden Distn MasterList6.xls,all records,USC89,NA,NA,NA,NA,-25.83,134.19833333333332,ok,NA
1050,unknown,NA,Rat Midden Distn MasterList6.xls,all records,GAP RANGE E (GHE) LOWER RIGHT,NA,NA,NA,NA,-31.066666666666666,142.56666666666666,ok,NA
1051,unknown,NA,Rat Midden Distn MasterList6.xls,all records,GH E1,NA,NA,NA,NA,-31.066666666666666,142.56666666666666,ok,NA
1052,unknown,NA,Rat Midden Distn MasterList6.xls,all records,GH E2,NA,NA,NA,NA,-31.066666666666666,142.56666666666666,ok,NA
1053,unknown,NA,Rat Midden Distn MasterList6.xls,all records,GH E3 (I),NA,NA,NA,NA,-31.066666666666666,142.56666666666666,ok,NA
1054,unknown,NA,Rat Midden Distn MasterList6.xls,all records,GH E3 (II),NA,NA,NA,NA,-31.066666666666666,142.56666666666666,ok,NA
1055,unknown,NA,Rat Midden Distn MasterList6.xls,all records,GH E3 (III),NA,NA,NA,NA,-31.066666666666666,142.56666666666666,ok,NA
1056,unknown,NA,Rat Midden Distn MasterList6.xls,all records,SAJQ85R,NA,NA,NA,NA,-30.966666666666665,139.33333333333334,ok,NA
1057,unknown,NA,Rat Midden Distn MasterList6.xls,all records,USA127,NA,NA,NA,NA,-25.83,134.19833333333332,ok,NA
1058,unknown,NA,Rat Midden Distn MasterList6.xls,all records,USA131,NA,NA,NA,NA,-25.83,134.19833333333332,ok,NA
1059,unknown,NA,Rat Midden Distn MasterList6.xls,all records,QVB37,NA,NA,NA,NA,-30.328888888888887,123.26722222222222,ok,NA
1060,unknown,NA,Rat Midden Distn MasterList6.xls,all records,SAJQ/79i,NA,NA,NA,NA,-30.333333333333332,139.33333333333334,ok,NA
1061,unknown,NA,Rat Midden Distn MasterList6.xls,all records,SAJQ/79ii,NA,NA,NA,NA,-30.333333333333332,139.33333333333334,ok,NA
1062,unknown,NA,Rat Midden Distn MasterList6.xls,all records,SAJQ/79ii,NA,NA,NA,NA,-30.333333333333332,139.33333333333334,ok,NA
1063,unknown,NA,Rat Midden Distn MasterList6.xls,all records,M07,NA,NA,NA,NA,-25.05,124.98333333333333,ok,NA
1064,unknown,NA,Rat Midden Distn MasterList6.xls,all records,RC3 base,NA,NA,NA,NA,-30.066666666666666,142.56666666666666,ok,NA
1065,unknown,NA,Rat Midden Distn MasterList6.xls,all records,WF,NA,NA,NA,NA,-30.066666666666666,142.56666666666666,ok,NA
1066,unknown,NA,Rat Midden Distn MasterList6.xls,all records,SAJQ76,NA,NA,NA,NA,-30.333333333333332,139.33333333333334,ok,NA
1067,unknown,NA,Rat Midden Distn MasterList6.xls,all records,SAJQ77,NA,NA,NA,NA,-30.333333333333332,139.33333333333334,ok,NA
1068,unknown,NA,Rat Midden Distn MasterList6.xls,all records,SAJQ78,NA,NA,NA,NA,-30.333333333333332,139.33333333333334,ok,NA
1069,unknown,NA,Rat Midden Distn MasterList6.xls,all records,SAJQ79,NA,NA,NA,NA,-30.333333333333332,139.33333333333334,ok,NA
1070,unknown,NA,Rat Midden Distn MasterList6.xls,all records,SAJQ91,NA,NA,NA,NA,-30.333333333333332,139.33333333333334,ok,NA
1071,unknown,NA,Rat Midden Distn MasterList6.xls,all records,SAJQ/85Li,NA,NA,NA,NA,-30.333333333333332,139.33333333333334,ok,NA
1072,unknown,NA,Rat Midden Distn MasterList6.xls,all records,SAJQ/85Lii,NA,NA,NA,NA,-30.333333333333332,139.33333333333334,ok,NA
1073,unknown,NA,Rat Midden Distn MasterList6.xls,all records,SAJQ/85Rii,NA,NA,NA,NA,-30.333333333333332,139.33333333333334,ok,NA
1074,unknown,NA,Rat Midden Distn MasterList6.xls,all records,BR3 (base),NA,NA,NA,NA,-31.35,138.55,ok,NA
1075,unknown,NA,Rat Midden Distn MasterList6.xls,all records,SAJQ92,NA,NA,NA,NA,-30.333333333333332,139.33333333333334,ok,NA
1076,unknown,NA,Rat Midden Distn MasterList6.xls,all records,MO1,NA,NA,NA,NA,-30.5,119.66666666666667,ok,NA
1077,unknown,NA,Rat Midden Distn MasterList6.xls,all records,C7,NA,NA,NA,NA,-30.866666666666667,142.6,ok,NA
1078,unknown,NA,Rat Midden Distn MasterList6.xls,all records,C8 (front left),NA,NA,NA,NA,-30.866666666666667,142.6,ok,NA
1079,unknown,NA,Rat Midden Distn MasterList6.xls,all records,CG1,NA,NA,NA,NA,-30.966666666666665,139.33333333333334,ok,NA
1080,unknown,NA,Rat Midden Distn MasterList6.xls,all records,MC1 (centre),NA,NA,NA,NA,-30.966666666666665,139.33333333333334,ok,NA
1081,unknown,NA,Rat Midden Distn MasterList6.xls,all records,MC1 (exposed base),NA,NA,NA,NA,-30.966666666666665,139.33333333333334,ok,NA
1082,unknown,NA,Rat Midden Distn MasterList6.xls,all records,MC2 (overhang),NA,NA,NA,NA,-30.966666666666665,139.33333333333334,ok,NA
1083,unknown,NA,Rat Midden Distn MasterList6.xls,all records,MC2 (top),NA,NA,NA,NA,-30.966666666666665,139.33333333333334,ok,NA
1084,unknown,NA,Rat Midden Distn MasterList6.xls,all records,MC2 (top),NA,NA,NA,NA,-30.966666666666665,139.33333333333334,ok,NA
1085,unknown,NA,Rat Midden Distn MasterList6.xls,all records,MD3,NA,NA,NA,NA,-30.966666666666665,139.33333333333334,ok,NA
1086,unknown,NA,Rat Midden Distn MasterList6.xls,all records,GH E4,NA,NA,NA,NA,-31.066666666666666,142.56666666666666,ok,NA
1087,unknown,NA,Rat Midden Distn MasterList6.xls,all records,GH E5 (I),NA,NA,NA,NA,-31.066666666666666,142.56666666666666,ok,NA
1088,unknown,NA,Rat Midden Distn MasterList6.xls,all records,GH E5 (II) lower left,NA,NA,NA,NA,-31.066666666666666,142.56666666666666,ok,NA
1089,unknown,NA,Rat Midden Distn MasterList6.xls,all records,GH3 (I),NA,NA,NA,NA,-31.066666666666666,142.56666666666666,ok,NA
1090,unknown,NA,Rat Midden Distn MasterList6.xls,all records,GH3 (ii),NA,NA,NA,NA,-31.066666666666666,142.56666666666666,ok,NA
1091,unknown,NA,Rat Midden Distn MasterList6.xls,all records,GH4 (top),NA,NA,NA,NA,-31.066666666666666,142.56666666666666,ok,NA
1092,unknown,NA,Rat Midden Distn MasterList6.xls,all records,SAJQ85L,NA,NA,NA,NA,-30.966666666666665,139.33333333333334,ok,NA
1093,unknown,NA,Rat Midden Distn MasterList6.xls,all records,SAJQ85L,NA,NA,NA,NA,-30.966666666666665,139.33333333333334,ok,NA
1094,unknown,NA,Rat Midden Distn MasterList6.xls,all records,USC99,NA,NA,NA,NA,-25.83,134.19833333333332,ok,NA
1095,unknown,NA,Rat Midden Distn MasterList6.xls,all records,USE72,NA,NA,NA,NA,-25.83,134.19833333333332,ok,NA
1096,unknown,NA,Rat Midden Distn MasterList6.xls,all records,USF06,NA,NA,NA,NA,-25.83,134.19833333333332,ok,NA
1097,unknown,NA,Rat Midden Distn MasterList6.xls,all records,USG22,NA,NA,NA,NA,-25.83,134.19833333333332,ok,NA
1098,unknown,NA,Rat Midden Distn MasterList6.xls,all records,USI76,NA,NA,NA,NA,-25.83,134.19833333333332,ok,NA
1099,unknown,NA,Rat Midden Distn MasterList6.xls,all records,USJ7,NA,NA,NA,NA,-25.83,134.19833333333332,ok,NA
1100,unknown,NA,Rat Midden Distn MasterList6.xls,all records,USK14,NA,NA,NA,NA,-25.83,134.19833333333332,ok,NA
1101,unknown,NA,Rat Midden Distn MasterList6.xls,all records,USL7,NA,NA,NA,NA,-25.83,134.19833333333332,ok,NA
1102,unknown,NA,Rat Midden Distn MasterList6.xls,all records,USM40,NA,NA,NA,NA,-25.83,134.19833333333332,ok,NA
1103,unknown,NA,Rat Midden Distn MasterList6.xls,all records,USN104,NA,NA,NA,NA,-25.83,134.19833333333332,ok,NA
1104,unknown,NA,Rat Midden Distn MasterList6.xls,all records,USN138,NA,NA,NA,NA,-25.83,134.19833333333332,ok,NA
1105,unknown,NA,Rat Midden Distn MasterList6.xls,all records,USN160,NA,NA,NA,NA,-25.83,134.19833333333332,ok,NA
1106,unknown,NA,Rat Midden Distn MasterList6.xls,all records,USN279,NA,NA,NA,NA,-25.83,134.19833333333332,ok,NA
1107,unknown,NA,Rat Midden Distn MasterList6.xls,all records,USN363,NA,NA,NA,NA,-25.83,134.19833333333332,ok,NA
1108,unknown,NA,Rat Midden Distn MasterList6.xls,all records,CAA04,NA,NA,NA,NA,-26.15833333333333,127.91333333333334,ok,NA
1109,unknown,NA,Rat Midden Distn MasterList6.xls,all records,GRD12,NA,NA,NA,NA,-26.953055555555554,133.4986111111111,ok,NA
1110,unknown,NA,Rat Midden Distn MasterList6.xls,all records,CHA14,NA,NA,NA,NA,-27.885555555555555,134.31722222222223,ok,NA
1111,unknown,NA,Rat Midden Distn MasterList6.xls,all records,CHA42,NA,NA,NA,NA,-27.885555555555555,134.31722222222223,ok,NA
1112,unknown,NA,Rat Midden Distn MasterList6.xls,all records,CHB15,NA,NA,NA,NA,-27.885555555555555,134.31722222222223,ok,NA
1113,unknown,NA,Rat Midden Distn MasterList6.xls,all records,CHB41,NA,NA,NA,NA,-27.885555555555555,134.31722222222223,ok,NA
1114,unknown,NA,Rat Midden Distn MasterList6.xls,all records,CHC119,NA,NA,NA,NA,-27.885555555555555,134.31722222222223,ok,NA
1115,unknown,NA,Rat Midden Distn MasterList6.xls,all records,CHC22,NA,NA,NA,NA,-27.885555555555555,134.31722222222223,ok,NA
1116,unknown,NA,Rat Midden Distn MasterList6.xls,all records,CHC24,NA,NA,NA,NA,-27.885555555555555,134.31722222222223,ok,NA
1117,unknown,NA,Rat Midden Distn MasterList6.xls,all records,CHC42,NA,NA,NA,NA,-27.885555555555555,134.31722222222223,ok,NA
1118,unknown,NA,Rat Midden Distn MasterList6.xls,all records,CHD17,NA,NA,NA,NA,-27.885555555555555,134.31722222222223,ok,NA
1119,unknown,NA,Rat Midden Distn MasterList6.xls,all records,CHD18,NA,NA,NA,NA,-27.885555555555555,134.31722222222223,ok,NA
1120,unknown,NA,Rat Midden Distn MasterList6.xls,all records,SAJQ/85Rii,NA,NA,NA,NA,-30.333333333333332,139.33333333333334,ok,NA
1121,Leporillus apicalis,NA,Rat Midden Distn MasterList6.xls,all records,Baynes2002,Coastal cliffs,NA,NA,NA,-24.117,113.433,ok,NA
1122,Leporillus apicalis,NA,Rat Midden Distn MasterList6.xls,all records,Baynes2002,Cardabia Homestead,Limestone ridge SE,NA,NA,-23.117,113.8,ok,NA
1123,Leporillus apicalis,NA,Rat Midden Distn MasterList6.xls,all records,Baynes2002,Cape Range,Cave C-207,NA,NA,-22.2,113.983,ok,NA
1124,Leporillus apicalis,NA,Rat Midden Distn MasterList6.xls,all records,Baynes2002,Cape Range,Cave C-4,NA,NA,-22.183,113.983,ok,NA
1125,Leporillus apicalis,NA,Rat Midden Distn MasterList6.xls,all records,Baynes2002,Cape Range,Cave C-200,NA,NA,-22.217,114,ok,NA
1126,Leporillus apicalis,NA,Rat Midden Distn MasterList6.xls,all records,Baynes2002,Cape Range,Cave C-299,NA,NA,-22.133,114,ok,NA
1127,Leporillus apicalis,NA,Rat Midden Distn MasterList6.xls,all records,Baynes2002,Cape Range,Cave C-251,NA,NA,-22.017,114.033,ok,NA
1128,Leporillus conditor,NA,Rat Midden Distn MasterList6.xls,all records,Baynes2002,West Coast Well,NA,NA,NA,-25.75,112.95,ok,NA
1129,Leporillus conditor,NA,Rat Midden Distn MasterList6.xls,all records,Baynes2002,Coastal cliffs,NA,NA,NA,-24.117,113.433,ok,NA
1130,Leporillus conditor,NA,Rat Midden Distn MasterList6.xls,all records,Baynes2002,Cardabia Homestead,Limestone ridge SE,NA,NA,-23.117,113.8,ok,NA
1131,Leporillus conditor,NA,Rat Midden Distn MasterList6.xls,all records,Baynes2002,Bluff Point,NA,NA,NA,-27.833,114.1,ok,NA
1132,Leporillus apicalis,NA,Rat Midden Distn MasterList6.xls,all records,Baynes2002,False Entrance Well,NA,NA,NA,-26.4,113.3,ok,NA
1133,Leporillus apicalis,NA,Rat Midden Distn MasterList6.xls,all records,Baynes2002,Guichenault Point,NA,NA,NA,-25.633,113.583,ok,NA
1134,Leporillus apicalis,NA,Rat Midden Distn MasterList6.xls,all records,Baynes2002,Baba Head,NA,NA,NA,-26.6,113.683,ok,NA
1135,Leporillus apicalis,NA,Rat Midden Distn MasterList6.xls,all records,Baynes2002,Yaringa Homestead,Bluffs nearby,NA,NA,-25.983,114.283,ok,NA
1136,Leporillus apicalis,NA,Rat Midden Distn MasterList6.xls,all records,Baynes2002,Winderie Station,Breakaway,NA,NA,-25.35,115.15,ok,NA
1137,Leporillus apicalis,NA,Rat Midden Distn MasterList6.xls,all records,Baynes2002,Table Top Well,Mesa nearby,NA,NA,-24.75,115.35,ok,NA
1138,Leporillus apicalis,NA,Rat Midden Distn MasterList6.xls,all records,Baynes2002,Merkanooka Station,Rockshelter,NA,NA,-29.083,115.583,ok,NA
1139,Leporillus apicalis,NA,Rat Midden Distn MasterList6.xls,all records,Baynes2002,Tallering Hill,NA,NA,NA,-28.117,115.617,ok,NA
1140,Leporillus apicalis,NA,Rat Midden Distn MasterList6.xls,all records,Baynes2002,Murgoo Station,Breakaways,NA,NA,-27.467,116.283,ok,NA
1141,Leporillus apicalis,NA,Rat Midden Distn MasterList6.xls,all records,Baynes2002,Karara Station,NA,NA,NA,-29.2,116.767,ok,NA
1142,Leporillus apicalis,NA,Rat Midden Distn MasterList6.xls,all records,Baynes2002,Mt Elephant,Small breakaway SE,NA,NA,-23.567,117.15,ok,NA
1143,Leporillus apicalis,NA,Rat Midden Distn MasterList6.xls,all records,Baynes2002,Narrying Range,NA,NA,NA,-28.133,117.183,ok,NA
1144,Leporillus apicalis,NA,Rat Midden Distn MasterList6.xls,all records,Baynes2002,Beanthiny Hill,NA,NA,NA,-29.567,117.25,ok,NA
1145,Leporillus apicalis,NA,Rat Midden Distn MasterList6.xls,all records,Baynes2002,Sawback Range,NA,NA,NA,-25.067,117.75,ok,NA
1146,Leporillus apicalis,NA,Rat Midden Distn MasterList6.xls,all records,Baynes2002,Limestone gorge,NA,NA,NA,-24.05,117.917,ok,NA
1147,Leporillus conditor,NA,Rat Midden Distn MasterList6.xls,all records,Baynes2002,Herald Heights,NA,NA,NA,-25.967,113.1,ok,NA
1148,Leporillus conditor,NA,Rat Midden Distn MasterList6.xls,all records,Baynes2002,False Entrance Well,NA,NA,NA,-26.4,113.3,ok,NA
1149,Leporillus conditor,NA,Rat Midden Distn MasterList6.xls,all records,Baynes2002,Guichenault Point,NA,NA,NA,-25.633,113.583,ok,NA
1150,Leporillus conditor,NA,Rat Midden Distn MasterList6.xls,all records,Baynes2002,Baba Head,NA,NA,NA,-26.6,113.683,ok,NA
1151,Leporillus conditor,NA,Rat Midden Distn MasterList6.xls,all records,Baynes2002,Yaringa Homestead,nearby bluffs,NA,NA,-25.983,114.283,ok,NA
1152,Leporillus conditor,NA,Rat Midden Distn MasterList6.xls,all records,Baynes2002,Tallering Hill,NA,NA,NA,-28.117,115.617,ok,NA
1153,Leporillus conditor,NA,Rat Midden Distn MasterList6.xls,all records,Baynes2002,Narrying Range,NA,NA,NA,-28.133,117.183,ok,NA
1154,unknown,NA,Rat Midden Distn MasterList6.xls,all records,12567,NA,NA,NA,NA,-37.833334,140.783331,ok,NA
1155,Leporillus apicalis,NA,Rat Midden Distn MasterList6.xls,all records,55239,POONA,In cave,NA,NA,-27.6,116.2833,ok,NA
1156,Leporillus apicalis,NA,Rat Midden Distn MasterList6.xls,all records,55233,Mount Churchman SE,"In breakaway, 12km on Wattle Soak Track",NA,NA,-29.9166,117.9,ok,NA
1157,Leporillus apicalis,NA,Rat Midden Distn MasterList6.xls,all records,55197,Carnegie Homestead,"Breakaway Cave, southern side of Gunbarrel Hwy",NA,NA,-25.7166,122.9833,ok,NA
1158,Leporillus apicalis,NA,Rat Midden Distn MasterList6.xls,all records,Baynes & Jones (1993),Cape Range,"Roost Cave, Cape Range",NA,NA,-22.120433,113.944973,ok,NA
1159,Leporillus apicalis,NA,Rat Midden Distn MasterList6.xls,all records,Baynes & Jones (1993),Cape Range,"Unnamed cave, Cape Range",NA,NA,-22.120433,113.944973,ok,NA
1160,Leporillus apicalis,NA,Rat Midden Distn MasterList6.xls,all records,Baynes & Jones (1993),Cape Range,"Two Hundred Cave, Cape Range",NA,NA,-22.120433,113.944973,ok,NA
1161,Leporillus apicalis,NA,Rat Midden Distn MasterList6.xls,all records,Baynes & Jones (1993),Cape Range,Cave C-251,NA,NA,-22.120433,113.944973,ok,NA
1162,Leporillus apicalis,NA,Rat Midden Distn MasterList6.xls,all records,Baynes & Jones (1993),Cape Range,Cave C-299,NA,NA,-22.120433,113.944973,ok,NA
1163,Leporillus apicalis,NA,Rat Midden Distn MasterList6.xls,all records,Baynes & Jones (1993),Cape Range,Cave C-402,NA,NA,-22.120433,113.944973,ok,NA
1164,Leporillus apicalis,NA,Rat Midden Distn MasterList6.xls,all records,Baynes et al. (2019),Cape Range,Cave C-599,NA,NA,-21.9969,114.0958,ok,NA
1165,Leporillus apicalis,NA,Rat Midden Distn MasterList6.xls,all records,Baynes (2000),Cardabia Homestead,Breakaway 0.8 km SE,NA,NA,-23.1094,113.808,ok,NA
1166,Leporillus apicalis,NA,Rat Midden Distn MasterList6.xls,all records,Baynes (2000),Mt Elephant,Small breakaway to the south-east,NA,NA,-23.55,117.617,ok,NA
1167,Leporillus apicalis,NA,Rat Midden Distn MasterList6.xls,all records,Baynes (2000),Bulloo Downs Station,Breakaways by track to the east,NA,NA,-24.033,119.6,ok,NA
1168,Leporillus apicalis,NA,Rat Midden Distn MasterList6.xls,all records,Baynes (2000),"""Limestone gorge"" (see Remarks)",NA,NA,NA,-24.05,117.917,ok,NA
1169,Leporillus apicalis,NA,Rat Midden Distn MasterList6.xls,all records,Baynes (2000),Cape Cuvier,Coastal cliffs 13.0 km NE,NA,NA,-24.1156,113.4331,ok,NA
1170,Leporillus apicalis,NA,Rat Midden Distn MasterList6.xls,all records,Baynes (2000),"Tabletop Well, Gascoyne",Mesa,NA,NA,-24.7633,115.355,ok,NA
1171,Leporillus apicalis,NA,Rat Midden Distn MasterList6.xls,all records,Baynes (2000),Gascoyne,Cave in Sawback Range,NA,NA,-25.071,117.765,ok,NA
1172,Leporillus apicalis,NA,Rat Midden Distn MasterList6.xls,all records,Baynes (2000),Winderie Station,Breakaway,NA,NA,-25.3542,115.1439,ok,NA
1173,Leporillus apicalis,NA,Rat Midden Distn MasterList6.xls,all records,Baynes (2000),Mount Johnson south,NA,NA,NA,-25.426,124.429,ok,NA
1174,Leporillus apicalis,NA,Rat Midden Distn MasterList6.xls,all records,Baynes (2000),Young Range,NA,NA,NA,-25.043,124.976,ok,NA
1175,Leporillus apicalis,NA,Rat Midden Distn MasterList6.xls,all records,Baynes (2000),Yaringa lookout,Bluffs,NA,NA,-25.983,114.283,ok,NA
1176,Leporillus apicalis,NA,Rat Midden Distn MasterList6.xls,all records,Baynes (2000),Millrose Station,Herberts Rockhole breakaways,NA,NA,-26.413,121.054,ok,NA
1177,Leporillus apicalis,NA,Rat Midden Distn MasterList6.xls,all records,Baynes (2000),Winduldurra Rockhole,Cave nearby,NA,NA,-26.515,126.029,ok,NA
1178,Leporillus apicalis,NA,Rat Midden Distn MasterList6.xls,all records,Baynes (2000),Shark Bay,Cave Lesueur 1,NA,NA,-25.72533,113.41336,ok,NA
1179,Leporillus apicalis,NA,Rat Midden Distn MasterList6.xls,all records,Baynes (2000),Shark Bay,Cape Rose 2,NA,NA,-25.75506,113.65933,ok,NA
1180,Leporillus apicalis,NA,Rat Midden Distn MasterList6.xls,all records,Baynes (2000),Shark Bay,Cape Lesueur 3,NA,NA,-25.7556,113.6583,ok,NA
1181,Leporillus apicalis,NA,Rat Midden Distn MasterList6.xls,all records,Baynes (2000),Shark Bay,10 km blowout,NA,NA,-26.00364,113.56638,ok,NA
1182,Leporillus apicalis,NA,Rat Midden Distn MasterList6.xls,all records,Baynes (2000),Shark Bay,Goulet Bluff 3,NA,NA,-26.19272,113.68575,ok,NA
1183,Leporillus apicalis,NA,Rat Midden Distn MasterList6.xls,all records,Baynes (2000),Shark Bay,Goulet Bluff 7,NA,NA,-26.23372,113.74819,ok,NA
1184,Leporillus apicalis,NA,Rat Midden Distn MasterList6.xls,all records,Baynes (2000),Shark Bay,Goulet Bluff 8,NA,NA,-26.23905,113.76692,ok,NA
1185,Leporillus apicalis,NA,Rat Midden Distn MasterList6.xls,all records,Baynes (2007),Shark Bay,Nanga 1,NA,NA,-25.9836,113.9128,ok,NA
1186,Leporillus apicalis,NA,Rat Midden Distn MasterList6.xls,all records,Baynes (2007),Shark Bay,Nanga 3,NA,NA,-26.0406,113.8933,ok,NA
1187,Leporillus apicalis,NA,Rat Midden Distn MasterList6.xls,all records,Baynes (2007),Shark Bay,Nanga 5,NA,NA,-26.3078,113.8633,ok,NA
1188,Leporillus apicalis,NA,Rat Midden Distn MasterList6.xls,all records,Baynes (2007),Shark Bay,Nanga 6,NA,NA,-26.3061,113.8614,ok,NA
1189,Leporillus apicalis,NA,Rat Midden Distn MasterList6.xls,all records,Baynes (2007),Shark Bay,Nanga 7,NA,NA,-26.3542,113.8814,ok,NA
1190,Leporillus apicalis,NA,Rat Midden Distn MasterList6.xls,all records,Baynes (2007),Shark Bay,Nanga 8,NA,NA,-26.325,113.8739,ok,NA
1191,Leporillus apicalis,NA,Rat Midden Distn MasterList6.xls,all records,Baynes (2007),Shark Bay,Nanga 9,NA,NA,-26.3267,113.875,ok,NA
1192,Leporillus apicalis,NA,Rat Midden Distn MasterList6.xls,all records,Baynes (2007),Shark Bay,Nanga 10,NA,NA,-26.3275,113.8758,ok,NA
1193,Leporillus apicalis,NA,Rat Midden Distn MasterList6.xls,all records,NA,Mt Padbury-Meekatharra road,Breakaway beside,NA,NA,-26.333,118.35,ok,NA
1194,Leporillus apicalis,NA,Rat Midden Distn MasterList6.xls,all records,Baynes (2000),Shark Bay,False Entrance Well,NA,NA,-26.4,113.3,ok,NA
1195,Leporillus apicalis,NA,Rat Midden Distn MasterList6.xls,all records,Baynes (2000),Shark Bay,Baba Head,NA,NA,-26.6,113.683,ok,NA
1196,Leporillus apicalis,NA,Rat Midden Distn MasterList6.xls,all records,Baynes (2000),Shark Bay,Heirisson Prong,NA,NA,-26.2111,113.3731,ok,NA
1197,Leporillus apicalis,NA,Rat Midden Distn MasterList6.xls,all records,Baynes (2000),Shark Bay,"Herald Bluff, Peron Peninsula",NA,NA,-25.6406,113.5772,ok,NA
1198,Leporillus apicalis,NA,Rat Midden Distn MasterList6.xls,all records,Baynes (2000),Shark Bay,"Herald Bluff, Peron Peninsula",NA,NA,-25.6431,113.5847,ok,NA
1199,Leporillus apicalis,NA,Rat Midden Distn MasterList6.xls,all records,"Bowdler (1995), Baynes (2000)",Shark Bay,"Monkey Mia, Peron Peninsula",NA,NA,-25.783,113.667,ok,NA
1200,Leporillus apicalis,NA,Rat Midden Distn MasterList6.xls,all records,Baynes (1984),Murchison,Wilgie Mia ochre mine,NA,NA,-26.917,117.7,ok,NA
1201,Leporillus apicalis,NA,Rat Midden Distn MasterList6.xls,all records,Baynes2002,Murgoo Station,Breakaways,NA,NA,-27.367,116.433,ok,NA
1202,Leporillus apicalis,NA,Rat Midden Distn MasterList6.xls,all records,Baynes2002,Hanns Tabletop Hill,Breakaways east,NA,NA,-27.159,126.432,ok,NA
1203,Leporillus apicalis,NA,Rat Midden Distn MasterList6.xls,all records,Baynes2002,Pinnacles Station,White Cloud Cliffs,NA,NA,-28.198208,120.439132,ok,NA
1204,Leporillus apicalis,NA,Rat Midden Distn MasterList6.xls,all records,Baynes2002,Merkanooka Station,Rockshelter,NA,NA,-29.083,115.583,ok,NA
1205,Leporillus apicalis,NA,Rat Midden Distn MasterList6.xls,all records,Baynes2002,Karara Station,Breakaway behind arch,NA,NA,-29.2,116.767,ok,NA
1206,Leporillus apicalis,NA,Rat Midden Distn MasterList6.xls,all records,Baynes2002,Narring Range,Breakaway,NA,NA,-28.1333,117.1847,ok,NA
1207,Leporillus apicalis,NA,Rat Midden Distn MasterList6.xls,all records,Baynes (2003),Yalgoo IBRA Region,Tallering Hill,NA,NA,-28.1169,115.6197,ok,NA
1208,Leporillus apicalis,NA,Rat Midden Distn MasterList6.xls,all records,Baynes (2003),Yalgoo IBRA Region,Tallering 'gorge',NA,NA,-28.0942,115.6589,ok,NA
1209,Leporillus apicalis,NA,Rat Midden Distn MasterList6.xls,all records,Baynes (2003),Yalgoo IBRA Region,Gnows Nest Range,NA,NA,-28.7344,116.9583,ok,NA
1210,Leporillus apicalis,NA,Rat Midden Distn MasterList6.xls,all records,Baynes (2003),Yalgoo IBRA Region,Pinyalling Range,NA,NA,-29.0583,117.3278,ok,NA
1211,Leporillus apicalis,NA,Rat Midden Distn MasterList6.xls,all records,Baynes (2003),Yalgoo IBRA Region,Bimbijy Station,NA,NA,-29.6147,118.1147,ok,NA
1212,Leporillus apicalis,NA,Rat Midden Distn MasterList6.xls,all records,Baynes (2003),Yalgoo IBRA Region,Bimbijy Hill,NA,NA,-29.6817,118.2878,ok,NA
1213,Leporillus apicalis,NA,Rat Midden Distn MasterList6.xls,all records,NA,Diemals Station,Hole in cliff,NA,NA,-29.3761,119.3719,ok,NA
1214,Leporillus apicalis,NA,Rat Midden Distn MasterList6.xls,all records,NA,Yerilla Homestead,Dead tree 14.3 km WSW,NA,NA,-29.5133,121.6314,ok,NA
1215,Leporillus apicalis,NA,Rat Midden Distn MasterList6.xls,all records,Baynes (2003),Mt Gibson Station,Beanthiny Hill,NA,NA,-29.5775,117.2589,ok,NA
1216,Leporillus apicalis,NA,Rat Midden Distn MasterList6.xls,all records,Baynes (2003),Mt Gibson Station,Mesa cave 1,NA,NA,-29.5661,117.3844,ok,NA
1217,Leporillus apicalis,NA,Rat Midden Distn MasterList6.xls,all records,Baynes (2003),Mt Gibson Station,Red Hand Site,NA,NA,-29.7717,117.3814,ok,NA
1218,Leporillus apicalis,NA,Rat Midden Distn MasterList6.xls,all records,NA,Bungalbin Range,NA,NA,NA,-30.3606,119.7053,ok,NA
1219,Leporillus apicalis,NA,Rat Midden Distn MasterList6.xls,all records,Turpin et al.,Giles Breakaway 1,NA,NA,NA,-28.280593,122.706531,ok,NA
1220,Leporillus apicalis,NA,Rat Midden Distn MasterList6.xls,all records,Turpin et al.,Bartlett Bluff 1,NA,NA,NA,-29.090078,124.602681,ok,NA
1221,Leporillus apicalis,NA,Rat Midden Distn MasterList6.xls,all records,Turpin et al.,Bartlett Bluff 2,NA,NA,NA,-29.087849,124.602512,ok,NA
1222,Leporillus apicalis,NA,Rat Midden Distn MasterList6.xls,all records,Turpin et al.,Bartlett Bluff 3,NA,NA,NA,-29.087664,124.619761,ok,NA
1223,Leporillus apicalis,NA,Rat Midden Distn MasterList6.xls,all records,Turpin et al.,Bartlett South 4,NA,NA,NA,-29.131335,124.639333,ok,NA
1224,Leporillus apicalis,NA,Rat Midden Distn MasterList6.xls,all records,Turpin et al.,Possum Cave 3,NA,NA,NA,-29.178021,124.481407,ok,NA
1225,Leporillus apicalis,NA,Rat Midden Distn MasterList6.xls,all records,Turpin et al.,Possum Cave 5.1,NA,NA,NA,-29.176756,124.479105,ok,NA
1226,Leporillus apicalis,NA,Rat Midden Distn MasterList6.xls,all records,Turpin et al.,Big Nest cave,NA,NA,NA,-29.218396,124.52208,ok,NA
1227,Leporillus apicalis,NA,Rat Midden Distn MasterList6.xls,all records,Turpin et al.,Duck Egg cave 1,NA,NA,NA,-29.555665,124.592288,ok,NA
1228,Leporillus apicalis,NA,Rat Midden Distn MasterList6.xls,all records,Turpin et al.,South Rock cave 1,NA,NA,NA,-29.331603,124.57898900000001,ok,NA
1229,Leporillus apicalis,NA,Rat Midden Distn MasterList6.xls,all records,Turpin et al.,Sydney Simpson Cliffs 1,NA,NA,NA,-29.333475,124.740483,ok,NA
1230,Leporillus apicalis,NA,Rat Midden Distn MasterList6.xls,all records,Turpin et al.,Empress Spring 1,NA,NA,NA,-26.76583,124.36652,ok,NA
1231,Leporillus apicalis,NA,Rat Midden Distn MasterList6.xls,all records,Turpin et al.,Breaden Bluff 1,NA,NA,NA,-26.904491,124.468431,ok,NA
1232,Leporillus apicalis,NA,Rat Midden Distn MasterList6.xls,all records,Turpin et al.,Manunda Breakaway 1,NA,NA,NA,-26.834645,125.654977,ok,NA
1233,Leporillus apicalis,NA,Rat Midden Distn MasterList6.xls,all records,Turpin et al.,Breakaway NW of Gahnda,NA,NA,NA,-26.595833,125.8625,ok,NA
1234,Leporillus apicalis,NA,Rat Midden Distn MasterList6.xls,all records,Turpin et al.,Breakaway NW of Gahnda,NA,NA,NA,-26.598354,125.855984,ok,NA
1235,Leporillus apicalis,NA,Rat Midden Distn MasterList6.xls,all records,Turpin et al.,Manton Knob breakaways,NA,NA,NA,-26.695833,126.451388,ok,NA
1236,Leporillus apicalis,NA,Rat Midden Distn MasterList6.xls,all records,Turpin et al.,Manton Knob breakaways,NA,NA,NA,-26.693055,126.454166,ok,NA
1237,Leporillus apicalis,NA,Rat Midden Distn MasterList6.xls,all records,Turpin et al.,Faulkner Hill 1.1,NA,NA,NA,-27.060558,126.374272,ok,NA
1238,Leporillus apicalis,NA,Rat Midden Distn MasterList6.xls,all records,Turpin et al.,Faulkner Hill 2,NA,NA,NA,-27.06015,126.362217,ok,NA
1239,Leporillus apicalis,NA,Rat Midden Distn MasterList6.xls,all records,Turpin et al.,Breakaways S of Point Wood,NA,NA,NA,-27.215277,126.468055,ok,NA
1240,Leporillus apicalis,NA,Rat Midden Distn MasterList6.xls,all records,Turpin et al.,Ryans Bluff 2,NA,NA,NA,-27.235,126.44278,ok,NA
1241,Leporillus apicalis,NA,Rat Midden Distn MasterList6.xls,all records,Turpin et al.,Point Sandercock 2,NA,NA,NA,-27.621919,126.155233,ok,NA
1242,Leporillus apicalis,NA,Rat Midden Distn MasterList6.xls,all records,Baynes (1979),northern Swan Coastal Plain,"Hastings Cave, Jurien",NA,NA,-30.0853,115.0914,ok,NA
1243,Leporillus apicalis,NA,Rat Midden Distn MasterList6.xls,all records,Monks (2018),northern Swan Coastal Plain,Yellabidde Cave,NA,NA,-29.817,115.133,ok,NA
1244,unknown,NA,Rat Midden Distn MasterList6.xls,all records,McBride 2022,Pilbara,NA,NA,NA,-22.946433,118.864421,ok,NA
1245,unknown,NA,Rat Midden Distn MasterList6.xls,all records,McBride 2022,NA,NA,NA,NA,-22.946433,118.864421,ok,NA
1246,unknown,NA,Rat Midden Distn MasterList6.xls,all records,McBride 2022,NA,NA,NA,NA,-22.946433,118.864421,ok,NA
1247,unknown,NA,Rat Midden Distn MasterList6.xls,all records,McBride 2022,NA,NA,NA,NA,-22.946433,118.864421,ok,NA
1248,unknown,NA,Rat Midden Distn MasterList6.xls,all records,McBride 2022,NA,NA,NA,NA,-22.946433,118.864421,ok,NA
1249,unknown,NA,Rat Midden Distn MasterList6.xls,all records,McBride 2022,NA,NA,NA,NA,-22.946433,118.864421,ok,NA
1250,unknown,NA,Rat Midden Distn MasterList6.xls,all records,McBride 2022,NA,NA,NA,NA,-22.946433,118.864421,ok,NA
1251,unknown,NA,Rat Midden Distn MasterList6.xls,all records,McBride 2022,NA,NA,NA,NA,-22.946433,118.864421,ok,NA
1252,unknown,NA,Rat Midden Distn MasterList6.xls,all records,McBride 2022,NA,NA,NA,NA,-22.946433,118.864421,ok,NA
1253,unknown,NA,Rat Midden Distn MasterList6.xls,all records,McBride 2022,NA,NA,NA,NA,-22.946433,118.864421,ok,NA
1254,unknown,NA,Rat Midden Distn MasterList6.xls,all records,McBride 2022,NA,NA,NA,NA,-22.946433,118.864421,ok,NA
1255,unknown,NA,Rat Midden Distn MasterList6.xls,all records,McBride 2022,NA,NA,NA,NA,-22.946433,118.864421,ok,NA
1256,unknown,NA,Rat Midden Distn MasterList6.xls,all records,McBride 2022,NA,NA,NA,NA,-22.946433,118.864421,ok,NA
1257,unknown,NA,Rat Midden Distn MasterList6.xls,all records,McBride 2022,NA,NA,NA,NA,-22.946433,118.864421,ok,NA
1258,unknown,NA,Rat Midden Distn MasterList6.xls,all records,McBride 2022,NA,NA,NA,NA,-22.946433,118.864421,ok,NA
1259,Leporillus conditor,NA,Rat Midden Distn MasterList6.xls,Sheet2,Lowry1966,Roaches Rest Cave,NA,NA,NA,-31.566667,127.233333,ok,NA
1260,Leporillus conditor,NA,Rat Midden Distn MasterList6.xls,Sheet2,Archer1969,Horseshoe Cave,NA,NA,NA,-31.65,127.433333,ok,NA
1261,Leporillus conditor,NA,Rat Midden Distn MasterList6.xls,Sheet2,Lowry1966,Abrakurrie Cave,NA,NA,NA,-31.666667,127.433333,ok,NA
1262,Leporillus conditor,NA,Rat Midden Distn MasterList6.xls,Sheet2,Lowry1965,Cocklebiddy Cave,NA,NA,NA,-31.966667,125.916667,ok,NA
1263,Leporillus conditor,NA,Rat Midden Distn MasterList6.xls,Sheet2,Thomas1971,Unnamed,Sinkhole 3.3 km SW of Balladonia Station homestead. Small figure-of-eight shaped entrance. Vertical solution pipe about 7 m to small circular chamber with small southern extension.,NA,NA,-32.478333,123.839444,ok,NA
1264,Leporillus conditor,NA,Rat Midden Distn MasterList6.xls,Sheet2,Lowry1968,Warbla Cave,NA,NA,NA,-31.533333,129.1,ok,NA
1265,Leporillus conditor,NA,Rat Midden Distn MasterList6.xls,Sheet2,Lowry1966,Thylacine Hole,NA,NA,NA,-31.683333,127.716667,ok,NA
1266,Leporillus conditor,NA,Rat Midden Distn MasterList6.xls,Sheet2,Cawthorn1961,Firestick Cave,NA,NA,NA,-31.75,127.016667,ok,NA
1267,Leporillus conditor,NA,Rat Midden Distn MasterList6.xls,Sheet2,Hyslop1967,Dingo Cave,NA,NA,NA,-31.850001,126.733333,ok,NA
1268,Leporillus conditor,NA,Rat Midden Distn MasterList6.xls,Sheet2,Lundelius1954,Murra-el-elevyn Cave,NA,NA,NA,-32.066667,126.033333,ok,NA
1269,Leporillus conditor,NA,Rat Midden Distn MasterList6.xls,Sheet2,Hart1984,Unnamed,"Sinkhole on northern side of track across Hampton Tableland at M.R. 552033 Price 1:100,000 sheet. Vertical solution pipe about 7 m to small round chamber.",NA,NA,-32.497222,124.634722,ok,NA
1270,Leporillus conditor,NA,Rat Midden Distn MasterList6.xls,Sheet2,Baynes1984,Unnamed,Very small breakaway on north shore of salt lake S. of old Telegraph line in Dundas Nature Reserve.,NA,NA,-32.467778,123.398889,ok,NA
1271,Leporillus conditor,NA,Rat Midden Distn MasterList6.xls,Sheet2,Lowry1966,Weebubbie Cave,NA,NA,NA,-31.666667,128.75,ok,NA
1272,Leporillus conditor,NA,Rat Midden Distn MasterList6.xls,Sheet2,Lowry1966,Unnamed,Overhang in cliffs 1.2 miles E. of Wilsons Bluff cairn.,NA,NA,-31.683333,129.033333,ok,NA
1273,Leporillus conditor,NA,Rat Midden Distn MasterList6.xls,Sheet2,Lowry1966,Winbirra Cave,NA,NA,NA,-31.7,128.483333,ok,NA
1274,Leporillus conditor,NA,Rat Midden Distn MasterList6.xls,Sheet2,Lowry1966,Kutowalla Doline,NA,NA,NA,-31.716667,128.483333,ok,NA
1275,Leporillus conditor,NA,Rat Midden Distn MasterList6.xls,Sheet2,Cook1962,Webbs Cave,NA,NA,NA,-31.766667,127.8,ok,NA
1276,Leporillus conditor,NA,Rat Midden Distn MasterList6.xls,Sheet2,Lance1976,Witches Cave,NA,NA,NA,-31.833333,127.716667,ok,NA
1277,Leporillus conditor,NA,Rat Midden Distn MasterList6.xls,Sheet2,Carlisle1966,Telegraph Cave,NA,NA,NA,-32.216667,125.883333,ok,NA
1278,Leporillus conditor,NA,Rat Midden Distn MasterList6.xls,Sheet2,Cook1961,Madura Six Mile South Cave,NA,NA,NA,-31.966667,127.033333,ok,NA
1279,Leporillus conditor,NA,Rat Midden Distn MasterList6.xls,Sheet2,Carlisle1975,Unnamed,"A group of seven caves ""100 miles north-east Forrest (approx.)"", of which four yielded material.",NA,NA,-29.75,129.25,ok,NA
1280,Leporillus conditor,NA,Rat Midden Distn MasterList6.xls,Sheet2,Lowry1966,Lynch Cave,NA,NA,NA,-30.966667,127.066667,ok,NA
1281,Leporillus conditor,NA,Rat Midden Distn MasterList6.xls,Sheet2,Butler1967,Unnamed,"Cave ""15 miles S. of W. of Loongana"".",NA,NA,-31.033333,126.8,ok,NA
1282,Leporillus conditor,NA,Rat Midden Distn MasterList6.xls,Sheet2,Marshall1968,Unnamed,"Cave ""5 miles S. of Rawlinna"".",NA,NA,-31.066667,125.333333,ok,NA
1283,Leporillus conditor,NA,Rat Midden Distn MasterList6.xls,Sheet2,Lowry1966,Old Homestead Cave,NA,NA,NA,-31.166667,127.95,ok,NA
1284,Leporillus conditor,NA,Rat Midden Distn MasterList6.xls,Sheet2,Lowry1966,Unnamed,NA,NA,NA,-31.25,128.483333,ok,NA
1285,Leporillus conditor,NA,Rat Midden Distn MasterList6.xls,Sheet2,Lowry1966,Unnamed,NA,NA,NA,-31.4,128.583333,ok,NA
1286,Leporillus conditor,NA,Rat Midden Distn MasterList6.xls,Sheet2,Lowry1966,Skinkhole,NA,NA,NA,-31.433333,127.866667,ok,NA
1287,Leporillus conditor,NA,Rat Midden Distn MasterList6.xls,Sheet2,Lowry1966,Unnamed,NA,NA,NA,-31.433333,127.183333,ok,NA
1288,Leporillus conditor,NA,Rat Midden Distn MasterList6.xls,Sheet2,Zeck1960,Mullamullang Cave,NA,NA,NA,-31.716667,127.233333,ok,NA
1289,Leporillus conditor,NA,Rat Midden Distn MasterList6.xls,Sheet2,Lowry1965,Pannikin Plain Cave,NA,NA,NA,-32.033333,126.183333,ok,NA
1290,Leporillus conditor,NA,Rat Midden Distn MasterList6.xls,Sheet2,Lowry1966,Moonera Tank Cave,NA,NA,NA,-31.983333,126.5,ok,NA
1291,Leporillus apicalis,NA,Rat Midden Distn MasterList6.xls,Sheet2,Archer1969,Roaches Rest Cave,NA,NA,NA,-31.566667,127.233333,ok,NA
1292,Leporillus apicalis,NA,Rat Midden Distn MasterList6.xls,Sheet2,Lowry1966,Horseshoe Cave,NA,NA,NA,-31.65,127.433333,ok,NA
1293,Leporillus apicalis,NA,Rat Midden Distn MasterList6.xls,Sheet2,Lowry1965,Abrakurrie Cave,NA,NA,NA,-31.666667,127.433333,ok,NA
1294,Leporillus apicalis,NA,Rat Midden Distn MasterList6.xls,Sheet2,Thomas1971,Cocklebiddy Cave,NA,NA,NA,-31.966667,125.916667,ok,NA
1295,Leporillus apicalis,NA,Rat Midden Distn MasterList6.xls,Sheet2,Lowry1968,Unnamed,Sinkhole 3.3 km SW of Balladonia Station homestead. Small figure-of-eight shaped entrance. Vertical solution pipe about 7 m to small circular chamber with small southern extension.,NA,NA,-32.478333,123.839444,ok,NA
1296,Leporillus apicalis,NA,Rat Midden Distn MasterList6.xls,Sheet2,Lowry1966,Warbla Cave,NA,NA,NA,-31.533333,129.1,ok,NA
1297,Leporillus apicalis,NA,Rat Midden Distn MasterList6.xls,Sheet2,Cawthorn1961,Thylacine Hole,NA,NA,NA,-31.683333,127.716667,ok,NA
1298,Leporillus apicalis,NA,Rat Midden Distn MasterList6.xls,Sheet2,Hyslop1967,Firestick Cave,NA,NA,NA,-31.75,127.016667,ok,NA
1299,Leporillus apicalis,NA,Rat Midden Distn MasterList6.xls,Sheet2,Lundelius1954,Dingo Cave,NA,NA,NA,-31.850001,126.733333,ok,NA
1300,Leporillus apicalis,NA,Rat Midden Distn MasterList6.xls,Sheet2,Hart1984,Murra-el-elevyn Cave,NA,NA,NA,-32.066667,126.033333,ok,NA
1301,Leporillus apicalis,NA,Rat Midden Distn MasterList6.xls,Sheet2,Baynes1984,Unnamed,"Sinkhole on northern side of track across Hampton Tableland at M.R. 552033 Price 1:100,000 sheet. Vertical solution pipe about 7 m to small round chamber.",NA,NA,-32.497222,124.634722,ok,NA
1302,Leporillus apicalis,NA,Rat Midden Distn MasterList6.xls,Sheet2,Lowry1966,Unnamed,Very small breakaway on north shore of salt lake S. of old Telegraph line in Dundas Nature Reserve.,NA,NA,-32.467778,123.398889,ok,NA
1303,Leporillus apicalis,NA,Rat Midden Distn MasterList6.xls,Sheet2,Lowry1966,Weebubbie Cave,NA,NA,NA,-31.666667,128.75,ok,NA
1304,Leporillus apicalis,NA,Rat Midden Distn MasterList6.xls,Sheet2,Lowry1966,Unnamed,Overhang in cliffs 1.2 miles E. of Wilsons Bluff cairn.,NA,NA,-31.683333,129.033333,ok,NA
1305,Leporillus apicalis,NA,Rat Midden Distn MasterList6.xls,Sheet2,Lowry1966,Winbirra Cave,NA,NA,NA,-31.7,128.483333,ok,NA
1306,Leporillus apicalis,NA,Rat Midden Distn MasterList6.xls,Sheet2,Cook1962,Kutowalla Doline,NA,NA,NA,-31.716667,128.483333,ok,NA
1307,Leporillus apicalis,NA,Rat Midden Distn MasterList6.xls,Sheet2,Lance1976,Webbs Cave,NA,NA,NA,-31.766667,127.8,ok,NA
1308,Leporillus apicalis,NA,Rat Midden Distn MasterList6.xls,Sheet2,Carlisle1966,Witches Cave,NA,NA,NA,-31.833333,127.716667,ok,NA
1309,Leporillus apicalis,NA,Rat Midden Distn MasterList6.xls,Sheet2,Cook1961,Telegraph Cave,NA,NA,NA,-32.216667,125.883333,ok,NA
1310,Leporillus apicalis,NA,Rat Midden Distn MasterList6.xls,Sheet2,Baynes1984,Madura Six Mile South Cave,NA,NA,NA,-31.966667,127.033333,ok,NA
1311,Leporillus apicalis,NA,Rat Midden Distn MasterList6.xls,Sheet2,Kendrick1966,Twin Level Cave,NA,NA,NA,-32.569167,124.792778,ok,NA
1312,Leporillus apicalis,NA,Rat Midden Distn MasterList6.xls,Sheet2,Baynes1984,Tommy Grahams Cave,"Granite rock 8 km N. of Mount Andrew, Large crescentic open cave on northern flank of rock.",NA,NA,-32.1,126.183333,ok,NA
1313,Leporillus apicalis,NA,Rat Midden Distn MasterList6.xls,Sheet2,Baynes1984,Unnamed,Small cave near top of cliff face at extreme east end of Wylie Scarp (where it swings seaward to become Baxter Cliffs).,NA,NA,-32.591667,122.917222,ok,NA
1314,Leporillus apicalis,NA,Rat Midden Distn MasterList6.xls,Sheet2,Baynes1984,Peak Charles,Combined sample from three caves: large open cave on E. slope of N. spur; high open cave near top W. slope N. spur; and small sheet erosion cave on S.H. slope S. spur.,NA,NA,-32.866667,121.15,ok,NA
1315,Leporillus apicalis,NA,Rat Midden Distn MasterList6.xls,Sheet2,Medlin1984,Darke Peak,NA,NA,NA,-33.433333,136.166667,ok,NA
1316,unknown,NA,Rat Midden Distn MasterList6.xls,SHaRED,378,NA,NA,NA,NA,-32.38558,135.694243,ok,NA
1317,unknown,NA,Rat Midden Distn MasterList6.xls,SHaRED,6603,NA,NA,NA,NA,-32.719478,140.178334,ok,NA
1318,unknown,NA,Rat Midden Distn MasterList6.xls,SHaRED,12567,NA,NA,NA,NA,-37.833334,140.783331,ok,NA
1319,Leporillus conditor,NA,Rat Midden Distn MasterList6.xls,SHaRED,12568,NA,NA,NA,NA,-27.966675,134.166662,ok,NA
1320,unknown,NA,Rat Midden Distn MasterList6.xls,SHaRED,12569,NA,NA,NA,NA,-30.683335,139.216664,ok,NA
1321,unknown,NA,Rat Midden Distn MasterList6.xls,SHaRED,12570,NA,NA,NA,NA,-26.583339,133.249999,ok,NA
1322,Leporillus conditor,NA,Rat Midden Distn MasterList6.xls,SHaRED,12572,NA,NA,NA,NA,-33.950004,141.949993,ok,NA
1323,Leporillus conditor,NA,Rat Midden Distn MasterList6.xls,SHaRED,12573,NA,NA,NA,NA,-33.950004,141.949993,ok,NA
1324,Leporillus conditor,NA,Rat Midden Distn MasterList6.xls,SHaRED,12574,NA,NA,NA,NA,-33.950004,141.949993,ok,NA
1325,Leporillus apicalis,NA,Rat Midden Distn MasterList6.xls,SHaRED,12575,NA,NA,NA,NA,-34.16667,142.183326,ok,NA
1326,Leporillus conditor,NA,Rat Midden Distn MasterList6.xls,SHaRED,12576,NA,NA,NA,NA,-32.666672,142.333324,ok,NA
1327,unknown,NA,Rat Midden Distn MasterList6.xls,SHaRED,12577,NA,NA,NA,NA,-32.666672,142.333324,ok,NA
1328,unknown,NA,Rat Midden Distn MasterList6.xls,SHaRED,12578,NA,NA,NA,NA,-31.11667,142.699999,ok,NA
1329,unknown,NA,Rat Midden Distn MasterList6.xls,SHaRED,12579,NA,NA,NA,NA,-31.183336,141.49999,ok,NA
1330,unknown,NA,Rat Midden Distn MasterList6.xls,SHaRED,12582,NA,NA,NA,NA,-29.083341,141.766659,ok,NA
1331,unknown,NA,Rat Midden Distn MasterList6.xls,SHaRED,12583,NA,NA,NA,NA,-29.083337,141.883327,ok,NA
1332,unknown,NA,Rat Midden Distn MasterList6.xls,SHaRED,12584,NA,NA,NA,NA,-29.033333,141.949991,ok,NA
1333,unknown,NA,Rat Midden Distn MasterList6.xls,SHaRED,12586,NA,NA,NA,NA,-25.883342,135.199996,ok,NA
1334,unknown,NA,Rat Midden Distn MasterList6.xls,SHaRED,12587,NA,NA,NA,NA,-25.883342,135.199996,ok,NA
1335,unknown,NA,Rat Midden Distn MasterList6.xls,SHaRED,12588,NA,NA,NA,NA,-25.800009,133.899998,ok,NA
1336,unknown,NA,Rat Midden Distn MasterList6.xls,SHaRED,12591,NA,NA,NA,NA,-25.916673774814594,129.35832633238536,ok,NA
1337,unknown,NA,Rat Midden Distn MasterList6.xls,SHaRED,12593,NA,NA,NA,NA,-25.65000566321246,125.5499936490833,ok,NA
1338,unknown,NA,Rat Midden Distn MasterList6.xls,SHaRED,12595,NA,NA,NA,NA,-26.60000359388658,125.86666517263507,ok,NA
1339,unknown,NA,Rat Midden Distn MasterList6.xls,SHaRED,12596,NA,NA,NA,NA,-26.516670009519153,126.01666007319861,ok,NA
1340,unknown,NA,Rat Midden Distn MasterList6.xls,SHaRED,12597,NA,NA,NA,NA,-26.833334655980345,126.3666631663169,ok,NA
1341,unknown,NA,Rat Midden Distn MasterList6.xls,SHaRED,12598,NA,NA,NA,NA,-25.716670659143855,125.49999846869389,ok,NA
1342,unknown,NA,Rat Midden Distn MasterList6.xls,SHaRED,12599,NA,NA,NA,NA,-28.225002,134.208324,ok,NA
1343,unknown,NA,Rat Midden Distn MasterList6.xls,SHaRED,12600,NA,NA,NA,NA,-27.033334,132.433328,ok,NA
1344,unknown,NA,Rat Midden Distn MasterList6.xls,SHaRED,12601,NA,NA,NA,NA,-28.800001,134.583328,ok,NA
1345,unknown,NA,Rat Midden Distn MasterList6.xls,SHaRED,12602,NA,NA,NA,NA,-28.916667066488106,129.1833329344944,ok,NA
1346,unknown,NA,Rat Midden Distn MasterList6.xls,SHaRED,12603,NA,NA,NA,NA,-28.183335,134.249991,ok,NA
1347,unknown,NA,Rat Midden Distn MasterList6.xls,SHaRED,12604,NA,NA,NA,NA,-30.666668,139.283325,ok,NA
1348,unknown,NA,Rat Midden Distn MasterList6.xls,SHaRED,12605,NA,NA,NA,NA,-31.366675679256065,129.99999587618385,ok,NA
1349,unknown,NA,Rat Midden Distn MasterList6.xls,SHaRED,12606,NA,NA,NA,NA,-31.32361934009383,130.7083308667593,ok,NA
1350,unknown,NA,Rat Midden Distn MasterList6.xls,SHaRED,12607,NA,NA,NA,NA,-31.183337,136.333326,ok,NA
1351,unknown,NA,Rat Midden Distn MasterList6.xls,SHaRED,12608,NA,NA,NA,NA,-28.025003,134.333326,ok,NA
1352,unknown,NA,Rat Midden Distn MasterList6.xls,SHaRED,12609,NA,NA,NA,NA,-27.966675,134.183326,ok,NA
1353,unknown,NA,Rat Midden Distn MasterList6.xls,SHaRED,12610,NA,NA,NA,NA,-27.966675,134.166662,ok,NA
1354,unknown,NA,Rat Midden Distn MasterList6.xls,SHaRED,12611,NA,NA,NA,NA,-27.933336,134.283324,ok,NA
1355,unknown,NA,Rat Midden Distn MasterList6.xls,SHaRED,12612,NA,NA,NA,NA,-27.900002,134.266657,ok,NA
1356,unknown,NA,Rat Midden Distn MasterList6.xls,SHaRED,12613,NA,NA,NA,NA,-27.883339,134.258327,ok,NA
1357,unknown,NA,Rat Midden Distn MasterList6.xls,SHaRED,12614,NA,NA,NA,NA,-27.900007,134.608328,ok,NA
1358,unknown,NA,Rat Midden Distn MasterList6.xls,SHaRED,12615,NA,NA,NA,NA,-27.700008,134.599997,ok,NA
1359,unknown,NA,Rat Midden Distn MasterList6.xls,SHaRED,12616,NA,NA,NA,NA,-26.983335,133.449999,ok,NA
1360,unknown,NA,Rat Midden Distn MasterList6.xls,SHaRED,12617,NA,NA,NA,NA,-26.566672,133.266665,ok,NA
1361,unknown,NA,Rat Midden Distn MasterList6.xls,SHaRED,12618,NA,NA,NA,NA,-26.950006,133.508332,ok,NA
1362,unknown,NA,Rat Midden Distn MasterList6.xls,SHaRED,12619,NA,NA,NA,NA,-26.041672,133.774991,ok,NA
1363,unknown,NA,Rat Midden Distn MasterList6.xls,SHaRED,12620,NA,NA,NA,NA,-26.950008,133.749991,ok,NA
1364,unknown,NA,Rat Midden Distn MasterList6.xls,SHaRED,12622,NA,NA,NA,NA,-25.066671958656542,124.9999945289191,ok,NA
1365,unknown,NA,Rat Midden Distn MasterList6.xls,SHaRED,12623,NA,NA,NA,NA,-25.18333699740058,125.06665702887992,ok,NA
1366,unknown,NA,Rat Midden Distn MasterList6.xls,SHaRED,12624,NA,NA,NA,NA,-25.550001401957275,125.29721833570987,ok,NA
1367,unknown,NA,Rat Midden Distn MasterList6.xls,SHaRED,12625,NA,NA,NA,NA,-25.247227329824295,125.54999282574879,ok,NA
1368,unknown,NA,Rat Midden Distn MasterList6.xls,SHaRED,12626,NA,NA,NA,NA,-25.772228340572386,125.93054814769393,ok,NA
1369,unknown,NA,Rat Midden Distn MasterList6.xls,SHaRED,12627,NA,NA,NA,NA,-25.75000436932494,126.19999008634227,ok,NA
1370,unknown,NA,Rat Midden Distn MasterList6.xls,SHaRED,12628,NA,NA,NA,NA,-26.961112555242494,125.41555376724865,ok,NA
1371,unknown,NA,Rat Midden Distn MasterList6.xls,SHaRED,12629,NA,NA,NA,NA,-26.8500071057902,125.6666570788952,ok,NA
1372,unknown,NA,Rat Midden Distn MasterList6.xls,SHaRED,12630,NA,NA,NA,NA,-25.800006733827765,127.39999046266061,ok,NA
1373,unknown,NA,Rat Midden Distn MasterList6.xls,SHaRED,12631,NA,NA,NA,NA,-26.516670009519153,126.01666007319861,ok,NA
1374,unknown,NA,Rat Midden Distn MasterList6.xls,SHaRED,12632,NA,NA,NA,NA,-27.00000124550322,126.29165677112783,ok,NA
1375,unknown,NA,Rat Midden Distn MasterList6.xls,SHaRED,12633,NA,NA,NA,NA,-26.831950495181164,126.38055490359483,ok,NA
1376,unknown,NA,Rat Midden Distn MasterList6.xls,SHaRED,12634,NA,NA,NA,NA,-27.166672639859293,126.48332694917048,ok,NA
1377,unknown,NA,Rat Midden Distn MasterList6.xls,SHaRED,12635,NA,NA,NA,NA,-27.050003408329328,126.36665913208772,ok,NA
1378,unknown,NA,Rat Midden Distn MasterList6.xls,SHaRED,12636,NA,NA,NA,NA,-26.758333987917265,126.44999352967021,ok,NA
1379,unknown,NA,Rat Midden Distn MasterList6.xls,SHaRED,12637,NA,NA,NA,NA,-26.66667311802304,126.46665954275694,ok,NA
1380,unknown,NA,Rat Midden Distn MasterList6.xls,SHaRED,12638,NA,NA,NA,NA,-25.891671,133.899998,ok,NA
1381,unknown,NA,Rat Midden Distn MasterList6.xls,SHaRED,12639,NA,NA,NA,NA,-25.883337,133.949992,ok,NA
1382,unknown,NA,Rat Midden Distn MasterList6.xls,SHaRED,12640,NA,NA,NA,NA,-25.958336,134.074993,ok,NA
1383,unknown,NA,Rat Midden Distn MasterList6.xls,SHaRED,12642,NA,NA,NA,NA,-32.716669,140.199999,ok,NA
1384,Leporillus apicalis,NA,Rat Midden Distn MasterList6.xls,SHaRED,12644,NA,NA,NA,NA,-31.500003674349536,129.9166599394264,ok,NA
1385,Leporillus conditor,NA,Rat Midden Distn MasterList6.xls,SHaRED,12645,NA,NA,NA,NA,-31.500003674349536,129.9166599394264,ok,NA
1386,Leporillus conditor,NA,Rat Midden Distn MasterList6.xls,SHaRED,12646,NA,NA,NA,NA,-31.400003850662603,129.83332690118078,ok,NA
1387,unknown,NA,Rat Midden Distn MasterList6.xls,SHaRED,12647,NA,NA,NA,NA,-27.23333947293402,126.43332604726986,ok,NA
1388,unknown,NA,Rat Midden Distn MasterList6.xls,SHaRED,12648,NA,NA,NA,NA,-27.06666723691628,126.41666396185445,ok,NA
1389,unknown,NA,Rat Midden Distn MasterList6.xls,SHaRED,12649,NA,NA,NA,NA,-27.100003909878268,125.61666569537789,ok,NA
1390,unknown,NA,Rat Midden Distn MasterList6.xls,SHaRED,12650,NA,NA,NA,NA,-28.30000836453808,126.08332714181746,ok,NA
1391,unknown,NA,Rat Midden Distn MasterList6.xls,SHaRED,12651,NA,NA,NA,NA,-26.8500071057902,125.6666570788952,ok,NA
1392,unknown,NA,Rat Midden Distn MasterList6.xls,SHaRED,12652,NA,NA,NA,NA,-30.550001,138.416666,ok,NA
1393,unknown,NA,Rat Midden Distn MasterList6.xls,SHaRED,12653,NA,NA,NA,NA,-29.500005,137.499995,ok,NA
1394,unknown,NA,Rat Midden Distn MasterList6.xls,SHaRED,12654,NA,NA,NA,NA,-32.15,138.916662,ok,NA
1395,Leporillus conditor,NA,Rat Midden Distn MasterList6.xls,SHaRED,12655,NA,NA,NA,NA,-32.450007,133.649994,ok,NA
1396,unknown,NA,Rat Midden Distn MasterList6.xls,SHaRED,12656,NA,NA,NA,NA,-32.15,138.916662,ok,NA
1397,Leporillus conditor,NA,Rat Midden Distn MasterList6.xls,SHaRED,12657,NA,NA,NA,NA,-28.500004,136.999996,ok,NA
1398,Leporillus conditor,NA,Rat Midden Distn MasterList6.xls,SHaRED,12658,NA,NA,NA,NA,-30.96667,139.283329,ok,NA
1399,Leporillus apicalis,NA,Rat Midden Distn MasterList6.xls,SHaRED,12659,NA,NA,NA,NA,-30.96667,139.283329,ok,NA
1400,Leporillus conditor,NA,Rat Midden Distn MasterList6.xls,SHaRED,12660,NA,NA,NA,NA,-30.550001,138.416666,ok,NA
1401,Leporillus apicalis,NA,Rat Midden Distn MasterList6.xls,SHaRED,12661,NA,NA,NA,NA,-30.583334,138.366661,ok,NA
1402,Leporillus conditor,NA,Rat Midden Distn MasterList6.xls,SHaRED,12662,NA,NA,NA,NA,-32.450004,133.666664,ok,NA
1403,Leporillus conditor,NA,Rat Midden Distn MasterList6.xls,SHaRED,12663,NA,NA,NA,NA,-32.450004,133.666664,ok,NA
1404,unknown,NA,Rat Midden Distn MasterList6.xls,SHaRED,12664,NA,NA,NA,NA,-26.216676,135.433328,ok,NA
1405,unknown,NA,Rat Midden Distn MasterList6.xls,SHaRED,12665,NA,NA,NA,NA,-31.294446991551716,131.07222127231648,ok,NA
1406,unknown,NA,Rat Midden Distn MasterList6.xls,SHaRED,12666,NA,NA,NA,NA,-31.027786226829548,131.38333078643194,ok,NA
1407,unknown,NA,Rat Midden Distn MasterList6.xls,SHaRED,12667,NA,NA,NA,NA,-31.366672285473722,130.865269076707,ok,NA
1408,unknown,NA,Rat Midden Distn MasterList6.xls,SHaRED,12668,NA,NA,NA,NA,-31.32222724663436,130.71665976135665,ok,NA
1409,unknown,NA,Rat Midden Distn MasterList6.xls,SHaRED,12669,NA,NA,NA,NA,-31.20277863699061,130.7416592544103,ok,NA
1410,unknown,NA,Rat Midden Distn MasterList6.xls,SHaRED,12670,NA,NA,NA,NA,-31.155558249132323,131.04721791516886,ok,NA
1411,unknown,NA,Rat Midden Distn MasterList6.xls,SHaRED,12671,NA,NA,NA,NA,-31.033342176843497,131.3833330543222,ok,NA
1412,unknown,NA,Rat Midden Distn MasterList6.xls,SHaRED,12672,NA,NA,NA,NA,-31.248612038045145,131.037496136968,ok,NA
1413,unknown,NA,Rat Midden Distn MasterList6.xls,SHaRED,12673,NA,NA,NA,NA,-25.05000248417204,125.58332539322357,ok,NA
1414,Leporillus apicalis,NA,Rat Midden Distn MasterList6.xls,SHaRED,12674,NA,NA,NA,NA,-30.86667,132.166661,ok,NA
1415,unknown,NA,Rat Midden Distn MasterList6.xls,SHaRED,12675,NA,NA,NA,NA,-32.083338,138.066658,ok,NA
1416,unknown,NA,Rat Midden Distn MasterList6.xls,SHaRED,12676,NA,NA,NA,NA,-32.15,138.916662,ok,NA
1417,Leporillus conditor,NA,Rat Midden Distn MasterList6.xls,SHaRED,12677,NA,NA,NA,NA,-29.750005231182612,129.24999737521688,ok,NA
1418,Leporillus apicalis,NA,Rat Midden Distn MasterList6.xls,SHaRED,12678,NA,NA,NA,NA,-32.216670195722415,125.88332589087337,ok,NA
1419,Leporillus conditor,NA,Rat Midden Distn MasterList6.xls,SHaRED,12679,NA,NA,NA,NA,-32.216670195722415,125.88332589087337,ok,NA
1420,unknown,NA,Rat Midden Distn MasterList6.xls,SHaRED,12680,NA,NA,NA,NA,-28.75000234381601,128.96666111051076,ok,NA
1421,unknown,NA,Rat Midden Distn MasterList6.xls,SHaRED,12681,NA,NA,NA,NA,-26.783336069980294,125.94999782674233,ok,NA
1422,unknown,NA,Rat Midden Distn MasterList6.xls,SHaRED,12682,NA,NA,NA,NA,-26.600004453533963,126.53332732470653,ok,NA
1423,unknown,NA,Rat Midden Distn MasterList6.xls,SHaRED,12683,NA,NA,NA,NA,-30.966673,139.266662,ok,NA
1424,Leporillus apicalis,NA,Rat Midden Distn MasterList6.xls,SHaRED,12684,NA,NA,NA,NA,-33.43334,136.16666,ok,NA
1425,unknown,NA,Rat Midden Distn MasterList6.xls,SHaRED,12685,NA,NA,NA,NA,-33.033341,137.166664,ok,NA
1426,unknown,NA,Rat Midden Distn MasterList6.xls,SHaRED,12686,NA,NA,NA,NA,-33.016667,137.166662,ok,NA
1427,unknown,NA,Rat Midden Distn MasterList6.xls,SHaRED,12687,NA,NA,NA,NA,-33.050006,137.166665,ok,NA
1428,Leporillus apicalis,NA,Rat Midden Distn MasterList6.xls,SHaRED,12688,NA,NA,NA,NA,-34.183342,142.166664,ok,NA
1429,Leporillus conditor,NA,Rat Midden Distn MasterList6.xls,SHaRED,12689,NA,NA,NA,NA,-30.25000357260447,131.24999292928266,ok,NA
1430,Leporillus conditor,NA,Rat Midden Distn MasterList6.xls,SHaRED,12690,NA,NA,NA,NA,-30.450002674936943,131.6666589552267,ok,NA
1431,Leporillus conditor,NA,Rat Midden Distn MasterList6.xls,SHaRED,12691,NA,NA,NA,NA,-30.450002674936943,131.6666589552267,ok,NA
1432,Leporillus conditor,NA,Rat Midden Distn MasterList6.xls,SHaRED,12692,NA,NA,NA,NA,-30.583341422105857,131.24999365145518,ok,NA
1433,Leporillus conditor,NA,Rat Midden Distn MasterList6.xls,SHaRED,12693,NA,NA,NA,NA,-30.583341422105857,131.24999365145518,ok,NA
1434,unknown,NA,Rat Midden Distn MasterList6.xls,SHaRED,12694,NA,NA,NA,NA,-32.050002,140.166662,ok,NA
1435,Leporillus apicalis,NA,Rat Midden Distn MasterList6.xls,SHaRED,12695,NA,NA,NA,NA,-31.650000943509845,127.43332620260664,ok,NA
1436,Leporillus conditor,NA,Rat Midden Distn MasterList6.xls,SHaRED,12696,NA,NA,NA,NA,-31.650000943509845,127.43332620260664,ok,NA
1437,unknown,NA,Rat Midden Distn MasterList6.xls,SHaRED,12697,NA,NA,NA,NA,-28.166669,134.083327,ok,NA
1438,unknown,NA,Rat Midden Distn MasterList6.xls,SHaRED,12698,NA,NA,NA,NA,-28.200007,134.266666,ok,NA
1439,Leporillus conditor,NA,Rat Midden Distn MasterList6.xls,SHaRED,12699,NA,NA,NA,NA,-30.583341422105857,131.24999365145518,ok,NA
1440,Leporillus apicalis,NA,Rat Midden Distn MasterList6.xls,SHaRED,12700,NA,NA,NA,NA,-26.616672857216347,130.6666632161866,ok,NA
1441,unknown,NA,Rat Midden Distn MasterList6.xls,SHaRED,12701,NA,NA,NA,NA,-28.200007,134.266666,ok,NA
1442,unknown,NA,Rat Midden Distn MasterList6.xls,SHaRED,12702,NA,NA,NA,NA,-29.433342,134.749999,ok,NA
1443,unknown,NA,Rat Midden Distn MasterList6.xls,SHaRED,12704,NA,NA,NA,NA,-26.050008780811122,125.96666280727479,ok,NA
1444,unknown,NA,Rat Midden Distn MasterList6.xls,SHaRED,12705,NA,NA,NA,NA,-32.750001,137.433331,ok,NA
1445,unknown,NA,Rat Midden Distn MasterList6.xls,SHaRED,12706,NA,NA,NA,NA,-27.666671,135.999994,ok,NA
1446,unknown,NA,Rat Midden Distn MasterList6.xls,SHaRED,12707,NA,NA,NA,NA,-28.533334,134.333332,ok,NA
1447,Leporillus conditor,NA,Rat Midden Distn MasterList6.xls,SHaRED,12708,NA,NA,NA,NA,-31.0666729123387,125.33332500009357,ok,NA
1448,unknown,NA,Rat Midden Distn MasterList6.xls,SHaRED,12709,NA,NA,NA,NA,-34.583336,135.833325,ok,NA
1449,unknown,NA,Rat Midden Distn MasterList6.xls,SHaRED,12710,NA,NA,NA,NA,-32.450008,140.916663,ok,NA
1450,unknown,NA,Rat Midden Distn MasterList6.xls,SHaRED,12711,NA,NA,NA,NA,-31.01666811270874,125.3333303540751,ok,NA
1451,Leporillus conditor,NA,Rat Midden Distn MasterList6.xls,SHaRED,12712,NA,NA,NA,NA,-32.033337926136866,126.18332362765844,ok,NA
1452,Leporillus apicalis,NA,Rat Midden Distn MasterList6.xls,SHaRED,12713,NA,NA,NA,NA,-32.06667451851645,126.03332882986672,ok,NA
1453,Leporillus conditor,NA,Rat Midden Distn MasterList6.xls,SHaRED,12714,NA,NA,NA,NA,-32.06667451851645,126.03332882986672,ok,NA
1454,Leporillus apicalis,NA,Rat Midden Distn MasterList6.xls,SHaRED,12715,NA,NA,NA,NA,-32.10000006282898,126.18333304260975,ok,NA
1455,Leporillus apicalis,NA,Rat Midden Distn MasterList6.xls,SHaRED,12716,NA,NA,NA,NA,-31.766669713229184,127.79999638903517,ok,NA
1456,Leporillus conditor,NA,Rat Midden Distn MasterList6.xls,SHaRED,12717,NA,NA,NA,NA,-31.766669713229184,127.79999638903517,ok,NA
1457,Leporillus apicalis,NA,Rat Midden Distn MasterList6.xls,SHaRED,12718,NA,NA,NA,NA,-31.83333477294163,127.71666062389029,ok,NA
1458,Leporillus conditor,NA,Rat Midden Distn MasterList6.xls,SHaRED,12719,NA,NA,NA,NA,-31.83333477294163,127.71666062389029,ok,NA
1459,Leporillus conditor,NA,Rat Midden Distn MasterList6.xls,SHaRED,12720,NA,NA,NA,NA,-31.033333942613755,126.79999323297812,ok,NA
1460,Leporillus apicalis,NA,Rat Midden Distn MasterList6.xls,SHaRED,12721,NA,NA,NA,NA,-31.650000943509845,127.43332620260664,ok,NA
1461,Leporillus conditor,NA,Rat Midden Distn MasterList6.xls,SHaRED,12722,NA,NA,NA,NA,-31.650000943509845,127.43332620260664,ok,NA
1462,Leporillus apicalis,NA,Rat Midden Distn MasterList6.xls,SHaRED,12723,NA,NA,NA,NA,-31.583339143492136,127.01666054318713,ok,NA
1463,Leporillus conditor,NA,Rat Midden Distn MasterList6.xls,SHaRED,12724,NA,NA,NA,NA,-31.75000723288207,127.01666131600247,ok,NA
1464,Leporillus apicalis,NA,Rat Midden Distn MasterList6.xls,SHaRED,12725,NA,NA,NA,NA,-31.85000768465489,126.73332634405332,ok,NA
1465,Leporillus conditor,NA,Rat Midden Distn MasterList6.xls,SHaRED,12726,NA,NA,NA,NA,-31.85000768465489,126.73332634405332,ok,NA
1466,Leporillus apicalis,NA,Rat Midden Distn MasterList6.xls,SHaRED,12727,NA,NA,NA,NA,-31.966673172226823,127.03332457729357,ok,NA
1467,Leporillus conditor,NA,Rat Midden Distn MasterList6.xls,SHaRED,12728,NA,NA,NA,NA,-31.966673172226823,127.03332457729357,ok,NA
1468,unknown,NA,Rat Midden Distn MasterList6.xls,SHaRED,12729,NA,NA,NA,NA,-34.225009,140.383332,ok,NA
1469,unknown,NA,Rat Midden Distn MasterList6.xls,SHaRED,12730,NA,NA,NA,NA,-26.450008358447572,130.44999821321514,ok,NA
1470,unknown,NA,Rat Midden Distn MasterList6.xls,SHaRED,12731,NA,NA,NA,NA,-30.566667,139.149994,ok,NA
1471,unknown,NA,Rat Midden Distn MasterList6.xls,SHaRED,12732,NA,NA,NA,NA,-26.200005,134.249993,ok,NA
1472,Leporillus conditor,NA,Rat Midden Distn MasterList6.xls,SHaRED,12733,NA,NA,NA,NA,-34.516667,136.266658,ok,NA
1473,unknown,NA,Rat Midden Distn MasterList6.xls,SHaRED,12734,NA,NA,NA,NA,-26.183335833102536,127.43333074617051,ok,NA
1474,unknown,NA,Rat Midden Distn MasterList6.xls,SHaRED,12735,NA,NA,NA,NA,-31.500006,138.833325,ok,NA
1475,Leporillus conditor,NA,Rat Midden Distn MasterList6.xls,SHaRED,12736,NA,NA,NA,NA,-30.450002674936943,131.6666589552267,ok,NA
1476,unknown,NA,Rat Midden Distn MasterList6.xls,SHaRED,12737,NA,NA,NA,NA,-31.500002,138.749996,ok,NA
1477,Leporillus apicalis,NA,Rat Midden Distn MasterList6.xls,SHaRED,12738,NA,NA,NA,NA,-31.966669920192786,125.91666592057311,ok,NA
1478,Leporillus conditor,NA,Rat Midden Distn MasterList6.xls,SHaRED,12739,NA,NA,NA,NA,-31.966669920192786,125.91666592057311,ok,NA
1479,Leporillus conditor,NA,Rat Midden Distn MasterList6.xls,SHaRED,12740,NA,NA,NA,NA,-31.983339645420322,126.49998998843144,ok,NA
1480,Leporillus conditor,NA,Rat Midden Distn MasterList6.xls,SHaRED,12741,NA,NA,NA,NA,-31.566674443270795,127.2333316265471,ok,NA
1481,Leporillus conditor,NA,Rat Midden Distn MasterList6.xls,SHaRED,12742,NA,NA,NA,NA,-30.96666676163356,127.06665795023805,ok,NA
1482,Leporillus apicalis,NA,Rat Midden Distn MasterList6.xls,SHaRED,12743,NA,NA,NA,NA,-31.66667334257992,128.48332416590603,ok,NA
1483,Leporillus conditor,NA,Rat Midden Distn MasterList6.xls,SHaRED,12744,NA,NA,NA,NA,-31.66667334257992,128.48332416590603,ok,NA
1484,Leporillus conditor,NA,Rat Midden Distn MasterList6.xls,SHaRED,12745,NA,NA,NA,NA,-31.433338723018377,127.86665757613356,ok,NA
1485,Leporillus conditor,NA,Rat Midden Distn MasterList6.xls,SHaRED,12746,NA,NA,NA,NA,-31.250001740621826,128.48332778339648,ok,NA
1486,Leporillus apicalis,NA,Rat Midden Distn MasterList6.xls,SHaRED,12747,NA,NA,NA,NA,-31.433337192970523,127.18333042201293,ok,NA
1487,Leporillus conditor,NA,Rat Midden Distn MasterList6.xls,SHaRED,12748,NA,NA,NA,NA,-31.433337192970523,127.18333042201293,ok,NA
1488,Leporillus apicalis,NA,Rat Midden Distn MasterList6.xls,SHaRED,12750,NA,NA,NA,NA,-31.68334080590647,127.7166611687803,ok,NA
1489,Leporillus conditor,NA,Rat Midden Distn MasterList6.xls,SHaRED,12751,NA,NA,NA,NA,-31.68334080590647,127.7166611687803,ok,NA
1490,Leporillus conditor,NA,Rat Midden Distn MasterList6.xls,SHaRED,12752,NA,NA,NA,NA,-31.400005043494403,128.58333146886292,ok,NA
1491,Leporillus apicalis,NA,Rat Midden Distn MasterList6.xls,SHaRED,12753,NA,NA,NA,NA,-31.716673600125294,128.4833320230659,ok,NA
1492,Leporillus conditor,NA,Rat Midden Distn MasterList6.xls,SHaRED,12754,NA,NA,NA,NA,-31.716673600125294,128.4833320230659,ok,NA
1493,Leporillus apicalis,NA,Rat Midden Distn MasterList6.xls,SHaRED,12755,NA,NA,NA,NA,-31.70000087647003,128.48332947992145,ok,NA
1494,Leporillus conditor,NA,Rat Midden Distn MasterList6.xls,SHaRED,12756,NA,NA,NA,NA,-31.70000087647003,128.48332947992145,ok,NA
1495,Leporillus apicalis,NA,Rat Midden Distn MasterList6.xls,SHaRED,12757,NA,NA,NA,NA,-31.533337490179314,129.0999989719857,ok,NA
1496,Leporillus conditor,NA,Rat Midden Distn MasterList6.xls,SHaRED,12758,NA,NA,NA,NA,-31.533337490179314,129.0999989719857,ok,NA
1497,Leporillus apicalis,NA,Rat Midden Distn MasterList6.xls,SHaRED,12759,NA,NA,NA,NA,-31.6833415280554,129.03333021296604,ok,NA
1498,Leporillus conditor,NA,Rat Midden Distn MasterList6.xls,SHaRED,12760,NA,NA,NA,NA,-31.6833415280554,129.03333021296604,ok,NA
1499,Leporillus conditor,NA,Rat Midden Distn MasterList6.xls,SHaRED,12761,NA,NA,NA,NA,-31.166670780983626,127.94999560222529,ok,NA
1500,Leporillus apicalis,NA,Rat Midden Distn MasterList6.xls,SHaRED,12762,NA,NA,NA,NA,-31.06667499248358,128.7499896797507,ok,NA
1501,Leporillus conditor,NA,Rat Midden Distn MasterList6.xls,SHaRED,12763,NA,NA,NA,NA,-31.06667499248358,128.7499896797507,ok,NA
1502,Leporillus conditor,NA,Rat Midden Distn MasterList6.xls,SHaRED,12764,NA,NA,NA,NA,-31.716673802217635,127.23333085592573,ok,NA
1503,Leporillus conditor,NA,Rat Midden Distn MasterList6.xls,SHaRED,12765,NA,NA,NA,NA,-31.6666743406835,127.23332893757382,ok,NA
1504,Leporillus conditor,NA,Rat Midden Distn MasterList6.xls,SHaRED,12766,NA,NA,NA,NA,-30.583341422105857,131.24999365145518,ok,NA
1505,Leporillus conditor,NA,Rat Midden Distn MasterList6.xls,SHaRED,12767,NA,NA,NA,NA,-30.550008029157617,130.9666616962959,ok,NA
1506,Leporillus apicalis,NA,Rat Midden Distn MasterList6.xls,SHaRED,12768,NA,NA,NA,NA,-31.775005300990752,127.79999437308508,ok,NA
1507,Leporillus conditor,NA,Rat Midden Distn MasterList6.xls,SHaRED,12769,NA,NA,NA,NA,-31.775005300990752,127.79999437308508,ok,NA
1508,Leporillus apicalis,NA,Rat Midden Distn MasterList6.xls,SHaRED,12781,NA,NA,NA,NA,-31.766669713229184,127.79999638903517,ok,NA
1509,Leporillus conditor,NA,Rat Midden Distn MasterList6.xls,SHaRED,12782,NA,NA,NA,NA,-31.766669713229184,127.79999638903517,ok,NA
1510,Leporillus apicalis,NA,Rat Midden Distn MasterList6.xls,SHaRED,12783,NA,NA,NA,NA,-31.650000531334182,128.48333204168273,ok,NA
1511,Leporillus conditor,NA,Rat Midden Distn MasterList6.xls,SHaRED,12784,NA,NA,NA,NA,-31.650000531334182,128.48333204168273,ok,NA
1512,Leporillus apicalis,NA,Rat Midden Distn MasterList6.xls,SHaRED,12785,NA,NA,NA,NA,-31.983341211053684,127.03332876663272,ok,NA
1513,Leporillus conditor,NA,Rat Midden Distn MasterList6.xls,SHaRED,12786,NA,NA,NA,NA,-31.983341211053684,127.03332876663272,ok,NA
1514,Leporillus conditor,NA,Rat Midden Distn MasterList6.xls,SHaRED,12787,NA,NA,NA,NA,-31.983336964763954,125.86665715174163,ok,NA
1515,Leporillus apicalis,NA,Rat Midden Distn MasterList6.xls,SHaRED,12788,NA,NA,NA,NA,-32.050003190943805,126.03332736910907,ok,NA
1516,Leporillus conditor,NA,Rat Midden Distn MasterList6.xls,SHaRED,12789,NA,NA,NA,NA,-32.050003190943805,126.03332736910907,ok,NA
1517,unknown,NA,Rat Midden Distn MasterList6.xls,SHaRED,12872,NA,NA,NA,NA,-33.200002,137.099991,ok,NA
1518,Leporillus conditor,NA,Rat Midden Distn MasterList6.xls,SHaRED,12873,NA,NA,NA,NA,-30.46666995572023,131.66666552269083,ok,NA
1519,Leporillus conditor,NA,Rat Midden Distn MasterList6.xls,SHaRED,12999,NA,NA,NA,NA,-32.450004,133.666664,ok,NA
1520,Leporillus apicalis,NA,Rat Midden Distn MasterList6.xls,SHaRED,13233,NA,NA,NA,NA,-25.76666837551978,125.93333106124335,ok,NA
1521,Leporillus apicalis,NA,Rat Midden Distn MasterList6.xls,SHaRED,13234,NA,NA,NA,NA,-26.51667508761381,126.03332701761936,ok,NA
1522,Leporillus apicalis,NA,Rat Midden Distn MasterList6.xls,SHaRED,13235,NA,NA,NA,NA,-26.60000359388658,125.86666517263507,ok,NA
1523,Leporillus apicalis,NA,Rat Midden Distn MasterList6.xls,SHaRED,13236,NA,NA,NA,NA,-26.700005847136644,126.44999835605805,ok,NA
1524,Leporillus apicalis,NA,Rat Midden Distn MasterList6.xls,SHaRED,13237,NA,NA,NA,NA,-27.200001860053746,126.46666461463113,ok,NA
1525,Leporillus conditor,NA,Rat Midden Distn MasterList6.xls,SHaRED,13238,NA,NA,NA,NA,-30.4833381018487,128.6666614310417,ok,NA
1526,Leporillus conditor,NA,Rat Midden Distn MasterList6.xls,SHaRED,18472,NA,NA,NA,NA,-30.258891,138.375625,ok,NA
1527,Leporillus conditor,NA,Rat Midden Distn MasterList6.xls,SHaRED,18497,NA,NA,NA,NA,-29.389539,138.782484,ok,NA
1528,Leporillus apicalis,NA,Rat Midden Distn MasterList6.xls,SHaRED,105480,NA,NA,NA,NA,-26.893581422014282,129.93292427739746,ok,NA
1529,unknown,NA,Rat Midden Distn MasterList6.xls,SHaRED,107226,NA,NA,NA,NA,-29.392107,138.774186,ok,NA
1530,unknown,NA,Rat Midden Distn MasterList6.xls,SHaRED,107232,NA,NA,NA,NA,-27.38725,134.51949,ok,NA
1531,unknown,NA,Rat Midden Distn MasterList6.xls,SHaRED,113906,NA,NA,NA,NA,-30.340722,138.819529,ok,NA
1532,Leporillus conditor,NA,Rat Midden Distn MasterList6.xls,SHaRED,114192,NA,NA,NA,NA,-30.174112,139.27307,ok,NA
1533,unknown,NA,Rat Midden Distn MasterList6.xls,SHaRED,114227,NA,NA,NA,NA,-30.175476,139.273877,ok,NA
1534,Leporillus conditor,NA,Rat Midden Distn MasterList6.xls,SHaRED,114484,NA,NA,NA,NA,-31.104991,138.903465,ok,NA
1535,unknown,NA,Rat Midden Distn MasterList6.xls,SHaRED,"Nelson et al (1990) ,",NA,NA,NA,NA,-24,133,ok,NA
1536,unknown,NA,Rat Midden Distn MasterList6.xls,SHaRED,"Nelson et al (1990) ,",NA,NA,NA,NA,-24,133,ok,NA
1537,unknown,NA,Rat Midden Distn MasterList6.xls,SHaRED,M0236,NA,NA,NA,NA,-30.5,119.66666666666667,ok,NA
1538,unknown,NA,Rat Midden Distn MasterList6.xls,SHaRED,CRA9,NA,NA,NA,NA,-23.5,134.5,ok,NA
1539,unknown,NA,Rat Midden Distn MasterList6.xls,SHaRED,Berry (1993),NA,NA,NA,NA,-24.316666666666666,131.68333333333334,ok,NA
1540,unknown,NA,Rat Midden Distn MasterList6.xls,SHaRED,Berry (1993),NA,NA,NA,NA,-24.316666666666666,131.68333333333334,ok,NA
1541,unknown,NA,Rat Midden Distn MasterList6.xls,SHaRED,M0505,NA,NA,NA,NA,-25.05,124.98333333333333,ok,NA
1542,unknown,NA,Rat Midden Distn MasterList6.xls,SHaRED,M05170b,NA,NA,NA,NA,-25.05,124.98333333333333,ok,NA
1543,Leporillus apicalis,NA,Rat Midden Distn MasterList6.xls,SHaRED,Baynes2002,NA,NA,NA,NA,-26.4,113.3,ok,NA
1544,Leporillus apicalis,NA,Rat Midden Distn MasterList6.xls,SHaRED,Baynes2002,NA,NA,NA,NA,-24.117,113.433,ok,NA
1545,Leporillus apicalis,NA,Rat Midden Distn MasterList6.xls,SHaRED,Baynes2002,NA,NA,NA,NA,-25.633,113.583,ok,NA
1546,Leporillus apicalis,NA,Rat Midden Distn MasterList6.xls,SHaRED,Baynes2002,NA,NA,NA,NA,-26.6,113.683,ok,NA
1547,Leporillus apicalis,NA,Rat Midden Distn MasterList6.xls,SHaRED,Baynes2002,NA,NA,NA,NA,-23.117,113.8,ok,NA
1548,Leporillus apicalis,NA,Rat Midden Distn MasterList6.xls,SHaRED,Baynes2002,NA,NA,NA,NA,-22.2,113.983,ok,NA
1549,Leporillus apicalis,NA,Rat Midden Distn MasterList6.xls,SHaRED,Baynes2002,NA,NA,NA,NA,-22.183,113.983,ok,NA
1550,Leporillus apicalis,NA,Rat Midden Distn MasterList6.xls,SHaRED,Baynes2002,NA,NA,NA,NA,-22.217,114,ok,NA
1551,Leporillus apicalis,NA,Rat Midden Distn MasterList6.xls,SHaRED,Baynes2002,NA,NA,NA,NA,-22.133,114,ok,NA
1552,Leporillus apicalis,NA,Rat Midden Distn MasterList6.xls,SHaRED,Baynes2002,NA,NA,NA,NA,-22.017,114.033,ok,NA
1553,Leporillus apicalis,NA,Rat Midden Distn MasterList6.xls,SHaRED,Baynes2002,NA,NA,NA,NA,-25.983,114.283,ok,NA
1554,Leporillus apicalis,NA,Rat Midden Distn MasterList6.xls,SHaRED,Baynes2002,NA,NA,NA,NA,-25.35,115.15,ok,NA
1555,Leporillus apicalis,NA,Rat Midden Distn MasterList6.xls,SHaRED,Baynes2002,NA,NA,NA,NA,-24.75,115.35,ok,NA
1556,Leporillus apicalis,NA,Rat Midden Distn MasterList6.xls,SHaRED,Baynes2002,NA,NA,NA,NA,-29.083,115.583,ok,NA
1557,Leporillus apicalis,NA,Rat Midden Distn MasterList6.xls,SHaRED,Baynes2002,NA,NA,NA,NA,-28.117,115.617,ok,NA
1558,Leporillus apicalis,NA,Rat Midden Distn MasterList6.xls,SHaRED,Baynes2002,NA,NA,NA,NA,-27.467,116.283,ok,NA
1559,Leporillus apicalis,NA,Rat Midden Distn MasterList6.xls,SHaRED,Baynes2002,NA,NA,NA,NA,-29.2,116.767,ok,NA
1560,Leporillus apicalis,NA,Rat Midden Distn MasterList6.xls,SHaRED,Baynes2002,NA,NA,NA,NA,-23.567,117.15,ok,NA
1561,Leporillus apicalis,NA,Rat Midden Distn MasterList6.xls,SHaRED,Baynes2002,NA,NA,NA,NA,-28.133,117.183,ok,NA
1562,Leporillus apicalis,NA,Rat Midden Distn MasterList6.xls,SHaRED,Baynes2002,NA,NA,NA,NA,-29.567,117.25,ok,NA
1563,Leporillus apicalis,NA,Rat Midden Distn MasterList6.xls,SHaRED,Baynes2002,NA,NA,NA,NA,-26.917,117.7,ok,NA
1564,Leporillus apicalis,NA,Rat Midden Distn MasterList6.xls,SHaRED,Baynes2002,NA,NA,NA,NA,-25.067,117.75,ok,NA
1565,Leporillus apicalis,NA,Rat Midden Distn MasterList6.xls,SHaRED,Baynes2002,NA,NA,NA,NA,-28.55,117.817,ok,NA
1566,Leporillus apicalis,NA,Rat Midden Distn MasterList6.xls,SHaRED,Baynes2002,NA,NA,NA,NA,-24.05,117.917,ok,NA
1567,Leporillus apicalis,NA,Rat Midden Distn MasterList6.xls,SHaRED,Baynes2002,NA,NA,NA,NA,-29.367,119.367,ok,NA
1568,Leporillus apicalis,NA,Rat Midden Distn MasterList6.xls,SHaRED,Baynes2002,NA,NA,NA,NA,-23.967,119.433,ok,NA
1569,Leporillus apicalis,NA,Rat Midden Distn MasterList6.xls,SHaRED,Baynes2002,NA,NA,NA,NA,-27.05,119.933,ok,NA
1570,Leporillus apicalis,NA,Rat Midden Distn MasterList6.xls,SHaRED,Baynes2002,NA,NA,NA,NA,-28.117,120.3,ok,NA
1571,Leporillus apicalis,NA,Rat Midden Distn MasterList6.xls,SHaRED,Baynes2002,NA,NA,NA,NA,-30.083,120.533,ok,NA
1572,Leporillus apicalis,NA,Rat Midden Distn MasterList6.xls,SHaRED,Baynes2002,NA,NA,NA,NA,-26.417,121.05,ok,NA
1573,Leporillus apicalis,NA,Rat Midden Distn MasterList6.xls,SHaRED,Baynes2002,NA,NA,NA,NA,-29.517,121.633,ok,NA
1574,Leporillus apicalis,NA,Rat Midden Distn MasterList6.xls,SHaRED,Baynes2002,NA,NA,NA,NA,-30.083,122.817,ok,NA
1575,Leporillus apicalis,NA,Rat Midden Distn MasterList6.xls,SHaRED,Baynes2002,NA,NA,NA,NA,-25.433,124.433,ok,NA
1576,Leporillus apicalis,NA,Rat Midden Distn MasterList6.xls,SHaRED,Baynes2002,NA,NA,NA,NA,-25.033,124.983,ok,NA
1577,Leporillus apicalis,NA,Rat Midden Distn MasterList6.xls,SHaRED,Baynes2002,NA,NA,NA,NA,-26.6,125.867,ok,NA
1578,Leporillus apicalis,NA,Rat Midden Distn MasterList6.xls,SHaRED,Baynes2002,NA,NA,NA,NA,-25.767,125.933,ok,NA
1579,Leporillus apicalis,NA,Rat Midden Distn MasterList6.xls,SHaRED,Baynes2002,NA,NA,NA,NA,-26.517,126.033,ok,NA
1580,Leporillus apicalis,NA,Rat Midden Distn MasterList6.xls,SHaRED,Baynes2002,NA,NA,NA,NA,-26.7,126.45,ok,NA
1581,Leporillus apicalis,NA,Rat Midden Distn MasterList6.xls,SHaRED,Baynes2002,NA,NA,NA,NA,-27.2,126.467,ok,NA
1582,Leporillus conditor,NA,Rat Midden Distn MasterList6.xls,SHaRED,Baynes2002,NA,NA,NA,NA,-25.75,112.95,ok,NA
1583,Leporillus conditor,NA,Rat Midden Distn MasterList6.xls,SHaRED,Baynes2002,NA,NA,NA,NA,-25.967,113.1,ok,NA
1584,Leporillus conditor,NA,Rat Midden Distn MasterList6.xls,SHaRED,Baynes2002,NA,NA,NA,NA,-26.4,113.3,ok,NA
1585,Leporillus conditor,NA,Rat Midden Distn MasterList6.xls,SHaRED,Baynes2002,NA,NA,NA,NA,-24.117,113.433,ok,NA
1586,Leporillus conditor,NA,Rat Midden Distn MasterList6.xls,SHaRED,Baynes2002,NA,NA,NA,NA,-25.633,113.583,ok,NA
1587,Leporillus conditor,NA,Rat Midden Distn MasterList6.xls,SHaRED,Baynes2002,NA,NA,NA,NA,-26.6,113.683,ok,NA
1588,Leporillus conditor,NA,Rat Midden Distn MasterList6.xls,SHaRED,Baynes2002,NA,NA,NA,NA,-23.117,113.8,ok,NA
1589,Leporillus conditor,NA,Rat Midden Distn MasterList6.xls,SHaRED,Baynes2002,NA,NA,NA,NA,-27.833,114.1,ok,NA
1590,Leporillus conditor,NA,Rat Midden Distn MasterList6.xls,SHaRED,Baynes2002,NA,NA,NA,NA,-25.983,114.283,ok,NA
1591,Leporillus conditor,NA,Rat Midden Distn MasterList6.xls,SHaRED,Baynes2002,NA,NA,NA,NA,-28.117,115.617,ok,NA
1592,Leporillus conditor,NA,Rat Midden Distn MasterList6.xls,SHaRED,Baynes2002,NA,NA,NA,NA,-28.133,117.183,ok,NA
1593,Leporillus conditor,NA,Rat Midden Distn MasterList6.xls,SHaRED,Baynes2002,NA,NA,NA,NA,-26.917,117.7,ok,NA
1594,Leporillus conditor,NA,Rat Midden Distn MasterList6.xls,SHaRED,Baynes2002,NA,NA,NA,NA,-29.017,118.317,ok,NA
1595,Leporillus conditor,NA,Rat Midden Distn MasterList6.xls,SHaRED,Baynes2002,NA,NA,NA,NA,-29.367,119.367,ok,NA
1596,Leporillus conditor,NA,Rat Midden Distn MasterList6.xls,SHaRED,Baynes2002,NA,NA,NA,NA,-28.117,120.3,ok,NA
1597,Leporillus conditor,NA,Rat Midden Distn MasterList6.xls,SHaRED,Baynes2002,NA,NA,NA,NA,-30.9,121.317,ok,NA
1598,Leporillus conditor,NA,Rat Midden Distn MasterList6.xls,SHaRED,Baynes2002,NA,NA,NA,NA,-29.517,121.633,ok,NA
1599,Leporillus conditor,NA,Rat Midden Distn MasterList6.xls,SHaRED,Baynes2002,NA,NA,NA,NA,-30.483,128.667,ok,NA
1600,unknown,NA,Rat Midden Distn MasterList6.xls,SHaRED,M06,NA,NA,NA,NA,-25.05,124.98333333333333,ok,NA
1601,unknown,NA,Rat Midden Distn MasterList6.xls,SHaRED,M0652,NA,NA,NA,NA,-25.05,124.98333333333333,ok,NA
1602,unknown,NA,Rat Midden Distn MasterList6.xls,SHaRED,M07,NA,NA,NA,NA,-25.05,124.98333333333333,ok,NA
1603,unknown,NA,Rat Midden Distn MasterList6.xls,SHaRED,M07,NA,NA,NA,NA,-25.05,124.98333333333333,ok,NA
1604,unknown,NA,Rat Midden Distn MasterList6.xls,SHaRED,USA127,NA,NA,NA,NA,-25.83,134.19833333333332,ok,NA
1605,unknown,NA,Rat Midden Distn MasterList6.xls,SHaRED,USA131,NA,NA,NA,NA,-25.83,134.19833333333332,ok,NA
1606,unknown,NA,Rat Midden Distn MasterList6.xls,SHaRED,USA16,NA,NA,NA,NA,-25.83,134.19833333333332,ok,NA
1607,unknown,NA,Rat Midden Distn MasterList6.xls,SHaRED,USB10,NA,NA,NA,NA,-25.83,134.19833333333332,ok,NA
1608,unknown,NA,Rat Midden Distn MasterList6.xls,SHaRED,USA22,NA,NA,NA,NA,-25.83,134.19833333333332,ok,NA
1609,unknown,NA,Rat Midden Distn MasterList6.xls,SHaRED,USB11,NA,NA,NA,NA,-25.83,134.19833333333332,ok,NA
1610,unknown,NA,Rat Midden Distn MasterList6.xls,SHaRED,USB10,NA,NA,NA,NA,-25.83,134.19833333333332,ok,NA
1611,unknown,NA,Rat Midden Distn MasterList6.xls,SHaRED,USB13,NA,NA,NA,NA,-25.83,134.19833333333332,ok,NA
1612,unknown,NA,Rat Midden Distn MasterList6.xls,SHaRED,USC191,NA,NA,NA,NA,-25.83,134.19833333333332,ok,NA
1613,unknown,NA,Rat Midden Distn MasterList6.xls,SHaRED,USC31,NA,NA,NA,NA,-25.83,134.19833333333332,ok,NA
1614,unknown,NA,Rat Midden Distn MasterList6.xls,SHaRED,USC39,NA,NA,NA,NA,-25.83,134.19833333333332,ok,NA
1615,unknown,NA,Rat Midden Distn MasterList6.xls,SHaRED,USC89,NA,NA,NA,NA,-25.83,134.19833333333332,ok,NA
1616,unknown,NA,Rat Midden Distn MasterList6.xls,SHaRED,USC99,NA,NA,NA,NA,-25.83,134.19833333333332,ok,NA
1617,unknown,NA,Rat Midden Distn MasterList6.xls,SHaRED,USE72,NA,NA,NA,NA,-25.83,134.19833333333332,ok,NA
1618,unknown,NA,Rat Midden Distn MasterList6.xls,SHaRED,USF06,NA,NA,NA,NA,-25.83,134.19833333333332,ok,NA
1619,unknown,NA,Rat Midden Distn MasterList6.xls,SHaRED,USG22,NA,NA,NA,NA,-25.83,134.19833333333332,ok,NA
1620,unknown,NA,Rat Midden Distn MasterList6.xls,SHaRED,USI76,NA,NA,NA,NA,-25.83,134.19833333333332,ok,NA
1621,unknown,NA,Rat Midden Distn MasterList6.xls,SHaRED,USJ7,NA,NA,NA,NA,-25.83,134.19833333333332,ok,NA
1622,unknown,NA,Rat Midden Distn MasterList6.xls,SHaRED,USK14,NA,NA,NA,NA,-25.83,134.19833333333332,ok,NA
1623,unknown,NA,Rat Midden Distn MasterList6.xls,SHaRED,USL7,NA,NA,NA,NA,-25.83,134.19833333333332,ok,NA
1624,unknown,NA,Rat Midden Distn MasterList6.xls,SHaRED,USM40,NA,NA,NA,NA,-25.83,134.19833333333332,ok,NA
1625,unknown,NA,Rat Midden Distn MasterList6.xls,SHaRED,USN104,NA,NA,NA,NA,-25.83,134.19833333333332,ok,NA
1626,unknown,NA,Rat Midden Distn MasterList6.xls,SHaRED,USN138,NA,NA,NA,NA,-25.83,134.19833333333332,ok,NA
1627,unknown,NA,Rat Midden Distn MasterList6.xls,SHaRED,USN160,NA,NA,NA,NA,-25.83,134.19833333333332,ok,NA
1628,unknown,NA,Rat Midden Distn MasterList6.xls,SHaRED,USN279,NA,NA,NA,NA,-25.83,134.19833333333332,ok,NA
1629,unknown,NA,Rat Midden Distn MasterList6.xls,SHaRED,USN363,NA,NA,NA,NA,-25.83,134.19833333333332,ok,NA
1630,unknown,NA,Rat Midden Distn MasterList6.xls,SHaRED,CAA04,NA,NA,NA,NA,-26.15833333333333,127.91333333333334,ok,NA
1631,unknown,NA,Rat Midden Distn MasterList6.xls,SHaRED,GRD12,NA,NA,NA,NA,-26.953055555555554,133.4986111111111,ok,NA
1632,unknown,NA,Rat Midden Distn MasterList6.xls,SHaRED,CHA14,NA,NA,NA,NA,-27.885555555555555,134.31722222222223,ok,NA
1633,unknown,NA,Rat Midden Distn MasterList6.xls,SHaRED,CHA42,NA,NA,NA,NA,-27.885555555555555,134.31722222222223,ok,NA
1634,unknown,NA,Rat Midden Distn MasterList6.xls,SHaRED,CHB15,NA,NA,NA,NA,-27.885555555555555,134.31722222222223,ok,NA
1635,unknown,NA,Rat Midden Distn MasterList6.xls,SHaRED,CHB41,NA,NA,NA,NA,-27.885555555555555,134.31722222222223,ok,NA
1636,unknown,NA,Rat Midden Distn MasterList6.xls,SHaRED,CHC119,NA,NA,NA,NA,-27.885555555555555,134.31722222222223,ok,NA
1637,unknown,NA,Rat Midden Distn MasterList6.xls,SHaRED,CHC22,NA,NA,NA,NA,-27.885555555555555,134.31722222222223,ok,NA
1638,unknown,NA,Rat Midden Distn MasterList6.xls,SHaRED,Cole2000,NA,NA,NA,NA,-23.61664,134.33332,ok,NA
1639,unknown,NA,Rat Midden Distn MasterList6.xls,SHaRED,Cole2000,NA,NA,NA,NA,-23.2666,134.39998,ok,NA
1640,unknown,NA,Rat Midden Distn MasterList6.xls,SHaRED,Cole2000,NA,NA,NA,NA,-22,137.251667,ok,NA
1641,unknown,NA,Rat Midden Distn MasterList6.xls,SHaRED,Cole2000,NA,NA,NA,NA,-22.0044444444444,137.320556,ok,NA
1642,unknown,NA,Rat Midden Distn MasterList6.xls,SHaRED,CHC24,NA,NA,NA,NA,-27.885555555555555,134.31722222222223,ok,NA
1643,unknown,NA,Rat Midden Distn MasterList6.xls,SHaRED,CHC42,NA,NA,NA,NA,-27.885555555555555,134.31722222222223,ok,NA
1644,unknown,NA,Rat Midden Distn MasterList6.xls,SHaRED,CHD17,NA,NA,NA,NA,-27.885555555555555,134.31722222222223,ok,NA
1645,unknown,NA,Rat Midden Distn MasterList6.xls,SHaRED,CHD18,NA,NA,NA,NA,-27.885555555555555,134.31722222222223,ok,NA
1646,unknown,NA,Rat Midden Distn MasterList6.xls,SHaRED,PTA121A,NA,NA,NA,NA,-28.419722222222223,122.97694444444444,ok,NA
1647,unknown,NA,Rat Midden Distn MasterList6.xls,SHaRED,PTA234b,NA,NA,NA,NA,-28.419722222222223,122.97694444444444,ok,NA
1648,unknown,NA,Rat Midden Distn MasterList6.xls,SHaRED,HH1 base,NA,NA,NA,NA,-30.066666666666666,142.56666666666666,ok,NA
1649,unknown,NA,Rat Midden Distn MasterList6.xls,SHaRED,ARK1,NA,NA,NA,NA,-30.066666666666666,142.56666666666666,ok,NA
1650,unknown,NA,Rat Midden Distn MasterList6.xls,SHaRED,ARK1,NA,NA,NA,NA,-30.066666666666666,142.56666666666666,ok,NA
1651,unknown,NA,Rat Midden Distn MasterList6.xls,SHaRED,HH1 top,NA,NA,NA,NA,-30.066666666666666,142.56666666666666,ok,NA
1652,unknown,NA,Rat Midden Distn MasterList6.xls,SHaRED,NWCK 1,NA,NA,NA,NA,-30.066666666666666,142.56666666666666,ok,NA
1653,unknown,NA,Rat Midden Distn MasterList6.xls,SHaRED,NWCK 2,NA,NA,NA,NA,-30.066666666666666,142.56666666666666,ok,NA
1654,unknown,NA,Rat Midden Distn MasterList6.xls,SHaRED,OT1,NA,NA,NA,NA,-30.066666666666666,142.56666666666666,ok,NA
1655,unknown,NA,Rat Midden Distn MasterList6.xls,SHaRED,OT1,NA,NA,NA,NA,-30.066666666666666,142.56666666666666,ok,NA
1656,unknown,NA,Rat Midden Distn MasterList6.xls,SHaRED,RC 1,NA,NA,NA,NA,-30.066666666666666,142.56666666666666,ok,NA
1657,unknown,NA,Rat Midden Distn MasterList6.xls,SHaRED,RC 2,NA,NA,NA,NA,-30.066666666666666,142.56666666666666,ok,NA
1658,unknown,NA,Rat Midden Distn MasterList6.xls,SHaRED,RC3 base,NA,NA,NA,NA,-30.066666666666666,142.56666666666666,ok,NA
1659,unknown,NA,Rat Midden Distn MasterList6.xls,SHaRED,WF,NA,NA,NA,NA,-30.066666666666666,142.56666666666666,ok,NA
1660,unknown,NA,Rat Midden Distn MasterList6.xls,SHaRED,QVA312,NA,NA,NA,NA,-30.328888888888887,123.26722222222222,ok,NA
1661,unknown,NA,Rat Midden Distn MasterList6.xls,SHaRED,QVA464,NA,NA,NA,NA,-30.328888888888887,123.26722222222222,ok,NA
1662,unknown,NA,Rat Midden Distn MasterList6.xls,SHaRED,QVB107,NA,NA,NA,NA,-30.328888888888887,123.26722222222222,ok,NA
1663,unknown,NA,Rat Midden Distn MasterList6.xls,SHaRED,QVB37,NA,NA,NA,NA,-30.328888888888887,123.26722222222222,ok,NA
1664,unknown,NA,Rat Midden Distn MasterList6.xls,SHaRED,QVB37,NA,NA,NA,NA,-30.328888888888887,123.26722222222222,ok,NA
1665,unknown,NA,Rat Midden Distn MasterList6.xls,SHaRED,SAJQ/79i,NA,NA,NA,NA,-30.333333333333332,139.33333333333334,ok,NA
1666,unknown,NA,Rat Midden Distn MasterList6.xls,SHaRED,SAJQ/79ii,NA,NA,NA,NA,-30.333333333333332,139.33333333333334,ok,NA
1667,unknown,NA,Rat Midden Distn MasterList6.xls,SHaRED,SAJQ/79ii,NA,NA,NA,NA,-30.333333333333332,139.33333333333334,ok,NA
1668,unknown,NA,Rat Midden Distn MasterList6.xls,SHaRED,SAJQ/85Li,NA,NA,NA,NA,-30.333333333333332,139.33333333333334,ok,NA
1669,unknown,NA,Rat Midden Distn MasterList6.xls,SHaRED,SAJQ/85Lii,NA,NA,NA,NA,-30.333333333333332,139.33333333333334,ok,NA
1670,unknown,NA,Rat Midden Distn MasterList6.xls,SHaRED,SAJQ/85Rii,NA,NA,NA,NA,-30.333333333333332,139.33333333333334,ok,NA
1671,unknown,NA,Rat Midden Distn MasterList6.xls,SHaRED,SAJQ/85Rii,NA,NA,NA,NA,-30.333333333333332,139.33333333333334,ok,NA
1672,unknown,NA,Rat Midden Distn MasterList6.xls,SHaRED,SAJQ76,NA,NA,NA,NA,-30.333333333333332,139.33333333333334,ok,NA
1673,unknown,NA,Rat Midden Distn MasterList6.xls,SHaRED,SAJQ77,NA,NA,NA,NA,-30.333333333333332,139.33333333333334,ok,NA
1674,unknown,NA,Rat Midden Distn MasterList6.xls,SHaRED,SAJQ78,NA,NA,NA,NA,-30.333333333333332,139.33333333333334,ok,NA
1675,unknown,NA,Rat Midden Distn MasterList6.xls,SHaRED,SAJQ79,NA,NA,NA,NA,-30.333333333333332,139.33333333333334,ok,NA
1676,unknown,NA,Rat Midden Distn MasterList6.xls,SHaRED,SAJQ91,NA,NA,NA,NA,-30.333333333333332,139.33333333333334,ok,NA
1677,unknown,NA,Rat Midden Distn MasterList6.xls,SHaRED,SAJQ92,NA,NA,NA,NA,-30.333333333333332,139.33333333333334,ok,NA
1678,unknown,NA,Rat Midden Distn MasterList6.xls,SHaRED,MO1,NA,NA,NA,NA,-30.5,119.66666666666667,ok,NA
1679,unknown,NA,Rat Midden Distn MasterList6.xls,SHaRED,C7,NA,NA,NA,NA,-30.866666666666667,142.6,ok,NA
1680,unknown,NA,Rat Midden Distn MasterList6.xls,SHaRED,C8 (front left),NA,NA,NA,NA,-30.866666666666667,142.6,ok,NA
1681,unknown,NA,Rat Midden Distn MasterList6.xls,SHaRED,CG1,NA,NA,NA,NA,-30.966666666666665,139.33333333333334,ok,NA
1682,unknown,NA,Rat Midden Distn MasterList6.xls,SHaRED,MC1 (centre),NA,NA,NA,NA,-30.966666666666665,139.33333333333334,ok,NA
1683,unknown,NA,Rat Midden Distn MasterList6.xls,SHaRED,MC1 (exposed base),NA,NA,NA,NA,-30.966666666666665,139.33333333333334,ok,NA
1684,unknown,NA,Rat Midden Distn MasterList6.xls,SHaRED,MC2 (overhang),NA,NA,NA,NA,-30.966666666666665,139.33333333333334,ok,NA
1685,unknown,NA,Rat Midden Distn MasterList6.xls,SHaRED,MC2 (top),NA,NA,NA,NA,-30.966666666666665,139.33333333333334,ok,NA
1686,unknown,NA,Rat Midden Distn MasterList6.xls,SHaRED,MC2 (top),NA,NA,NA,NA,-30.966666666666665,139.33333333333334,ok,NA
1687,unknown,NA,Rat Midden Distn MasterList6.xls,SHaRED,MD3,NA,NA,NA,NA,-30.966666666666665,139.33333333333334,ok,NA
1688,unknown,NA,Rat Midden Distn MasterList6.xls,SHaRED,SAJQ85L,NA,NA,NA,NA,-30.966666666666665,139.33333333333334,ok,NA
1689,unknown,NA,Rat Midden Distn MasterList6.xls,SHaRED,SAJQ85L,NA,NA,NA,NA,-30.966666666666665,139.33333333333334,ok,NA
1690,unknown,NA,Rat Midden Distn MasterList6.xls,SHaRED,SAJQ85R,NA,NA,NA,NA,-30.966666666666665,139.33333333333334,ok,NA
1691,unknown,NA,Rat Midden Distn MasterList6.xls,SHaRED,SAJQ85R(base),NA,NA,NA,NA,-30.966666666666665,139.33333333333334,ok,NA
1692,unknown,NA,Rat Midden Distn MasterList6.xls,SHaRED,SAJQ85R(base),NA,NA,NA,NA,-30.966666666666665,139.33333333333334,ok,NA
1693,Leporillus apicalis,NA,Rat Midden Distn MasterList6.xls,SHaRED,NPC NT 2002,NA,NA,NA,NA,-23.8,130.83,ok,NA
1694,Leporillus apicalis,NA,Rat Midden Distn MasterList6.xls,SHaRED,NPC NT 2002,NA,NA,NA,NA,-25.35,131.03,ok,NA
1695,Leporillus apicalis,NA,Rat Midden Distn MasterList6.xls,SHaRED,NPC NT 2002,NA,NA,NA,NA,-25.35,131.03,ok,NA
1696,Leporillus apicalis,NA,Rat Midden Distn MasterList6.xls,SHaRED,NPC NT 2002,NA,NA,NA,NA,-25.35,131.03,ok,NA
1697,Leporillus apicalis,NA,Rat Midden Distn MasterList6.xls,SHaRED,NPC NT 2002,NA,NA,NA,NA,-25.35,131.03,ok,NA
1698,Leporillus apicalis,NA,Rat Midden Distn MasterList6.xls,SHaRED,NPC NT 2002,NA,NA,NA,NA,-23.83,131.31,ok,NA
1699,Leporillus apicalis,NA,Rat Midden Distn MasterList6.xls,SHaRED,NPC NT 2002,NA,NA,NA,NA,-24.03,133.41,ok,NA
1700,Leporillus apicalis,NA,Rat Midden Distn MasterList6.xls,SHaRED,NPC NT 2002,NA,NA,NA,NA,-25.96,133.86,ok,NA
1701,Leporillus apicalis,NA,Rat Midden Distn MasterList6.xls,SHaRED,NPC NT 2002,NA,NA,NA,NA,-23.64,133.89,ok,NA
1702,Leporillus apicalis,NA,Rat Midden Distn MasterList6.xls,SHaRED,NPC NT 2002,NA,NA,NA,NA,-25.98,133.9,ok,NA
1703,Leporillus apicalis,NA,Rat Midden Distn MasterList6.xls,SHaRED,NPC NT 2002,NA,NA,NA,NA,-23.74,133.97,ok,NA
1704,Leporillus apicalis,NA,Rat Midden Distn MasterList6.xls,SHaRED,NPC NT 2002,NA,NA,NA,NA,-23.66,134.33,ok,NA
1705,Leporillus apicalis,NA,Rat Midden Distn MasterList6.xls,SHaRED,NPC NT 2002,NA,NA,NA,NA,-23.63,134.43,ok,NA
1706,Leporillus apicalis,NA,Rat Midden Distn MasterList6.xls,SHaRED,NPC NT 2002,NA,NA,NA,NA,-23.44,134.73,ok,NA
1707,Leporillus apicalis,NA,Rat Midden Distn MasterList6.xls,SHaRED,NPC NT 2002,NA,NA,NA,NA,-23.7,134.8,ok,NA
1708,Leporillus apicalis,NA,Rat Midden Distn MasterList6.xls,SHaRED,NPC NT 2002,NA,NA,NA,NA,-22.35,134.88,ok,NA
1709,Leporillus apicalis,NA,Rat Midden Distn MasterList6.xls,SHaRED,NPC NT 2002,NA,NA,NA,NA,-23.56,135.01,ok,NA
1710,Leporillus apicalis,NA,Rat Midden Distn MasterList6.xls,SHaRED,NPC NT 2002,NA,NA,NA,NA,-22.78,135.08,ok,NA
1711,Leporillus apicalis,NA,Rat Midden Distn MasterList6.xls,SHaRED,NPC NT 2002,NA,NA,NA,NA,-24.56,135.75,ok,NA
1712,Leporillus apicalis,NA,Rat Midden Distn MasterList6.xls,SHaRED,NPC NT 2002,NA,NA,NA,NA,-23.85,137.16,ok,NA
1713,Leporillus apicalis,NA,Rat Midden Distn MasterList6.xls,SHaRED,NPC NT 2002,NA,NA,NA,NA,-23.83,137.18,ok,NA
1714,Leporillus apicalis,NA,Rat Midden Distn MasterList6.xls,SHaRED,NPC NT 2002,NA,NA,NA,NA,-22,137.25,ok,NA
1715,Leporillus apicalis,NA,Rat Midden Distn MasterList6.xls,SHaRED,NPC NT 2002,NA,NA,NA,NA,-22,137.25,ok,NA
1716,Leporillus apicalis,NA,Rat Midden Distn MasterList6.xls,SHaRED,NPC NT 2002,NA,NA,NA,NA,-22,137.32,ok,NA
1717,unknown,NA,Rat Midden Distn MasterList6.xls,SHaRED,SAJQ89,NA,NA,NA,NA,-30.966666666666665,139.33333333333334,ok,NA
1718,unknown,NA,Rat Midden Distn MasterList6.xls,SHaRED,GAP RANGE E (GHE) LOWER RIGHT,NA,NA,NA,NA,-31.066666666666666,142.56666666666666,ok,NA
1719,unknown,NA,Rat Midden Distn MasterList6.xls,SHaRED,GH E1,NA,NA,NA,NA,-31.066666666666666,142.56666666666666,ok,NA
1720,unknown,NA,Rat Midden Distn MasterList6.xls,SHaRED,GH E2,NA,NA,NA,NA,-31.066666666666666,142.56666666666666,ok,NA
1721,unknown,NA,Rat Midden Distn MasterList6.xls,SHaRED,GH E3 (I),NA,NA,NA,NA,-31.066666666666666,142.56666666666666,ok,NA
1722,unknown,NA,Rat Midden Distn MasterList6.xls,SHaRED,GH E3 (II),NA,NA,NA,NA,-31.066666666666666,142.56666666666666,ok,NA
1723,unknown,NA,Rat Midden Distn MasterList6.xls,SHaRED,GH E3 (III),NA,NA,NA,NA,-31.066666666666666,142.56666666666666,ok,NA
1724,unknown,NA,Rat Midden Distn MasterList6.xls,SHaRED,GH E4,NA,NA,NA,NA,-31.066666666666666,142.56666666666666,ok,NA
1725,unknown,NA,Rat Midden Distn MasterList6.xls,SHaRED,GH E5 (I),NA,NA,NA,NA,-31.066666666666666,142.56666666666666,ok,NA
1726,unknown,NA,Rat Midden Distn MasterList6.xls,SHaRED,GH E5 (II) lower left,NA,NA,NA,NA,-31.066666666666666,142.56666666666666,ok,NA
1727,unknown,NA,Rat Midden Distn MasterList6.xls,SHaRED,GH3 (I),NA,NA,NA,NA,-31.066666666666666,142.56666666666666,ok,NA
1728,unknown,NA,Rat Midden Distn MasterList6.xls,SHaRED,GH3 (ii),NA,NA,NA,NA,-31.066666666666666,142.56666666666666,ok,NA
1729,unknown,NA,Rat Midden Distn MasterList6.xls,SHaRED,GH4 (top),NA,NA,NA,NA,-31.066666666666666,142.56666666666666,ok,NA
1730,unknown,NA,Rat Midden Distn MasterList6.xls,SHaRED,GH6 (base),NA,NA,NA,NA,-31.066666666666666,142.56666666666666,ok,NA
1731,unknown,NA,Rat Midden Distn MasterList6.xls,SHaRED,GH6 (top),NA,NA,NA,NA,-31.066666666666666,142.56666666666666,ok,NA
1732,unknown,NA,Rat Midden Distn MasterList6.xls,SHaRED,GH1 (base),NA,NA,NA,NA,-31.166666666666668,142.6,ok,NA
1733,unknown,NA,Rat Midden Distn MasterList6.xls,SHaRED,GH1 (top),NA,NA,NA,NA,-31.166666666666668,142.6,ok,NA
1734,unknown,NA,Rat Midden Distn MasterList6.xls,SHaRED,GH2,NA,NA,NA,NA,-31.166666666666668,142.6,ok,NA
1735,unknown,NA,Rat Midden Distn MasterList6.xls,SHaRED,GH4 (base),NA,NA,NA,NA,-31.166666666666668,142.6,ok,NA
1736,unknown,NA,Rat Midden Distn MasterList6.xls,SHaRED,GH5 (I),NA,NA,NA,NA,-31.166666666666668,142.6,ok,NA
1737,unknown,NA,Rat Midden Distn MasterList6.xls,SHaRED,GH5 (II),NA,NA,NA,NA,-31.166666666666668,142.6,ok,NA
1738,unknown,NA,Rat Midden Distn MasterList6.xls,SHaRED,GH8 (front),NA,NA,NA,NA,-31.166666666666668,142.6,ok,NA
1739,unknown,NA,Rat Midden Distn MasterList6.xls,SHaRED,RC3 top,NA,NA,NA,NA,-31.166666666666668,142.6,ok,NA
1740,unknown,NA,Rat Midden Distn MasterList6.xls,SHaRED,Green et al (1983),NA,NA,NA,NA,-31.166666666666668,142.6,ok,NA
1741,unknown,NA,Rat Midden Distn MasterList6.xls,SHaRED,BR1 (base),NA,NA,NA,NA,-31.35,138.55,ok,NA
1742,unknown,NA,Rat Midden Distn MasterList6.xls,SHaRED,BR1 (base),NA,NA,NA,NA,-31.35,138.55,ok,NA
1743,unknown,NA,Rat Midden Distn MasterList6.xls,SHaRED,BR1 (top),NA,NA,NA,NA,-31.35,138.55,ok,NA
1744,unknown,NA,Rat Midden Distn MasterList6.xls,SHaRED,BR1 (top),NA,NA,NA,NA,-31.35,138.55,ok,NA
1745,unknown,NA,Rat Midden Distn MasterList6.xls,SHaRED,BR2 (middle),NA,NA,NA,NA,-31.35,138.55,ok,NA
1746,unknown,NA,Rat Midden Distn MasterList6.xls,SHaRED,BR3 (base),NA,NA,NA,NA,-31.35,138.55,ok,NA
1747,unknown,NA,Rat Midden Distn MasterList6.xls,SHaRED,BR3 (base),NA,NA,NA,NA,-31.35,138.55,ok,NA
1748,unknown,NA,Rat Midden Distn MasterList6.xls,SHaRED,BR3 (top),NA,NA,NA,NA,-31.35,138.55,ok,NA
1749,unknown,NA,Rat Midden Distn MasterList6.xls,SHaRED,BR3 (top),NA,NA,NA,NA,-31.35,138.55,ok,NA
1750,unknown,NA,Rat Midden Distn MasterList6.xls,SHaRED,BR4 (10cm),NA,NA,NA,NA,-31.35,138.55,ok,NA
1751,unknown,NA,Rat Midden Distn MasterList6.xls,SHaRED,BR4 (10cm),NA,NA,NA,NA,-31.35,138.55,ok,NA
1752,unknown,NA,Rat Midden Distn MasterList6.xls,SHaRED,BR4 (10cm),NA,NA,NA,NA,-31.35,138.55,ok,NA
1753,unknown,NA,Rat Midden Distn MasterList6.xls,SHaRED,BR4 (20cm),NA,NA,NA,NA,-31.35,138.55,ok,NA
1754,unknown,NA,Rat Midden Distn MasterList6.xls,SHaRED,BR4 (30cm),NA,NA,NA,NA,-31.35,138.55,ok,NA
1755,unknown,NA,Rat Midden Distn MasterList6.xls,SHaRED,BR4 (40cm),NA,NA,NA,NA,-31.35,138.55,ok,NA
1756,unknown,NA,Rat Midden Distn MasterList6.xls,SHaRED,BR4 (50cm),NA,NA,NA,NA,-31.35,138.55,ok,NA
1757,unknown,NA,Rat Midden Distn MasterList6.xls,SHaRED,BR4 (60cm),NA,NA,NA,NA,-31.35,138.55,ok,NA
1758,unknown,NA,Rat Midden Distn MasterList6.xls,SHaRED,BR4 (60cm),NA,NA,NA,NA,-31.35,138.55,ok,NA
1759,unknown,NA,Rat Midden Distn MasterList6.xls,SHaRED,BR4 (60cm),NA,NA,NA,NA,-31.35,138.55,ok,NA
1760,unknown,NA,Rat Midden Distn MasterList6.xls,SHaRED,BR7 (base),NA,NA,NA,NA,-31.35,138.55,ok,NA
1761,unknown,NA,Rat Midden Distn MasterList6.xls,SHaRED,BRACHINA 1 GORGE,NA,NA,NA,NA,-31.35,138.55,ok,NA
1762,unknown,NA,Rat Midden Distn MasterList6.xls,SHaRED,BRACHINA 2,NA,NA,NA,NA,-31.35,138.55,ok,NA
1763,unknown,NA,Rat Midden Distn MasterList6.xls,SHaRED,ARLT01,NA,NA,NA,NA,-23.45,134.7,ok,NA
1764,unknown,NA,Rat Midden Distn MasterList6.xls,SHaRED,ARLTG8,NA,NA,NA,NA,-23.45,134.7,ok,NA
1765,unknown,NA,Rat Midden Distn MasterList6.xls,SHaRED,ARLTH10,NA,NA,NA,NA,-23.45,134.7,ok,NA
1766,unknown,NA,Rat Midden Distn MasterList6.xls,SHaRED,ARLTK2,NA,NA,NA,NA,-23.45,134.7,ok,NA
1767,unknown,NA,Rat Midden Distn MasterList6.xls,SHaRED,ARLTN15,NA,NA,NA,NA,-23.45,134.7,ok,NA
1768,unknown,NA,Rat Midden Distn MasterList6.xls,SHaRED,ARLTP5,NA,NA,NA,NA,-23.45,134.7,ok,NA
1769,unknown,NA,Rat Midden Distn MasterList6.xls,SHaRED,EYRIE 2,NA,NA,NA,NA,-31.394929,138.856601,ok,NA
1770,unknown,NA,Rat Midden Distn MasterList6.xls,SHaRED,EYRIE CAVE 2,NA,NA,NA,NA,-31.394929,138.856601,ok,NA
1771,unknown,NA,Rat Midden Distn MasterList6.xls,SHaRED,FinkeA22,NA,NA,NA,NA,-24.433333333333334,132.2,ok,NA
1772,unknown,NA,Rat Midden Distn MasterList6.xls,SHaRED,FinkeF4,NA,NA,NA,NA,-24.433333333333334,132.2,ok,NA
1773,unknown,NA,Rat Midden Distn MasterList6.xls,SHaRED,FinkeG15,NA,NA,NA,NA,-24.433333333333334,132.2,ok,NA
1774,unknown,NA,Rat Midden Distn MasterList6.xls,SHaRED,FinkeH19,NA,NA,NA,NA,-24.433333333333334,132.2,ok,NA
1775,unknown,NA,ALALeporilus_records_pre_1920.csv,external_csv,NA,NA,NA,NA,NA,-34.79017,143.1263,ok,NA
1776,unknown,NA,ALALeporilus_records_pre_1920.csv,external_csv,NA,NA,NA,NA,NA,-34.2485,142.33463,ok,NA
1777,unknown,NA,ALALeporilus_records_pre_1920.csv,external_csv,NA,NA,NA,NA,NA,-34.2485,142.33463,ok,NA
1778,unknown,NA,ALALeporilus_records_pre_1920.csv,external_csv,NA,NA,NA,NA,NA,-34.79017,143.1263,ok,NA
1779,unknown,NA,ALALeporilus_records_pre_1920.csv,external_csv,NA,NA,NA,NA,NA,-34.2485,142.33463,ok,NA
1780,unknown,NA,ALALeporilus_records_pre_1920.csv,external_csv,NA,NA,NA,NA,NA,-34.2485,142.33463,ok,NA
1781,unknown,NA,ALALeporilus_records_pre_1920.csv,external_csv,NA,NA,NA,NA,NA,-34.2485,142.33463,ok,NA
1782,unknown,NA,ALALeporilus_records_pre_1920.csv,external_csv,NA,NA,NA,NA,NA,-34.12,141.92,ok,NA
1783,unknown,NA,ALALeporilus_records_pre_1920.csv,external_csv,NA,NA,NA,NA,NA,-34.12,141.92,ok,NA
1784,unknown,NA,ALALeporilus_records_pre_1920.csv,external_csv,NA,NA,NA,NA,NA,-34.12,141.92,ok,NA
1785,unknown,NA,ALALeporilus_records_pre_1920.csv,external_csv,NA,NA,NA,NA,NA,-34.12,141.92,ok,NA
1786,unknown,NA,ALALeporilus_records_pre_1920.csv,external_csv,NA,NA,NA,NA,NA,-34.12,141.92,ok,NA
1787,unknown,NA,ALALeporilus_records_pre_1920.csv,external_csv,NA,NA,NA,NA,NA,-34.12,141.92,ok,NA
1788,unknown,NA,ALALeporilus_records_pre_1920.csv,external_csv,NA,NA,NA,NA,NA,-34.12,141.92,ok,NA
1789,unknown,NA,ALALeporilus_records_pre_1920.csv,external_csv,NA,NA,NA,NA,NA,-34.12,141.92,ok,NA
1790,unknown,NA,ALALeporilus_records_pre_1920.csv,external_csv,NA,NA,NA,NA,NA,-34.12,141.92,ok,NA
1791,unknown,NA,ALALeporilus_records_pre_1920.csv,external_csv,NA,NA,NA,NA,NA,-34.12,141.92,ok,NA
1792,unknown,NA,ALALeporilus_records_pre_1920.csv,external_csv,NA,NA,NA,NA,NA,-34.12,141.92,ok,NA
1793,unknown,NA,ALALeporilus_records_pre_1920.csv,external_csv,NA,NA,NA,NA,NA,-34.18,142.15,ok,NA
1794,unknown,NA,ALALeporilus_records_pre_1920.csv,external_csv,NA,NA,NA,NA,NA,-34.18,142.15,ok,NA
1795,unknown,NA,ALALeporilus_records_pre_1920.csv,external_csv,NA,NA,NA,NA,NA,-34.12,141.92,ok,NA
1796,unknown,NA,ALALeporilus_records_pre_1920.csv,external_csv,NA,NA,NA,NA,NA,-34.18,142.15,ok,NA
1797,unknown,NA,ALALeporilus_records_pre_1920.csv,external_csv,NA,NA,NA,NA,NA,-34.18,142.15,ok,NA
1798,unknown,NA,ALALeporilus_records_pre_1920.csv,external_csv,NA,NA,NA,NA,NA,-34.12,141.92,ok,NA
1799,unknown,NA,ALALeporilus_records_pre_1920.csv,external_csv,NA,NA,NA,NA,NA,-34.12,141.92,ok,NA
1800,unknown,NA,ALALeporilus_records_pre_1920.csv,external_csv,NA,NA,NA,NA,NA,-34.18,142.15,ok,NA
1801,unknown,NA,ALALeporilus_records_pre_1920.csv,external_csv,NA,NA,NA,NA,NA,-34.12,141.92,ok,NA
1802,unknown,NA,ALALeporilus_records_pre_1920.csv,external_csv,NA,NA,NA,NA,NA,-34.12,141.92,ok,NA
1803,unknown,NA,ALALeporilus_records_pre_1920.csv,external_csv,NA,NA,NA,NA,NA,-34.12,141.92,ok,NA
1804,unknown,NA,ALALeporilus_records_pre_1920.csv,external_csv,NA,NA,NA,NA,NA,-34.12,141.92,ok,NA
1805,unknown,NA,ALALeporilus_records_pre_1920.csv,external_csv,NA,NA,NA,NA,NA,-34.18,142.15,ok,NA
1806,unknown,NA,ALALeporilus_records_pre_1920.csv,external_csv,NA,NA,NA,NA,NA,-26.65,130.8167,ok,NA
1807,unknown,NA,ALALeporilus_records_pre_1920.csv,external_csv,NA,NA,NA,NA,NA,-26.65,130.8167,ok,NA
1808,unknown,NA,ALALeporilus_records_pre_1920.csv,external_csv,NA,NA,NA,NA,NA,-34.16679,142.18333,ok,NA
1809,unknown,NA,ALALeporilus_records_pre_1920.csv,external_csv,NA,NA,NA,NA,NA,-34.2485,142.33463,ok,NA
1810,unknown,NA,ALALeporilus_records_pre_1920.csv,external_csv,NA,NA,NA,NA,NA,-30.55,130.966,ok,NA
1811,unknown,NA,ALALeporilus_records_pre_1920.csv,external_csv,NA,NA,NA,NA,NA,-30.55,130.966,ok,NA
1812,unknown,NA,ALALeporilus_records_pre_1920.csv,external_csv,NA,NA,NA,NA,NA,-30.45,131.683,ok,NA
1813,unknown,NA,ALALeporilus_records_pre_1920.csv,external_csv,NA,NA,NA,NA,NA,-30.45,131.683,ok,NA
1814,unknown,NA,ALALeporilus_records_pre_1920.csv,external_csv,NA,NA,NA,NA,NA,-32.45,133.666,ok,NA
1815,unknown,NA,ALALeporilus_records_pre_1920.csv,external_csv,NA,NA,NA,NA,NA,-30.55,130.966,ok,NA
1816,unknown,NA,ALALeporilus_records_pre_1920.csv,external_csv,NA,NA,NA,NA,NA,-30.45,131.683,ok,NA
1817,unknown,NA,ALALeporilus_records_pre_1920.csv,external_csv,NA,NA,NA,NA,NA,-30.45,131.683,ok,NA
1818,unknown,NA,ALALeporilus_records_pre_1920.csv,external_csv,NA,NA,NA,NA,NA,-30.45,131.683,ok,NA
1819,unknown,NA,ALALeporilus_records_pre_1920.csv,external_csv,NA,NA,NA,NA,NA,-32.45,133.666,ok,NA
1820,unknown,NA,ALALeporilus_records_pre_1920.csv,external_csv,NA,NA,NA,NA,NA,-30.45,131.666,ok,NA
1821,unknown,NA,ALALeporilus_records_pre_1920.csv,external_csv,NA,NA,NA,NA,NA,-30.45,131.683,ok,NA
1822,unknown,NA,ALALeporilus_records_pre_1920.csv,external_csv,NA,NA,NA,NA,NA,-30.45,131.683,ok,NA
1823,unknown,NA,ALALeporilus_records_pre_1920.csv,external_csv,NA,NA,NA,NA,NA,-32.45,133.67,ok,NA
1824,unknown,NA,ALALeporilus_records_pre_1920.csv,external_csv,NA,NA,NA,NA,NA,-34.12,141.92,ok,NA
1825,unknown,NA,ALALeporilus_records_pre_1920.csv,external_csv,NA,NA,NA,NA,NA,-34.18,142.15,ok,NA
1826,unknown,NA,ALALeporilus_records_pre_1920.csv,external_csv,NA,NA,NA,NA,NA,-34.12,141.92,ok,NA
1827,unknown,NA,ALALeporilus_records_pre_1920.csv,external_csv,NA,NA,NA,NA,NA,-34.18,142.15,ok,NA
1828,unknown,NA,ALALeporilus_records_pre_1920.csv,external_csv,NA,NA,NA,NA,NA,-34.12,141.92,ok,NA
1829,unknown,NA,ALALeporilus_records_pre_1920.csv,external_csv,NA,NA,NA,NA,NA,-34.12,141.92,ok,NA
1830,unknown,NA,ALALeporilus_records_pre_1920.csv,external_csv,NA,NA,NA,NA,NA,-28.5,137,ok,NA
1831,unknown,NA,ALALeporilus_records_pre_1920.csv,external_csv,NA,NA,NA,NA,NA,-28.5,137,ok,NA
1832,unknown,NA,ALALeporilus_records_pre_1920.csv,external_csv,NA,NA,NA,NA,NA,-28.5,137,ok,NA
1833,unknown,NA,ALALeporilus_records_pre_1920.csv,external_csv,NA,NA,NA,NA,NA,-28.5,137,ok,NA
1834,unknown,NA,ALALeporilus_records_pre_1920.csv,external_csv,NA,NA,NA,NA,NA,-28.5,137,ok,NA
1835,unknown,NA,ALALeporilus_records_pre_1920.csv,external_csv,NA,NA,NA,NA,NA,-28.5,137,ok,NA
1836,unknown,NA,ALALeporilus_records_pre_1920.csv,external_csv,NA,NA,NA,NA,NA,-28.5,137,ok,NA
1837,unknown,NA,ALALeporilus_records_pre_1920.csv,external_csv,NA,NA,NA,NA,NA,-28.5,137,ok,NA
1838,unknown,NA,ALALeporilus_records_pre_1920.csv,external_csv,NA,NA,NA,NA,NA,-30.58345,131.25,ok,NA
1839,unknown,NA,ALALeporilus_records_pre_1920.csv,external_csv,NA,NA,NA,NA,NA,-33.95012,141.95,ok,NA
1840,unknown,NA,ALALeporilus_records_pre_1920.csv,external_csv,NA,NA,NA,NA,NA,-33.95012,141.95,ok,NA
1841,unknown,NA,ALALeporilus_records_pre_1920.csv,external_csv,NA,NA,NA,NA,NA,-30.46678,131.66668,ok,NA
1842,unknown,NA,ALALeporilus_records_pre_1920.csv,external_csv,NA,NA,NA,NA,NA,-32.66679,142.33333,ok,NA
1843,unknown,NA,ALALeporilus_records_pre_1920.csv,external_csv,NA,NA,NA,NA,NA,-30.25011,131.25,ok,NA
1844,unknown,NA,ALALeporilus_records_pre_1920.csv,external_csv,NA,NA,NA,NA,NA,-30.58345,131.25,ok,NA
1845,unknown,NA,ALALeporilus_records_pre_1920.csv,external_csv,NA,NA,NA,NA,NA,-28.5001,137,ok,NA
1846,unknown,NA,ALALeporilus_records_pre_1920.csv,external_csv,NA,NA,NA,NA,NA,-30.58345,131.25,ok,NA
1847,unknown,NA,ALALeporilus_records_pre_1920.csv,external_csv,NA,NA,NA,NA,NA,-30.45011,131.66667,ok,NA
1848,unknown,NA,ALALeporilus_records_pre_1920.csv,external_csv,NA,NA,NA,NA,NA,-30.58345,131.25,ok,NA
1849,unknown,NA,ALALeporilus_records_pre_1920.csv,external_csv,NA,NA,NA,NA,NA,-30.45011,131.66667,ok,NA
1850,unknown,NA,ALALeporilus_records_pre_1920.csv,external_csv,NA,NA,NA,NA,NA,-30.55011,130.96667,ok,NA
1851,unknown,NA,ALALeporilus_records_pre_1920.csv,external_csv,NA,NA,NA,NA,NA,-33.95012,141.95,ok,NA
1852,unknown,NA,ALALeporilus_records_pre_1920.csv,external_csv,NA,NA,NA,NA,NA,-32.45012,133.66666,ok,NA
1853,unknown,NA,ALALeporilus_records_pre_1920.csv,external_csv,NA,NA,NA,NA,NA,-32.45012,133.66666,ok,NA
1854,unknown,NA,ALALeporilus_records_pre_1920.csv,external_csv,NA,NA,NA,NA,NA,-32.45012,133.66666,ok,NA
1855,unknown,NA,ALALeporilus_records_pre_1920.csv,external_csv,NA,NA,NA,NA,NA,-34.098499,141.917962,ok,NA
1856,unknown,NA,ALALeporilus_records_pre_1920.csv,external_csv,NA,NA,NA,NA,NA,-30.413406,141.730081,ok,NA
1857,unknown,NA,ALALeporilus_records_pre_1920.csv,external_csv,NA,NA,NA,NA,NA,-31.948486,141.467945,ok,NA
1858,unknown,NA,ALALeporilus_records_pre_1920.csv,external_csv,NA,NA,NA,NA,NA,-33.948154,141.959047,ok,NA
1859,unknown,NA,ALALeporilus_records_pre_1920.csv,external_csv,NA,NA,NA,NA,NA,-33.339714,142.398256,ok,NA
1860,unknown,NA,ALALeporilus_records_pre_1920.csv,external_csv,NA,NA,NA,NA,NA,-34.175676,142.23287,ok,NA
1861,unknown,NA,ALALeporilus_records_pre_1920.csv,external_csv,NA,NA,NA,NA,NA,-31.18344,141.49999,ok,NA
1862,unknown,NA,ALALeporilus_records_pre_1920.csv,external_csv,NA,NA,NA,NA,NA,-37.83347,140.78333,ok,NA
1863,unknown,NA,ALALeporilus_records_pre_1920.csv,external_csv,NA,NA,NA,NA,NA,-31.01678,125.33334,ok,NA
1864,unknown,NA,ALALeporilus_records_pre_1920.csv,external_csv,NA,NA,NA,NA,NA,-31.50011,138.74999,ok,NA
1865,unknown,NA,ALALeporilus_records_pre_1920.csv,external_csv,NA,NA,NA,NA,NA,-26.18343,127.43332,ok,NA
1866,unknown,NA,ALALeporilus_records_pre_1920.csv,external_csv,NA,NA,NA,NA,NA,-32.15011,138.91665,ok,NA
1867,unknown,NA,ALALeporilus_records_pre_1920.csv,external_csv,NA,NA,NA,NA,NA,-32.66679,142.33333,ok,NA
1868,unknown,NA,ALALeporilus_records_pre_1920.csv,external_csv,NA,NA,NA,NA,NA,-26.4501,130.45,ok,NA
1869,Leporillus apicalis,NA,Leporillus apicalis GVD sites.csv,external_csv,NA,NA,NA,NA,NA,NA,NA,unresolved,unresolved_other
1870,Leporillus apicalis,NA,Leporillus apicalis GVD sites.csv,external_csv,NA,NA,NA,NA,NA,NA,NA,unresolved,unresolved_other
1871,Leporillus apicalis,NA,Leporillus apicalis GVD sites.csv,external_csv,NA,NA,NA,NA,NA,NA,NA,unresolved,unresolved_other
1872,Leporillus apicalis,NA,Leporillus apicalis GVD sites.csv,external_csv,NA,NA,NA,NA,NA,NA,NA,unresolved,unresolved_other
1873,Leporillus apicalis,NA,Leporillus apicalis GVD sites.csv,external_csv,NA,NA,NA,NA,NA,NA,NA,unresolved,unresolved_other
1874,Leporillus apicalis,NA,Leporillus apicalis GVD sites.csv,external_csv,NA,NA,NA,NA,NA,NA,NA,unresolved,unresolved_other
1875,Leporillus apicalis,NA,Leporillus apicalis GVD sites.csv,external_csv,NA,NA,NA,NA,NA,NA,NA,unresolved,unresolved_other
1876,Leporillus apicalis,NA,Leporillus apicalis GVD sites.csv,external_csv,NA,NA,NA,NA,NA,NA,NA,unresolved,unresolved_other
1877,Leporillus apicalis,NA,Leporillus apicalis GVD sites.csv,external_csv,NA,NA,NA,NA,NA,NA,NA,unresolved,unresolved_other
1878,Leporillus apicalis,NA,Leporillus apicalis GVD sites.csv,external_csv,NA,NA,NA,NA,NA,NA,NA,unresolved,unresolved_other
1879,Leporillus apicalis,NA,Leporillus apicalis GVD sites.csv,external_csv,NA,NA,NA,NA,NA,NA,NA,unresolved,unresolved_other
1880,Leporillus apicalis,NA,Leporillus apicalis GVD sites.csv,external_csv,NA,NA,NA,NA,NA,NA,NA,unresolved,unresolved_other
1881,Leporillus apicalis,NA,Leporillus apicalis GVD sites.csv,external_csv,NA,NA,NA,NA,NA,NA,NA,unresolved,unresolved_other
1882,Leporillus apicalis,NA,Leporillus apicalis GVD sites.csv,external_csv,NA,NA,NA,NA,NA,NA,NA,unresolved,unresolved_other
1883,Leporillus apicalis,NA,Leporillus apicalis GVD sites.csv,external_csv,NA,NA,NA,NA,NA,NA,NA,unresolved,unresolved_other
1884,Leporillus apicalis,NA,Leporillus apicalis GVD sites.csv,external_csv,NA,NA,NA,NA,NA,NA,NA,unresolved,unresolved_other
1885,Leporillus apicalis,NA,Leporillus apicalis GVD sites.csv,external_csv,NA,NA,NA,NA,NA,NA,NA,unresolved,unresolved_other
1886,Leporillus apicalis,NA,Leporillus apicalis GVD sites.csv,external_csv,NA,NA,NA,NA,NA,NA,NA,unresolved,unresolved_other
1887,Leporillus apicalis,NA,Leporillus apicalis GVD sites.csv,external_csv,NA,NA,NA,NA,NA,NA,NA,unresolved,unresolved_other
1888,Leporillus apicalis,NA,Leporillus apicalis GVD sites.csv,external_csv,NA,NA,NA,NA,NA,NA,NA,unresolved,unresolved_other
1889,Leporillus apicalis,NA,Leporillus apicalis GVD sites.csv,external_csv,NA,NA,NA,NA,NA,NA,NA,unresolved,unresolved_other
1890,Leporillus apicalis,NA,Leporillus apicalis GVD sites.csv,external_csv,NA,NA,NA,NA,NA,NA,NA,unresolved,unresolved_other
1891,Leporillus apicalis,NA,Leporillus apicalis GVD sites.csv,external_csv,NA,NA,NA,NA,NA,NA,NA,unresolved,unresolved_other
1892,Leporillus apicalis,NA,Leporillus apicalis GVD sites.csv,external_csv,NA,NA,NA,NA,NA,NA,NA,unresolved,unresolved_other
1893,Leporillus conditor,NA,THE ORIGINAL MAMMAL FAUNA OF THE NULLARB0R locations_1.csv,external_csv,NA,NA,NA,NA,NA,-31.6,127.2,ok,NA
1894,Leporillus conditor,NA,THE ORIGINAL MAMMAL FAUNA OF THE NULLARB0R locations_1.csv,external_csv,NA,NA,NA,NA,NA,-31.6,127.4,ok,NA
1895,Leporillus conditor,NA,THE ORIGINAL MAMMAL FAUNA OF THE NULLARB0R locations_1.csv,external_csv,NA,NA,NA,NA,NA,-31.7,127.4,ok,NA
1896,Leporillus conditor,NA,THE ORIGINAL MAMMAL FAUNA OF THE NULLARB0R locations_1.csv,external_csv,NA,NA,NA,NA,NA,-32,125.9,ok,NA
1897,Leporillus conditor,NA,THE ORIGINAL MAMMAL FAUNA OF THE NULLARB0R locations_1.csv,external_csv,NA,NA,Sinkhole 3.3 km SW of Balladonia Station homestead. Small figure-of-eight shaped entrance. Vertical solution pipe about 7 m to small circular chamber with small southern extension.,NA,NA,-32.5,123.8,ok,NA
1898,Leporillus conditor,NA,THE ORIGINAL MAMMAL FAUNA OF THE NULLARB0R locations_1.csv,external_csv,NA,NA,NA,NA,NA,-31.5,129.1,ok,NA
1899,Leporillus conditor,NA,THE ORIGINAL MAMMAL FAUNA OF THE NULLARB0R locations_1.csv,external_csv,NA,NA,NA,NA,NA,-31.7,127.7,ok,NA
1900,Leporillus conditor,NA,THE ORIGINAL MAMMAL FAUNA OF THE NULLARB0R locations_1.csv,external_csv,NA,NA,NA,NA,NA,-31.8,127,ok,NA
1901,Leporillus conditor,NA,THE ORIGINAL MAMMAL FAUNA OF THE NULLARB0R locations_1.csv,external_csv,NA,NA,NA,NA,NA,-31.9,126.7,ok,NA
1902,Leporillus conditor,NA,THE ORIGINAL MAMMAL FAUNA OF THE NULLARB0R locations_1.csv,external_csv,NA,NA,NA,NA,NA,-32.1,126,ok,NA
1903,Leporillus conditor,NA,THE ORIGINAL MAMMAL FAUNA OF THE NULLARB0R locations_1.csv,external_csv,NA,NA,"Sinkhole on northern side of track across Hampton Tableland at M.R. 552033 Price 1:100,000 sheet. Vertical solution pipe about 7 m to small round chamber.",NA,NA,-32.5,124.6,ok,NA
1904,Leporillus conditor,NA,THE ORIGINAL MAMMAL FAUNA OF THE NULLARB0R locations_1.csv,external_csv,NA,NA,Very small breakaway on north shore of salt lake S. of old Telegraph line in Dundas Nature Reserve,NA,NA,-32.5,123.4,ok,NA
1905,Leporillus conditor,NA,THE ORIGINAL MAMMAL FAUNA OF THE NULLARB0R locations_1.csv,external_csv,NA,NA,NA,NA,NA,-31.7,128.8,ok,NA
1906,Leporillus conditor,NA,THE ORIGINAL MAMMAL FAUNA OF THE NULLARB0R locations_1.csv,external_csv,NA,NA,Overhang in cliffs 1.2 miles E. of Wilsons Bluff cairn,NA,NA,-31.7,129,ok,NA
1907,Leporillus conditor,NA,THE ORIGINAL MAMMAL FAUNA OF THE NULLARB0R locations_1.csv,external_csv,NA,NA,NA,NA,NA,-31.7,128.5,ok,NA
1908,Leporillus conditor,NA,THE ORIGINAL MAMMAL FAUNA OF THE NULLARB0R locations_1.csv,external_csv,NA,NA,NA,NA,NA,-31.7,128.5,ok,NA
1909,Leporillus conditor,NA,THE ORIGINAL MAMMAL FAUNA OF THE NULLARB0R locations_1.csv,external_csv,NA,NA,NA,NA,NA,-31.8,127.8,ok,NA
1910,Leporillus conditor,NA,THE ORIGINAL MAMMAL FAUNA OF THE NULLARB0R locations_1.csv,external_csv,NA,NA,NA,NA,NA,-31.8,127.7,ok,NA
1911,Leporillus conditor,NA,THE ORIGINAL MAMMAL FAUNA OF THE NULLARB0R locations_1.csv,external_csv,NA,NA,NA,NA,NA,-32.2,125.9,ok,NA
1912,Leporillus conditor,NA,THE ORIGINAL MAMMAL FAUNA OF THE NULLARB0R locations_1.csv,external_csv,NA,NA,NA,NA,NA,-32,127,ok,NA
1913,Leporillus conditor,NA,THE ORIGINAL MAMMAL FAUNA OF THE NULLARB0R locations_1.csv,external_csv,NA,NA,"A group of seven caves ""100 miles north-east Forrest (approx.)"", of which four yielded material",NA,NA,-29.8,129.2,ok,NA
1914,Leporillus conditor,NA,THE ORIGINAL MAMMAL FAUNA OF THE NULLARB0R locations_1.csv,external_csv,NA,NA,NA,NA,NA,-31,127.1,ok,NA
1915,Leporillus conditor,NA,THE ORIGINAL MAMMAL FAUNA OF THE NULLARB0R locations_1.csv,external_csv,NA,NA,"Cave ""15 miles S. of W. of Loongana",NA,NA,-31,126.8,ok,NA
1916,Leporillus conditor,NA,THE ORIGINAL MAMMAL FAUNA OF THE NULLARB0R locations_1.csv,external_csv,NA,NA,"Cave ""5 miles S. of Rawlinna"".",NA,NA,-31.1,125.3,ok,NA
1917,Leporillus conditor,NA,THE ORIGINAL MAMMAL FAUNA OF THE NULLARB0R locations_1.csv,external_csv,NA,NA,NA,NA,NA,-31.2,128,ok,NA
1918,Leporillus conditor,NA,THE ORIGINAL MAMMAL FAUNA OF THE NULLARB0R locations_1.csv,external_csv,NA,NA,NA,NA,NA,-31.2,128.5,ok,NA
1919,Leporillus conditor,NA,THE ORIGINAL MAMMAL FAUNA OF THE NULLARB0R locations_1.csv,external_csv,NA,NA,NA,NA,NA,-31.4,128.6,ok,NA
1920,Leporillus conditor,NA,THE ORIGINAL MAMMAL FAUNA OF THE NULLARB0R locations_1.csv,external_csv,NA,NA,NA,NA,NA,-31.4,127.9,ok,NA
1921,Leporillus conditor,NA,THE ORIGINAL MAMMAL FAUNA OF THE NULLARB0R locations_1.csv,external_csv,NA,NA,NA,NA,NA,-31.4,127.2,ok,NA
1922,Leporillus conditor,NA,THE ORIGINAL MAMMAL FAUNA OF THE NULLARB0R locations_1.csv,external_csv,NA,NA,NA,NA,NA,-31.7,127.2,ok,NA
1923,Leporillus conditor,NA,THE ORIGINAL MAMMAL FAUNA OF THE NULLARB0R locations_1.csv,external_csv,NA,NA,NA,NA,NA,-32,126.2,ok,NA
1924,Leporillus conditor,NA,THE ORIGINAL MAMMAL FAUNA OF THE NULLARB0R locations_1.csv,external_csv,NA,NA,NA,NA,NA,-32,126.5,ok,NA
1925,Leporillus apicalis,NA,THE ORIGINAL MAMMAL FAUNA OF THE NULLARB0R locations_1.csv,external_csv,NA,NA,NA,NA,NA,-31.6,127.2,ok,NA
1926,Leporillus apicalis,NA,THE ORIGINAL MAMMAL FAUNA OF THE NULLARB0R locations_1.csv,external_csv,NA,NA,NA,NA,NA,-31.6,127.4,ok,NA
1927,Leporillus apicalis,NA,THE ORIGINAL MAMMAL FAUNA OF THE NULLARB0R locations_1.csv,external_csv,NA,NA,NA,NA,NA,-31.7,127.4,ok,NA
1928,Leporillus apicalis,NA,THE ORIGINAL MAMMAL FAUNA OF THE NULLARB0R locations_1.csv,external_csv,NA,NA,NA,NA,NA,-32,125.9,ok,NA
1929,Leporillus apicalis,NA,THE ORIGINAL MAMMAL FAUNA OF THE NULLARB0R locations_1.csv,external_csv,NA,NA,Sinkhole 3.3 km SW of Balladonia Station homestead. Small figure-of-eight shaped entrance. Vertical solution pipe about 7 m to small circular chamber with small southern extension.,NA,NA,-32.5,123.8,ok,NA
1930,Leporillus apicalis,NA,THE ORIGINAL MAMMAL FAUNA OF THE NULLARB0R locations_1.csv,external_csv,NA,NA,NA,NA,NA,-31.5,129.1,ok,NA
1931,Leporillus apicalis,NA,THE ORIGINAL MAMMAL FAUNA OF THE NULLARB0R locations_1.csv,external_csv,NA,NA,NA,NA,NA,-31.7,127.7,ok,NA
1932,Leporillus apicalis,NA,THE ORIGINAL MAMMAL FAUNA OF THE NULLARB0R locations_1.csv,external_csv,NA,NA,NA,NA,NA,-31.8,127,ok,NA
1933,Leporillus apicalis,NA,THE ORIGINAL MAMMAL FAUNA OF THE NULLARB0R locations_1.csv,external_csv,NA,NA,NA,NA,NA,-31.9,126.7,ok,NA
1934,Leporillus apicalis,NA,THE ORIGINAL MAMMAL FAUNA OF THE NULLARB0R locations_1.csv,external_csv,NA,NA,NA,NA,NA,-32.1,126,ok,NA
1935,Leporillus apicalis,NA,THE ORIGINAL MAMMAL FAUNA OF THE NULLARB0R locations_1.csv,external_csv,NA,NA,"Sinkhole on northern side of track across Hampton Tableland at M.R. 552033 Price 1:100,000 sheet. Vertical solution pipe about 7 m to small round chamber.",NA,NA,-32.5,124.6,ok,NA
1936,Leporillus apicalis,NA,THE ORIGINAL MAMMAL FAUNA OF THE NULLARB0R locations_1.csv,external_csv,NA,NA,Very small breakaway on north shore of salt lake S. of old Telegraph line in Dundas Nature Reserve,NA,NA,-32.5,123.4,ok,NA
1937,Leporillus apicalis,NA,THE ORIGINAL MAMMAL FAUNA OF THE NULLARB0R locations_1.csv,external_csv,NA,NA,NA,NA,NA,-31.7,128.8,ok,NA
1938,Leporillus apicalis,NA,THE ORIGINAL MAMMAL FAUNA OF THE NULLARB0R locations_1.csv,external_csv,NA,NA,Overhang in cliffs 1.2 miles E. of Wilsons Bluff cairn,NA,NA,-31.7,129,ok,NA
1939,Leporillus apicalis,NA,THE ORIGINAL MAMMAL FAUNA OF THE NULLARB0R locations_1.csv,external_csv,NA,NA,NA,NA,NA,-31.7,128.5,ok,NA
1940,Leporillus apicalis,NA,THE ORIGINAL MAMMAL FAUNA OF THE NULLARB0R locations_1.csv,external_csv,NA,NA,NA,NA,NA,-31.7,128.5,ok,NA
1941,Leporillus apicalis,NA,THE ORIGINAL MAMMAL FAUNA OF THE NULLARB0R locations_1.csv,external_csv,NA,NA,NA,NA,NA,-31.8,127.8,ok,NA
1942,Leporillus apicalis,NA,THE ORIGINAL MAMMAL FAUNA OF THE NULLARB0R locations_1.csv,external_csv,NA,NA,NA,NA,NA,-31.8,127.7,ok,NA
1943,Leporillus apicalis,NA,THE ORIGINAL MAMMAL FAUNA OF THE NULLARB0R locations_1.csv,external_csv,NA,NA,NA,NA,NA,-32.2,125.9,ok,NA
1944,Leporillus apicalis,NA,THE ORIGINAL MAMMAL FAUNA OF THE NULLARB0R locations_1.csv,external_csv,NA,NA,NA,NA,NA,-32,127,ok,NA
1945,Leporillus apicalis,NA,THE ORIGINAL MAMMAL FAUNA OF THE NULLARB0R locations_1.csv,external_csv,NA,NA,NA,NA,NA,-32.6,124.8,ok,NA
1946,Leporillus apicalis,NA,THE ORIGINAL MAMMAL FAUNA OF THE NULLARB0R locations_1.csv,external_csv,NA,NA,NA,NA,NA,-32.1,126.2,ok,NA
1947,Leporillus apicalis,NA,THE ORIGINAL MAMMAL FAUNA OF THE NULLARB0R locations_1.csv,external_csv,NA,NA,"Granite rock 8 km N. of Mount Andrew, Large crescentic open cave on northern flank of rock",NA,NA,-32.6,122.9,ok,NA
1948,Leporillus apicalis,NA,THE ORIGINAL MAMMAL FAUNA OF THE NULLARB0R locations_1.csv,external_csv,NA,NA,Small cave near top of cliff face at extreme east end of Wylie Scarp (where it swings seaward to become Baxter Cliffs),NA,NA,-32.9,124.5,ok,NA
1949,Leporillus apicalis,NA,THE ORIGINAL MAMMAL FAUNA OF THE NULLARB0R locations_1.csv,external_csv,NA,NA,Combined sample from three caves: large open cave on E. slope of N. spur; high open cave near top W. slope N. spur; and small sheet erosion cave on S.H. slope S. spur.,NA,NA,-32.9,121.2,ok,NA
1950,Leporillus apicalis,NA,THE ORIGINAL MAMMAL FAUNA OF THE NULLARB0R locations_1.csv,external_csv,NA,NA,NA,NA,NA,-33.4,136.2,ok,NA
