latitude,longitude,time_bp
-32.95,118.966667,1
-32,122.8333,1
-32,122.8333,1
-32,122.8333,1
-31.33176,137.34019,1
-31.2992,137.4833,1
-31.083334,141.7,1
-30.97789,137.22705,1
-30.96017,132.22879,1
-30.96017,132.22879,1
-30.92031,132.21042,1
-30.917,132.20253,1
-30.86206,132.17325,1
-30.86206,132.17325,1
-30.77983,135.5959,1
-30.77027,135.58789,1
-30.76348,135.60524,1
-30.75573,135.54851,1
-30.74985,135.58543,1
-30.6849,135.54724,1
-30.6849,135.54724,1
-30.6849,135.54724,1
-30.58294,135.56431,1
-30.58294,135.56431,1
-30.58294,135.56431,1
-30.54192,135.57423,1
-30.54192,135.57423,1
-30.54192,135.57423,1
-30.53216,135.54828,1
-30.53194,135.54829,1
-30.53194,135.54829,1
-30.53194,135.54829,1
-30.52884,135.57469,1
-30.52884,135.57469,1
-30.527968,135.554724,1
-30.52766,135.5552,1
-30.5268,135.56576,1
-30.5132,135.53196,1
-30.5,127.05,1
-30.5,127.05,1
-30.5,127.05,1
-30.5,127.05,1
-30.5,127.05,1
-30.5,127.05,1
-30.5,127.05,1
-30.5,127.05,1
-30.48583,135.54146,1
-30.48557,135.5412,1
-30.48557,135.5412,1
-30.48,136.88,1
-30.46027,136.86251,1
-30.45976,131.83514,1
-30.45,131.83,1
-30.45,131.83,1
-30.44379,137.82975,1
-30.4436,137.8297,1
-30.4436,137.8297,1
-30.44,136.873056,1
-30.44,136.873056,1
-30.43713,136.86152,1
-30.43713,136.86152,1
-30.43713,136.86152,1
-30.43621,136.87819,1
-30.43621,136.87819,1
-30.43621,136.87819,1
-30.43621,136.87819,1
-30.43621,136.87819,1
-30.43,135.4786,1
-30.43,135.4786,1
-30.429167,123.575,1
-30.429167,123.575,1
-30.42814,136.95039,1
-30.41387,136.87101,1
-30.41387,136.87101,1
-30.4072,136.8706,1
-30.4072,136.8706,1
-30.39817,136.86667,1
-30.39817,136.86667,1
-30.39817,136.86667,1
-30.39817,136.86667,1
-30.39817,136.86667,1
-30.39762,136.84666,1
-30.39762,136.84666,1
-30.39748,136.85656,1
-30.39748,136.85656,1
-30.39748,136.85656,1
-30.39748,136.85656,1
-30.39748,136.85656,1
-30.39748,136.85656,1
-30.39748,136.85656,1
-30.39572,136.84277,1
-30.39572,136.84277,1
-30.39572,136.84277,1
-30.39572,136.84277,1
-30.3957,136.84281,1
-30.3957,136.84281,1
-30.39399,136.85348,1
-30.39399,136.85348,1
-30.39399,136.85348,1
-30.39399,136.85348,1
-30.39399,136.85348,1
-30.39399,136.85348,1
-30.39399,136.85348,1
-30.39399,136.85348,1
-30.39399,136.85348,1
-30.39399,136.85348,1
-30.39399,136.85348,1
-30.39399,136.85348,1
-30.39399,136.85348,1
-30.39399,136.85348,1
-30.39373,136.85378,1
-30.39373,136.85378,1
-30.39373,136.85378,1
-30.39373,136.85378,1
-30.39373,136.85378,1
-30.39373,136.85378,1
-30.39373,136.85378,1
-30.39373,136.85378,1
-30.39373,136.85378,1
-30.39373,136.85378,1
-30.39373,136.85378,1
-30.39373,136.85378,1
-30.39373,136.85378,1
-30.39373,136.85378,1
-30.39373,136.85378,1
-30.39373,136.85378,1
-30.39373,136.85378,1
-30.39373,136.85378,1
-30.39373,136.85378,1
-30.39373,136.85378,1
-30.39373,136.85378,1
-30.39373,136.85378,1
-30.39291,136.92431,1
-30.39275,136.92454,1
-30.39275,136.92454,1
-30.39275,136.92454,1
-30.39275,136.92454,1
-30.39275,136.92454,1
-30.39275,136.92454,1
-30.39275,136.92454,1
-30.39275,136.92454,1
-30.39275,136.92454,1
-30.39275,136.92454,1
-30.39275,136.92454,1
-30.39275,136.92454,1
-30.38842,136.84649,1
-30.38842,136.84649,1
-30.38839,136.84864,1
-30.38839,136.84864,1
-30.38839,136.84864,1
-30.38839,136.84864,1
-30.38839,136.84864,1
-30.38839,136.84864,1
-30.38839,136.84864,1
-30.38839,136.84864,1
-30.38839,136.84864,1
-30.38839,136.84864,1
-30.38839,136.84864,1
-30.38839,136.84864,1
-30.38839,136.84864,1
-30.38839,136.84864,1
-30.38839,136.84864,1
-30.38839,136.84864,1
-30.38839,136.84864,1
-30.38839,136.84864,1
-30.38839,136.84864,1
-30.38839,136.84864,1
-30.38839,136.84864,1
-30.38839,136.84864,1
-30.38839,136.84864,1
-30.38839,136.84864,1
-30.38839,136.84864,1
-30.38823,136.85997,1
-30.38823,136.85997,1
-30.38823,136.85997,1
-30.38784,136.92842,1
-30.38784,136.92842,1
-30.38784,136.92842,1
-30.38784,136.92842,1
-30.38784,136.92842,1
-30.38784,136.92842,1
-30.38784,136.92842,1
-30.38784,136.92842,1
-30.38784,136.92842,1
-30.38784,136.92842,1
-30.38784,136.92842,1
-30.38784,136.92842,1
-30.38784,136.92842,1
-30.38784,136.92842,1
-30.38781,136.92844,1
-30.38781,136.92844,1
-30.38781,136.92844,1
-30.38781,136.92844,1
-30.38781,136.92844,1
-30.38723,136.83941,1
-30.38723,136.83941,1
-30.38723,136.83941,1
-30.38723,136.83941,1
-30.38723,136.83941,1
-30.38723,136.83941,1
-30.38723,136.83941,1
-30.38723,136.83941,1
-30.38723,136.83941,1
-30.38723,136.83941,1
-30.38723,136.83941,1
-30.38721,136.83992,1
-30.38721,136.83992,1
-30.38721,136.83992,1
-30.38721,136.83992,1
-30.38587,136.84853,1
-30.38587,136.84853,1
-30.38587,136.84853,1
-30.38587,136.84853,1
-30.38587,136.84853,1
-30.38587,136.84853,1
-30.38587,136.84853,1
-30.38587,136.84853,1
-30.38587,136.84853,1
-30.38566,136.84907,1
-30.38566,136.84907,1
-30.38566,136.84907,1
-30.38566,136.84907,1
-30.38566,136.84907,1
-30.38566,136.84907,1
-30.38566,136.84907,1
-30.38566,136.84907,1
-30.38566,136.84907,1
-30.38566,136.84907,1
-30.38566,136.84907,1
-30.38566,136.84907,1
-30.38566,136.84907,1
-30.38566,136.84907,1
-30.38566,136.84907,1
-30.38566,136.84907,1
-30.38566,136.84907,1
-30.38566,136.84907,1
-30.38566,136.84907,1
-30.38566,136.84907,1
-30.38566,136.84907,1
-30.38566,136.84907,1
-30.38566,136.84907,1
-30.38566,136.84907,1
-30.38566,136.84907,1
-30.38566,136.84907,1
-30.38566,136.84907,1
-30.38566,136.84907,1
-30.38566,136.84907,1
-30.38566,136.84907,1
-30.38566,136.84907,1
-30.38566,136.84907,1
-30.38566,136.84907,1
-30.38565,136.84836,1
-30.38465,136.90119,1
-30.38462,136.9012,1
-30.38452,136.90115,1
-30.38451,136.90118,1
-30.38438,136.90116,1
-30.38424,136.90751,1
-30.38288,136.89758,1
-30.38288,136.89802,1
-30.38288,136.89758,1
-30.38288,136.89758,1
-30.38288,136.89758,1
-30.38288,136.89758,1
-30.38288,136.89758,1
-30.38288,136.89758,1
-30.38288,136.89758,1
-30.38288,136.89758,1
-30.38288,136.89758,1
-30.38288,136.89802,1
-30.38288,136.89758,1
-30.38288,136.89758,1
-30.38288,136.89758,1
-30.38288,136.89758,1
-30.38288,136.89758,1
-30.38288,136.89758,1
-30.38288,136.89758,1
-30.38288,136.89758,1
-30.38288,136.89758,1
-30.38288,136.89758,1
-30.38288,136.89758,1
-30.38288,136.89758,1
-30.38288,136.89758,1
-30.38288,136.89758,1
-30.38288,136.89758,1
-30.38288,136.89758,1
-30.38288,136.89758,1
-30.38288,136.89758,1
-30.38288,136.89758,1
-30.38288,136.89758,1
-30.38288,136.89802,1
-30.38288,136.89802,1
-30.38288,136.89802,1
-30.38288,136.89758,1
-30.38288,136.89758,1
-30.38288,136.89802,1
-30.38288,136.89802,1
-30.38288,136.89758,1
-30.38288,136.89758,1
-30.38288,136.89758,1
-30.38288,136.89758,1
-30.38288,136.89758,1
-30.38288,136.89758,1
-30.38288,136.89758,1
-30.38288,136.89802,1
-30.38288,136.89758,1
-30.38288,136.89802,1
-30.38288,136.89758,1
-30.38288,136.89758,1
-30.38288,136.89802,1
-30.38288,136.89802,1
-30.38288,136.89802,1
-30.38288,136.89802,1
-30.38288,136.89802,1
-30.38288,136.89758,1
-30.38288,136.89758,1
-30.38288,136.89758,1
-30.38288,136.89758,1
-30.38288,136.89758,1
-30.38288,136.89802,1
-30.38288,136.89802,1
-30.38288,136.89802,1
-30.38288,136.89758,1
-30.38288,136.89758,1
-30.38288,136.89758,1
-30.38288,136.89758,1
-30.38288,136.89802,1
-30.38288,136.89802,1
-30.38288,136.89802,1
-30.38288,136.89758,1
-30.38288,136.89758,1
-30.38288,136.89802,1
-30.38288,136.89802,1
-30.38288,136.89758,1
-30.38288,136.89758,1
-30.38288,136.89758,1
-30.38288,136.89758,1
-30.38288,136.89802,1
-30.38288,136.89802,1
-30.38288,136.89802,1
-30.38288,136.89802,1
-30.38288,136.89802,1
-30.38288,136.89802,1
-30.38288,136.89802,1
-30.38288,136.89802,1
-30.38288,136.89802,1
-30.38288,136.89758,1
-30.38288,136.89802,1
-30.38288,136.89758,1
-30.38288,136.89758,1
-30.38288,136.89758,1
-30.38288,136.89802,1
-30.38288,136.89802,1
-30.38288,136.89802,1
-30.38288,136.89802,1
-30.38288,136.89802,1
-30.38288,136.89802,1
-30.38288,136.89758,1
-30.38288,136.89758,1
-30.38288,136.89802,1
-30.38288,136.89758,1
-30.38288,136.89758,1
-30.38288,136.89758,1
-30.38288,136.89758,1
-30.3828,136.94534,1
-30.38268,136.89578,1
-30.38255,136.83738,1
-30.38255,136.83738,1
-30.38255,136.83738,1
-30.38255,136.83738,1
-30.38255,136.83738,1
-30.38255,136.83738,1
-30.38255,136.83738,1
-30.38255,136.83738,1
-30.38255,136.83738,1
-30.38255,136.83738,1
-30.38255,136.83738,1
-30.38255,136.83738,1
-30.38255,136.83738,1
-30.38255,136.83738,1
-30.38248,136.89854,1
-30.38248,136.89855,1
-30.38247,136.89564,1
-30.38243,136.89565,1
-30.3824,136.89609,1
-30.38223,136.8737,1
-30.3822,136.89594,1
-30.38209,136.89777,1
-30.38197,136.87744,1
-30.38197,136.87744,1
-30.38197,136.87744,1
-30.38197,136.87744,1
-30.38197,136.87744,1
-30.38197,136.87744,1
-30.38197,136.87744,1
-30.38197,135.5858,1
-30.38192,136.86288,1
-30.38167,136.89824,1
-30.38158,136.89415,1
-30.3815,136.88686,1
-30.38133,136.90075,1
-30.38112,136.84019,1
-30.38098,136.84743,1
-30.38098,136.84743,1
-30.38098,136.84743,1
-30.38098,136.84743,1
-30.38098,136.84743,1
-30.38043,136.902588,1
-30.37961,136.84756,1
-30.37957,136.84764,1
-30.37956,136.84762,1
-30.37955,136.84792,1
-30.37954,136.83857,1
-30.37954,136.83857,1
-30.37954,136.83857,1
-30.37954,136.83857,1
-30.37954,136.83857,1
-30.37954,136.83857,1
-30.37942,136.83844,1
-30.37942,136.83844,1
-30.37933,136.8486,1
-30.3793,136.8462,1
-30.3793,136.8462,1
-30.3793,136.8462,1
-30.3793,136.8462,1
-30.3793,136.8462,1
-30.3793,136.8462,1
-30.3793,136.8462,1
-30.3793,136.8462,1
-30.3793,136.8462,1
-30.3793,136.8462,1
-30.3793,136.8462,1
-30.3793,136.8462,1
-30.3793,136.8462,1
-30.3793,136.8462,1
-30.3793,136.8462,1
-30.3793,136.8462,1
-30.3793,136.8462,1
-30.3793,136.8462,1
-30.3793,136.8462,1
-30.3793,136.8462,1
-30.3793,136.8462,1
-30.3793,136.8462,1
-30.3793,136.8462,1
-30.3793,136.8462,1
-30.3793,136.8462,1
-30.3793,136.8462,1
-30.3793,136.8462,1
-30.3793,136.8462,1
-30.3793,136.8462,1
-30.3793,136.8462,1
-30.3793,136.8462,1
-30.3793,136.8462,1
-30.37928,136.84622,1
-30.37928,136.84622,1
-30.37928,136.84622,1
-30.37928,136.84622,1
-30.37928,136.84622,1
-30.37928,136.84622,1
-30.37928,136.84622,1
-30.37928,136.84622,1
-30.37928,136.84622,1
-30.37928,136.84622,1
-30.37928,136.84622,1
-30.37928,136.84622,1
-30.37928,136.84622,1
-30.37928,136.84622,1
-30.37928,136.84622,1
-30.37928,136.84622,1
-30.37928,136.84622,1
-30.37928,136.84622,1
-30.37928,136.84622,1
-30.37928,136.84622,1
-30.37928,136.84622,1
-30.37928,136.84622,1
-30.37928,136.84622,1
-30.37928,136.84622,1
-30.37928,136.84622,1
-30.37928,136.84622,1
-30.37928,136.84622,1
-30.37916,136.84776,1
-30.37916,136.84776,1
-30.37916,136.84776,1
-30.37916,136.84776,1
-30.37916,136.84776,1
-30.37916,136.84776,1
-30.37916,136.84776,1
-30.37916,136.84776,1
-30.37916,136.84776,1
-30.37916,136.84776,1
-30.37916,136.84776,1
-30.37916,136.84776,1
-30.37916,136.84776,1
-30.37916,136.84776,1
-30.37916,136.84776,1
-30.37916,136.84776,1
-30.37916,136.84776,1
-30.37916,136.84776,1
-30.37916,136.84776,1
-30.37916,136.84776,1
-30.37916,136.84776,1
-30.37916,136.84776,1
-30.37916,136.84776,1
-30.37916,136.84776,1
-30.37916,136.84776,1
-30.37916,136.84776,1
-30.37916,136.84776,1
-30.37916,136.84776,1
-30.37916,136.84776,1
-30.37916,136.84776,1
-30.37916,136.84776,1
-30.37916,136.84776,1
-30.37916,136.84776,1
-30.37916,136.84776,1
-30.37916,136.84776,1
-30.37916,136.84776,1
-30.37916,136.84776,1
-30.37916,136.84776,1
-30.37916,136.84776,1
-30.37916,136.84776,1
-30.37916,136.84776,1
-30.37916,136.84776,1
-30.37916,136.84776,1
-30.37916,136.84776,1
-30.37916,136.84776,1
-30.37916,136.84776,1
-30.37916,136.84776,1
-30.37916,136.84776,1
-30.37916,136.84776,1
-30.37916,136.84776,1
-30.37916,136.84776,1
-30.37916,136.84776,1
-30.37916,136.84776,1
-30.37916,136.84776,1
-30.37916,136.84776,1
-30.37916,136.84776,1
-30.37916,136.84776,1
-30.37916,136.84776,1
-30.37916,136.84776,1
-30.37909,136.84755,1
-30.37909,136.84755,1
-30.37909,136.84755,1
-30.37909,136.84755,1
-30.37909,136.84755,1
-30.37909,136.84755,1
-30.37909,136.84755,1
-30.37909,136.84755,1
-30.37909,136.84755,1
-30.37909,136.84755,1
-30.37909,136.84755,1
-30.37909,136.84755,1
-30.37909,136.84755,1
-30.37909,136.84755,1
-30.37909,136.84755,1
-30.37909,136.84755,1
-30.37909,136.84755,1
-30.37909,136.84755,1
-30.37909,136.84755,1
-30.37909,136.84755,1
-30.37909,136.84755,1
-30.37909,136.84755,1
-30.37909,136.84755,1
-30.37909,136.84755,1
-30.37909,136.84755,1
-30.37909,136.84755,1
-30.37909,136.84755,1
-30.37909,136.84755,1
-30.37909,136.84755,1
-30.37909,136.84755,1
-30.37909,136.84755,1
-30.37909,136.84755,1
-30.37909,136.84755,1
-30.37909,136.84755,1
-30.37909,136.84755,1
-30.37909,136.84755,1
-30.37909,136.84755,1
-30.37909,136.84755,1
-30.37909,136.84755,1
-30.37909,136.84755,1
-30.37861,136.8411,1
-30.37861,136.8411,1
-30.37806,136.90578,1
-30.37806,136.90578,1
-30.37806,136.90578,1
-30.37794,136.84845,1
-30.37794,136.84845,1
-30.37794,136.84845,1
-30.37788,136.84628,1
-30.37788,136.84628,1
-30.37788,136.84628,1
-30.37788,136.84628,1
-30.37788,136.84628,1
-30.37788,136.84628,1
-30.37788,136.84628,1
-30.37788,136.84628,1
-30.37788,136.84628,1
-30.37788,136.84628,1
-30.37788,136.84628,1
-30.37778,136.84629,1
-30.37778,136.84629,1
-30.37778,136.84629,1
-30.37778,136.84629,1
-30.37778,136.84629,1
-30.37778,136.84629,1
-30.37778,136.84629,1
-30.37778,136.84629,1
-30.37778,136.84629,1
-30.37778,136.84629,1
-30.37778,136.84629,1
-30.37778,136.84629,1
-30.37778,136.84629,1
-30.37778,136.84629,1
-30.37778,136.84629,1
-30.37778,136.84629,1
-30.37778,136.84629,1
-30.37778,136.84629,1
-30.37778,136.84629,1
-30.37778,136.84629,1
-30.37778,136.84629,1
-30.37778,136.84629,1
-30.37778,136.84629,1
-30.37778,136.84629,1
-30.37778,136.84629,1
-30.37778,136.84629,1
-30.37778,136.84629,1
-30.37778,136.84629,1
-30.37778,136.84629,1
-30.37778,136.84629,1
-30.37778,136.84629,1
-30.37778,136.84629,1
-30.37778,136.84629,1
-30.37778,136.84629,1
-30.37778,136.84629,1
-30.37778,136.84629,1
-30.37778,136.84629,1
-30.37778,136.84629,1
-30.37778,136.84629,1
-30.37778,136.84629,1
-30.37778,136.84629,1
-30.37778,136.84629,1
-30.37778,136.84629,1
-30.37778,136.84629,1
-30.37778,136.84629,1
-30.37778,136.84629,1
-30.37778,136.84629,1
-30.37778,136.84629,1
-30.37778,136.84629,1
-30.37778,136.84629,1
-30.37778,136.84629,1
-30.37778,136.84629,1
-30.37778,136.84629,1
-30.37778,136.84629,1
-30.37778,136.84629,1
-30.37778,136.84629,1
-30.37725,136.89703,1
-30.37725,136.89703,1
-30.37725,136.89703,1
-30.37725,136.89703,1
-30.37725,136.89703,1
-30.37725,136.89703,1
-30.37725,136.89699,1
-30.37725,136.89703,1
-30.37725,136.89703,1
-30.37725,136.89699,1
-30.37725,136.89699,1
-30.37725,136.89703,1
-30.37725,136.89703,1
-30.37725,136.89703,1
-30.37725,136.89703,1
-30.37725,136.89703,1
-30.37725,136.89703,1
-30.37725,136.89703,1
-30.37725,136.89703,1
-30.37725,136.89703,1
-30.37725,136.89703,1
-30.37725,136.89703,1
-30.37725,136.89703,1
-30.37725,136.89703,1
-30.37725,136.89703,1
-30.37725,136.89703,1
-30.37725,136.89703,1
-30.37725,136.89703,1
-30.37725,136.89699,1
-30.37725,136.89703,1
-30.37725,136.89703,1
-30.37725,136.89699,1
-30.37725,136.89699,1
-30.37725,136.89703,1
-30.37725,136.89699,1
-30.37725,136.89699,1
-30.37725,136.89699,1
-30.37725,136.89703,1
-30.37725,136.89703,1
-30.37725,136.89703,1
-30.37725,136.89703,1
-30.37725,136.89703,1
-30.37725,136.89699,1
-30.37725,136.89699,1
-30.37725,136.89703,1
-30.37725,136.89703,1
-30.37725,136.89703,1
-30.37725,136.89703,1
-30.37725,136.89703,1
-30.37725,136.89703,1
-30.37725,136.89703,1
-30.37725,136.89703,1
-30.37725,136.89703,1
-30.37725,136.89703,1
-30.37725,136.89699,1
-30.37725,136.89699,1
-30.37725,136.89703,1
-30.37725,136.89703,1
-30.37725,136.89703,1
-30.37725,136.89703,1
-30.37725,136.89703,1
-30.37725,136.89703,1
-30.37725,136.89703,1
-30.37725,136.89703,1
-30.37725,136.89703,1
-30.37725,136.89703,1
-30.37725,136.89703,1
-30.37725,136.89703,1
-30.37725,136.89703,1
-30.37725,136.89703,1
-30.37725,136.89703,1
-30.37725,136.89703,1
-30.37725,136.89703,1
-30.37725,136.89703,1
-30.37725,136.89703,1
-30.37725,136.89703,1
-30.37725,136.89703,1
-30.37725,136.89703,1
-30.37725,136.89703,1
-30.37725,136.89703,1
-30.37725,136.89703,1
-30.37725,136.89703,1
-30.37725,136.89703,1
-30.37725,136.89703,1
-30.37725,136.89703,1
-30.37725,136.89703,1
-30.37725,136.89703,1
-30.37725,136.89703,1
-30.37725,136.89703,1
-30.37725,136.89703,1
-30.37725,136.89703,1
-30.37725,136.89703,1
-30.37725,136.89703,1
-30.37725,136.89703,1
-30.37725,136.89703,1
-30.37725,136.89703,1
-30.37725,136.89703,1
-30.37725,136.89699,1
-30.37725,136.89703,1
-30.37725,136.89703,1
-30.37725,136.89703,1
-30.37725,136.89703,1
-30.37725,136.89703,1
-30.37725,136.89703,1
-30.37725,136.89703,1
-30.37725,136.89703,1
-30.37725,136.89703,1
-30.37725,136.89703,1
-30.37725,136.89703,1
-30.37725,136.89703,1
-30.37725,136.89703,1
-30.37725,136.89703,1
-30.37725,136.89703,1
-30.37725,136.89703,1
-30.37725,136.89699,1
-30.37725,136.89703,1
-30.37725,136.89703,1
-30.37725,136.89703,1
-30.37725,136.89703,1
-30.37725,136.89703,1
-30.37725,136.89703,1
-30.37725,136.89703,1
-30.376,136.8963,1
-30.37571,136.89724,1
-30.37417,136.86048,1
-30.37417,136.86048,1
-30.37417,136.86048,1
-30.37391,136.84622,1
-30.37372,136.8597,1
-30.37372,136.8597,1
-30.37372,136.8597,1
-30.37372,136.8597,1
-30.37372,136.8597,1
-30.37371,136.86023,1
-30.37371,136.86023,1
-30.37371,136.86023,1
-30.37371,136.86023,1
-30.37371,136.86023,1
-30.37371,136.86023,1
-30.37371,136.86023,1
-30.37371,136.86023,1
-30.37371,136.86023,1
-30.37371,136.86023,1
-30.37371,136.86023,1
-30.37371,136.86023,1
-30.37371,136.86023,1
-30.37371,136.86023,1
-30.37371,136.86023,1
-30.37371,136.86023,1
-30.37371,136.86023,1
-30.37371,136.86023,1
-30.37371,136.86023,1
-30.37371,136.86023,1
-30.37371,136.86023,1
-30.37371,136.86023,1
-30.37371,136.86023,1
-30.37371,136.86023,1
-30.37371,136.86023,1
-30.37371,136.86023,1
-30.37371,136.86023,1
-30.37371,136.86023,1
-30.37371,136.86023,1
-30.37371,136.86023,1
-30.37371,136.86023,1
-30.37371,136.86023,1
-30.37371,136.86023,1
-30.37371,136.86023,1
-30.37371,136.86023,1
-30.37371,136.86023,1
-30.37371,136.86023,1
-30.37371,136.86023,1
-30.373,136.85968,1
-30.373,136.85968,1
-30.373,136.85968,1
-30.373,136.85968,1
-30.373,136.85968,1
-30.373,136.85968,1
-30.373,136.85968,1
-30.373,136.85968,1
-30.373,136.85968,1
-30.373,136.85968,1
-30.373,136.85968,1
-30.373,136.85968,1
-30.373,136.85968,1
-30.373,136.85968,1
-30.373,136.85968,1
-30.373,136.85968,1
-30.373,136.85968,1
-30.373,136.85968,1
-30.373,136.85968,1
-30.373,136.85968,1
-30.373,136.85968,1
-30.373,136.85968,1
-30.373,136.85968,1
-30.373,136.85968,1
-30.373,136.85968,1
-30.373,136.85968,1
-30.373,136.85968,1
-30.373,136.85968,1
-30.373,136.85968,1
-30.373,136.85968,1
-30.373,136.85968,1
-30.373,136.85968,1
-30.373,136.85968,1
-30.373,136.85968,1
-30.373,136.85968,1
-30.373,136.85968,1
-30.373,136.85968,1
-30.373,136.85968,1
-30.373,136.85968,1
-30.373,136.85968,1
-30.373,136.85968,1
-30.373,136.85968,1
-30.373,136.85968,1
-30.373,136.85968,1
-30.373,136.85968,1
-30.373,136.85968,1
-30.373,136.85968,1
-30.373,136.85968,1
-30.373,136.85968,1
-30.373,136.85968,1
-30.373,136.85968,1
-30.373,136.85968,1
-30.373,136.85968,1
-30.373,136.85968,1
-30.373,136.85968,1
-30.373,136.85968,1
-30.373,136.85968,1
-30.373,136.85968,1
-30.373,136.85968,1
-30.373,136.85968,1
-30.373,136.85968,1
-30.373,136.85968,1
-30.373,136.85968,1
-30.373,136.85968,1
-30.373,136.85968,1
-30.373,136.85968,1
-30.373,136.85968,1
-30.373,136.85968,1
-30.373,136.85968,1
-30.373,136.85968,1
-30.373,136.85968,1
-30.373,136.85968,1
-30.373,136.85968,1
-30.373,136.85968,1
-30.373,136.85968,1
-30.373,136.85968,1
-30.373,136.85968,1
-30.373,136.85968,1
-30.373,136.85968,1
-30.373,136.85968,1
-30.373,136.85968,1
-30.373,136.85968,1
-30.373,136.85968,1
-30.373,136.85968,1
-30.373,136.85968,1
-30.373,136.85968,1
-30.373,136.85968,1
-30.373,136.85968,1
-30.37289,136.8596,1
-30.37289,136.8596,1
-30.37289,136.8596,1
-30.37289,136.8596,1
-30.37228,136.86454,1
-30.37228,136.86454,1
-30.37228,136.86454,1
-30.37228,136.86454,1
-30.37228,136.86454,1
-30.370822,136.888626,1
-30.370737,136.889175,1
-30.370658,136.889038,1
-30.37048,136.88873,1
-30.37048,136.88873,1
-30.37048,136.88873,1
-30.37048,136.88873,1
-30.37048,136.88873,1
-30.37048,136.88873,1
-30.37048,136.88873,1
-30.37048,136.88873,1
-30.37048,136.88873,1
-30.37048,136.88873,1
-30.37048,136.88873,1
-30.37048,136.88873,1
-30.37048,136.88873,1
-30.37048,136.88873,1
-30.37048,136.88873,1
-30.37048,136.88873,1
-30.37048,136.88873,1
-30.37048,136.88873,1
-30.37048,136.88873,1
-30.37048,136.88873,1
-30.37048,136.88873,1
-30.37048,136.88873,1
-30.37048,136.88873,1
-30.37048,136.88873,1
-30.37048,136.88873,1
-30.37048,136.88873,1
-30.37048,136.88873,1
-30.37048,136.88873,1
-30.37048,136.88873,1
-30.37048,136.88873,1
-30.37048,136.88873,1
-30.37048,136.88873,1
-30.37048,136.88873,1
-30.37048,136.88873,1
-30.37048,136.88873,1
-30.37048,136.88873,1
-30.37048,136.88873,1
-30.37048,136.88873,1
-30.37048,136.88873,1
-30.37045,136.88875,1
-30.37045,136.88875,1
-30.37045,136.88875,1
-30.37045,136.88875,1
-30.37045,136.88875,1
-30.37045,136.88875,1
-30.37045,136.88875,1
-30.37045,136.88875,1
-30.37045,136.88875,1
-30.37045,136.88875,1
-30.37045,136.88875,1
-30.37045,136.88875,1
-30.37045,136.88875,1
-30.37045,136.88875,1
-30.37045,136.88875,1
-30.37045,136.88875,1
-30.37045,136.88875,1
-30.37045,136.88875,1
-30.37045,136.88875,1
-30.37045,136.88875,1
-30.37045,136.88875,1
-30.37045,136.88875,1
-30.37045,136.88875,1
-30.37045,136.88875,1
-30.37045,136.88875,1
-30.37045,136.88875,1
-30.37045,136.88875,1
-30.37045,136.88875,1
-30.37045,136.88875,1
-30.37045,136.88875,1
-30.37045,136.88875,1
-30.37045,136.88875,1
-30.37045,136.88875,1
-30.37045,136.88875,1
-30.37045,136.88875,1
-30.37045,136.88875,1
-30.37045,136.88875,1
-30.37045,136.88875,1
-30.37045,136.88875,1
-30.37045,136.88875,1
-30.37045,136.88875,1
-30.37045,136.88875,1
-30.37045,136.88875,1
-30.37045,136.88875,1
-30.37045,136.88875,1
-30.37045,136.88875,1
-30.37045,136.88875,1
-30.37045,136.88875,1
-30.37045,136.88875,1
-30.37045,136.88875,1
-30.37045,136.88875,1
-30.37045,136.88875,1
-30.37045,136.88875,1
-30.37045,136.88875,1
-30.37045,136.88875,1
-30.37045,136.88875,1
-30.37045,136.88875,1
-30.37045,136.88875,1
-30.37045,136.88875,1
-30.37045,136.88875,1
-30.37045,136.88875,1
-30.37045,136.88875,1
-30.37045,136.88875,1
-30.37045,136.88875,1
-30.37045,136.88875,1
-30.37045,136.88875,1
-30.37045,136.88875,1
-30.37045,136.88875,1
-30.37045,136.88875,1
-30.37045,136.88875,1
-30.37045,136.88875,1
-30.37045,136.88875,1
-30.37045,136.88875,1
-30.37045,136.88875,1
-30.37045,136.88875,1
-30.37045,136.88875,1
-30.37045,136.88875,1
-30.37045,136.88875,1
-30.37045,136.88875,1
-30.37045,136.88875,1
-30.37045,136.88875,1
-30.37045,136.88875,1
-30.37045,136.88875,1
-30.37045,136.88875,1
-30.37045,136.88875,1
-30.37045,136.88875,1
-30.37045,136.88875,1
-30.37045,136.88875,1
-30.37045,136.88875,1
-30.37045,136.88875,1
-30.37007,136.87232,1
-30.37007,136.87232,1
-30.37007,136.87232,1
-30.37007,136.87232,1
-30.37007,136.87232,1
-30.37007,136.87232,1
-30.37007,136.87232,1
-30.37007,136.87232,1
-30.37007,136.87232,1
-30.37007,136.87232,1
-30.37007,136.87232,1
-30.37007,136.87232,1
-30.37007,136.87232,1
-30.37007,136.87232,1
-30.37007,136.87232,1
-30.37007,136.87232,1
-30.37007,136.87232,1
-30.37007,136.87232,1
-30.37007,136.87232,1
-30.37007,136.87232,1
-30.37007,136.87232,1
-30.37007,136.87232,1
-30.37007,136.87232,1
-30.37007,136.87232,1
-30.37007,136.87232,1
-30.37007,136.87232,1
-30.37007,136.87232,1
-30.37007,136.87232,1
-30.37007,136.87232,1
-30.37007,136.87232,1
-30.37007,136.87232,1
-30.37007,136.87232,1
-30.37007,136.87232,1
-30.37007,136.87232,1
-30.37007,136.87232,1
-30.37007,136.87232,1
-30.37007,136.87232,1
-30.37007,136.87232,1
-30.37007,136.87232,1
-30.37007,136.87232,1
-30.37007,136.87232,1
-30.37007,136.87232,1
-30.37007,136.87232,1
-30.37007,136.87232,1
-30.37007,136.87232,1
-30.37007,136.87232,1
-30.37007,136.87232,1
-30.37007,136.87232,1
-30.37007,136.87232,1
-30.37007,136.87232,1
-30.37007,136.87232,1
-30.37007,136.87232,1
-30.37007,136.87232,1
-30.37007,136.87232,1
-30.37007,136.87232,1
-30.37007,136.87232,1
-30.37007,136.87232,1
-30.37007,136.87232,1
-30.37007,136.87232,1
-30.37007,136.87232,1
-30.37007,136.87232,1
-30.37007,136.87232,1
-30.37007,136.87232,1
-30.37007,136.87232,1
-30.37007,136.87232,1
-30.37006,136.87236,1
-30.37006,136.87236,1
-30.37006,136.87236,1
-30.37006,136.87236,1
-30.37006,136.87236,1
-30.37006,136.87236,1
-30.37006,136.87236,1
-30.37006,136.87236,1
-30.37006,136.87236,1
-30.37006,136.87236,1
-30.37006,136.87236,1
-30.37006,136.87236,1
-30.37006,136.87236,1
-30.37006,136.87236,1
-30.37006,136.87236,1
-30.37006,136.87236,1
-30.37006,136.87236,1
-30.37006,136.87236,1
-30.37006,136.87236,1
-30.37006,136.87236,1
-30.37006,136.87236,1
-30.37006,136.87236,1
-30.37006,136.87236,1
-30.37006,136.87236,1
-30.37006,136.87236,1
-30.37006,136.87236,1
-30.37006,136.87236,1
-30.37006,136.87236,1
-30.37,136.8833,1
-30.36801,136.89389,1
-30.368,136.89381,1
-30.36718,136.85957,1
-30.36718,136.85957,1
-30.36718,136.85957,1
-30.36718,136.85957,1
-30.3669,136.8489,1
-30.3669,136.8489,1
-30.3669,136.8489,1
-30.3669,136.8489,1
-30.3669,136.8489,1
-30.3669,136.8489,1
-30.3669,136.8489,1
-30.3669,136.8489,1
-30.3669,136.8489,1
-30.3669,136.8489,1
-30.3669,136.8489,1
-30.3669,136.8489,1
-30.3669,136.8489,1
-30.3669,136.8489,1
-30.3669,136.8489,1
-30.3669,136.8489,1
-30.3669,136.8489,1
-30.3669,136.8489,1
-30.3669,136.8489,1
-30.3669,136.8489,1
-30.3669,136.8489,1
-30.3669,136.8489,1
-30.3669,136.8489,1
-30.3669,136.8489,1
-30.3669,136.8489,1
-30.3669,136.8489,1
-30.3669,136.8489,1
-30.3669,136.8489,1
-30.3669,136.8489,1
-30.36673,136.89087,1
-30.36673,136.89087,1
-30.36673,136.89087,1
-30.36673,136.89087,1
-30.36673,136.89087,1
-30.36673,136.89087,1
-30.36673,136.89087,1
-30.36673,136.89087,1
-30.36673,136.89087,1
-30.36673,136.89087,1
-30.36673,136.89087,1
-30.36673,136.89087,1
-30.36673,136.89087,1
-30.36673,136.89087,1
-30.36673,136.89087,1
-30.36673,136.89087,1
-30.36673,136.89087,1
-30.36673,136.89087,1
-30.36673,136.89087,1
-30.36673,136.89087,1
-30.36673,136.89087,1
-30.36673,136.89087,1
-30.36673,136.89087,1
-30.36673,136.89087,1
-30.36673,136.89087,1
-30.36673,136.89087,1
-30.36673,136.89087,1
-30.36673,136.89087,1
-30.36673,136.89087,1
-30.36673,136.89087,1
-30.36673,136.89087,1
-30.36673,136.89087,1
-30.36673,136.89087,1
-30.36673,136.89087,1
-30.36673,136.89087,1
-30.36673,136.89087,1
-30.36673,136.89087,1
-30.36673,136.89087,1
-30.36673,136.89087,1
-30.36673,136.89087,1
-30.36673,136.89087,1
-30.36673,136.89087,1
-30.36673,136.89087,1
-30.36673,136.89087,1
-30.36673,136.89087,1
-30.36673,136.89087,1
-30.36673,136.89087,1
-30.36673,136.89087,1
-30.36673,136.89087,1
-30.36673,136.89087,1
-30.36673,136.89087,1
-30.36673,136.89087,1
-30.36673,136.89087,1
-30.36673,136.89087,1
-30.36673,136.89087,1
-30.36673,136.89087,1
-30.36673,136.89087,1
-30.36673,136.89087,1
-30.36673,136.89087,1
-30.36673,136.89087,1
-30.36673,136.89087,1
-30.36673,136.89087,1
-30.36673,136.89087,1
-30.36673,136.89087,1
-30.36673,136.89087,1
-30.36673,136.89087,1
-30.36673,136.89087,1
-30.36673,136.89087,1
-30.36673,136.89087,1
-30.36673,136.89087,1
-30.36673,136.89087,1
-30.36673,136.89087,1
-30.36673,136.89087,1
-30.36673,136.89087,1
-30.36673,136.89087,1
-30.36673,136.89087,1
-30.36673,136.89087,1
-30.36673,136.89087,1
-30.36673,136.89087,1
-30.36673,136.89087,1
-30.36673,136.89087,1
-30.36673,136.89087,1
-30.36673,136.89087,1
-30.36673,136.89087,1
-30.36673,136.89087,1
-30.36673,136.89087,1
-30.36673,136.89087,1
-30.36673,136.89087,1
-30.36673,136.89087,1
-30.36673,136.89087,1
-30.36673,136.89087,1
-30.36673,136.89087,1
-30.36673,136.89087,1
-30.36673,136.89087,1
-30.36673,136.89087,1
-30.36673,136.89087,1
-30.36673,136.89087,1
-30.36673,136.89087,1
-30.36673,136.89087,1
-30.36673,136.89087,1
-30.36673,136.89087,1
-30.36673,136.89087,1
-30.36673,136.89087,1
-30.36673,136.89087,1
-30.36673,136.89087,1
-30.36673,136.89087,1
-30.36673,136.89087,1
-30.36673,136.89087,1
-30.36673,136.89087,1
-30.36673,136.89087,1
-30.36673,136.89087,1
-30.36673,136.89087,1
-30.36673,136.89087,1
-30.36673,136.89087,1
-30.36673,136.89087,1
-30.36673,136.89087,1
-30.36673,136.89087,1
-30.36669,136.89112,1
-30.36669,136.89112,1
-30.36669,136.89112,1
-30.36669,136.89112,1
-30.36669,136.89112,1
-30.36669,136.89112,1
-30.36669,136.89112,1
-30.36669,136.89112,1
-30.36669,136.89112,1
-30.36669,136.89112,1
-30.36669,136.89112,1
-30.36669,136.89112,1
-30.36669,136.89112,1
-30.36669,136.89112,1
-30.36669,136.89112,1
-30.36669,136.89112,1
-30.36669,136.89112,1
-30.36669,136.89112,1
-30.36669,136.89112,1
-30.36669,136.89112,1
-30.36669,136.89112,1
-30.36669,136.89112,1
-30.36669,136.89112,1
-30.36669,136.89112,1
-30.36669,136.89112,1
-30.36669,136.89112,1
-30.36669,136.89112,1
-30.36669,136.89112,1
-30.36669,136.89112,1
-30.36669,136.89112,1
-30.36669,136.89112,1
-30.36669,136.89112,1
-30.36669,136.89112,1
-30.36669,136.89112,1
-30.36669,136.89112,1
-30.36656,136.84903,1
-30.36656,136.84903,1
-30.36656,136.84903,1
-30.36656,136.84903,1
-30.36656,136.84903,1
-30.36656,136.84903,1
-30.36656,136.84903,1
-30.36656,136.84903,1
-30.3663,136.89086,1
-30.36405,136.92364,1
-30.36405,136.92364,1
-30.36405,136.92364,1
-30.36405,136.92364,1
-30.36405,136.92364,1
-30.36405,136.92364,1
-30.36405,136.92364,1
-30.36404,136.92851,1
-30.36404,136.92851,1
-30.36404,136.92851,1
-30.36404,136.92851,1
-30.36404,136.92851,1
-30.364,136.92844,1
-30.364,136.92844,1
-30.364,136.92844,1
-30.364,136.92844,1
-30.36386,136.92352,1
-30.36386,136.92352,1
-30.36386,136.92352,1
-30.36386,136.92352,1
-30.36386,136.92352,1
-30.36386,136.92352,1
-30.36386,136.92352,1
-30.36386,136.92352,1
-30.36386,136.92352,1
-30.36386,136.92352,1
-30.36386,136.92352,1
-30.36386,136.92352,1
-30.36386,136.92352,1
-30.36386,136.92352,1
-30.36386,136.92352,1
-30.36278,136.84461,1
-30.36245,136.89654,1
-30.36216,136.84558,1
-30.36216,136.84558,1
-30.36216,136.84558,1
-30.36216,136.84558,1
-30.36216,136.84558,1
-30.36216,136.84558,1
-30.36216,136.84558,1
-30.36216,136.84558,1
-30.36205,136.84575,1
-30.36205,136.84575,1
-30.36205,136.84575,1
-30.36205,136.84575,1
-30.36205,136.84575,1
-30.36205,136.84575,1
-30.36205,136.84575,1
-30.36205,136.84575,1
-30.36205,136.84575,1
-30.36205,136.84575,1
-30.36205,136.84575,1
-30.36205,136.84575,1
-30.36205,136.84575,1
-30.36205,136.84575,1
-30.36205,136.84575,1
-30.36205,136.84575,1
-30.36205,136.84575,1
-30.36205,136.84575,1
-30.36205,136.84575,1
-30.36205,136.84575,1
-30.36205,136.84575,1
-30.36205,136.84575,1
-30.36205,136.84575,1
-30.36205,136.84575,1
-30.36205,136.84575,1
-30.36205,136.84575,1
-30.36205,136.84575,1
-30.36205,136.84575,1
-30.36205,136.84575,1
-30.36178,136.75299,1
-30.36075,136.85998,1
-30.36075,136.85998,1
-30.36075,136.85998,1
-30.36075,136.85998,1
-30.3604,136.88389,1
-30.3604,136.88389,1
-30.3604,136.88389,1
-30.3604,136.88389,1
-30.3604,136.88389,1
-30.3604,136.88389,1
-30.3604,136.88389,1
-30.3604,136.88389,1
-30.3604,136.88389,1
-30.3604,136.88389,1
-30.3604,136.88389,1
-30.3604,136.88389,1
-30.3604,136.88389,1
-30.3604,136.88389,1
-30.3604,136.88389,1
-30.3604,136.88389,1
-30.3604,136.88389,1
-30.3604,136.88389,1
-30.3604,136.88389,1
-30.3604,136.88389,1
-30.3604,136.88389,1
-30.3604,136.88389,1
-30.3604,136.88389,1
-30.3604,136.88389,1
-30.3604,136.88389,1
-30.3604,136.88389,1
-30.3604,136.88389,1
-30.3604,136.88389,1
-30.3604,136.88389,1
-30.3604,136.88389,1
-30.3604,136.88389,1
-30.3604,136.88389,1
-30.3604,136.88389,1
-30.3604,136.88389,1
-30.3604,136.88389,1
-30.3604,136.88389,1
-30.3604,136.88389,1
-30.3604,136.88389,1
-30.3604,136.88389,1
-30.3604,136.88389,1
-30.3604,136.88389,1
-30.3604,136.88389,1
-30.3604,136.88389,1
-30.3604,136.88389,1
-30.3604,136.88389,1
-30.3604,136.88389,1
-30.3604,136.88389,1
-30.3604,136.88389,1
-30.3604,136.88389,1
-30.3604,136.88389,1
-30.3604,136.88389,1
-30.3604,136.88389,1
-30.3604,136.88389,1
-30.3604,136.88389,1
-30.3604,136.88389,1
-30.3604,136.88389,1
-30.3604,136.88389,1
-30.3604,136.88389,1
-30.3604,136.88389,1
-30.3604,136.88389,1
-30.3604,136.88389,1
-30.3604,136.88389,1
-30.3604,136.88389,1
-30.3604,136.88389,1
-30.3604,136.88389,1
-30.3604,136.88389,1
-30.3604,136.88389,1
-30.3604,136.88389,1
-30.3604,136.88389,1
-30.3604,136.88389,1
-30.3604,136.88389,1
-30.3604,136.88389,1
-30.3604,136.88389,1
-30.3604,136.88389,1
-30.3604,136.88389,1
-30.3604,136.88389,1
-30.3604,136.88389,1
-30.3604,136.88389,1
-30.3604,136.88389,1
-30.3604,136.88389,1
-30.3604,136.88389,1
-30.3604,136.88389,1
-30.3604,136.88389,1
-30.3604,136.88389,1
-30.3604,136.88389,1
-30.3604,136.88389,1
-30.3604,136.88389,1
-30.3604,136.88389,1
-30.3604,136.88389,1
-30.3604,136.88389,1
-30.3604,136.88389,1
-30.3604,136.88389,1
-30.3604,136.88389,1
-30.3604,136.88389,1
-30.3604,136.88389,1
-30.3604,136.88389,1
-30.3604,136.88389,1
-30.3604,136.88389,1
-30.3604,136.88389,1
-30.3604,136.88389,1
-30.3604,136.88389,1
-30.3604,136.88389,1
-30.3604,136.88389,1
-30.3604,136.88389,1
-30.3604,136.88389,1
-30.3604,136.88389,1
-30.3604,136.88389,1
-30.3604,136.88389,1
-30.3604,136.88389,1
-30.3604,136.88389,1
-30.3604,136.88389,1
-30.3604,136.88389,1
-30.3604,136.88389,1
-30.3604,136.88389,1
-30.3604,136.88389,1
-30.3604,136.88389,1
-30.3604,136.88389,1
-30.3604,136.88389,1
-30.3604,136.88389,1
-30.3604,136.88389,1
-30.3604,136.88389,1
-30.3604,136.88389,1
-30.3604,136.88389,1
-30.3604,136.88389,1
-30.3604,136.88389,1
-30.3604,136.88389,1
-30.3604,136.88389,1
-30.3604,136.88389,1
-30.3604,136.88389,1
-30.3604,136.88389,1
-30.3604,136.88389,1
-30.36031,136.88384,1
-30.36031,136.88384,1
-30.36031,136.88384,1
-30.36031,136.88384,1
-30.36031,136.88384,1
-30.36031,136.88384,1
-30.36031,136.88384,1
-30.36031,136.88384,1
-30.36031,136.88384,1
-30.36031,136.88384,1
-30.36031,136.88384,1
-30.36031,136.88384,1
-30.36031,136.88384,1
-30.35977,137.99209,1
-30.35977,137.99209,1
-30.35977,137.99209,1
-30.3594,137.9919,1
-30.3594,137.9919,1
-30.35537,136.86837,1
-30.35537,136.86837,1
-30.35537,136.86837,1
-30.35537,136.86837,1
-30.35537,136.86837,1
-30.35537,136.86837,1
-30.35537,136.86837,1
-30.35515,136.87184,1
-30.35515,136.87184,1
-30.35515,136.87184,1
-30.35515,136.87184,1
-30.35515,136.87184,1
-30.35515,136.87184,1
-30.35515,136.87184,1
-30.35486,136.85259,1
-30.35486,136.85259,1
-30.35486,136.85259,1
-30.35486,136.85259,1
-30.35486,136.85259,1
-30.35486,136.85259,1
-30.35486,136.85259,1
-30.35486,136.85259,1
-30.35486,136.85259,1
-30.35486,136.85259,1
-30.35486,136.85259,1
-30.35486,136.85259,1
-30.35486,136.85259,1
-30.35486,136.85259,1
-30.35486,136.85259,1
-30.35486,136.85259,1
-30.35486,136.85259,1
-30.35486,136.85259,1
-30.35486,136.85259,1
-30.35486,136.85259,1
-30.35486,136.85259,1
-30.35486,136.85259,1
-30.35486,136.85259,1
-30.35486,136.85259,1
-30.35486,136.85259,1
-30.35486,136.85259,1
-30.35486,136.85259,1
-30.35486,136.85259,1
-30.35486,136.85259,1
-30.35486,136.85259,1
-30.35486,136.85259,1
-30.35486,136.85259,1
-30.35483,136.87646,1
-30.35483,136.87646,1
-30.35483,136.87646,1
-30.35483,136.87646,1
-30.35483,136.87646,1
-30.35476,136.85258,1
-30.35476,136.85258,1
-30.35476,136.85258,1
-30.35476,136.85258,1
-30.35476,136.85258,1
-30.35476,136.85258,1
-30.35476,136.85258,1
-30.35476,136.85258,1
-30.35476,136.85258,1
-30.35476,136.85258,1
-30.35476,136.85258,1
-30.35476,136.85258,1
-30.35476,136.85258,1
-30.35476,136.85258,1
-30.35476,136.85258,1
-30.35476,136.85258,1
-30.35476,136.85258,1
-30.35476,136.85258,1
-30.35476,136.85258,1
-30.35456,136.88171,1
-30.35456,136.88171,1
-30.35456,136.88171,1
-30.35456,136.88171,1
-30.35456,136.88171,1
-30.35453,136.85805,1
-30.35453,136.85805,1
-30.35453,136.85805,1
-30.35453,136.85805,1
-30.35453,136.85805,1
-30.35402,136.84923,1
-30.35402,136.84923,1
-30.35402,136.84923,1
-30.35397,136.89249,1
-30.35318,136.89281,1
-30.35316,136.89296,1
-30.35316,136.89293,1
-30.35264,136.84863,1
-30.3519,135.6178,1
-30.3519,135.6178,1
-30.35156,136.92398,1
-30.35156,136.92398,1
-30.35156,136.92398,1
-30.35156,136.92398,1
-30.35156,136.92398,1
-30.35156,136.92398,1
-30.35155,136.924,1
-30.35155,136.924,1
-30.35155,136.924,1
-30.35155,136.924,1
-30.35155,136.924,1
-30.35155,136.924,1
-30.35155,136.924,1
-30.35155,136.924,1
-30.35155,136.924,1
-30.35155,136.924,1
-30.35155,136.924,1
-30.35155,136.924,1
-30.35155,136.924,1
-30.35155,136.924,1
-30.35155,136.924,1
-30.35155,136.924,1
-30.35155,136.924,1
-30.35155,136.924,1
-30.35155,136.924,1
-30.35155,136.924,1
-30.35155,136.924,1
-30.35155,136.924,1
-30.35155,136.924,1
-30.35155,136.924,1
-30.35155,136.924,1
-30.35155,136.924,1
-30.35155,136.924,1
-30.35155,136.924,1
-30.35155,136.924,1
-30.35155,136.924,1
-30.35155,136.924,1
-30.35155,136.924,1
-30.35155,136.924,1
-30.35155,136.924,1
-30.35155,136.924,1
-30.35155,136.924,1
-30.35155,136.924,1
-30.35155,136.924,1
-30.35155,136.924,1
-30.35155,136.924,1
-30.35155,136.924,1
-30.35155,136.924,1
-30.35155,136.924,1
-30.35155,136.924,1
-30.35155,136.924,1
-30.35155,136.924,1
-30.35155,136.924,1
-30.35155,136.924,1
-30.35155,136.924,1
-30.35126,136.92641,1
-30.35126,136.92641,1
-30.35126,136.92641,1
-30.35126,136.92641,1
-30.35126,136.92641,1
-30.35126,136.92641,1
-30.35126,136.92641,1
-30.35126,136.92641,1
-30.35126,136.92641,1
-30.35126,136.92641,1
-30.35126,136.92641,1
-30.35126,136.92641,1
-30.35126,136.92641,1
-30.35,120.95,1
-30.35,120.95,1
-30.34914,136.85231,1
-30.34914,136.85231,1
-30.34914,136.85231,1
-30.34914,136.85231,1
-30.34914,136.85231,1
-30.34914,136.85231,1
-30.34914,136.85231,1
-30.34914,136.85231,1
-30.34907,136.85229,1
-30.34907,136.85229,1
-30.34907,136.85229,1
-30.34907,136.85229,1
-30.34907,136.85229,1
-30.34907,136.85229,1
-30.34907,136.85229,1
-30.34907,136.85229,1
-30.34907,136.85229,1
-30.34907,136.85229,1
-30.34907,136.85229,1
-30.34907,136.85229,1
-30.34907,136.85229,1
-30.34907,136.85229,1
-30.34907,136.85229,1
-30.34907,136.85229,1
-30.34907,136.85229,1
-30.34907,136.85229,1
-30.34907,136.85229,1
-30.34907,136.85229,1
-30.34907,136.85229,1
-30.34907,136.85229,1
-30.34907,136.85229,1
-30.34907,136.85229,1
-30.34907,136.85229,1
-30.34907,136.85229,1
-30.34907,136.85229,1
-30.34907,136.85229,1
-30.34892,136.85118,1
-30.34892,136.85118,1
-30.34892,136.85118,1
-30.34892,136.85118,1
-30.34892,136.85118,1
-30.34891,136.85115,1
-30.34891,136.85115,1
-30.34891,136.85115,1
-30.34891,136.85115,1
-30.34705,136.92279,1
-30.34705,136.92279,1
-30.34705,136.92279,1
-30.34422,136.92198,1
-30.34422,136.92198,1
-30.34422,136.92198,1
-30.34422,136.92198,1
-30.34422,136.92198,1
-30.34422,136.92198,1
-30.34158,136.92382,1
-30.34158,136.92382,1
-30.34158,136.92382,1
-30.34141,136.84842,1
-30.34134,136.85961,1
-30.341,136.88352,1
-30.341,136.88352,1
-30.34091,136.88352,1
-30.34091,136.88352,1
-30.34091,136.88352,1
-30.34091,136.88352,1
-30.34091,136.88352,1
-30.34091,136.88352,1
-30.34091,136.88352,1
-30.34072,136.89633,1
-30.34072,136.89633,1
-30.34072,136.89633,1
-30.3375,136.92375,1
-30.3375,136.92375,1
-30.3375,136.92375,1
-30.3375,136.92375,1
-30.3375,136.92375,1
-30.3375,136.92375,1
-30.3375,136.92375,1
-30.3375,136.92375,1
-30.3375,136.92375,1
-30.3375,136.92375,1
-30.3375,136.92375,1
-30.3375,136.92375,1
-30.3375,136.92375,1
-30.33732,136.92384,1
-30.33732,136.92384,1
-30.33732,136.92384,1
-30.33732,136.92384,1
-30.33732,136.92384,1
-30.33732,136.92384,1
-30.33732,136.92384,1
-30.33732,136.92384,1
-30.33732,136.92384,1
-30.33732,136.92384,1
-30.33732,136.92384,1
-30.33732,136.92384,1
-30.33732,136.92384,1
-30.33732,136.92384,1
-30.33732,136.92384,1
-30.33732,136.92384,1
-30.33732,136.92384,1
-30.33682,136.9257,1
-30.33682,136.9257,1
-30.33682,136.9257,1
-30.33682,136.9257,1
-30.33682,136.9257,1
-30.33682,136.9257,1
-30.33678,136.9258,1
-30.33678,136.9258,1
-30.33678,136.9258,1
-30.33678,136.9258,1
-30.33678,136.9258,1
-30.33678,136.9258,1
-30.33678,136.9258,1
-30.33452,131.593746,1
-30.32671,136.84809,1
-30.32671,136.84809,1
-30.3262,136.88324,1
-30.3262,136.88324,1
-30.3262,136.88324,1
-30.3262,136.88324,1
-30.3261,136.89009,1
-30.3254,136.8523,1
-30.3254,136.8523,1
-30.32496,136.88321,1
-30.32496,136.88321,1
-30.32496,136.88321,1
-30.32496,136.88321,1
-30.32496,136.88321,1
-30.32496,136.88321,1
-30.32496,136.88321,1
-30.32496,136.88321,1
-30.32496,136.88321,1
-30.32496,136.88321,1
-30.32496,136.88321,1
-30.32496,136.88321,1
-30.32496,136.88321,1
-30.32496,136.88321,1
-30.32496,136.88321,1
-30.32496,136.88321,1
-30.32496,136.88321,1
-30.32496,136.88321,1
-30.32496,136.88321,1
-30.32496,136.88321,1
-30.32496,136.88321,1
-30.32496,136.88321,1
-30.32496,136.88321,1
-30.32496,136.88321,1
-30.32496,136.88321,1
-30.32496,136.88321,1
-30.32496,136.88321,1
-30.32496,136.88321,1
-30.32486,136.89006,1
-30.32486,136.89006,1
-30.32486,136.89006,1
-30.32486,136.89006,1
-30.32477,136.89602,1
-30.32477,136.89602,1
-30.32477,136.89602,1
-30.32477,136.89602,1
-30.32477,136.89602,1
-30.32477,136.89602,1
-30.32477,136.89602,1
-30.32477,136.89602,1
-30.32477,136.89602,1
-30.3,119.73333,1
-30.3,119.733333,1
-30.3,119.720833,1
-30.3,119.733333,1
-30.25675,136.90656,1
-30.233333,123.683333,1
-30.225,119.733333,1
-30.17111,131.61127,1
-30.141667,118.504167,1
-30.079167,118.504167,1
-30.033333,120.15,1
-30.030278,121.816667,1
-30.022222,123.769444,1
-30,119.6,1
-30,119.616667,1
-30,123.8,1
-30,119.6,1
-30,119.6,1
-30,119.6,1
-30,119.6,1
-30,119.6,1
-30,119.6,1
-30,119.616667,1
-29.983333,119.566667,1
-29.983333,119.566667,1
-29.983333,119.75,1
-29.983333,119.75,1
-29.975833,119.271389,1
-29.975833,119.271389,1
-29.975833,119.271389,1
-29.975833,119.271389,1
-29.975833,119.271389,1
-29.975833,119.271389,1
-29.975833,119.271389,1
-29.975,123.869444,1
-29.975,123.869444,1
-29.975,123.866667,1
-29.975,123.866667,1
-29.975,123.866667,1
-29.968333,121.024722,1
-29.96785,130.05808,1
-29.96785,130.05808,1
-29.96785,130.05808,1
-29.96785,130.05808,1
-29.96785,130.05808,1
-29.967778,121.006389,1
-29.967778,121.006389,1
-29.966667,123.766667,1
-29.96325,130.05677,1
-29.96325,130.05677,1
-29.96325,130.05677,1
-29.96325,130.05677,1
-29.96325,130.05677,1
-29.962778,121.133056,1
-29.922222,121.131944,1
-29.922222,121.131944,1
-29.922222,121.131944,1
-29.922222,121.131944,1
-29.922222,121.131944,1
-29.922222,121.131944,1
-29.922222,121.134722,1
-29.922222,121.165278,1
-29.922222,121.131944,1
-29.922222,121.131944,1
-29.922222,121.131944,1
-29.922222,121.134722,1
-29.922222,121.134722,1
-29.92,136.18,1
-29.92,136.18,1
-29.919444,121.141667,1
-29.91908,130.07162,1
-29.91908,130.07162,1
-29.91908,130.07162,1
-29.91908,130.07162,1
-29.91535,130.07546,1
-29.91535,130.07546,1
-29.91535,130.07546,1
-29.91535,130.07546,1
-29.91535,130.07546,1
-29.91535,130.07546,1
-29.91535,130.07546,1
-29.91535,130.07546,1
-29.91535,130.07546,1
-29.91535,130.07546,1
-29.90933,140.79626,1
-29.9,121.169444,1
-29.9,121.169444,1
-29.89191,130.10013,1
-29.89191,130.10013,1
-29.87553,133.59493,1
-29.87537,133.58692,1
-29.8753,133.595,1
-29.858333,123.377778,1
-29.858333,123.377778,1
-29.858333,123.391667,1
-29.85801,130.10366,1
-29.85801,130.10366,1
-29.85801,130.10366,1
-29.85801,130.10366,1
-29.85801,130.10366,1
-29.85801,130.10366,1
-29.85801,130.10366,1
-29.85801,130.10366,1
-29.85801,130.10366,1
-29.85801,130.10366,1
-29.85801,130.10366,1
-29.85801,130.10366,1
-29.85801,130.10366,1
-29.85801,130.10366,1
-29.85801,130.10366,1
-29.85801,130.10366,1
-29.85801,130.10366,1
-29.85801,130.10366,1
-29.8565,130.10377,1
-29.8565,130.10377,1
-29.8565,130.10377,1
-29.8565,130.10377,1
-29.8565,130.10377,1
-29.8565,130.10377,1
-29.8565,130.10377,1
-29.8565,130.10377,1
-29.8565,130.10377,1
-29.8565,130.10377,1
-29.85202,130.10361,1
-29.85202,130.10361,1
-29.85202,130.10361,1
-29.85202,130.10361,1
-29.85202,130.10361,1
-29.830556,123.35,1
-29.830556,123.35,1
-29.818889,119.993889,1
-29.818889,119.993889,1
-29.76451,135.58978,1
-29.76451,135.58978,1
-29.7578,135.5511,1
-29.7578,135.5511,1
-29.75776,135.55111,1
-29.75776,135.55111,1
-29.75776,135.55111,1
-29.75776,135.55111,1
-29.75776,135.55111,1
-29.75776,135.55111,1
-29.75776,135.55111,1
-29.75084,141.557326,1
-29.75084,135.55734,1
-29.75084,135.55734,1
-29.733333,119.3,1
-29.71248,135.59495,1
-29.71248,135.59495,1
-29.71248,135.59495,1
-29.71242,135.58531,1
-29.71242,135.58531,1
-29.71242,135.58531,1
-29.71242,135.58531,1
-29.71242,135.58531,1
-29.71242,135.58531,1
-29.71242,135.58531,1
-29.71242,135.58531,1
-29.7071,135.5557,1
-29.7071,135.5557,1
-29.70709,135.5557,1
-29.70709,135.5557,1
-29.70709,135.5557,1
-29.70709,135.5557,1
-29.70278,135.59339,1
-29.70278,135.59339,1
-29.70278,135.59339,1
-29.70278,135.59339,1
-29.70278,135.59339,1
-29.70278,135.59339,1
-29.70278,135.59339,1
-29.70278,135.59339,1
-29.70278,135.59339,1
-29.70229,131.29386,1
-29.668056,125.122778,1
-29.6575,125.098333,1
-29.65713,125.102,1
-29.583333,125.083333,1
-29.583333,125.083333,1
-29.583333,125.083333,1
-29.583333,125.083333,1
-29.583333,125.083333,1
-29.583333,125.083333,1
-29.583333,125.083333,1
-29.583333,125.083333,1
-29.583333,125.083333,1
-29.583333,125.083333,1
-29.583333,125.083333,1
-29.583333,125.083333,1
-29.583333,125.083333,1
-29.583333,125.083333,1
-29.55,119.6,1
-29.55,119.6,1
-29.55,119.6,1
-29.55,119.6,1
-29.55,119.6,1
-29.55,119.6,1
-29.55,119.6,1
-29.55,119.6,1
-29.55,119.6,1
-29.55,119.6,1
-29.53325,134.421,1
-29.502778,119.733333,1
-29.5001,134.56455,1
-29.5001,134.56455,1
-29.5001,134.56455,1
-29.5001,134.56455,1
-29.5001,134.56455,1
-29.5001,134.56455,1
-29.5001,134.56455,1
-29.5001,134.56455,1
-29.5001,134.56455,1
-29.5001,134.56455,1
-29.5001,134.56455,1
-29.5,119.6,1
-29.5,119.666667,1
-29.49659,134.56921,1
-29.49659,134.56921,1
-29.49659,134.56921,1
-29.49659,134.56921,1
-29.49659,134.56921,1
-29.49659,134.56921,1
-29.49659,134.56921,1
-29.49659,134.56921,1
-29.49659,134.56921,1
-29.49659,134.56921,1
-29.49659,134.56921,1
-29.49659,134.56921,1
-29.49659,134.56921,1
-29.49659,134.56921,1
-29.4869,129.41539,1
-29.4869,129.41539,1
-29.4861,129.4153,1
-29.4861,129.4153,1
-29.4861,129.4153,1
-29.483333,119.6,1
-29.483333,119.6,1
-29.483333,119.6,1
-29.48,135.87,1
-29.45,116.266667,1
-29.45,119.583333,1
-29.45,119.583333,1
-29.45,119.583333,1
-29.45,119.583333,1
-29.41667,117.28333,1
-29.4142,130.7167,1
-29.408333,119.58333,1
-29.3836,129.9761,1
-29.3836,129.9761,1
-29.38334,129.97613,1
-29.36813,132.73528,1
-29.36813,132.73528,1
-29.34788,135.10186,1
-29.34788,135.10186,1
-29.3353,132.6786,1
-29.33389,132.67994,1
-29.33389,132.67994,1
-29.30948,135.15615,1
-29.30948,135.15615,1
-29.30948,135.15615,1
-29.30948,135.15615,1
-29.30948,135.15615,1
-29.30948,135.15615,1
-29.30948,135.15615,1
-29.30519,135.12564,1
-29.30519,135.12564,1
-29.30519,135.12564,1
-29.30519,135.12564,1
-29.30519,135.12564,1
-29.30519,135.12564,1
-29.30519,135.12564,1
-29.30519,135.12564,1
-29.30519,135.12564,1
-29.30519,135.12564,1
-29.30519,135.12564,1
-29.30519,135.12564,1
-29.30417,135.18337,1
-29.30417,135.18337,1
-29.30417,135.18337,1
-29.30402,135.13264,1
-29.30402,135.13264,1
-29.30402,135.13264,1
-29.30402,135.13264,1
-29.30402,135.13264,1
-29.30402,135.13264,1
-29.30402,135.13264,1
-29.30402,135.13264,1
-29.30402,135.13264,1
-29.30402,135.13264,1
-29.30402,135.13264,1
-29.30402,135.13264,1
-29.30402,135.13264,1
-29.30402,135.13264,1
-29.30402,135.13264,1
-29.30402,135.13264,1
-29.30402,135.13264,1
-29.30402,135.13264,1
-29.30402,135.13264,1
-29.30402,135.13264,1
-29.30402,135.13264,1
-29.30402,135.13264,1
-29.30402,135.13264,1
-29.3039,135.1325,1
-29.3039,135.1325,1
-29.3039,135.1325,1
-29.3039,135.1325,1
-29.3039,135.1325,1
-29.3039,135.1325,1
-29.3039,135.1325,1
-29.3039,135.1325,1
-29.29851,135.10852,1
-29.29077,135.11402,1
-29.29077,135.11402,1
-29.283611,117.626667,1
-29.283056,117.626944,1
-29.283056,117.626944,1
-29.283056,117.626944,1
-29.283056,117.626944,1
-29.281944,117.642778,1
-29.281944,117.642778,1
-29.281944,117.642778,1
-29.2792,135.04213,1
-29.2792,135.04213,1
-29.2792,135.04213,1
-29.2792,135.04213,1
-29.2792,135.04213,1
-29.2792,135.04213,1
-29.2792,135.04213,1
-29.2792,135.04213,1
-29.2792,135.04213,1
-29.274722,124.537222,1
-29.2706,135.6472,1
-29.2706,135.6472,1
-29.27042,135.64799,1
-29.26721,135.17529,1
-29.26721,135.17529,1
-29.26721,135.17529,1
-29.26721,135.17529,1
-29.266667,117.683333,1
-29.25,134.75,1
-29.234444,124.518889,1
-29.234167,124.518889,1
-29.2292,135.88,1
-29.22153,130.21822,1
-29.22153,130.21822,1
-29.22153,130.21822,1
-29.22153,130.21822,1
-29.2214,130.2183,1
-29.2214,130.2183,1
-29.2,115.616667,1
-29.1999,130.80831,1
-29.1999,130.80831,1
-29.17951,138.40593,1
-29.175,115.666667,1
-29.1692,131.9503,1
-29.1692,131.9503,1
-29.16918,131.95099,1
-29.16918,131.95099,1
-29.154167,119.008333,1
-29.12604,136.30881,1
-29.12604,136.30881,1
-29.12604,136.30881,1
-29.12604,136.30881,1
-29.12604,136.30881,1
-29.12604,136.30881,1
-29.12604,136.30881,1
-29.12604,136.30881,1
-29.12604,136.30881,1
-29.12604,136.30881,1
-29.12604,136.30881,1
-29.12604,136.30881,1
-29.1246,137.35864,1
-29.1246,137.35864,1
-29.1246,137.35864,1
-29.1246,137.35864,1
-29.1246,137.35864,1
-29.1246,137.35864,1
-29.1244,137.3586,1
-29.1244,137.3586,1
-29.1244,137.3586,1
-29.1244,137.3586,1
-29.1244,137.3586,1
-29.1244,137.3586,1
-29.1244,137.3586,1
-29.1244,137.3586,1
-29.1222,136.5453,1
-29.1222,136.5453,1
-29.12119,136.54545,1
-29.08723,136.53065,1
-29.08723,136.53065,1
-29.08723,136.53065,1
-29.08723,136.53065,1
-29.08723,136.53065,1
-29.08723,136.53065,1
-29.08723,136.53065,1
-29.08723,136.53065,1
-29.08723,136.53065,1
-29.08723,136.53065,1
-29.08723,136.53065,1
-29.08723,136.53065,1
-29.08723,136.53065,1
-29.08723,136.53065,1
-29.08723,136.53065,1
-29.08723,136.53065,1
-29.08723,136.53065,1
-29.08627,130.26894,1
-29.083333,127.416667,1
-29.083333,115.583333,1
-29.083333,127.416667,1
-29.061,130.29396,1
-29.05918,130.29613,1
-29.0578,130.2975,1
-29.0578,130.2975,1
-29.05693,137.12788,1
-29.05693,137.12788,1
-29.05693,137.12788,1
-29.05693,137.12788,1
-29.05693,137.12788,1
-29.05693,137.12788,1
-29.05693,137.12788,1
-29.0567,136.2656,1
-29.0567,136.2656,1
-29.0552,136.26686,1
-29.0552,136.26686,1
-29.0322,136.2603,1
-29.0322,136.2603,1
-29.03076,136.26158,1
-29.03076,136.26158,1
-29.03076,136.26158,1
-29.03076,136.26158,1
-29.03076,136.26158,1
-29.03076,136.26158,1
-29.02799,132.0283,1
-29.02255,137.67676,1
-29.02255,137.67676,1
-29.0225,137.6767,1
-29.0225,137.6767,1
-29.022222,115.675,1
-29.01554,133.40147,1
-29.01554,133.40147,1
-29.01554,133.40147,1
-29.01554,133.40147,1
-29.01554,133.40147,1
-29.01554,133.40147,1
-29.01554,133.40147,1
-29.01554,133.40147,1
-29.01554,133.40147,1
-29.01554,133.40147,1
-29.01554,133.40147,1
-29.01554,133.40147,1
-29,134.75,1
-29,134.75,1
-29,134.75,1
-29,132,1
-29,134.75,1
-28.99418,130.36527,1
-28.99418,130.36527,1
-28.99418,130.36527,1
-28.9928,130.3667,1
-28.9928,130.3667,1
-28.97276,134.69423,1
-28.9458,129.5403,1
-28.9456,129.5392,1
-28.9456,129.5392,1
-28.9331,132.8431,1
-28.9331,132.8431,1
-28.91633,132.84297,1
-28.91476,136.46778,1
-28.91476,136.46778,1
-28.91476,136.46778,1
-28.91476,136.46778,1
-28.914759,136.467778,1
-28.90657,132.795,1
-28.9017,136.3347,1
-28.9017,136.3347,1
-28.89701,132.7575,1
-28.89701,132.7575,1
-28.86469,132.60609,1
-28.86469,132.60609,1
-28.85794,138.15205,1
-28.85274,132.58602,1
-28.84645,132.53812,1
-28.84645,132.53812,1
-28.84645,132.53812,1
-28.83228,130.48535,1
-28.83228,130.48535,1
-28.8308,130.4867,1
-28.8308,130.4867,1
-28.8297,129.5339,1
-28.8297,129.5339,1
-28.8297,129.5339,1
-28.8297,129.5339,1
-28.819722,122.301667,1
-28.8,115.75,1
-28.7808,136.0019,1
-28.7808,136.0019,1
-28.673333,141.603611,1
-28.648611,115.640278,1
-28.648611,115.6375,1
-28.648611,115.640278,1
-28.643056,115.6375,1
-28.643056,115.640278,1
-28.643056,115.640278,1
-28.643056,115.6375,1
-28.643056,115.640278,1
-28.643056,115.6375,1
-28.643056,115.6375,1
-28.643056,115.6375,1
-28.643056,115.6375,1
-28.643056,115.6375,1
-28.643056,115.633333,1
-28.643056,115.6375,1
-28.643056,115.633333,1
-28.643056,115.6375,1
-28.643056,115.640278,1
-28.638889,115.643056,1
-28.638889,115.643056,1
-28.638889,115.643056,1
-28.636111,115.634722,1
-28.636111,115.634722,1
-28.636111,115.634722,1
-28.636111,115.645833,1
-28.636111,115.645833,1
-28.636111,115.645833,1
-28.636111,115.634722,1
-28.636111,115.634722,1
-28.636111,115.645833,1
-28.636111,115.645833,1
-28.636111,115.634722,1
-28.636111,115.645833,1
-28.636111,115.645833,1
-28.633333,115.666667,1
-28.633333,115.666667,1
-28.633333,115.633333,1
-28.633333,115.633333,1
-28.633333,115.633333,1
-28.633333,115.633333,1
-28.633333,115.633333,1
-28.629167,115.633333,1
-28.629167,115.633333,1
-28.627778,115.627778,1
-28.627778,115.627778,1
-28.627778,115.627778,1
-28.5833,130.6667,1
-28.5833,130.6667,1
-28.5833,130.6667,1
-28.5833,130.6667,1
-28.57735,138.55172,1
-28.57356,130.89556,1
-28.5719,130.8969,1
-28.5719,130.8969,1
-28.57101,130.75847,1
-28.5694,130.7597,1
-28.5694,130.7597,1
-28.566667,119.016667,1
-28.566667,119.016667,1
-28.566667,119.016667,1
-28.558333,125.808333,1
-28.55472,130.20833,1
-28.55472,130.20833,1
-28.5494,129.9981,1
-28.53722,130.19389,1
-28.53611,130.19472,1
-28.533333,115.5,1
-28.53267,129.9981,1
-28.53206,131.69018,1
-28.53189,129.85821,1
-28.52903,132.12498,1
-28.51038,132.10657,1
-28.50869,129.2418,1
-28.50755,129.12085,1
-28.5075,129.1208,1
-28.5075,129.1208,1
-28.50704,132.18678,1
-28.50676,129.26193,1
-28.5025,115.254722,1
-28.49789,129.32057,1
-28.49789,129.32057,1
-28.49789,129.32057,1
-28.4978,129.3206,1
-28.4978,129.3206,1
-28.495833,115.216667,1
-28.495833,115.216667,1
-28.495833,115.216667,1
-28.495833,115.216667,1
-28.491667,115.241667,1
-28.466667,122.833333,1
-28.430556,115.236111,1
-28.41667,115.2,1
-28.416667,115.2,1
-28.416667,115.2,1
-28.41026,134.08709,1
-28.41026,134.08709,1
-28.41026,134.08709,1
-28.399,134.08834,1
-28.399,134.08834,1
-28.399,134.08834,1
-28.399,134.08834,1
-28.372222,120.583056,1
-28.3338,127.397,1
-28.333611,127.397222,1
-28.316667,115.85,1
-28.311111,125.816667,1
-28.308889,115.376111,1
-28.233333,123.6,1
-28.2,123.6,1
-28.2,123.6,1
-28.2,123.6,1
-28.2,123.6,1
-28.2,123.6,1
-28.2,123.6,1
-28.2,123.6,1
-28.2,123.6,1
-28.2,123.6,1
-28.2,123.6,1
-28.2,122.133333,1
-28.2,123.6,1
-28.145833,115.229167,1
-28.145833,115.229167,1
-28.145833,115.229167,1
-28.145833,115.229167,1
-28.145833,115.229167,1
-28.145833,115.229167,1
-28.145833,115.229167,1
-28.145833,115.229167,1
-28.145833,115.229167,1
-28.116667,124.133333,1
-28.108333,115.375,1
-28.108333,115.375,1
-28.108333,115.375,1
-28.1075,125.965556,1
-28.1075,125.965556,1
-28.1075,125.965556,1
-28.10641,133.93813,1
-28.10641,133.93813,1
-28.10596,133.94198,1
-28.091667,125.958333,1
-28.08256,140.11898,1
-28.08256,140.11898,1
-28.08256,140.11898,1
-28.08256,140.11898,1
-28.08256,140.11898,1
-28.08256,140.11898,1
-28.08256,140.11898,1
-28.08256,140.11898,1
-28.08256,140.11898,1
-28.08256,140.11898,1
-28.08256,140.11898,1
-28.08256,140.11898,1
-28.0796,139.92257,1
-28.0796,139.92257,1
-28.0796,139.92257,1
-28.07894,139.9069,1
-28.07894,139.9069,1
-28.07816,139.88643,1
-28.07816,139.88643,1
-28.07816,139.88643,1
-28.07816,139.82333,1
-28.066667,117.85,1
-28.039972,124.333244,1
-28.039944,124.333267,1
-28.039942,124.333267,1
-28.0361,134.33,1
-28.0361,134.33,1
-28.033333,114.65,1
-28.02456,133.77778,1
-28.02456,133.77778,1
-28.00789,133.77778,1
-28.00789,133.77778,1
-28.00789,133.77778,1
-28.00789,133.77778,1
-28.00789,133.77778,1
-28,140.8667,1
-27.983333,123.75,1
-27.983333,123.75,1
-27.983333,123.75,1
-27.95647,134.14592,1
-27.95647,134.14592,1
-27.95647,134.14592,1
-27.95647,134.14592,1
-27.95647,134.14592,1
-27.9508,134.3022,1
-27.9508,134.3022,1
-27.88439,133.68444,1
-27.88439,133.68444,1
-27.88439,133.68444,1
-27.88439,133.68444,1
-27.88439,133.68444,1
-27.88439,133.68444,1
-27.88439,133.68444,1
-27.88439,133.68444,1
-27.88439,133.68444,1
-27.86025,133.80158,1
-27.86025,133.80158,1
-27.86025,133.80158,1
-27.86025,133.80158,1
-27.86025,133.80158,1
-27.86025,133.80158,1
-27.858333,114.125,1
-27.855556,114.108333,1
-27.852778,114.211111,1
-27.84878,133.70394,1
-27.83375,133.72428,1
-27.83375,133.72428,1
-27.83375,133.72428,1
-27.83375,133.72428,1
-27.83375,133.72428,1
-27.83375,133.72428,1
-27.83375,133.72428,1
-27.83375,133.72428,1
-27.833333,114.466667,1
-27.83333,114.46667,1
-27.83333,114.46667,1
-27.80669,133.81222,1
-27.80669,133.81222,1
-27.80669,133.81222,1
-27.80669,133.81222,1
-27.80669,133.81222,1
-27.80669,133.81222,1
-27.80669,133.81222,1
-27.80669,133.81222,1
-27.80669,133.81222,1
-27.80483,133.81289,1
-27.80483,133.81289,1
-27.80483,133.81289,1
-27.801389,121.668056,1
-27.80111,133.76542,1
-27.80111,133.76542,1
-27.80111,133.76542,1
-27.80111,133.76542,1
-27.80111,133.76542,1
-27.80111,133.76542,1
-27.80111,133.76542,1
-27.80111,133.76542,1
-27.80111,133.76542,1
-27.80111,133.76542,1
-27.798611,121.681944,1
-27.791667,114.472222,1
-27.788889,114.365278,1
-27.738333,119.271389,1
-27.735278,122.348056,1
-27.711111,114.316667,1
-27.702778,114.219444,1
-27.7,114.2,1
-27.7,114.2,1
-27.7,114.166667,1
-27.7,114.225,1
-27.6975,119.28,1
-27.695833,114.225,1
-27.6683,132.9147,1
-27.6683,132.9147,1
-27.6683,132.9147,1
-27.6683,132.9147,1
-27.6669,132.91604,1
-27.6669,132.91604,1
-27.6669,132.91604,1
-27.65,114.416667,1
-27.649722,119.611111,1
-27.647135,114.203226,1
-27.613333,119.569722,1
-27.583333,119.516667,1
-27.529795,141.353785,1
-27.526688,141.354444,1
-27.525148,141.3738,1
-27.520207,141.422044,1
-27.51851,141.406778,1
-27.516667,115.05,1
-27.498887,141.46341,1
-27.497994,141.4686,1
-27.477,133.27128,1
-27.477,133.27128,1
-27.466667,120,1
-27.450556,119.575833,1
-27.45,133.5,1
-27.45,133.5,1
-27.45,133.5,1
-27.45,133.55,1
-27.45,133.55,1
-27.45,133.55,1
-27.45,133.5,1
-27.4464,133.2467,1
-27.4464,133.2467,1
-27.44481,133.24807,1
-27.44481,133.24807,1
-27.44,120.65,1
-27.44,120.65,1
-27.43,135.45,1
-27.43,135.45,1
-27.4236,133.2336,1
-27.4236,133.2336,1
-27.4236,133.2336,1
-27.4236,133.2336,1
-27.42218,133.23497,1
-27.42218,133.23497,1
-27.42218,133.23497,1
-27.4167,133.4,1
-27.4167,133.4,1
-27.416667,116.816667,1
-27.416667,116.816667,1
-27.4,120.65,1
-27.4,120.7,1
-27.4,122.346667,1
-27.3875,120.701389,1
-27.3875,120.701389,1
-27.3747,140.2692,1
-27.3747,140.2692,1
-27.3747,140.26911,1
-27.3747,140.26911,1
-27.364722,120.802222,1
-27.3575,120.773056,1
-27.35,120.71667,1
-27.35,120.71667,1
-27.326389,120.670556,1
-27.316667,114.875,1
-27.316667,114.808333,1
-27.316667,114.783333,1
-27.316667,114.783333,1
-27.316667,114.783333,1
-27.316667,114.875,1
-27.316667,114.875,1
-27.316667,114.833333,1
-27.316667,114.875,1
-27.316667,114.783333,1
-27.316667,114.870833,1
-27.316667,114.870833,1
-27.316667,114.870833,1
-27.316667,114.870833,1
-27.316667,114.783333,1
-27.316667,114.870833,1
-27.316667,114.783333,1
-27.316667,114.870833,1
-27.316667,114.870833,1
-27.316667,114.833333,1
-27.283333,120.666667,1
-27.283333,120.666667,1
-27.283333,120.666667,1
-27.283333,120.666667,1
-27.259444,114.0675,1
-27.256944,114.153056,1
-27.2569,135.505,1
-27.2569,135.505,1
-27.256642,114.258164,1
-27.25543,135.5064,1
-27.2375,140.1722,1
-27.2278,140.1903,1
-27.2278,140.1903,1
-27.2247,133.2578,1
-27.2247,133.2578,1
-27.2206,132.135,1
-27.2206,132.135,1
-27.2197,132.1261,1
-27.2197,132.1261,1
-27.2197,132.1261,1
-27.183333,114.133333,1
-27.166667,120.5,1
-27.166667,120.5,1
-27.166667,120.5,1
-27.166667,120.5,1
-27.166667,120.5,1
-27.166667,120.5,1
-27.166667,120.5,1
-27.166667,120.5,1
-27.166667,120.5,1
-27.166667,120.5,1
-27.166667,120.5,1
-27.166667,120.5,1
-27.15568,131.13261,1
-27.15568,131.13261,1
-27.15568,131.13261,1
-27.15568,131.13261,1
-27.15568,131.13261,1
-27.15568,131.13261,1
-27.14854,131.14488,1
-27.14854,131.14488,1
-27.125,117.458333,1
-27.125,117.458333,1
-27.1225,114.818056,1
-27.08552,131.22243,1
-27.08552,131.22243,1
-27.08552,131.22243,1
-27.083333,116.166667,1
-27.083333,116.166667,1
-27.083333,116.166667,1
-27.083333,116.166667,1
-27.083333,116.166667,1
-27.083333,116.166667,1
-27.083333,116.166667,1
-27.0833,140.6667,1
-27.08313,131.23065,1
-27.08313,131.23065,1
-27.08313,131.23065,1
-27.08217,129.74481,1
-27.08217,129.74481,1
-27.08217,129.74481,1
-27.07687,129.77288,1
-27.07687,129.77288,1
-27.07687,129.77288,1
-27.07687,129.77288,1
-27.07687,129.77288,1
-27.07687,129.77288,1
-27.07687,129.77288,1
-27.06424,129.67106,1
-27.06424,129.67106,1
-27.0575,129.6439,1
-27.056667,114.589167,1
-27.05642,129.63889,1
-27.05642,129.63889,1
-27.05642,129.63889,1
-27.048803,142.858834,1
-27.0433,131.2933,1
-27.0433,131.2933,1
-27.04203,131.29474,1
-27.04203,131.29474,1
-27.04203,131.29474,1
-27.04203,131.29474,1
-27.04203,131.29474,1
-27.04203,131.29474,1
-27.04203,131.29474,1
-27.04203,131.29474,1
-27.04203,131.29474,1
-27.03333,132.41667,1
-27.03333,132.41667,1
-27.03333,132.41667,1
-27.03333,132.41667,1
-27.0333,133.4667,1
-27.0333,133.4667,1
-27.0333,133.4667,1
-27.0333,133.4667,1
-27.0333,133.4667,1
-27.0333,133.4667,1
-27.0333,133.4667,1
-27.0249,131.31585,1
-27.0203,133.47,1
-27.0203,133.47,1
-27.0192,129.8503,1
-27.0192,129.8503,1
-27.01815,131.29264,1
-27.01781,129.85151,1
-27.01781,129.85151,1
-27.01781,129.85151,1
-27.01781,129.85151,1
-27.0142,129.87,1
-27.0142,129.87,1
-27.01264,129.87144,1
-27.01264,129.87144,1
-27.0042,131.355,1
-27.0042,131.355,1
-27.00293,131.35661,1
-27.00293,131.35661,1
-27.00293,131.35661,1
-27,130.3167,1
-27,131.5,1
-27,131.5,1
-27,130.3167,1
-27,130.3167,1
-27,130.3167,1
-27,133.2333,1
-27,130.3167,1
-27,130.3167,1
-26.99985,129.87168,1
-26.99495,134.90425,1
-26.99495,134.90425,1
-26.99078,133.47179,1
-26.983,140.98025,1
-26.98294,134.81064,1
-26.98294,134.81064,1
-26.98294,134.81064,1
-26.98294,134.81064,1
-26.98294,134.81064,1
-26.981918,131.90132,1
-26.97382,136.06347,1
-26.97382,136.06347,1
-26.97382,136.06347,1
-26.972778,120.676111,1
-26.972778,120.676111,1
-26.97,140.9917,1
-26.96763,134.6423,1
-26.96763,134.6423,1
-26.96763,134.6423,1
-26.961389,120.622778,1
-26.95784,140.94215,1
-26.95202,131.43681,1
-26.95,133.7833,1
-26.95,134.32,1
-26.95,133.7833,1
-26.95,133.7833,1
-26.95,133.7833,1
-26.939722,120.558056,1
-26.933333,126.366667,1
-26.933333,126.366667,1
-26.9333,133.5,1
-26.93,133.5,1
-26.92541,140.90981,1
-26.9061,135.19618,1
-26.90098,134.67352,1
-26.90098,134.67352,1
-26.90098,134.67352,1
-26.88333,132.25,1
-26.88333,132.25,1
-26.88333,132.25,1
-26.88333,132.25,1
-26.88333,132.25,1
-26.88333,132.25,1
-26.88333,132.25,1
-26.88333,132.25,1
-26.88333,132.25,1
-26.88333,132.25,1
-26.88333,132.25,1
-26.88333,132.25,1
-26.88333,132.25,1
-26.88333,132.25,1
-26.8833,135.3,1
-26.8833,140.6167,1
-26.8833,140.6167,1
-26.8833,140.6167,1
-26.88199,140.80602,1
-26.866667,126.366667,1
-26.86365,140.75853,1
-26.83426,135.06693,1
-26.83426,135.06693,1
-26.83426,135.06693,1
-26.8222,135.13646,1
-26.8222,135.13646,1
-26.80837,129.57516,1
-26.804167,115.341667,1
-26.80048,134.09047,1
-26.80048,134.09047,1
-26.80048,134.09047,1
-26.80048,134.09047,1
-26.80048,134.09047,1
-26.80048,134.09047,1
-26.80048,134.09047,1
-26.80048,134.09047,1
-26.80048,134.09047,1
-26.8003,134.0906,1
-26.8003,134.0906,1
-26.8,115.316667,1
-26.8,126.066667,1
-26.79554,134.16031,1
-26.791667,115.3,1
-26.791667,115.3,1
-26.78489,134.21604,1
-26.78489,134.21604,1
-26.78489,134.21604,1
-26.78489,134.21604,1
-26.78489,134.21604,1
-26.78417,120.33583,1
-26.78417,120.33583,1
-26.783333,125.95,1
-26.783333,125.95,1
-26.783333,125.95,1
-26.783333,125.95,1
-26.77883,134.18308,1
-26.77883,134.18308,1
-26.77883,134.18308,1
-26.77883,134.18308,1
-26.77883,134.18308,1
-26.77883,134.18308,1
-26.77883,134.18308,1
-26.77883,134.18308,1
-26.77883,134.18308,1
-26.77883,134.18308,1
-26.77883,134.18308,1
-26.77883,134.18308,1
-26.77883,134.18308,1
-26.77883,134.18308,1
-26.77883,134.18308,1
-26.77883,134.18308,1
-26.77883,134.18308,1
-26.77883,134.18308,1
-26.77883,134.18308,1
-26.77883,134.18308,1
-26.77883,134.18308,1
-26.77883,134.18308,1
-26.77883,134.18308,1
-26.77883,134.18308,1
-26.77883,134.18308,1
-26.77883,134.18308,1
-26.77883,134.18308,1
-26.7786,134.1831,1
-26.7786,134.1831,1
-26.7667,141.0167,1
-26.7667,141.0167,1
-26.7667,141.0167,1
-26.7667,141.0167,1
-26.76351,134.20602,1
-26.762,135.11899,1
-26.762,135.11899,1
-26.75634,134.19644,1
-26.75,132.5,1
-26.75,132.5,1
-26.75,132.5,1
-26.75,135.25,1
-26.75,135.25,1
-26.75,132.5,1
-26.75,132.5,1
-26.75,132.5,1
-26.75,132.5,1
-26.75,132.5,1
-26.75,132.5,1
-26.75,132.5,1
-26.75,135.25,1
-26.75,132.5,1
-26.75,132.5,1
-26.75,132.5,1
-26.75,132.5,1
-26.75,132.5,1
-26.75,132.5,1
-26.75,135.25,1
-26.75,135.3,1
-26.75,132.5,1
-26.75,132.5,1
-26.75,132.5,1
-26.75,132.5,1
-26.75,135.25,1
-26.74599,135.14069,1
-26.74599,135.14069,1
-26.74599,135.14069,1
-26.74599,135.14069,1
-26.7458,135.1406,1
-26.7458,135.1406,1
-26.72,135.07,1
-26.72,135.07,1
-26.72,135.07,1
-26.72,135.07,1
-26.7033,134.18,1
-26.7033,134.18,1
-26.70197,134.18121,1
-26.70197,134.18121,1
-26.70197,134.18121,1
-26.70197,134.18121,1
-26.70197,134.18121,1
-26.70197,134.18121,1
-26.70197,134.18121,1
-26.70197,134.18121,1
-26.70197,134.18121,1
-26.70197,134.18121,1
-26.70197,134.18121,1
-26.70197,134.18121,1
-26.70197,134.18121,1
-26.70197,134.18121,1
-26.70197,134.18121,1
-26.70197,134.18121,1
-26.70197,134.18121,1
-26.70197,134.18121,1
-26.69073,134.17365,1
-26.69073,134.17365,1
-26.69073,134.17365,1
-26.69073,134.17365,1
-26.69073,134.17365,1
-26.69073,134.17365,1
-26.69073,134.17365,1
-26.69073,134.17365,1
-26.69073,134.17365,1
-26.69073,134.17365,1
-26.597222,118.497222,1
-26.59602,132.88509,1
-26.5958,132.8803,1
-26.5958,132.8803,1
-26.592778,113.889722,1
-26.592778,113.889722,1
-26.575,125.916667,1
-26.575,125.916667,1
-26.575,125.916667,1
-26.575,125.916667,1
-26.575,125.916667,1
-26.575,125.916667,1
-26.575,125.916667,1
-26.575,125.916667,1
-26.575,125.916667,1
-26.575,125.916667,1
-26.575,125.916667,1
-26.546389,113.963611,1
-26.546389,113.963611,1
-26.533333,125.966667,1
-26.533333,125.966667,1
-26.5225,114.0025,1
-26.520833,126.025,1
-26.520833,126.025,1
-26.5167,134.0883,1
-26.5167,134.0883,1
-26.51667,116.38333,1
-26.51667,116.38333,1
-26.51525,134.08971,1
-26.51525,134.08971,1
-26.51525,134.08971,1
-26.51525,134.08971,1
-26.51525,134.08971,1
-26.51525,134.08971,1
-26.51525,134.08971,1
-26.51525,134.08971,1
-26.51525,134.08971,1
-26.51525,134.08971,1
-26.51525,134.08971,1
-26.51525,134.08971,1
-26.51525,134.08971,1
-26.51525,134.08971,1
-26.51525,134.08971,1
-26.51525,134.08971,1
-26.51525,134.08971,1
-26.51525,134.08971,1
-26.51525,134.08971,1
-26.50111,130.43007,1
-26.50111,130.43007,1
-26.50111,130.43007,1
-26.50111,130.43007,1
-26.50111,130.43007,1
-26.50111,130.43007,1
-26.50111,130.43007,1
-26.50111,130.43007,1
-26.5,130.5,1
-26.5,130.5,1
-26.5,130.5,1
-26.5,130.5,1
-26.5,130.5,1
-26.5,130.5,1
-26.5,130.5,1
-26.5,130.5,1
-26.5,130.5,1
-26.5,130.5,1
-26.5,130.5,1
-26.5,130.5,1
-26.5,130.5,1
-26.5,130.5,1
-26.5,130.5,1
-26.5,130.5,1
-26.5,130.5,1
-26.49758,130.45751,1
-26.49758,130.45751,1
-26.49758,130.45751,1
-26.49758,130.45751,1
-26.49758,130.45751,1
-26.4964,130.4614,1
-26.4964,130.4614,1
-26.4964,130.4614,1
-26.49568,130.41354,1
-26.49568,130.41354,1
-26.49568,130.41354,1
-26.495,130.4628,1
-26.495,130.4628,1
-26.495,130.4628,1
-26.495,130.4628,1
-26.495,130.4628,1
-26.495,130.4628,1
-26.495,130.4628,1
-26.495,130.4628,1
-26.495,130.4628,1
-26.4878,129.1739,1
-26.4878,129.1739,1
-26.4878,129.1739,1
-26.48648,129.17521,1
-26.48648,129.17521,1
-26.48648,129.17521,1
-26.48648,129.17521,1
-26.485,133.5175,1
-26.485,133.5175,1
-26.477778,124.391667,1
-26.47741,135.43071,1
-26.476667,114.075833,1
-26.476667,114.075833,1
-26.476667,114.075833,1
-26.476667,114.075833,1
-26.47,135.05,1
-26.45,135.38,1
-26.433333,114.183333,1
-26.420833,117.266667,1
-26.420833,117.340278,1
-26.41877,135.50598,1
-26.416667,114.455556,1
-26.4139,132.5994,1
-26.4139,132.5994,1
-26.41253,132.60063,1
-26.41253,132.60063,1
-26.41253,132.60063,1
-26.41253,132.60063,1
-26.41253,132.60063,1
-26.407056,114.469532,1
-26.40367,130.4053,1
-26.40367,130.4053,1
-26.40367,130.4053,1
-26.40367,130.4053,1
-26.40367,130.4053,1
-26.40367,130.4053,1
-26.40367,130.4053,1
-26.40367,130.4053,1
-26.40367,130.4053,1
-26.40367,130.4053,1
-26.40367,130.4053,1
-26.40367,130.4053,1
-26.40367,130.4053,1
-26.40367,130.4053,1
-26.4033,130.4172,1
-26.4033,130.4172,1
-26.4033,130.4172,1
-26.4033,130.4172,1
-26.38973,140.3684,1
-26.38333,131.68333,1
-26.38333,131.68333,1
-26.38333,131.68333,1
-26.38333,131.68333,1
-26.38333,131.68333,1
-26.3811,140.3317,1
-26.37312,130.40995,1
-26.37312,130.40995,1
-26.37312,130.40995,1
-26.37312,130.40995,1
-26.37312,130.40995,1
-26.3606,130.1706,1
-26.3606,130.1706,1
-26.35757,130.17095,1
-26.35757,130.17095,1
-26.35757,130.17095,1
-26.35757,130.17095,1
-26.3497,130.1717,1
-26.3497,130.1717,1
-26.34685,130.16844,1
-26.3461,130.09,1
-26.3461,130.09,1
-26.3461,130.09,1
-26.3461,130.09,1
-26.3461,130.09,1
-26.3461,130.09,1
-26.3461,130.09,1
-26.3461,130.09,1
-26.34457,130.09126,1
-26.34457,130.09126,1
-26.34457,130.09126,1
-26.34457,130.09126,1
-26.333333,126.966667,1
-26.32163,130.41078,1
-26.32,136.45,1
-26.32,136.45,1
-26.31713,130.15993,1
-26.316389,116.001667,1
-26.31627,130.4047,1
-26.30111,136.01407,1
-26.29551,130.1531,1
-26.29551,130.1531,1
-26.29551,130.1531,1
-26.29551,130.1531,1
-26.29551,130.1531,1
-26.29551,130.1531,1
-26.29,121.377778,1
-26.28789,136.09408,1
-26.28614,136.09645,1
-26.28614,136.09645,1
-26.28614,136.09645,1
-26.28614,136.09645,1
-26.28586,136.12311,1
-26.28502,130.12115,1
-26.284722,121.369167,1
-26.284722,121.369444,1
-26.283333,141.516667,1
-26.283333,141.516667,1
-26.283333,141.516667,1
-26.2833,131.1,1
-26.2833,131.1,1
-26.2833,131.1,1
-26.2833,131.1,1
-26.2833,131.1,1
-26.2833,131.1,1
-26.2833,131.1,1
-26.281389,121.3575,1
-26.28,136.1,1
-26.28,136.1,1
-26.28,136.1,1
-26.28,136.1,1
-26.27877,130.18047,1
-26.27877,130.18047,1
-26.27877,130.18047,1
-26.27877,130.18047,1
-26.27877,130.18047,1
-26.27877,130.18047,1
-26.27877,130.18047,1
-26.2772,130.1728,1
-26.2772,130.1728,1
-26.2469,130.1122,1
-26.2469,130.1122,1
-26.2469,130.1122,1
-26.2469,130.1122,1
-26.24671,130.40987,1
-26.24545,130.11346,1
-26.24545,130.11346,1
-26.24545,130.11346,1
-26.24545,130.11346,1
-26.225556,121.556389,1
-26.201111,121.303611,1
-26.196111,114.537778,1
-26.196111,114.537778,1
-26.19475,130.23037,1
-26.19165,132.34827,1
-26.19165,132.34827,1
-26.19165,132.34827,1
-26.18967,132.33638,1
-26.18967,132.33638,1
-26.18967,132.33638,1
-26.18967,132.33638,1
-26.18967,132.33638,1
-26.18967,132.33638,1
-26.18967,132.33638,1
-26.18967,132.33638,1
-26.1893,132.34727,1
-26.1893,132.34727,1
-26.1893,132.34727,1
-26.1893,132.34727,1
-26.1893,132.34727,1
-26.18859,132.33693,1
-26.18859,132.33693,1
-26.18859,132.33693,1
-26.18691,132.34074,1
-26.18669,132.34758,1
-26.18669,132.34758,1
-26.18669,132.34758,1
-26.18669,132.34758,1
-26.18548,132.34318,1
-26.18548,132.34318,1
-26.18548,132.34318,1
-26.18548,132.34318,1
-26.18548,132.34318,1
-26.18548,132.34318,1
-26.18548,132.34318,1
-26.18548,132.34318,1
-26.18548,132.34318,1
-26.18548,132.34318,1
-26.18438,132.34081,1
-26.18438,132.34081,1
-26.18438,132.34081,1
-26.18438,132.34081,1
-26.18438,132.34081,1
-26.18438,132.34081,1
-26.18438,132.34081,1
-26.18438,132.34081,1
-26.1825,132.34303,1
-26.1825,132.34303,1
-26.1825,132.34303,1
-26.1825,132.34303,1
-26.1825,132.34303,1
-26.1825,132.34303,1
-26.1825,132.34303,1
-26.1825,132.34303,1
-26.1825,132.34303,1
-26.1825,132.34303,1
-26.18245,132.34047,1
-26.18245,132.34047,1
-26.18245,132.34047,1
-26.18245,132.34047,1
-26.18245,132.34047,1
-26.18245,132.34047,1
-26.1816,132.34767,1
-26.1816,132.34767,1
-26.1816,132.34767,1
-26.1816,132.34767,1
-26.1816,132.34767,1
-26.1816,132.34767,1
-26.1816,132.34767,1
-26.1816,132.34767,1
-26.17781,132.34234,1
-26.17781,132.34234,1
-26.17781,132.34234,1
-26.17513,132.34334,1
-26.17513,132.34334,1
-26.17513,132.34334,1
-26.17513,132.34334,1
-26.17513,132.34334,1
-26.169585,131.98231,1
-26.16893,132.36192,1
-26.16893,132.36192,1
-26.16893,132.36192,1
-26.16893,132.36192,1
-26.16893,132.36192,1
-26.16893,132.36192,1
-26.1667,128.35,1
-26.1667,128.35,1
-26.1667,128.35,1
-26.1667,128.35,1
-26.1667,128.35,1
-26.1667,128.35,1
-26.1667,128.35,1
-26.1667,128.35,1
-26.1667,128.35,1
-26.1667,128.35,1
-26.1667,128.35,1
-26.1667,128.35,1
-26.1667,128.35,1
-26.1667,128.35,1
-26.1667,128.35,1
-26.1667,132.45,1
-26.1667,128.35,1
-26.1667,128.35,1
-26.16667,132.36212,1
-26.16667,132.36212,1
-26.16667,132.36212,1
-26.16667,132.36212,1
-26.16667,132.36212,1
-26.16667,132.36212,1
-26.16667,132.36212,1
-26.16667,132.36212,1
-26.16667,132.36212,1
-26.16554,131.87771,1
-26.14966,132.31117,1
-26.14966,132.31117,1
-26.14966,132.31117,1
-26.14966,132.31117,1
-26.14966,132.31117,1
-26.14317,136.09544,1
-26.135,132.06,1
-26.135,132.06,1
-26.1344,132.06798,1
-26.133333,134.85,1
-26.133333,134.85,1
-26.133333,134.85,1
-26.133333,126.583333,1
-26.133333,126.566667,1
-26.133333,126.566667,1
-26.133333,126.566667,1
-26.133333,126.566667,1
-26.133333,126.566667,1
-26.1167,132,1
-26.116667,126.583333,1
-26.116667,126.583333,1
-26.10728,132.44747,1
-26.1,132.45,1
-26.1,132.45,1
-26.07894,137.61325,1
-26.0744,140.9464,1
-26.07123,140.94476,1
-26.066667,127.75,1
-26.066667,127.75,1
-26.06223,129.40045,1
-26.06223,129.40045,1
-26.056667,117.216111,1
-26.05211,129.40966,1
-26.05211,129.40966,1
-26.05211,129.40966,1
-26.05211,129.40966,1
-26.05211,129.40966,1
-26.05211,129.40966,1
-26.05211,129.40966,1
-26.05211,129.40966,1
-26.05,129.683333,1
-26.05,130.11667,1
-26.0497,129.4111,1
-26.0497,129.4111,1
-26.0497,129.4111,1
-26.0497,129.4111,1
-26.04816,129.41239,1
-26.04816,129.41239,1
-26.04816,129.41239,1
-26.04816,129.41239,1
-26.04816,129.41239,1
-26.04816,129.41239,1
-26.04816,129.41239,1
-26.04816,129.41239,1
-26.04816,129.41239,1
-26.04816,129.41239,1
-26.04816,129.41239,1
-26.04816,129.41239,1
-26.04816,129.41239,1
-26.03881,137.55642,1
-26.00947,135.58802,1
-26.0083,135.58,1
-26.0083,135.58,1
-26,130.13333,1
-26,130.13333,1
-26,132,1
-26,127.666667,1
-26,127.666667,1
-26,127.666667,1
-26,127.666667,1
-26,127.666667,1
-26,127.666667,1
-25.983333,113.7,1
-25.982948,133.022752,1
-25.981523,133.02405,1
-25.975833,113.571111,1
-25.975833,113.571111,1
-25.969145,135.81486,1
-25.96058,135.816342,1
-25.96058,135.816342,1
-25.96058,135.816342,1
-25.96058,135.816342,1
-25.96058,135.816342,1
-25.960313,135.81669,1
-25.947777,135.81356,1
-25.947777,135.81356,1
-25.947777,135.81356,1
-25.947633,135.812775,1
-25.947633,135.812775,1
-25.947633,135.812775,1
-25.941673,132.236353,1
-25.940015,135.814443,1
-25.940015,135.814443,1
-25.939938,135.814448,1
-25.939938,135.814448,1
-25.939938,135.814448,1
-25.939938,135.814448,1
-25.939938,135.814448,1
-25.933333,113.533333,1
-25.933332,134.88333,1
-25.931917,131.68464,1
-25.9306,128.4525,1
-25.9306,128.4525,1
-25.9306,128.4525,1
-25.930556,128.4525,1
-25.930556,128.4525,1
-25.925833,113.538611,1
-25.925833,113.538611,1
-25.923611,113.622222,1
-25.923611,113.557222,1
-25.923611,113.557222,1
-25.923611,113.640556,1
-25.923611,113.640556,1
-25.923611,113.557222,1
-25.923611,113.557222,1
-25.923611,113.557222,1
-25.923611,113.622222,1
-25.923611,113.557222,1
-25.923611,113.557222,1
-25.923611,113.557222,1
-25.923611,113.557222,1
-25.923611,113.557222,1
-25.923611,113.557222,1
-25.923611,113.557222,1
-25.923611,113.557222,1
-25.923611,113.557222,1
-25.917097,132.449006,1
-25.917097,132.449006,1
-25.917097,132.449006,1
-25.917097,132.449006,1
-25.917097,132.449006,1
-25.917097,132.449006,1
-25.9167,134.9167,1
-25.915254,132.001307,1
-25.9,139.35,1
-25.9,139.35,1
-25.892445,135.826437,1
-25.892402,135.826687,1
-25.892402,135.826687,1
-25.89177,135.826332,1
-25.891545,135.826817,1
-25.891303,135.823752,1
-25.891087,135.824523,1
-25.875278,113.550278,1
-25.86595,135.826415,1
-25.86595,135.826415,1
-25.86595,135.826415,1
-25.86595,135.826415,1
-25.86595,135.826415,1
-25.86595,135.826415,1
-25.86595,135.826415,1
-25.865552,135.827073,1
-25.865552,135.827073,1
-25.865552,135.827073,1
-25.865552,135.827073,1
-25.865552,135.827073,1
-25.865552,135.827073,1
-25.865552,135.827073,1
-25.861852,135.827747,1
-25.861852,135.827747,1
-25.861852,135.827747,1
-25.861852,135.827747,1
-25.861852,135.827747,1
-25.861722,135.826183,1
-25.861722,135.826183,1
-25.861722,135.826183,1
-25.848584,132.001306,1
-25.844951,133.820526,1
-25.838889,113.606389,1
-25.833333,113.616667,1
-25.820556,113.539167,1
-25.820556,113.539167,1
-25.816667,113.533333,1
-25.802222,113.543333,1
-25.802222,113.543333,1
-25.802222,113.543333,1
-25.802222,113.543333,1
-25.802222,113.543333,1
-25.802222,113.543333,1
-25.802222,113.543333,1
-25.802222,113.543333,1
-25.802222,113.543333,1
-25.802222,113.543333,1
-25.802222,113.543333,1
-25.801522,133.776101,1
-25.801522,133.776101,1
-25.801522,133.776101,1
-25.801522,133.776101,1
-25.801522,133.776101,1
-25.801522,133.776101,1
-25.801522,133.776101,1
-25.801522,133.776101,1
-25.801522,133.776101,1
-25.8,113.55,1
-25.8,113.55,1
-25.8,113.55,1
-25.8,113.55,1
-25.799444,113.616389,1
-25.799444,113.616389,1
-25.799444,113.616389,1
-25.799444,113.616389,1
-25.797222,113.538889,1
-25.794821,131.790283,1
-25.793889,113.616389,1
-25.783333,138.033333,1
-25.781111,113.654444,1
-25.781111,113.654444,1
-25.769444,113.548611,1
-25.769444,113.548611,1
-25.763889,113.608611,1
-25.747778,113.586667,1
-25.747778,113.586667,1
-25.739209,133.884435,1
-25.739209,133.884435,1
-25.739209,133.884435,1
-25.739209,133.884435,1
-25.739209,133.884435,1
-25.739209,133.884435,1
-25.739209,133.884435,1
-25.739209,133.884435,1
-25.735144,133.1797,1
-25.735144,133.1797,1
-25.735144,133.1797,1
-25.735144,133.1797,1
-25.735144,133.1797,1
-25.735144,133.1797,1
-25.735144,133.1797,1
-25.735144,133.1797,1
-25.735144,133.1797,1
-25.735144,133.1797,1
-25.735144,133.1797,1
-25.735144,133.1797,1
-25.735144,133.1797,1
-25.735144,133.1797,1
-25.735144,133.1797,1
-25.73369,134.91797,1
-25.733665,135.788613,1
-25.733665,135.788613,1
-25.733665,135.788613,1
-25.733665,135.788613,1
-25.733665,135.788613,1
-25.7332,134.919,1
-25.7332,134.919,1
-25.7332,134.919,1
-25.7332,134.919,1
-25.7332,134.919,1
-25.7332,134.919,1
-25.7332,134.919,1
-25.7332,134.919,1
-25.7332,134.919,1
-25.7332,134.919,1
-25.7332,134.919,1
-25.7332,134.919,1
-25.7332,134.919,1
-25.7332,134.919,1
-25.7332,134.919,1
-25.7332,134.919,1
-25.7332,134.919,1
-25.7332,134.919,1
-25.7332,134.919,1
-25.7332,134.919,1
-25.7332,134.919,1
-25.7332,134.919,1
-25.7332,134.919,1
-25.7332,134.919,1
-25.7332,134.919,1
-25.7028,131.2147,1
-25.680556,114.621944,1
-25.680551,133.115262,1
-25.680551,133.115262,1
-25.680551,133.115262,1
-25.680551,133.115262,1
-25.680551,133.115262,1
-25.680551,133.115262,1
-25.680551,133.115262,1
-25.680551,133.115262,1
-25.680551,133.115262,1
-25.680551,133.115262,1
-25.680551,133.115262,1
-25.680551,133.115262,1
-25.680551,133.115262,1
-25.680551,133.115262,1
-25.680551,133.115262,1
-25.680551,133.115262,1
-25.680551,133.115262,1
-25.680551,133.115262,1
-25.680551,133.115262,1
-25.68053,133.039579,1
-25.68053,133.039579,1
-25.68053,133.039579,1
-25.68053,133.039579,1
-25.68053,133.039579,1
-25.68053,133.039579,1
-25.68053,133.039579,1
-25.68053,133.039579,1
-25.68053,133.039579,1
-25.68053,133.039579,1
-25.68053,133.039579,1
-25.68053,133.039579,1
-25.678555,135.251272,1
-25.678555,135.251272,1
-25.672043,133.461079,1
-25.670613,133.462369,1
-25.66633,133.5,1
-25.666291,133.500034,1
-25.664861,133.501324,1
-25.6564,131.2081,1
-25.6485981,141.5009305,1
-25.647257,134.767941,1
-25.645816,134.769218,1
-25.633333,139.283333,1
-25.625278,114.704444,1
-25.625278,114.704444,1
-25.623769,134.762159,1
-25.623056,114.694167,1
-25.623056,114.694167,1
-25.62242,136.78029,1
-25.622328,134.763436,1
-25.61667,132.91667,1
-25.61667,132.91667,1
-25.609167,134.36194,1
-25.609167,134.36194,1
-25.6,132.8833,1
-25.6,132.8833,1
-25.598562,134.351281,1
-25.58333,132.98333,1
-25.5667,131.7972,1
-25.5667,131.7972,1
-25.5667,131.7972,1
-25.5667,131.7972,1
-25.5667,131.7972,1
-25.5667,131.7972,1
-25.5667,131.7972,1
-25.5667,131.7972,1
-25.56667,133.15,1
-25.56667,133.15,1
-25.565255,131.784635,1
-25.565255,131.784635,1
-25.565253,131.784629,1
-25.565185,132.786807,1
-25.565185,132.786807,1
-25.565185,132.786807,1
-25.565185,132.786807,1
-25.565185,132.786807,1
-25.565185,132.786807,1
-25.565185,132.786807,1
-25.565185,132.786807,1
-25.565185,132.786807,1
-25.565185,132.786807,1
-25.565185,132.786807,1
-25.565185,132.786807,1
-25.565185,132.786807,1
-25.565185,132.786807,1
-25.565185,132.786807,1
-25.565185,132.786807,1
-25.565185,132.786807,1
-25.565185,132.786807,1
-25.559444,124.766667,1
-25.550965,131.758107,1
-25.550777,131.76805,1
-25.550585,131.768305,1
-25.550585,131.768305,1
-25.550585,131.758305,1
-25.550585,131.768305,1
-25.550585,131.768305,1
-25.543585,131.774305,1
-25.543585,131.774305,1
-25.543585,131.774305,1
-25.543585,131.774305,1
-25.543585,131.774305,1
-25.54264,131.768858,1
-25.542585,131.768305,1
-25.542585,131.768305,1
-25.542585,131.766305,1
-25.542585,131.769305,1
-25.542585,131.766305,1
-25.542585,131.769305,1
-25.542585,131.769305,1
-25.542585,131.766305,1
-25.542585,131.766305,1
-25.542585,131.766305,1
-25.542585,131.769305,1
-25.542585,131.769305,1
-25.542585,131.766305,1
-25.542585,131.766305,1
-25.541945,131.7579,1
-25.541585,131.768305,1
-25.541585,131.764305,1
-25.541585,131.758305,1
-25.541585,131.764305,1
-25.541585,131.764305,1
-25.541585,131.758305,1
-25.541585,131.758305,1
-25.541585,131.758305,1
-25.541585,131.758305,1
-25.541585,131.768305,1
-25.541585,131.764305,1
-25.540138,142.968969,1
-25.540138,142.968969,1
-25.538889,142.967778,1
-25.53736,142.968969,1
-25.537303,132.247104,1
-25.537265,132.244101,1
-25.537208,132.244431,1
-25.535884,132.248405,1
-25.535845,132.245402,1
-25.535226,135.255025,1
-25.535226,135.255025,1
-25.535226,135.255025,1
-25.535226,135.255025,1
-25.535226,135.255025,1
-25.535226,135.255025,1
-25.535226,135.255025,1
-25.535023,135.351537,1
-25.535023,135.351537,1
-25.535023,135.351537,1
-25.535023,135.351537,1
-25.531915,131.751305,1
-25.531915,131.751305,1
-25.531915,131.767975,1
-25.531915,131.751305,1
-25.531915,131.767975,1
-25.531915,131.751305,1
-25.531915,131.767975,1
-25.531915,131.767975,1
-25.531915,131.751305,1
-25.531915,131.767975,1
-25.531915,131.751305,1
-25.531915,131.751305,1
-25.531915,131.751305,1
-25.528292,131.80371,1
-25.528292,131.80371,1
-25.528292,131.80371,1
-25.528292,131.80371,1
-25.528206,131.813616,1
-25.528206,131.813616,1
-25.528206,131.813616,1
-25.528206,131.813616,1
-25.528206,131.813616,1
-25.528195,131.833506,1
-25.516667,113.5,1
-25.516667,120.566667,1
-25.514588,131.808718,1
-25.514588,131.808718,1
-25.514588,131.808718,1
-25.514588,131.808718,1
-25.514588,131.808718,1
-25.514588,131.808718,1
-25.514588,131.808718,1
-25.510136,131.808624,1
-25.51009,131.803748,1
-25.505671,131.803652,1
-25.505671,131.803652,1
-25.505671,131.803652,1
-25.496619,131.803589,1
-25.496619,131.803589,1
-25.496619,131.803589,1
-25.492148,131.808719,1
-25.490432,132.707212,1
-25.490432,132.707212,1
-25.490432,132.707212,1
-25.490432,132.707212,1
-25.490432,132.707212,1
-25.490432,132.707212,1
-25.490432,132.707212,1
-25.490432,132.707212,1
-25.490432,132.707212,1
-25.490432,132.707212,1
-25.490432,132.707212,1
-25.490432,132.707212,1
-25.490432,132.707212,1
-25.490432,132.707212,1
-25.490432,132.707212,1
-25.489963,132.596994,1
-25.48854,132.59829,1
-25.487356,131.808936,1
-25.48723,132.7787,1
-25.487184,132.585554,1
-25.486667,136.781111,1
-25.485762,132.586851,1
-25.485715,134.312883,1
-25.481215,132.423106,1
-25.479794,132.424405,1
-25.479767,132.328625,1
-25.479767,132.328625,1
-25.479767,132.328625,1
-25.479767,132.328625,1
-25.479767,132.328625,1
-25.479767,132.328625,1
-25.479767,132.328625,1
-25.479767,132.328625,1
-25.479767,132.328625,1
-25.479767,132.328625,1
-25.479767,132.328625,1
-25.479767,132.328625,1
-25.479767,132.328625,1
-25.479767,132.328625,1
-25.479767,132.328625,1
-25.479767,132.328625,1
-25.479767,132.328625,1
-25.479767,132.328625,1
-25.478413,131.803775,1
-25.478413,131.803775,1
-25.478331,132.44782,1
-25.478331,132.44782,1
-25.478331,132.44782,1
-25.478331,132.44782,1
-25.478331,132.44782,1
-25.478331,132.44782,1
-25.478331,132.44782,1
-25.478331,132.44782,1
-25.478331,132.44782,1
-25.478331,132.44782,1
-25.478331,132.44782,1
-25.478331,132.44782,1
-25.478331,132.44782,1
-25.478331,132.44782,1
-25.47422,131.808745,1
-25.469882,135.215719,1
-25.469882,135.215719,1
-25.469882,135.215719,1
-25.469882,135.215719,1
-25.469882,135.215719,1
-25.469882,135.215719,1
-25.469882,135.215719,1
-25.469882,135.215719,1
-25.469882,135.215719,1
-25.469882,135.215719,1
-25.467771,131.822806,1
-25.455278,136.768611,1
-25.451574,131.826055,1
-25.44859,131.901299,1
-25.448584,131.901303,1
-25.448584,131.901303,1
-25.448584,131.901303,1
-25.448584,131.901303,1
-25.431915,131.767974,1
-25.42368,132.731466,1
-25.42368,132.731466,1
-25.42368,132.731466,1
-25.42368,132.731466,1
-25.42368,132.731466,1
-25.42368,132.731466,1
-25.42368,132.731466,1
-25.42368,132.731466,1
-25.42368,132.731466,1
-25.42368,132.731466,1
-25.42368,132.731466,1
-25.42368,132.731466,1
-25.42368,132.731466,1
-25.42368,132.731466,1
-25.42368,132.731466,1
-25.42368,132.731466,1
-25.42368,132.731466,1
-25.42368,132.731466,1
-25.42368,132.731466,1
-25.415256,131.817964,1
-25.415254,131.834633,1
-25.415254,131.817973,1
-25.415254,131.834633,1
-25.415254,131.834633,1
-25.415251,131.834636,1
-25.4139,131.8306,1
-25.4139,131.8306,1
-25.4139,131.8306,1
-25.4139,131.8306,1
-25.413651,135.29982,1
-25.4111,131.8417,1
-25.4111,131.8417,1
-25.4111,131.8417,1
-25.4111,131.8417,1
-25.4111,131.8417,1
-25.4111,131.8417,1
-25.4111,131.8417,1
-25.4111,131.8417,1
-25.4111,131.8417,1
-25.4111,131.8417,1
-25.4111,131.8417,1
-25.4111,131.8417,1
-25.4111,131.8417,1
-25.4111,131.8417,1
-25.4111,131.8417,1
-25.4111,131.8417,1
-25.40889,135.29,1
-25.40889,135.29,1
-25.400952,130.989541,1
-25.400952,130.989541,1
-25.400952,130.989541,1
-25.400947,130.989544,1
-25.400592,130.989311,1
-25.400592,130.989311,1
-25.400592,130.989311,1
-25.400592,130.989311,1
-25.400592,130.989311,1
-25.400592,130.989311,1
-25.400592,130.989311,1
-25.400592,130.989311,1
-25.400592,130.989311,1
-25.400592,130.989311,1
-25.400592,130.989311,1
-25.400592,130.989311,1
-25.4,132.5833,1
-25.4,132.5833,1
-25.4,132.58333,1
-25.39859,131.188309,1
-25.39859,131.188309,1
-25.39859,131.188309,1
-25.39859,131.188309,1
-25.39859,131.188309,1
-25.39859,131.188309,1
-25.39859,131.188309,1
-25.39859,131.188309,1
-25.39859,131.188309,1
-25.39859,131.188309,1
-25.39859,131.188309,1
-25.39859,131.188309,1
-25.39859,131.188309,1
-25.39859,131.188309,1
-25.39859,131.188309,1
-25.39859,131.188309,1
-25.398123,131.188256,1
-25.39812,131.188259,1
-25.39812,131.188259,1
-25.39812,131.188259,1
-25.394527,132.423469,1
-25.394527,132.423469,1
-25.394527,132.423469,1
-25.394527,132.423469,1
-25.394527,132.423469,1
-25.394527,132.423469,1
-25.394527,132.423469,1
-25.394527,132.423469,1
-25.394527,132.423469,1
-25.394527,132.423469,1
-25.394527,132.423469,1
-25.394527,132.423469,1
-25.394527,132.423469,1
-25.394527,132.423469,1
-25.394527,132.423469,1
-25.394527,132.423469,1
-25.3926,136.6943,1
-25.3926,136.6943,1
-25.390096,132.63109,1
-25.390096,132.63109,1
-25.390096,132.63109,1
-25.390096,132.63109,1
-25.390096,132.63109,1
-25.390096,132.63109,1
-25.390096,132.63109,1
-25.390096,132.63109,1
-25.383333,135.4,1
-25.383333,135.4,1
-25.383333,135.4,1
-25.383333,135.4,1
-25.383333,135.4,1
-25.383333,135.4,1
-25.383333,135.4,1
-25.383333,135.4,1
-25.383333,135.4,1
-25.383333,135.4,1
-25.383333,135.4,1
-25.383333,135.4,1
-25.375835,132.621959,1
-25.374386,132.623334,1
-25.373591,130.99931,1
-25.373082,132.746566,1
-25.373082,132.746566,1
-25.373082,132.746566,1
-25.373082,132.746566,1
-25.373082,132.746566,1
-25.373082,132.746566,1
-25.373082,132.746566,1
-25.373082,132.746566,1
-25.373082,132.746566,1
-25.373082,132.746566,1
-25.373082,132.746566,1
-25.3722,131.85,1
-25.3722,131.85,1
-25.3722,131.85,1
-25.3722,131.85,1
-25.3722,131.85,1
-25.368139,132.348655,1
-25.365255,131.851295,1
-25.365254,131.851302,1
-25.365254,131.834633,1
-25.365254,131.834633,1
-25.365252,131.83463,1
-25.36109,131.016769,1
-25.359,136.7101,1
-25.359,136.7101,1
-25.359,136.7101,1
-25.3589,136.672,1
-25.3589,136.672,1
-25.358333,128.626389,1
-25.356873,130.909341,1
-25.356592,130.909311,1
-25.356592,130.909311,1
-25.355591,131.03831,1
-25.355591,131.03831,1
-25.355142,131.038467,1
-25.352279,131.03342,1
-25.3511,133.18,1
-25.3511,133.18,1
-25.3511,133.18,1
-25.3511,133.18,1
-25.3511,133.18,1
-25.3511,133.18,1
-25.3511,133.18,1
-25.3511,133.18,1
-25.3511,133.18,1
-25.3511,133.18,1
-25.3511,133.18,1
-25.3511,133.18,1
-25.3511,133.18,1
-25.3511,133.18,1
-25.350591,131.070309,1
-25.350588,131.346307,1
-25.350588,131.346307,1
-25.350588,131.346307,1
-25.350588,131.346307,1
-25.350588,131.346307,1
-25.350588,131.346307,1
-25.350588,131.346307,1
-25.350588,131.346307,1
-25.350588,131.346307,1
-25.350588,131.346307,1
-25.350558,131.346327,1
-25.350558,131.346327,1
-25.350558,131.346327,1
-25.350556,131.346331,1
-25.35055,133.17804,1
-25.35,131.0333,1
-25.35,131.0333,1
-25.35,131.0333,1
-25.35,131.0333,1
-25.35,131.0333,1
-25.35,131.0333,1
-25.35,131.0333,1
-25.35,131.0333,1
-25.35,131.0333,1
-25.35,131.0333,1
-25.35,131.0333,1
-25.35,131.0333,1
-25.35,131.0333,1
-25.35,131.0333,1
-25.35,131.0333,1
-25.35,131.0333,1
-25.35,131.0333,1
-25.35,131.0333,1
-25.35,131.0333,1
-25.35,131.0333,1
-25.35,131.0333,1
-25.35,131.0333,1
-25.35,131.0333,1
-25.35,131.0333,1
-25.35,131.0333,1
-25.35,131.0333,1
-25.35,131.0333,1
-25.35,131.0333,1
-25.35,131.0333,1
-25.35,131.0333,1
-25.35,131.0333,1
-25.35,131.0333,1
-25.35,131.0333,1
-25.35,131.0333,1
-25.35,131.0333,1
-25.35,131.0333,1
-25.35,131.0333,1
-25.35,131.0333,1
-25.35,131.0333,1
-25.35,131.0333,1
-25.35,131.0333,1
-25.35,131.0333,1
-25.35,131.0333,1
-25.35,131.0333,1
-25.35,131.0333,1
-25.35,131.03333,1
-25.35,131.03333,1
-25.35,131.03333,1
-25.35,131.03333,1
-25.35,131.03333,1
-25.35,131.03333,1
-25.35,131.03333,1
-25.35,131.03333,1
-25.35,131.03333,1
-25.35,131.03333,1
-25.35,131.03333,1
-25.35,131.03333,1
-25.35,131.03333,1
-25.35,131.03333,1
-25.35,131.03333,1
-25.35,131.03333,1
-25.35,131.0333,1
-25.35,131.0333,1
-25.349593,130.780312,1
-25.349593,130.780312,1
-25.349593,130.780312,1
-25.349466,130.780072,1
-25.348593,131.06797,1
-25.348591,131.00131,1
-25.348591,131.03464,1
-25.348591,131.05131,1
-25.348591,131.067979,1
-25.348591,131.051301,1
-25.348591,131.03464,1
-25.348591,131.03464,1
-25.348591,131.03464,1
-25.346591,131.00831,1
-25.346591,131.00831,1
-25.346526,131.00852,1
-25.345444,134.077243,1
-25.344009,134.078524,1
-25.338587,131.471306,1
-25.338587,131.471306,1
-25.338134,131.005986,1
-25.337591,131.00831,1
-25.337591,130.99831,1
-25.335374,131.004451,1
-25.33333,131.01667,1
-25.33333,131.01667,1
-25.33333,131,1
-25.3333,131.75,1
-25.3333,131.75,1
-25.3333,131.75,1
-25.3333,131.75,1
-25.3333,131.75,1
-25.3333,131,1
-25.331925,131.801295,1
-25.331921,131.01798,1
-25.331919,131.834627,1
-25.331914,131.834632,1
-25.331914,131.834632,1
-25.331914,131.834632,1
-25.331914,131.801303,1
-25.331914,131.801303,1
-25.331914,131.801303,1
-25.331914,131.801303,1
-25.331914,131.834632,1
-25.33,131.75,1
-25.328587,131.451306,1
-25.328587,131.461306,1
-25.328587,131.461306,1
-25.328587,131.461306,1
-25.328587,131.461306,1
-25.320531,131.0202,1
-25.320531,131.0202,1
-25.320531,131.0202,1
-25.320531,131.0202,1
-25.320531,131.0202,1
-25.320531,131.0202,1
-25.320531,131.0202,1
-25.320531,131.0202,1
-25.320531,131.0202,1
-25.320531,131.0202,1
-25.320531,131.0202,1
-25.320531,131.0202,1
-25.320531,131.0202,1
-25.32,131.75,1
-25.32,131.75,1
-25.32,131.75,1
-25.32,131.75,1
-25.32,131.75,1
-25.32,131.75,1
-25.32,131.75,1
-25.32,131.75,1
-25.32,131.75,1
-25.32,131.75,1
-25.32,131.75,1
-25.32,131.75,1
-25.32,131.75,1
-25.32,131.75,1
-25.32,131.75,1
-25.32,131.75,1
-25.32,131.75,1
-25.32,131.75,1
-25.32,131.75,1
-25.32,131.75,1
-25.32,131.75,1
-25.32,131.75,1
-25.32,131.75,1
-25.32,131.75,1
-25.32,131.75,1
-25.32,131.75,1
-25.32,131.75,1
-25.32,131.75,1
-25.32,131.75,1
-25.32,131.75,1
-25.32,131.75,1
-25.32,131.75,1
-25.31972,130.988214,1
-25.319591,130.98831,1
-25.318587,131.451306,1
-25.318587,131.451306,1
-25.318587,131.451306,1
-25.318587,131.451306,1
-25.31772,134.51811,1
-25.317716,134.51812,1
-25.317716,134.51812,1
-25.317707,134.51812,1
-25.317707,134.51812,1
-25.31667,131.75,1
-25.31667,130.98333,1
-25.31667,131.75,1
-25.31667,131.75,1
-25.31667,131.75,1
-25.31667,131.75,1
-25.31667,131.75,1
-25.316667,131.733333,1
-25.316667,120.683333,1
-25.316667,131.75,1
-25.315319,131.751021,1
-25.315319,131.751021,1
-25.315319,131.751021,1
-25.315319,131.751021,1
-25.315261,131.667964,1
-25.315255,131.667974,1
-25.315255,131.667974,1
-25.314567,131.758515,1
-25.313889,131.75806,1
-25.313889,131.75806,1
-25.313889,131.75806,1
-25.313889,131.75806,1
-25.313593,130.779312,1
-25.313361,130.779543,1
-25.312998,130.809334,1
-25.312593,130.809311,1
-25.312593,130.809311,1
-25.310734,133.333858,1
-25.307222,132.351111,1
-25.307222,132.351111,1
-25.303592,130.868311,1
-25.303592,130.868311,1
-25.303592,130.868311,1
-25.303228,130.868776,1
-25.3,120.672222,1
-25.3,120.672222,1
-25.294762,135.414141,1
-25.291667,120.658333,1
-25.291667,120.658333,1
-25.286988,130.719578,1
-25.286594,130.719312,1
-25.286594,130.719312,1
-25.286594,130.719312,1
-25.286594,130.719312,1
-25.286508,133.964554,1
-25.286098,133.928634,1
-25.284932,133.945973,1
-25.28333,130.91667,1
-25.28333,130.91667,1
-25.281933,130.917976,1
-25.279592,130.92531,1
-25.279592,130.92531,1
-25.279592,130.92831,1
-25.279592,130.92831,1
-25.279592,130.92831,1
-25.279592,130.92531,1
-25.279592,130.92831,1
-25.279592,130.92531,1
-25.279592,130.92531,1
-25.279592,130.92531,1
-25.279592,130.92531,1
-25.279592,130.92831,1
-25.279592,130.92831,1
-25.278611,120.618611,1
-25.277592,130.92231,1
-25.275592,130.93831,1
-25.275254,130.937847,1
-25.274727,130.977552,1
-25.274592,130.92631,1
-25.274591,130.977309,1
-25.273592,130.92631,1
-25.273592,130.92631,1
-25.273592,130.92631,1
-25.273592,130.92631,1
-25.272592,130.92031,1
-25.271592,130.91731,1
-25.2708,134.51068,1
-25.270796,134.510687,1
-25.270796,134.510687,1
-25.270796,134.510687,1
-25.270796,134.510687,1
-25.270796,134.510687,1
-25.270796,134.510687,1
-25.270592,130.92831,1
-25.26967,134.48146,1
-25.269667,134.481454,1
-25.269667,134.481454,1
-25.269667,134.481454,1
-25.269667,134.481454,1
-25.269667,134.481454,1
-25.269667,134.481454,1
-25.268586,131.541304,1
-25.268586,131.541304,1
-25.268586,131.541304,1
-25.268586,131.541304,1
-25.267592,130.92031,1
-25.266746,134.489691,1
-25.2665,130.96266,1
-25.2665,130.96266,1
-25.265306,134.490967,1
-25.265091,130.963976,1
-25.264639,138.8061,1
-25.264639,138.8061,1
-25.264639,138.8061,1
-25.2646,138.8061,1
-25.2646,138.8061,1
-25.2646,138.8061,1
-25.264468,130.964694,1
-25.264468,130.964694,1
-25.264468,130.964694,1
-25.264468,130.964694,1
-25.264468,130.964694,1
-25.264468,130.964694,1
-25.264468,130.964694,1
-25.264468,130.964694,1
-25.264468,130.964694,1
-25.264468,130.964694,1
-25.264468,130.964694,1
-25.264468,130.964694,1
-25.264468,130.964694,1
-25.264468,130.964694,1
-25.264468,130.964694,1
-25.264468,130.964694,1
-25.264468,130.964694,1
-25.264468,130.964694,1
-25.264444,120.646389,1
-25.26378,130.95866,1
-25.26378,130.95866,1
-25.263778,130.958667,1
-25.263778,130.958667,1
-25.263439,130.958979,1
-25.263439,130.958979,1
-25.263439,130.958979,1
-25.263439,130.958979,1
-25.263439,130.958979,1
-25.263439,130.958979,1
-25.263439,130.958979,1
-25.263439,130.958979,1
-25.263439,130.958979,1
-25.263439,130.958979,1
-25.263439,130.958979,1
-25.263439,130.958979,1
-25.263439,130.958979,1
-25.263439,130.958979,1
-25.263439,130.958979,1
-25.263439,130.958979,1
-25.263439,130.958979,1
-25.263439,130.958979,1
-25.263439,130.958979,1
-25.263439,130.958979,1
-25.263439,130.958979,1
-25.263439,130.958979,1
-25.263439,130.958979,1
-25.262369,130.959976,1
-25.262,138.8067,1
-25.262,138.8067,1
-25.262,138.8067,1
-25.262,138.8067,1
-25.262,138.8067,1
-25.262,138.8067,1
-25.262,138.8067,1
-25.262,138.8067,1
-25.262,138.8067,1
-25.262,138.8067,1
-25.257639,138.8042,1
-25.2576,138.8042,1
-25.255228,134.468211,1
-25.253789,134.469487,1
-25.253245,130.997742,1
-25.252358,130.993283,1
-25.251542,130.980972,1
-25.250048,131.010922,1
-25.250048,131.010922,1
-25.250048,131.010922,1
-25.250048,131.010922,1
-25.250048,131.010922,1
-25.250048,131.010922,1
-25.250048,131.010922,1
-25.250048,131.010922,1
-25.250048,131.010922,1
-25.250048,131.010922,1
-25.250048,131.010922,1
-25.250048,131.010922,1
-25.250048,131.010922,1
-25.250048,131.010922,1
-25.250048,131.010922,1
-25.250048,131.010922,1
-25.250048,131.010922,1
-25.250048,131.010922,1
-25.25,131,1
-25.25,131,1
-25.25,131,1
-25.25,131,1
-25.25,131,1
-25.25,131,1
-25.25,131,1
-25.25,131,1
-25.25,131,1
-25.25,131,1
-25.25,131.8,1
-25.25,131.8,1
-25.25,131.8,1
-25.25,131.8,1
-25.25,131.8,1
-25.25,131.8,1
-25.25,131.8,1
-25.25,131.8,1
-25.249472,131.007083,1
-25.249472,131.007083,1
-25.24947,131.00708,1
-25.24947,131.00708,1
-25.248596,130.967967,1
-25.248591,130.967979,1
-25.248591,130.967979,1
-25.248591,131.001309,1
-25.248587,131.491305,1
-25.248587,131.501304,1
-25.248587,131.501304,1
-25.248587,131.501304,1
-25.248063,131.008392,1
-25.248063,131.008392,1
-25.245,120.658333,1
-25.244374,135.27086,1
-25.2439,138.8349,1
-25.2439,138.8349,1
-25.2439,138.8349,1
-25.2439,138.8349,1
-25.2439,138.8349,1
-25.2439,138.8349,1
-25.2439,138.8349,1
-25.2439,138.8349,1
-25.2439,138.8349,1
-25.2439,138.8349,1
-25.243889,138.834917,1
-25.243889,138.834917,1
-25.243889,138.834917,1
-25.243889,138.834917,1
-25.243889,138.834917,1
-25.243889,138.834917,1
-25.243889,138.834917,1
-25.243889,138.834917,1
-25.243889,138.834917,1
-25.243889,138.834917,1
-25.241,130.968,1
-25.241,130.968,1
-25.241,130.968,1
-25.241,130.968,1
-25.241,130.968,1
-25.241,130.968,1
-25.241,130.968,1
-25.241,130.968,1
-25.241,130.968,1
-25.241,130.968,1
-25.241,130.968,1
-25.241,130.968,1
-25.241,130.968,1
-25.24039,130.96094,1
-25.24039,130.96094,1
-25.240389,130.960944,1
-25.240389,130.960944,1
-25.239591,130.969309,1
-25.239591,130.969309,1
-25.239452,130.970265,1
-25.239452,130.970265,1
-25.239452,130.970265,1
-25.239452,130.970265,1
-25.239452,130.970265,1
-25.239452,130.970265,1
-25.239452,130.970265,1
-25.239452,130.970265,1
-25.239452,130.970265,1
-25.239452,130.970265,1
-25.239452,130.970265,1
-25.239452,130.970265,1
-25.239452,130.970265,1
-25.239452,130.970265,1
-25.239452,130.970265,1
-25.239452,130.970265,1
-25.239452,130.970265,1
-25.239452,130.970265,1
-25.239452,130.970265,1
-25.239452,130.970265,1
-25.239452,130.970265,1
-25.239452,130.970265,1
-25.239452,130.970265,1
-25.239452,130.970265,1
-25.239452,130.970265,1
-25.239262,130.963234,1
-25.239262,130.963234,1
-25.239262,130.963234,1
-25.239262,130.963234,1
-25.239262,130.963234,1
-25.239262,130.963234,1
-25.239262,130.963234,1
-25.23898,130.962254,1
-25.238838,130.990518,1
-25.238595,130.591312,1
-25.238595,130.591312,1
-25.23439,130.97783,1
-25.23439,130.97783,1
-25.234132,130.978309,1
-25.234132,130.978309,1
-25.234132,130.978309,1
-25.234132,130.978309,1
-25.234132,130.978309,1
-25.234132,130.978309,1
-25.234132,130.978309,1
-25.234132,130.978309,1
-25.233333,121.108333,1
-25.23333,131,1
-25.23298,130.979142,1
-25.231926,131.001303,1
-25.230852,130.958223,1
-25.22925,130.97627,1
-25.22925,130.97627,1
-25.22925,130.976278,1
-25.22925,130.976278,1
-25.22925,130.976278,1
-25.22859,131.111308,1
-25.22859,131.111308,1
-25.22859,131.111308,1
-25.22859,131.111308,1
-25.22859,131.111308,1
-25.227924,130.978436,1
-25.227924,130.978436,1
-25.227924,130.978436,1
-25.227924,130.978436,1
-25.227924,130.978436,1
-25.227924,130.978436,1
-25.227924,130.978436,1
-25.227924,130.978436,1
-25.227924,130.978436,1
-25.227924,130.978436,1
-25.227924,130.978436,1
-25.227924,130.978436,1
-25.227924,130.978436,1
-25.227841,130.977587,1
-25.227841,130.977587,1
-25.226273,132.026911,1
-25.218595,130.591312,1
-25.218586,131.501304,1
-25.218586,131.501304,1
-25.218586,131.511304,1
-25.218563,134.231278,1
-25.2167,133.1833,1
-25.2167,133.1833,1
-25.2167,133.1833,1
-25.2167,133.1833,1
-25.2167,133.1833,1
-25.2167,133.1833,1
-25.2167,133.1833,1
-25.2167,133.1833,1
-25.2167,133.1833,1
-25.2167,133.1833,1
-25.2167,133.1833,1
-25.2167,133.1833,1
-25.2167,133.1833,1
-25.2167,133.1833,1
-25.2167,133.1833,1
-25.2167,133.1833,1
-25.2167,133.1833,1
-25.2167,133.1833,1
-25.2167,133.1833,1
-25.2167,133.1833,1
-25.2167,133.1833,1
-25.2167,133.1833,1
-25.2167,133.1833,1
-25.2167,133.1833,1
-25.2167,133.1833,1
-25.2167,133.1833,1
-25.2167,133.1833,1
-25.2167,133.1833,1
-25.2167,133.1833,1
-25.2167,133.1833,1
-25.2167,133.1833,1
-25.2167,133.1833,1
-25.2167,133.1833,1
-25.2167,133.1833,1
-25.2167,133.1833,1
-25.2167,133.1833,1
-25.2167,133.1833,1
-25.2167,133.1833,1
-25.2167,133.1833,1
-25.2167,133.1833,1
-25.2167,133.1833,1
-25.2167,133.1833,1
-25.2167,133.1833,1
-25.2167,133.1833,1
-25.2167,133.1833,1
-25.2167,133.1833,1
-25.2167,133.1833,1
-25.2167,133.1833,1
-25.2167,133.1833,1
-25.2167,133.1833,1
-25.2167,133.1833,1
-25.2167,133.1833,1
-25.2167,133.1833,1
-25.2167,133.1833,1
-25.2167,133.1833,1
-25.2167,133.1833,1
-25.2167,133.1833,1
-25.21667,130.76667,1
-25.21667,130.76667,1
-25.21667,130.76667,1
-25.21667,130.76667,1
-25.21667,130.76667,1
-25.21667,130.76667,1
-25.21667,130.76667,1
-25.21667,130.76667,1
-25.21667,130.76667,1
-25.21667,130.76667,1
-25.21667,130.76667,1
-25.21667,130.76667,1
-25.21667,130.76667,1
-25.21667,130.76667,1
-25.21667,130.76667,1
-25.21667,130.76667,1
-25.21667,130.76667,1
-25.216667,134.23334,1
-25.21003,130.9832,1
-25.21003,130.9832,1
-25.208591,131.041308,1
-25.208334,130.983242,1
-25.208334,130.983242,1
-25.208334,130.983242,1
-25.208334,130.983242,1
-25.208334,130.983242,1
-25.208334,130.983242,1
-25.208334,130.983242,1
-25.205555,130.974789,1
-25.205555,130.974789,1
-25.205012,130.984733,1
-25.199128,130.980984,1
-25.199128,130.980984,1
-25.199128,130.980984,1
-25.199128,130.980984,1
-25.199128,130.980984,1
-25.199128,130.980984,1
-25.199128,130.980984,1
-25.198591,131.001308,1
-25.198587,131.481304,1
-25.198587,131.481304,1
-25.198587,131.481304,1
-25.198587,131.481304,1
-25.198586,131.501304,1
-25.198586,131.501304,1
-25.198586,131.501304,1
-25.198586,131.501304,1
-25.19778,130.99056,1
-25.19722,130.97789,1
-25.19722,130.97789,1
-25.195813,130.979197,1
-25.195813,130.979197,1
-25.195364,130.973457,1
-25.195364,130.973457,1
-25.195364,130.973457,1
-25.195364,130.973457,1
-25.195364,130.973457,1
-25.195364,130.973457,1
-25.195364,130.973457,1
-25.195364,130.973457,1
-25.195364,130.973457,1
-25.195364,130.973457,1
-25.195364,130.973457,1
-25.195364,130.973457,1
-25.195364,130.973457,1
-25.195364,130.973457,1
-25.19389,130.98361,1
-25.19342,130.97166,1
-25.19342,130.97166,1
-25.193417,130.971667,1
-25.192008,130.972975,1
-25.188594,130.591312,1
-25.188587,131.401305,1
-25.188587,131.401305,1
-25.187694,130.718181,1
-25.187693,130.718181,1
-25.187693,130.718181,1
-25.187693,130.718181,1
-25.187593,130.718311,1
-25.187593,130.718311,1
-25.187593,130.718311,1
-25.187593,130.718311,1
-25.187593,130.718311,1
-25.187593,130.718311,1
-25.187593,130.718311,1
-25.187593,130.718311,1
-25.187593,130.718311,1
-25.187593,130.718311,1
-25.187593,130.718311,1
-25.187593,130.718311,1
-25.187593,130.718311,1
-25.187593,130.718311,1
-25.187593,130.718311,1
-25.187593,130.718311,1
-25.187593,130.718311,1
-25.187593,130.718311,1
-25.183333,130.866667,1
-25.183333,130.866667,1
-25.183333,130.866667,1
-25.183333,130.866667,1
-25.18193,130.88464,1
-25.181922,130.884639,1
-25.175278,115.487778,1
-25.169983,130.68817,1
-25.169594,130.688311,1
-25.169594,130.688311,1
-25.169594,130.688311,1
-25.169594,130.688311,1
-25.169594,130.688311,1
-25.169594,130.688311,1
-25.165261,130.984638,1
-25.165261,130.984638,1
-25.165261,130.984638,1
-25.165258,130.98464,1
-25.161069,130.678127,1
-25.160594,130.678311,1
-25.158595,130.561312,1
-25.158594,130.581312,1
-25.148586,131.584633,1
-25.138362,135.330446,1
-25.138362,135.330446,1
-25.138362,135.330446,1
-25.138362,135.330446,1
-25.138362,135.330446,1
-25.138362,135.330446,1
-25.138362,135.330446,1
-25.138362,135.330446,1
-25.138362,135.330446,1
-25.138362,135.330446,1
-25.138362,135.330446,1
-25.138362,135.330446,1
-25.134725,131.986889,1
-25.134444,113.805556,1
-25.134444,113.805556,1
-25.134444,113.805556,1
-25.13333,131.58333,1
-25.133255,132.192878,1
-25.133255,132.192878,1
-25.131925,131.584635,1
-25.131916,131.567973,1
-25.131916,131.567973,1
-25.131916,131.584632,1
-25.131916,131.551303,1
-25.131916,131.567973,1
-25.131916,131.551303,1
-25.131916,131.584632,1
-25.131916,131.517973,1
-25.125,125,1
-25.125,125,1
-25.125,125,1
-25.125,125,1
-25.119444,115.426667,1
-25.1178,135.5139,1
-25.1178,135.5139,1
-25.116667,124.933333,1
-25.116667,124.988889,1
-25.115833,113.729167,1
-25.114142,135.192518,1
-25.114142,135.192518,1
-25.114142,135.192518,1
-25.114142,135.192518,1
-25.114142,135.192518,1
-25.114142,135.192518,1
-25.114142,135.192518,1
-25.114142,135.192518,1
-25.114142,135.192518,1
-25.114142,135.192518,1
-25.114142,135.192518,1
-25.114142,135.192518,1
-25.108596,130.431312,1
-25.108596,130.431312,1
-25.108596,130.431312,1
-25.108596,130.431312,1
-25.108596,130.431312,1
-25.108596,130.431312,1
-25.108596,130.431312,1
-25.108596,130.431312,1
-25.108596,130.431312,1
-25.10549,138.20738,1
-25.10004,132.54993,1
-25.1,130.233333,1
-25.1,130.233333,1
-25.1,130.233333,1
-25.1,130.233333,1
-25.1,130.233333,1
-25.1,130.233333,1
-25.1,130.233333,1
-25.1,130.233333,1
-25.1,130.233333,1
-25.1,130.233333,1
-25.1,130.233333,1
-25.1,130.233333,1
-25.1,130.233333,1
-25.1,130.233333,1
-25.1,124.983333,1
-25.098596,130.411312,1
-25.090942,131.162911,1
-25.090942,131.162911,1
-25.090942,131.162911,1
-25.090942,131.162911,1
-25.090942,131.162911,1
-25.090942,131.162911,1
-25.090942,131.162911,1
-25.090942,131.162911,1
-25.089055,131.160873,1
-25.089055,131.160873,1
-25.089055,131.160873,1
-25.088596,130.401312,1
-25.086353,134.36823,1
-25.086249,131.159165,1
-25.086249,131.159165,1
-25.081695,132.164563,1
-25.08,120.7,1
-25.078587,131.351304,1
-25.066667,128.733333,1
-25.066667,128.733333,1
-25.06455,135.369997,1
-25.06455,135.369997,1
-25.061111,129.975,1
-25.055278,115.293889,1
-25.054507,132.156581,1
-25.051535,135.42811,1
-25.051535,135.42811,1
-25.051535,135.42811,1
-25.051535,135.42811,1
-25.051535,135.42811,1
-25.051535,135.42811,1
-25.05,129.683333,1
-25.035399,132.244381,1
-25.035399,132.244381,1
-25.035399,132.244381,1
-25.01667,129.38333,1
-25.01667,129.38333,1
-25.01667,129.38333,1
-25.01667,129.38333,1
-25.01667,129.38333,1
-25.01667,129.38333,1
-25.01667,129.38333,1
-25.01526,130.984637,1
-25.01526,130.984637,1
-25.01526,130.984637,1
-25.00801,131.86515,1
-25.00801,131.86515,1
-25,133.7833,1
-25,120.825,1
-25,125,1
-24.999722,131.270288,1
-24.999588,131.270304,1
-24.999588,131.270304,1
-24.999588,131.270304,1
-24.998589,131.161305,1
-24.998589,131.161305,1
-24.99814,131.62516,1
-24.996725,131.626461,1
-24.948589,131.169304,1
-24.946647,131.198029,1
-24.946588,131.198304,1
-24.946588,131.198304,1
-24.94232,131.57693,1
-24.937589,131.180304,1
-24.933589,131.180304,1
-24.933372,131.179973,1
-24.931919,131.184634,1
-24.930377,135.37951,1
-24.924589,131.165304,1
-24.924589,131.165304,1
-24.924564,131.16497,1
-24.915232,134.217945,1
-24.910415,135.454896,1
-24.898562,134.234605,1
-24.883333,113.65,1
-24.882646,133.190249,1
-24.881217,133.191533,1
-24.876157,133.826676,1
-24.876157,133.826676,1
-24.87178,131.89812,1
-24.87178,131.89812,1
-24.868566,133.824058,1
-24.866667,113.633333,1
-24.866667,113.633333,1
-24.84855,136.051248,1
-24.848547,136.051255,1
-24.848547,136.051255,1
-24.848547,136.051255,1
-24.848547,136.051255,1
-24.83333,129.25,1
-24.83333,129.25,1
-24.8333,132.25,1
-24.8333,132.25,1
-24.8333,132.25,1
-24.8333,132.25,1
-24.8333,132.25,1
-24.8333,132.25,1
-24.8333,132.25,1
-24.8333,132.25,1
-24.8333,132.25,1
-24.830071,134.039688,1
-24.828635,134.040964,1
-24.7825,128.7789,1
-24.7825,128.7789,1
-24.766667,143.066667,1
-24.75,136,1
-24.75,132.25,1
-24.75,132.25,1
-24.75,132.25,1
-24.75,132.25,1
-24.75,132.25,1
-24.75,132.25,1
-24.75,132.25,1
-24.75,132.25,1
-24.75,132.25,1
-24.75,132.25,1
-24.75,114.25,1
-24.748547,136.001255,1
-24.748547,136.001255,1
-24.748547,136.001255,1
-24.748547,136.001248,1
-24.748547,136.001255,1
-24.7417,137.7125,1
-24.7417,137.7125,1
-24.7402,137.71375,1
-24.733056,120.286667,1
-24.732788,133.74899,1
-24.732788,133.74899,1
-24.73189,135.767923,1
-24.731879,135.767927,1
-24.731879,135.767927,1
-24.7,139.6,1
-24.682558,134.734267,1
-24.681899,134.7346,1
-24.66667,132.25,1
-24.66667,132.25,1
-24.66667,132.25,1
-24.66667,132.25,1
-24.66667,132.25,1
-24.66667,132.25,1
-24.666667,128.75,1
-24.634516,132.750818,1
-24.633938,132.776684,1
-24.633938,132.776684,1
-24.633938,132.776684,1
-24.63333,136.31667,1
-24.631902,133.651272,1
-24.631897,133.651278,1
-24.631897,133.651278,1
-24.631897,133.651278,1
-24.631897,133.651278,1
-24.628611,128.755556,1
-24.620809,133.239698,1
-24.620809,133.239698,1
-24.620809,133.239698,1
-24.620809,133.239698,1
-24.620809,133.239698,1
-24.620809,133.239698,1
-24.620809,133.239698,1
-24.620809,133.239698,1
-24.620809,133.239698,1
-24.620809,133.239698,1
-24.620809,133.239698,1
-24.620809,133.239698,1
-24.620809,133.239698,1
-24.620809,133.239698,1
-24.620809,133.239698,1
-24.620809,133.239698,1
-24.620809,133.239698,1
-24.620809,133.239698,1
-24.620809,133.239698,1
-24.620809,133.239698,1
-24.61,126.208333,1
-24.61,126.208333,1
-24.6,131.16667,1
-24.6,133.9333,1
-24.598558,134.661267,1
-24.598558,134.661267,1
-24.598558,134.661267,1
-24.593889,121.885278,1
-24.590833,121.878333,1
-24.580339,133.455575,1
-24.580339,133.455575,1
-24.580339,133.455575,1
-24.580339,133.455575,1
-24.580339,133.455575,1
-24.572174,133.578476,1
-24.572174,133.578476,1
-24.572174,133.578476,1
-24.566667,115.175,1
-24.565227,134.751266,1
-24.565227,134.751266,1
-24.565219,135.751256,1
-24.565219,135.751256,1
-24.565217,135.751253,1
-24.559129,133.437219,1
-24.558588,131.101301,1
-24.553155,133.536108,1
-24.553155,133.536108,1
-24.551389,114.958889,1
-24.55,130.63333,1
-24.55,130.63333,1
-24.55,130.63333,1
-24.55,130.63333,1
-24.548588,131.091301,1
-24.540737,132.893476,1
-24.540737,132.893476,1
-24.540737,132.893476,1
-24.540737,132.893476,1
-24.540737,132.893476,1
-24.540737,132.893476,1
-24.540737,132.893476,1
-24.540737,132.893476,1
-24.540737,132.893476,1
-24.536389,120.083333,1
-24.535428,132.728612,1
-24.534003,132.729898,1
-24.531944,120.291111,1
-24.5167,132.15,1
-24.515223,135.784585,1
-24.515219,135.784585,1
-24.515219,135.784585,1
-24.509983,133.838351,1
-24.508548,133.839626,1
-24.508547,136.031252,1
-24.508547,136.031252,1
-24.501111,115.0175,1
-24.501111,115.0175,1
-24.500766,133.502742,1
-24.500766,133.502742,1
-24.500766,133.502742,1
-24.500766,133.502742,1
-24.500766,133.502742,1
-24.500766,133.502742,1
-24.493333,115.030833,1
-24.481888,135.534589,1
-24.481881,135.534587,1
-24.481881,135.534587,1
-24.481881,135.534587,1
-24.481881,135.534587,1
-24.448547,136.001252,1
-24.448547,136.001252,1
-24.443333,114.511944,1
-24.438551,135.461257,1
-24.428889,114.5,1
-24.428889,114.5,1
-24.415228,134.867925,1
-24.415226,134.867933,1
-24.413611,113.763333,1
-24.413333,113.706667,1
-24.413333,113.706667,1
-24.413333,113.663056,1
-24.413333,113.706667,1
-24.413333,113.706667,1
-24.413333,113.706667,1
-24.413333,113.706667,1
-24.40856,134.441268,1
-24.407222,114.473333,1
-24.406984,132.74316,1
-24.405833,114.444444,1
-24.405558,132.744444,1
-24.4,136.1,1
-24.4,134.78333,1
-24.398589,130.9733,1
-24.398559,134.784596,1
-24.398546,136.101244,1
-24.398333,139.479167,1
-24.387582,131.742293,1
-24.378568,133.391278,1
-24.378568,133.391278,1
-24.369583,131.702293,1
-24.365212,136.617914,1
-24.365212,136.617904,1
-24.365212,136.617914,1
-24.352583,131.662294,1
-24.352583,131.652294,1
-24.35,114.025,1
-24.35,131.66667,1
-24.345755,134.045681,1
-24.344318,134.046952,1
-24.343583,131.642294,1
-24.343025,133.647481,1
-24.342908,133.647463,1
-24.342553,133.647171,1
-24.340506,133.658215,1
-24.338551,135.451256,1
-24.338551,135.451256,1
-24.338333,133.674497,1
-24.338333,133.674497,1
-24.338333,133.674497,1
-24.338008,133.659096,1
-24.337579,133.659583,1
-24.33625,133.669689,1
-24.33625,133.669689,1
-24.335048,133.665424,1
-24.334911,133.63577,1
-24.334583,131.642294,1
-24.33333,131.66667,1
-24.331924,131.667957,1
-24.328584,131.501295,1
-24.326566,133.639275,1
-24.326566,133.639275,1
-24.326316,133.639142,1
-24.323562,133.627003,1
-24.323562,133.626993,1
-24.323183,134.055184,1
-24.321746,134.056454,1
-24.32,131.75,1
-24.31667,133.61667,1
-24.315258,131.61796,1
-24.315253,131.617964,1
-24.315253,131.617964,1
-24.315253,131.617964,1
-24.315253,131.617964,1
-24.315236,133.634605,1
-24.315236,133.617945,1
-24.315236,133.634605,1
-24.315235,133.617936,1
-24.31523,135.017927,1
-24.315225,135.017931,1
-24.315225,135.017931,1
-24.3113,131.5964,1
-24.308551,135.471256,1
-24.308333,113.985,1
-24.308333,113.985,1
-24.308333,113.985,1
-24.306667,120.248056,1
-24.3,132.68,1
-24.298557,135.617915,1
-24.29855,135.617924,1
-24.29855,135.617924,1
-24.2969,131.64,1
-24.2969,131.64,1
-24.2969,131.64,1
-24.2969,131.64,1
-24.2969,131.64,1
-24.2969,131.64,1
-24.2969,131.64,1
-24.2969,131.64,1
-24.2969,131.64,1
-24.2969,131.64,1
-24.2969,131.64,1
-24.2969,131.64,1
-24.2969,131.64,1
-24.2969,131.64,1
-24.2969,131.64,1
-24.2969,131.64,1
-24.2969,131.64,1
-24.2969,131.64,1
-24.2969,131.64,1
-24.2969,131.64,1
-24.2969,131.64,1
-24.2969,131.64,1
-24.2969,131.64,1
-24.2969,131.64,1
-24.2969,131.64,1
-24.2953,131.6029,1
-24.2917,131.5521,1
-24.289384,131.549394,1
-24.289384,131.549394,1
-24.288552,135.321257,1
-24.288552,135.321257,1
-24.286284,131.548594,1
-24.28333,131.58333,1
-24.281875,136.967904,1
-24.281869,136.96791,1
-24.281869,136.96791,1
-24.279915,131.553407,1
-24.279633,131.555228,1
-24.2755,131.5484,1
-24.2755,131.5484,1
-24.2697,131.555,1
-24.268557,134.731263,1
-24.268557,134.731263,1
-24.268557,134.731263,1
-24.264414,131.529074,1
-24.2587,131.554,1
-24.2587,131.5537,1
-24.2584,131.5536,1
-24.2583,131.5536,1
-24.2582,131.5533,1
-24.2573,131.552,1
-24.2573,131.5507,1
-24.2568,131.5505,1
-24.2567,131.5509,1
-24.2567,131.5473,1
-24.2566,131.5492,1
-24.2565,131.5484,1
-24.2565,131.5485,1
-24.2565,131.5494,1
-24.2565,131.5489,1
-24.2565,131.5478,1
-24.2565,131.5484,1
-24.25611,132.73806,1
-24.254133,131.511475,1
-24.25,132.71667,1
-24.248559,134.521265,1
-24.238559,134.471266,1
-24.238546,136.061249,1
-24.233333,116.7,1
-24.231884,135.05126,1
-24.223056,113.491389,1
-24.222778,113.503333,1
-24.222778,113.503333,1
-24.218544,136.371245,1
-24.21667,134.41667,1
-24.21667,134.41667,1
-24.215232,134.584595,1
-24.21523,134.417936,1
-24.215228,134.584594,1
-24.215228,134.417929,1
-24.198545,136.6179,1
-24.198545,136.6179,1
-24.198541,136.617913,1
-24.198541,136.617913,1
-24.188585,131.371295,1
-24.188585,131.371295,1
-24.188568,133.371276,1
-24.188555,135.01126,1
-24.1881,131.4867,1
-24.1857,131.4845,1
-24.1857,131.4845,1
-24.1856,131.4844,1
-24.1843,131.4844,1
-24.1841,131.4809,1
-24.184,131.4828,1
-24.1832,131.4813,1
-24.183,131.482,1
-24.1826,131.4826,1
-24.182,131.4831,1
-24.1819,131.4829,1
-24.1819,131.4835,1
-24.1817,131.4827,1
-24.178552,135.371256,1
-24.168542,136.581243,1
-24.166667,115.166667,1
-24.16522,135.98458,1
-24.165217,135.984579,1
-24.165217,135.984579,1
-24.148545,136.701237,1
-24.148541,136.701241,1
-24.148541,136.701241,1
-24.148541,136.701241,1
-24.148541,136.701241,1
-24.131884,135.96791,1
-24.131877,135.967919,1
-24.131877,135.967919,1
-24.128561,134.251267,1
-24.12856,134.351266,1
-24.118543,136.371244,1
-24.118543,136.371244,1
-24.115211,136.867903,1
-24.115211,136.867903,1
-24.115209,136.867909,1
-24.115209,136.867909,1
-24.108552,135.351255,1
-24.104722,120.325,1
-24.104722,120.325,1
-24.09855,135.591253,1
-24.09855,135.834574,1
-24.09855,135.834574,1
-24.098548,135.83458,1
-24.098548,135.83458,1
-24.098548,135.83458,1
-24.098548,135.83458,1
-24.09032,138.2011,1
-24.088543,136.421244,1
-24.088543,136.421244,1
-24.08333,134.61667,1
-24.07855,135.581253,1
-24.075278,120.360556,1
-24.075278,120.360556,1
-24.07176,132.746017,1
-24.068542,136.521242,1
-24.068542,136.521242,1
-24.06667,137.23333,1
-24.065211,137.234568,1
-24.065206,137.234564,1
-24.065206,137.234564,1
-24.058551,135.501253,1
-24.058551,135.501253,1
-24.05,139.066667,1
-24.049276,133.7954,1
-24.04854,136.851239,1
-24.04854,136.851239,1
-24.04784,133.79667,1
-24.044082,133.638005,1
-24.042648,133.639277,1
-24.038537,137.141235,1
-24.038537,137.141235,1
-24.031917,131.067966,1
-23.99,132.368,1
-23.99,132.368,1
-23.965233,133.934598,1
-23.965233,133.934595,1
-23.965233,133.934598,1
-23.95,132.76666,1
-23.95,132.76666,1
-23.95,132.76666,1
-23.95,132.76666,1
-23.95,132.76666,1
-23.95,132.76666,1
-23.948552,136.451241,1
-23.948543,136.451242,1
-23.948543,136.451242,1
-23.948543,136.451242,1
-23.948543,136.451242,1
-23.948543,136.451242,1
-23.948543,136.451242,1
-23.933333,138.783333,1
-23.933333,138.783333,1
-23.933333,138.783333,1
-23.933333,138.783333,1
-23.933333,138.783333,1
-23.933333,138.783333,1
-23.933333,138.783333,1
-23.933333,138.783333,1
-23.933333,138.783333,1
-23.933333,138.783333,1
-23.933333,138.783333,1
-23.933333,138.783333,1
-23.933333,138.783333,1
-23.933333,138.783333,1
-23.933333,138.783333,1
-23.933333,138.783333,1
-23.933333,138.783333,1
-23.933333,138.783333,1
-23.933333,138.783333,1
-23.933333,138.783333,1
-23.933333,138.783333,1
-23.933333,138.783333,1
-23.933333,138.783333,1
-23.933333,138.783333,1
-23.923333,120.521667,1
-23.915207,137.267891,1
-23.915206,137.267903,1
-23.915206,137.267903,1
-23.897778,120.604167,1
-23.888333,120.521667,1
-23.879444,120.503333,1
-23.831844,138.451216,1
-23.823258,133.596446,1
-23.823258,133.596446,1
-23.823258,133.596446,1
-23.823258,133.596446,1
-23.823258,133.596446,1
-23.823258,133.596446,1
-23.823258,133.596446,1
-23.823258,133.596446,1
-23.823258,133.596446,1
-23.823258,133.596446,1
-23.823258,133.596446,1
-23.811142,133.790255,1
-23.80795,133.785151,1
-23.80795,133.785151,1
-23.80795,133.785151,1
-23.8,132.31667,1
-23.798585,132.317946,1
-23.798576,132.317952,1
-23.798543,137.267891,1
-23.798542,137.234562,1
-23.798536,137.234562,1
-23.798536,137.234562,1
-23.798536,137.267902,1
-23.798536,137.267902,1
-23.797,133.7342,1
-23.797,133.7342,1
-23.783431,133.913065,1
-23.783431,133.913065,1
-23.781877,137.201226,1
-23.781867,137.201232,1
-23.781867,137.201232,1
-23.781867,137.201232,1
-23.781867,137.201232,1
-23.781867,137.201232,1
-23.781867,137.201232,1
-23.765177,138.467882,1
-23.765171,138.467895,1
-23.760579,131.954285,1
-23.760457,131.954338,1
-23.7553,122.5122,1
-23.752778,122.530556,1
-23.752778,122.530556,1
-23.74833,138.470521,1
-23.73333,132.91667,1
-23.724571,133.734951,1
-23.723815,133.735293,1
-23.716667,138.43333,1
-23.7062,133.727,1
-23.7,129.033333,1
-23.7,129.033333,1
-23.7,129.033333,1
-23.7,129.033333,1
-23.7,129.033333,1
-23.7,129.033333,1
-23.7,133.8667,1
-23.7,133.86667,1
-23.698563,133.881266,1
-23.69617,133.89117,1
-23.69358,133.88945,1
-23.686128,133.794472,1
-23.686128,133.794472,1
-23.683333,138.45,1
-23.683333,138.45,1
-23.6755,133.71767,1
-23.6755,133.71767,1
-23.6755,133.71767,1
-23.61667,133.86667,1
-23.616667,114.483333,1
-23.616667,118.65,1
-23.60483,132.83618,1
-23.58333,133.85,1
-23.578566,133.561268,1
-23.578566,133.561268,1
-23.568544,136.27124,1
-23.568544,136.27124,1
-23.568544,136.27124,1
-23.565234,134.317924,1
-23.56523,134.317931,1
-23.56523,134.317931,1
-23.548537,137.16123,1
-23.48333,134.71667,1
-23.481892,134.717915,1
-23.478577,132.19128,1
-23.478537,137.16123,1
-23.478537,137.14123,1
-23.468537,137.12123,1
-23.468537,137.12123,1
-23.468537,137.12123,1
-23.465241,132.951273,1
-23.448582,131.571285,1
-23.448509,138.601211,1
-23.438574,132.551276,1
-23.403056,119.696111,1
-23.381111,120.241944,1
-23.366667,129.433333,1
-23.366667,129.433333,1
-23.366667,129.433333,1
-23.366667,129.433333,1
-23.366667,139.65,1
-23.364444,120.345278,1
-23.35,119.72,1
-23.338561,134.19126,1
-23.3333,139.95,1
-23.33193,130.351292,1
-23.331929,130.434626,1
-23.331922,130.351295,1
-23.331922,130.351295,1
-23.331921,130.434624,1
-23.323061,138.590448,1
-23.311944,119.795556,1
-23.3,132.33333,1
-23.3,132.33333,1
-23.3,132.33333,1
-23.298584,132.334606,1
-23.288559,134.431257,1
-23.283333,130.35,1
-23.283333,130.35,1
-23.283333,130.35,1
-23.283333,130.35,1
-23.283333,130.35,1
-23.283333,130.35,1
-23.283333,130.35,1
-23.283333,130.35,1
-23.283333,130.35,1
-23.283333,130.35,1
-23.283333,130.35,1
-23.283333,130.35,1
-23.283333,130.35,1
-23.283333,130.35,1
-23.266667,129.75,1
-23.266667,129.75,1
-23.266667,129.75,1
-23.266667,129.75,1
-23.266667,129.75,1
-23.266667,129.75,1
-23.266667,129.75,1
-23.266667,129.75,1
-23.266667,129.75,1
-23.266667,129.75,1
-23.266667,129.75,1
-23.266667,129.75,1
-23.266667,129.75,1
-23.266667,129.75,1
-23.266667,129.75,1
-23.266667,129.75,1
-23.266667,129.75,1
-23.266667,129.75,1
-23.266667,129.75,1
-23.266667,129.75,1
-23.266667,129.75,1
-23.266667,129.75,1
-23.265177,138.517877,1
-23.25,131.9,1
-23.215243,132.684603,1
-23.215242,132.701273,1
-23.201667,118.798333,1
-23.201667,118.798333,1
-23.2,132.53333,1
-23.2,132.53333,1
-23.2,130.86667,1
-23.2,113.779167,1
-23.198593,130.211295,1
-23.198593,130.211295,1
-23.198592,130.261294,1
-23.198577,132.534606,1
-23.196389,131.398598,1
-23.196389,131.398598,1
-23.186944,118.860556,1
-23.178576,132.201277,1
-23.17,130.17,1
-23.142297,113.772311,1
-23.13333,133.91667,1
-23.131902,132.684602,1
-23.131045,113.813307,1
-23.119444,123.341667,1
-23.119444,123.341667,1
-23.119444,123.341667,1
-23.119444,123.341667,1
-23.119444,123.341667,1
-23.118575,132.321276,1
-23.1167,123.35,1
-23.1167,123.35,1
-23.1167,123.35,1
-23.1167,123.35,1
-23.1167,123.35,1
-23.116667,113.85,1
-23.116667,113.85,1
-23.116667,123.333333,1
-23.116667,123.333333,1
-23.116667,123.333333,1
-23.116667,123.333333,1
-23.116667,123.333333,1
-23.116667,123.333333,1
-23.116667,123.333333,1
-23.115245,132.367945,1
-23.115219,136.017896,1
-23.115216,136.017909,1
-23.115216,136.017909,1
-23.115214,137.01789,1
-23.115208,137.017898,1
-23.115208,137.017898,1
-23.101667,116.007778,1
-23.068546,136.011238,1
-23.068538,137.011228,1
-23.061389,115.787222,1
-23.061389,115.787222,1
-23,129.5,1
-22.965,138.851111,1
-22.964717,132.670238,1
-22.964711,132.670165,1
-22.964387,132.669986,1
-22.957405,131.339857,1
-22.950971,131.414302,1
-22.941346,134.878284,1
-22.941052,134.871652,1
-22.941052,134.871652,1
-22.941052,134.871652,1
-22.93931,131.131176,1
-22.935973,131.239057,1
-22.9333,134.25,1
-22.932108,134.882389,1
-22.932108,134.882389,1
-22.924918,134.92947,1
-22.924918,134.92947,1
-22.918889,123.5,1
-22.918077,132.649008,1
-22.9167,123.5,1
-22.916667,139.9,1
-22.916667,139.9,1
-22.91657,132.648241,1
-22.916323,132.64877,1
-22.903889,113.816389,1
-22.888889,122,1
-22.886944,114.557222,1
-22.880938,131.777828,1
-22.866667,121.95,1
-22.866667,121.95,1
-22.866667,121.95,1
-22.866667,121.95,1
-22.866667,121.95,1
-22.866667,121.95,1
-22.866667,121.95,1
-22.866667,121.95,1
-22.866667,121.95,1
-22.866667,121.95,1
-22.861065,132.625704,1
-22.850774,131.351344,1
-22.845814,132.62041,1
-22.845806,132.620834,1
-22.845695,132.620536,1
-22.844693,131.359655,1
-22.844693,131.359655,1
-22.84469,131.35966,1
-22.843999,131.201368,1
-22.839039,131.191157,1
-22.83883,131.201079,1
-22.832486,131.355987,1
-22.825568,131.119718,1
-22.824571,131.187428,1
-22.824492,131.295084,1
-22.824492,131.295084,1
-22.823879,132.613009,1
-22.82,119.612778,1
-22.809783,131.470253,1
-22.809783,131.470253,1
-22.809783,131.470253,1
-22.809783,131.470253,1
-22.809783,131.470253,1
-22.809783,131.470253,1
-22.808889,117.785833,1
-22.80717,131.269005,1
-22.80717,131.269005,1
-22.804138,131.180888,1
-22.804138,131.180888,1
-22.804138,131.180888,1
-22.804138,131.180888,1
-22.804138,131.180888,1
-22.804138,131.180888,1
-22.804138,131.180888,1
-22.804138,131.180888,1
-22.804138,131.180888,1
-22.804138,131.180888,1
-22.804138,131.180888,1
-22.804138,131.180888,1
-22.804138,131.180888,1
-22.804138,131.180888,1
-22.804138,131.180888,1
-22.804138,131.180888,1
-22.804138,131.180888,1
-22.804138,131.180888,1
-22.804138,131.180888,1
-22.804138,131.180888,1
-22.804138,131.180888,1
-22.804138,131.180888,1
-22.804138,131.180888,1
-22.804138,131.180888,1
-22.804138,131.180888,1
-22.804138,131.180888,1
-22.804138,131.180888,1
-22.804138,131.180888,1
-22.804138,131.180888,1
-22.804138,131.180888,1
-22.804138,131.180888,1
-22.804138,131.180888,1
-22.804138,131.180888,1
-22.804138,131.180888,1
-22.804138,131.180888,1
-22.804138,131.180888,1
-22.804138,131.180888,1
-22.804138,131.180888,1
-22.804138,131.180888,1
-22.804138,131.180888,1
-22.804138,131.180888,1
-22.804138,131.180888,1
-22.804138,131.180888,1
-22.804138,131.180888,1
-22.804138,131.180888,1
-22.804138,131.180888,1
-22.804138,131.180888,1
-22.804138,131.180888,1
-22.803344,130.919723,1
-22.79864,132.58148,1
-22.798158,132.578978,1
-22.797893,132.581285,1
-22.797658,132.578987,1
-22.795389,131.361503,1
-22.795389,131.361503,1
-22.795389,131.361503,1
-22.795389,131.361503,1
-22.795389,131.361503,1
-22.795389,131.361503,1
-22.795389,131.361503,1
-22.795389,131.361503,1
-22.795389,131.361503,1
-22.795389,131.361503,1
-22.795389,131.361503,1
-22.795389,131.361503,1
-22.795389,131.361503,1
-22.795389,131.361503,1
-22.794766,130.857953,1
-22.787589,132.542537,1
-22.787545,132.542611,1
-22.78734,132.542454,1
-22.786126,132.540199,1
-22.785643,132.540572,1
-22.785151,131.140837,1
-22.784512,132.537832,1
-22.784448,132.538084,1
-22.779773,132.530094,1
-22.779572,132.530301,1
-22.779334,132.52934,1
-22.779103,132.529657,1
-22.778333,131.3375,1
-22.775336,131.470674,1
-22.775336,131.470674,1
-22.775336,131.470674,1
-22.775336,131.470674,1
-22.771783,131.386779,1
-22.771783,131.386779,1
-22.771783,131.386779,1
-22.771783,131.386779,1
-22.770714,131.246525,1
-22.770714,131.246525,1
-22.770714,131.246525,1
-22.770714,131.246525,1
-22.770714,131.246525,1
-22.770714,131.246525,1
-22.770714,131.246525,1
-22.770714,131.246525,1
-22.770714,131.246525,1
-22.770714,131.246525,1
-22.770714,131.246525,1
-22.770714,131.246525,1
-22.770714,131.246525,1
-22.770714,131.246525,1
-22.767996,132.510271,1
-22.76744,131.46979,1
-22.76744,131.46979,1
-22.767341,131.191733,1
-22.767341,131.191733,1
-22.767341,131.191733,1
-22.767341,131.191733,1
-22.767341,131.191733,1
-22.767341,131.191733,1
-22.767341,131.191733,1
-22.767341,131.191733,1
-22.767341,131.191733,1
-22.767341,131.191733,1
-22.767341,131.191733,1
-22.767341,131.191733,1
-22.767122,130.928905,1
-22.766338,131.261018,1
-22.766338,131.261018,1
-22.766338,131.261018,1
-22.766338,131.261018,1
-22.766338,131.261018,1
-22.766338,131.261018,1
-22.766338,131.261018,1
-22.766338,131.261018,1
-22.76498,132.505374,1
-22.764974,132.505388,1
-22.764709,132.505515,1
-22.76454,130.716103,1
-22.76405,131.27263,1
-22.76405,131.27263,1
-22.763931,131.347643,1
-22.763931,131.347643,1
-22.763931,131.347643,1
-22.763931,131.347643,1
-22.763931,131.347643,1
-22.763931,131.347643,1
-22.763931,131.347643,1
-22.763931,131.347643,1
-22.763931,131.347643,1
-22.763931,131.347643,1
-22.763931,131.347643,1
-22.763931,131.347643,1
-22.763931,131.347643,1
-22.763931,131.347643,1
-22.763931,131.347643,1
-22.763931,131.347643,1
-22.763931,131.347643,1
-22.763931,131.347643,1
-22.763931,131.347643,1
-22.763931,131.347643,1
-22.763931,131.347643,1
-22.763931,131.347643,1
-22.760742,130.872409,1
-22.758333,119.404167,1
-22.75721,132.492783,1
-22.75678,132.492802,1
-22.753056,114.513889,1
-22.752035,130.950259,1
-22.751447,131.34999,1
-22.751447,131.34999,1
-22.751447,131.34999,1
-22.751447,131.34999,1
-22.751447,131.34999,1
-22.751447,131.34999,1
-22.751374,130.719366,1
-22.751344,131.208592,1
-22.751344,131.208592,1
-22.751344,131.208592,1
-22.751344,131.208592,1
-22.751344,131.208592,1
-22.751344,131.208592,1
-22.75,131.9,1
-22.748981,115.148544,1
-22.7487,131.254936,1
-22.7487,131.254936,1
-22.7487,131.254936,1
-22.7487,131.254936,1
-22.7487,131.254936,1
-22.7487,131.254936,1
-22.7487,131.254936,1
-22.7487,131.254936,1
-22.7487,131.254936,1
-22.7487,131.254936,1
-22.746462,131.453871,1
-22.746462,131.453871,1
-22.743204,131.270089,1
-22.743204,131.270089,1
-22.743204,131.270089,1
-22.743204,131.270089,1
-22.741938,130.876495,1
-22.741751,133.03508,1
-22.740217,133.036359,1
-22.739651,131.240322,1
-22.739651,131.240322,1
-22.739651,131.240322,1
-22.739651,131.240322,1
-22.73965,131.24031,1
-22.73965,131.24031,1
-22.73965,131.24031,1
-22.73965,131.24031,1
-22.734204,130.712871,1
-22.732016,131.254253,1
-22.732016,131.254253,1
-22.732016,131.254253,1
-22.732016,131.254253,1
-22.732016,131.254253,1
-22.732016,131.254253,1
-22.732016,131.254253,1
-22.732016,131.254253,1
-22.732016,131.254253,1
-22.732016,131.254253,1
-22.731904,131.214825,1
-22.731904,131.214825,1
-22.731904,131.214825,1
-22.731904,131.214825,1
-22.731904,131.214825,1
-22.731904,131.214825,1
-22.731904,131.214825,1
-22.731904,131.214825,1
-22.731904,131.214825,1
-22.731904,131.214825,1
-22.731904,131.214825,1
-22.731904,131.214825,1
-22.731904,131.214825,1
-22.731904,131.214825,1
-22.729467,131.160325,1
-22.727356,131.169731,1
-22.726957,131.265898,1
-22.724397,132.472225,1
-22.724094,132.472584,1
-22.722623,131.354032,1
-22.722623,131.354032,1
-22.722623,131.354032,1
-22.722623,131.354032,1
-22.722623,131.354032,1
-22.722623,131.354032,1
-22.722623,131.354032,1
-22.722623,131.354032,1
-22.721818,132.470616,1
-22.721693,132.47053,1
-22.721268,132.471666,1
-22.721192,132.471393,1
-22.72057,131.26301,1
-22.72057,131.26301,1
-22.720099,131.469807,1
-22.720099,131.469807,1
-22.72001,131.17546,1
-22.719924,131.448288,1
-22.719924,131.448288,1
-22.71992,131.44829,1
-22.718014,131.31159,1
-22.717627,131.315934,1
-22.717627,131.315934,1
-22.717627,131.315934,1
-22.717627,131.315934,1
-22.717627,131.315934,1
-22.717627,131.315934,1
-22.717627,131.315934,1
-22.717627,131.315934,1
-22.714454,132.466572,1
-22.714158,132.46564,1
-22.714118,131.298153,1
-22.713793,132.466825,1
-22.7114,131.237239,1
-22.710359,132.463259,1
-22.7103,132.463284,1
-22.710169,132.463586,1
-22.704756,131.178123,1
-22.704756,131.178123,1
-22.704756,131.178123,1
-22.704756,131.178123,1
-22.704756,131.178123,1
-22.704756,131.178123,1
-22.704467,132.459476,1
-22.7043,131.175138,1
-22.7043,131.175138,1
-22.7043,131.175138,1
-22.7043,131.175138,1
-22.7043,131.175138,1
-22.7043,131.175138,1
-22.7043,131.175138,1
-22.7043,131.175138,1
-22.7043,131.175138,1
-22.7043,131.175138,1
-22.7043,131.175138,1
-22.7043,131.175138,1
-22.7043,131.175138,1
-22.7043,131.175138,1
-22.7043,131.175138,1
-22.7043,131.175138,1
-22.704176,132.45922,1
-22.704167,132.459812,1
-22.703793,132.459633,1
-22.70046,131.18297,1
-22.698547,136.251224,1
-22.698544,136.251233,1
-22.696916,131.253318,1
-22.696916,131.253318,1
-22.69691,131.25331,1
-22.69691,131.25331,1
-22.69691,131.25331,1
-22.69691,131.25331,1
-22.694895,131.241637,1
-22.694895,131.241637,1
-22.694895,131.241637,1
-22.694895,131.241637,1
-22.694895,131.241637,1
-22.694895,131.241637,1
-22.694895,131.241637,1
-22.694895,131.241637,1
-22.694895,131.241637,1
-22.694895,131.241637,1
-22.694895,131.241637,1
-22.694895,131.241637,1
-22.694895,131.241637,1
-22.694895,131.241637,1
-22.694895,131.241637,1
-22.694895,131.241637,1
-22.694895,131.241637,1
-22.694895,131.241637,1
-22.694895,131.241637,1
-22.694895,131.241637,1
-22.694895,131.241637,1
-22.694895,131.241637,1
-22.69489,131.24162,1
-22.69489,131.24162,1
-22.69489,131.24162,1
-22.69489,131.24162,1
-22.694801,131.386649,1
-22.694801,131.386649,1
-22.693863,131.17111,1
-22.693863,131.17111,1
-22.693863,131.17111,1
-22.693863,131.17111,1
-22.693863,131.17111,1
-22.693863,131.17111,1
-22.693863,131.17111,1
-22.693863,131.17111,1
-22.693863,131.17111,1
-22.693863,131.17111,1
-22.693863,131.17111,1
-22.693863,131.17111,1
-22.693863,131.17111,1
-22.693863,131.17111,1
-22.693863,131.17111,1
-22.693863,131.17111,1
-22.693863,131.17111,1
-22.693863,131.17111,1
-22.693863,131.17111,1
-22.693863,131.17111,1
-22.693863,131.17111,1
-22.693863,131.17111,1
-22.693863,131.17111,1
-22.693863,131.17111,1
-22.693863,131.17111,1
-22.693863,131.17111,1
-22.693863,131.17111,1
-22.693863,131.17111,1
-22.69386,131.17111,1
-22.693558,131.171281,1
-22.692833,131.210708,1
-22.692833,131.210708,1
-22.692833,131.210708,1
-22.692833,131.210708,1
-22.692833,131.210708,1
-22.692833,131.210708,1
-22.692833,131.210708,1
-22.692833,131.210708,1
-22.692833,131.210708,1
-22.692833,131.210708,1
-22.69283,131.21071,1
-22.69283,131.21071,1
-22.69283,131.21071,1
-22.69283,131.21071,1
-22.69283,131.21071,1
-22.69283,131.21071,1
-22.69283,131.21071,1
-22.692144,131.185991,1
-22.69212,131.227015,1
-22.69212,131.22702,1
-22.69212,131.22702,1
-22.69212,131.22702,1
-22.69212,131.22702,1
-22.69212,131.22702,1
-22.69212,131.227015,1
-22.69212,131.227015,1
-22.69212,131.227015,1
-22.69212,131.227015,1
-22.69212,131.22702,1
-22.69212,131.227015,1
-22.69212,131.227015,1
-22.69212,131.227015,1
-22.69212,131.227015,1
-22.69212,131.227015,1
-22.69212,131.22702,1
-22.69212,131.227015,1
-22.69212,131.227015,1
-22.69212,131.227015,1
-22.69212,131.22702,1
-22.69212,131.22702,1
-22.69212,131.227015,1
-22.69212,131.227015,1
-22.69212,131.22702,1
-22.69212,131.22702,1
-22.69212,131.22702,1
-22.69212,131.227015,1
-22.690654,131.199804,1
-22.690654,131.199804,1
-22.690654,131.199804,1
-22.690654,131.199804,1
-22.690654,131.199804,1
-22.690654,131.199804,1
-22.690654,131.199804,1
-22.690654,131.199804,1
-22.68913,131.18662,1
-22.689128,131.186624,1
-22.689128,131.186624,1
-22.689128,131.186624,1
-22.689128,131.186624,1
-22.689128,131.186624,1
-22.689128,131.186624,1
-22.689128,131.186624,1
-22.689128,131.186624,1
-22.689128,131.186624,1
-22.689128,131.186624,1
-22.689128,131.186624,1
-22.689128,131.186624,1
-22.689128,131.186624,1
-22.689128,131.186624,1
-22.689128,131.186624,1
-22.689128,131.186624,1
-22.689128,131.186624,1
-22.689128,131.186624,1
-22.689128,131.186624,1
-22.689128,131.186624,1
-22.689128,131.186624,1
-22.689128,131.186624,1
-22.68912,131.18663,1
-22.68912,131.18663,1
-22.68912,131.18663,1
-22.68912,131.18663,1
-22.68912,131.18663,1
-22.68912,131.18663,1
-22.68912,131.18663,1
-22.688204,130.814129,1
-22.685416,131.156089,1
-22.68389,114.36806,1
-22.68389,114.36806,1
-22.68389,114.36806,1
-22.68389,114.36806,1
-22.68389,114.36806,1
-22.68381,131.17285,1
-22.68381,131.17285,1
-22.68381,131.17285,1
-22.683808,131.172859,1
-22.683808,131.172859,1
-22.683808,131.172859,1
-22.683808,131.172859,1
-22.683808,131.172859,1
-22.683808,131.172859,1
-22.683808,131.172859,1
-22.683808,131.172859,1
-22.683808,131.172859,1
-22.683808,131.172859,1
-22.683808,131.172859,1
-22.683808,131.172859,1
-22.680501,131.248817,1
-22.680501,131.248817,1
-22.67912,131.36684,1
-22.678691,131.247853,1
-22.678691,131.247853,1
-22.678691,131.247853,1
-22.678691,131.247853,1
-22.67869,131.24785,1
-22.678537,130.83037,1
-22.66667,130.53333,1
-22.666667,122.633333,1
-22.666667,113.666667,1
-22.6525,114.463333,1
-22.6525,114.463333,1
-22.650077,133.235186,1
-22.648542,133.236462,1
-22.643889,114.415,1
-22.643889,114.415,1
-22.63832,132.366635,1
-22.638135,132.366691,1
-22.636824,132.364324,1
-22.633019,132.358374,1
-22.631939,129.384627,1
-22.631928,129.384626,1
-22.631928,129.384626,1
-22.631907,132.357026,1
-22.62,119.25,1
-22.615218,136.234562,1
-22.615214,136.234562,1
-22.61096,132.322985,1
-22.608953,132.319814,1
-22.594444,114.905556,1
-22.58333,136.36667,1
-22.5705,132.261145,1
-22.569734,132.261713,1
-22.56667,133.93333,1
-22.56667,133.93333,1
-22.565232,133.934585,1
-22.53333,134.01667,1
-22.531898,134.017916,1
-22.515913,132.179985,1
-22.515913,132.179985,1
-22.5,119.24,1
-22.5,119.24,1
-22.483776,132.129851,1
-22.483755,132.129893,1
-22.48333,134,1
-22.48333,134,1
-22.481898,134.001249,1
-22.481123,132.126376,1
-22.481122,132.126241,1
-22.479191,132.123779,1
-22.463637,132.100742,1
-22.44856,134.151252,1
-22.446743,132.074411,1
-22.44674,132.07441,1
-22.446389,128.2925,1
-22.443611,121.231667,1
-22.442683,132.068401,1
-22.440679,132.065434,1
-22.440211,132.065684,1
-22.436516,132.059434,1
-22.433333,115.383333,1
-22.433333,115.383333,1
-22.433333,115.383333,1
-22.433333,115.383333,1
-22.429753,132.040543,1
-22.429407,132.036525,1
-22.422962,132.017958,1
-22.422708,132.018267,1
-22.418545,136.151231,1
-22.378599,129.231295,1
-22.368545,136.141231,1
-22.35,134.18333,1
-22.348584,131.467933,1
-22.348584,131.467933,1
-22.34856,134.184581,1
-22.34856,134.184581,1
-22.331766,113.806845,1
-22.319776,113.813968,1
-22.319776,113.813968,1
-22.318561,134.011252,1
-22.298586,131.701273,1
-22.298579,131.701274,1
-22.288561,134.001252,1
-22.282222,115.297778,1
-22.282222,115.297778,1
-22.28,133.42,1
-22.266111,115.580833,1
-22.265278,115.588611,1
-22.265278,115.588611,1
-22.265278,115.588611,1
-22.265236,133.434587,1
-22.252778,115.390833,1
-22.252778,115.390833,1
-22.25,131.8,1
-22.25,131.8,1
-22.25,131.8,1
-22.25,131.8,1
-22.25,131.8,1
-22.25,131.8,1
-22.25,131.8,1
-22.25,131.8,1
-22.25,131.8,1
-22.25,131.8,1
-22.25,131.8,1
-22.25,131.8,1
-22.25,131.8,1
-22.25,131.8,1
-22.25,131.8,1
-22.25,131.8,1
-22.25,131.8,1
-22.25,131.8,1
-22.25,131.8,1
-22.25,131.8,1
-22.25,131.8,1
-22.25,131.8,1
-22.25,131.8,1
-22.25,131.8,1
-22.25,131.8,1
-22.25,131.8,1
-22.25,131.8,1
-22.25,131.8,1
-22.25,131.8,1
-22.25,131.8,1
-22.25,131.8,1
-22.25,131.8,1
-22.25,131.8,1
-22.25,131.8,1
-22.25,131.8,1
-22.25,131.8,1
-22.25,131.8,1
-22.25,131.8,1
-22.25,131.8,1
-22.25,131.8,1
-22.25,131.8,1
-22.25,131.8,1
-22.237501,113.8416,1
-22.229872,128.382447,1
-22.2208,131.0296,1
-22.2154,131.0356,1
-22.208582,131.281276,1
-22.1925,114.606389,1
-22.19,115.551667,1
-22.19,115.551667,1
-22.19,115.551667,1
-22.19,115.551667,1
-22.178581,131.421275,1
-22.15,133.4,1
-22.15,133.4,1
-22.07294,113.90034,1
-22.066667,114.516667,1
-22.05,130.1,1
-22.05,130.1,1
-21.98333,114.03333,1
-21.98333,114.03333,1
-21.982778,113.936111,1
-21.982778,113.936111,1
-21.975151,131.291345,1
-21.974936,131.291035,1
-21.952291,131.276546,1
-21.933333,114.133333,1
-21.9325,114.12778,1
-21.9325,114.12778,1
-21.927778,114.12,1
-21.925054,131.25672,1
-21.92505,131.25672,1
-21.898333,115.703611,1
-21.883333,114.016667,1
-21.874722,115.156389,1
-21.871452,114.018281,1
-21.834986,114.071895,1
-21.8125,114.1125,1
-21.8,114.1,1
-21.8,114.1,1
-21.8,114.1,1
-21.8,114.1,1
-21.8,114.1,1
-21.8,114.1,1
-21.8,114.1,1
-21.8,114.1,1
-21.8,114.1,1
-21.8,114.1,1
-21.778889,115.366944,1
-21.778889,115.366944,1
-21.778889,115.366944,1
-21.773595,133.680222,1
-21.740833,115.113889,1
-21.730833,115.096944,1
-21.730833,115.096944,1
-21.730833,115.096944,1
-21.719444,115.177778,1
-21.717294,131.115551,1
-21.716667,122.233333,1
-21.716667,122.233333,1
-21.716667,122.233333,1
-21.716667,122.233333,1
-21.716667,122.233333,1
-21.716667,122.233333,1
-21.716667,122.233333,1
-21.716667,122.233333,1
-21.716667,122.233333,1
-21.716667,122.233333,1
-21.700556,114.996944,1
-21.700278,115.072778,1
-21.700278,115.072778,1
-21.685461,131.097772,1
-21.676111,115.889167,1
-21.675,136.66888,1
-21.675,136.66888,1
-21.675,136.66888,1
-21.675,136.66888,1
-21.672192,131.088703,1
-21.671326,131.088387,1
-21.670435,131.087869,1
-21.655707,133.413365,1
-21.655707,133.413365,1
-21.633739,131.064769,1
-21.633333,115.116667,1
-21.63333,115.11667,1
-21.632198,131.063351,1
-21.631926,131.063142,1
-21.606282,131.044902,1
-21.604938,131.044505,1
-21.5986,129.134621,1
-21.598598,129.134619,1
-21.598598,129.134619,1
-21.598598,129.134619,1
-21.598598,129.134619,1
-21.598598,129.134619,1
-21.598598,129.134619,1
-21.595875,131.037931,1
-21.5925,115.903611,1
-21.586311,131.030713,1
-21.586242,131.030656,1
-21.583675,131.028835,1
-21.583622,131.028792,1
-21.58238,131.027867,1
-21.56667,131.01667,1
-21.56667,131.01667,1
-21.554906,131.008358,1
-21.553847,131.007593,1
-21.547661,131.003378,1
-21.54761,131.003367,1
-21.544442,131.001292,1
-21.542646,131.000101,1
-21.542467,130.999962,1
-21.542461,130.99993,1
-21.53,133.88,1
-21.53,133.88,1
-21.53,133.88,1
-21.53,133.88,1
-21.53,133.88,1
-21.53,133.88,1
-21.51236,135.150644,1
-21.51236,135.150644,1
-21.500779,135.192976,1
-21.500779,135.192976,1
-21.500779,135.192976,1
-21.500779,135.192976,1
-21.470076,130.964743,1
-21.47006,130.96476,1
-21.470029,130.964708,1
-21.470011,130.964785,1
-21.465753,130.960989,1
-21.465611,130.960871,1
-21.450102,134.248239,1
-21.448544,136.284551,1
-21.423522,134.163767,1
-21.420753,134.207484,1
-21.420753,134.207484,1
-21.420753,134.207484,1
-21.420753,134.207484,1
-21.420753,134.207484,1
-21.418577,131.921264,1
-21.418576,132.081262,1
-21.41318,130.916867,1
-21.413161,130.916848,1
-21.41315,130.916879,1
-21.413,130.916826,1
-21.391128,130.901902,1
-21.358598,129.081287,1
-21.358598,129.081287,1
-21.358598,129.081287,1
-21.348579,131.667935,1
-21.341377,130.881068,1
-21.331798,130.876745,1
-21.331798,130.876745,1
-21.331798,130.876745,1
-21.331798,130.876745,1
-21.329864,130.876088,1
-21.329827,130.87606,1
-21.326389,120.239722,1
-21.323908,130.873535,1
-21.316944,120.246944,1
-21.305876,130.865898,1
-21.290278,120.466389,1
-21.290278,120.466389,1
-21.248597,129.251285,1
-21.248594,129.581282,1
-21.24859,130.081278,1
-21.248588,130.421275,1
-21.248579,131.551266,1
-21.248576,132.051261,1
-21.248575,132.617914,1
-21.248573,132.421258,1
-21.248571,132.617926,1
-21.224715,130.823124,1
-21.22414,134.219617,1
-21.22414,134.219617,1
-21.22414,134.219617,1
-21.22414,134.219617,1
-21.22414,134.219617,1
-21.22414,134.219617,1
-21.22414,134.219617,1
-21.22414,134.219617,1
-21.22414,134.219617,1
-21.22414,134.219617,1
-21.223203,130.822215,1
-21.209094,134.12486,1
-21.209094,134.12486,1
-21.209094,134.12486,1
-21.209094,134.12486,1
-21.203889,120.473056,1
-21.202218,134.169979,1
-21.202218,134.169979,1
-21.202218,134.169979,1
-21.202218,134.169979,1
-21.2,125.981944,1
-21.182195,130.812478,1
-21.181875,130.812361,1
-21.179152,134.241156,1
-21.17901,134.240909,1
-21.178348,134.412023,1
-21.169862,134.305436,1
-21.169862,134.305436,1
-21.169862,134.305436,1
-21.169862,134.305436,1
-21.169862,134.305436,1
-21.169862,134.305436,1
-21.169862,134.305436,1
-21.169862,134.305436,1
-21.169862,134.305436,1
-21.169862,134.305436,1
-21.169862,134.305436,1
-21.169862,134.305436,1
-21.169862,134.305436,1
-21.169862,134.305436,1
-21.169862,134.305436,1
-21.169862,134.305436,1
-21.169862,134.305436,1
-21.169862,134.305436,1
-21.16667,129.23333,1
-21.151627,133.943252,1
-21.148597,129.151285,1
-21.148596,129.351283,1
-21.148591,130.051278,1
-21.148589,130.251276,1
-21.148574,132.251259,1
-21.148573,132.371257,1
-21.148551,130.794705,1
-21.128329,134.42455,1
-21.126406,134.252287,1
-21.115266,129.301283,1
-21.115266,129.301283,1
-21.115263,129.301278,1
-21.114589,130.775358,1
-21.113468,130.774738,1
-21.108186,130.771729,1
-21.094343,134.414117,1
-21.078595,129.421282,1
-21.078578,131.751262,1
-21.078565,133.421247,1
-21.068597,129.181284,1
-21.062896,134.357589,1
-21.048596,129.251283,1
-21.04858,131.451265,1
-21.048567,133.251248,1
-21.046534,137.791202,1
-21.045271,130.73585,1
-21.045209,130.735792,1
-21.044743,130.735877,1
-21.044743,130.735877,1
-21.044743,130.735877,1
-21.044743,130.735877,1
-21.044743,130.735877,1
-21.039099,130.732692,1
-21.037753,130.732009,1
-21.036029,130.731037,1
-21.033745,130.72975,1
-21.033207,134.320445,1
-21.032525,130.729101,1
-21.032119,130.728887,1
-21.025105,134.733512,1
-21.025051,134.7335,1
-21.009064,134.157664,1
-21.009064,134.157664,1
-21.009064,134.157664,1
-21.009064,134.157664,1
-21.008505,134.157334,1
-21.008505,134.157334,1
-21.008505,134.157334,1
-21.008505,134.157334,1
-21.008505,134.157334,1
-21.008505,134.157334,1
-21.008505,134.157334,1
-21.004935,134.087488,1
-21.004687,134.087334,1
-21.004687,134.087334,1
-21.004687,134.087334,1
-21.004687,134.087334,1
-21.004687,134.087334,1
-21.001452,134.325919,1
-21.001064,134.145668,1
-21.000954,134.145383,1
-21.000954,134.145383,1
-20.994863,134.332212,1
-20.98055,130.699415,1
-20.97589,134.305505,1
-20.975031,133.90754,1
-20.975031,133.90754,1
-20.975031,133.90754,1
-20.975031,133.90754,1
-20.975031,133.90754,1
-20.975031,133.90754,1
-20.965637,134.412453,1
-20.965633,134.412445,1
-20.965633,134.412445,1
-20.965633,134.412445,1
-20.965633,134.412445,1
-20.965633,134.412445,1
-20.965633,134.412445,1
-20.965633,134.412445,1
-20.965633,134.412445,1
-20.965633,134.412445,1
-20.965633,134.412445,1
-20.965633,134.412445,1
-20.965633,134.412445,1
-20.965633,134.412445,1
-20.965298,134.412312,1
-20.965298,134.412312,1
-20.965298,134.412312,1
-20.9553,134.208,1
-20.9553,134.208,1
-20.9553,134.208,1
-20.9553,134.208,1
-20.9553,134.208,1
-20.9553,134.208,1
-20.9553,134.208,1
-20.9553,134.208,1
-20.9553,134.208,1
-20.9553,134.208,1
-20.9553,134.208,1
-20.9553,134.208,1
-20.9553,134.208,1
-20.9553,134.208,1
-20.9553,134.208,1
-20.9553,134.208,1
-20.9553,134.208,1
-20.9553,134.208,1
-20.9553,134.208,1
-20.9553,134.208,1
-20.95,130.41667,1
-20.95,130.41667,1
-20.95,130.41667,1
-20.948545,136.301217,1
-20.948545,136.301217,1
-20.948545,136.301217,1
-20.948545,136.301217,1
-20.948544,136.317887,1
-20.948544,136.317887,1
-20.948544,136.317887,1
-20.948544,136.317887,1
-20.948538,137.217877,1
-20.94779,130.681888,1
-20.945162,130.679828,1
-20.943933,130.679033,1
-20.943659,130.679459,1
-20.94274,130.678372,1
-20.942696,130.678385,1
-20.942684,130.678388,1
-20.942665,130.678343,1
-20.942425,130.678193,1
-20.942331,130.678361,1
-20.940607,130.677309,1
-20.940356,130.677056,1
-20.936899,134.413135,1
-20.936899,134.413135,1
-20.936899,134.413135,1
-20.936423,134.413272,1
-20.936423,134.413272,1
-20.936423,134.413272,1
-20.936423,134.413272,1
-20.936423,134.413272,1
-20.936423,134.413272,1
-20.936423,134.413272,1
-20.936423,134.413272,1
-20.936423,134.413272,1
-20.936423,134.413272,1
-20.936423,134.413272,1
-20.936423,134.413272,1
-20.936423,134.413272,1
-20.93632,134.41232,1
-20.936309,134.412774,1
-20.936309,134.412774,1
-20.936309,134.412774,1
-20.936309,134.412774,1
-20.936309,134.412774,1
-20.936309,134.412774,1
-20.936309,134.412774,1
-20.936309,134.412774,1
-20.936309,134.412774,1
-20.936309,134.412774,1
-20.936309,134.412774,1
-20.936309,134.412774,1
-20.936309,134.412774,1
-20.936309,134.412774,1
-20.936309,134.412774,1
-20.936309,134.412774,1
-20.936309,134.412774,1
-20.936309,134.412774,1
-20.936309,134.412774,1
-20.936309,134.412774,1
-20.936309,134.412774,1
-20.936309,134.412774,1
-20.936309,134.412774,1
-20.936309,134.412774,1
-20.936309,134.412774,1
-20.936309,134.412774,1
-20.936309,134.412774,1
-20.936309,134.412774,1
-20.936309,134.412774,1
-20.936309,134.412774,1
-20.936309,134.412774,1
-20.936309,134.412774,1
-20.936309,134.412774,1
-20.936309,134.412774,1
-20.936309,134.412774,1
-20.936309,134.412774,1
-20.936309,134.412774,1
-20.936309,134.412774,1
-20.936191,134.33229,1
-20.936191,134.33229,1
-20.936191,134.33229,1
-20.936191,134.33229,1
-20.936191,134.33229,1
-20.936191,134.33229,1
-20.936191,134.33229,1
-20.936191,134.33229,1
-20.936191,134.33229,1
-20.936191,134.33229,1
-20.936191,134.33229,1
-20.936191,134.33229,1
-20.935989,134.413364,1
-20.935989,134.413364,1
-20.935989,134.413364,1
-20.935895,134.09078,1
-20.93581,130.674454,1
-20.935755,130.67413,1
-20.935755,130.674499,1
-20.935252,130.674124,1
-20.93333,137.06667,1
-20.931923,130.601265,1
-20.931923,130.601265,1
-20.931916,130.601271,1
-20.931916,130.601271,1
-20.931916,130.601271,1
-20.931916,130.601271,1
-20.931916,130.601271,1
-20.931916,130.601271,1
-20.931916,130.601271,1
-20.931916,130.601271,1
-20.931916,130.601271,1
-20.931916,130.601271,1
-20.931916,130.601271,1
-20.931916,130.601271,1
-20.931916,130.601271,1
-20.931916,130.601271,1
-20.931876,136.151219,1
-20.931876,136.151219,1
-20.931869,137.067879,1
-20.931869,137.067879,1
-20.931869,137.067879,1
-20.931869,137.067879,1
-20.931645,130.672105,1
-20.931467,134.24904,1
-20.931467,134.24904,1
-20.931467,134.24904,1
-20.931414,134.248746,1
-20.924626,130.668098,1
-20.924232,130.667865,1
-20.923437,130.667442,1
-20.92303,130.667193,1
-20.92098,134.409542,1
-20.92098,134.409542,1
-20.92098,134.409542,1
-20.92098,134.409542,1
-20.92098,134.409542,1
-20.92098,134.409542,1
-20.92098,134.409542,1
-20.92098,134.409542,1
-20.92098,134.409542,1
-20.92098,134.409542,1
-20.92098,134.409542,1
-20.92098,134.409542,1
-20.920976,134.409533,1
-20.920976,134.409533,1
-20.920976,134.409533,1
-20.920976,134.409533,1
-20.920976,134.409533,1
-20.920976,134.409533,1
-20.920976,134.409533,1
-20.920976,134.409533,1
-20.920976,134.409533,1
-20.920976,134.409533,1
-20.920976,134.409533,1
-20.920976,134.409533,1
-20.920976,134.409533,1
-20.920976,134.409533,1
-20.920976,134.409533,1
-20.920976,134.409533,1
-20.920539,134.409069,1
-20.920539,134.409069,1
-20.918691,130.66484,1
-20.918588,130.421273,1
-20.918588,130.421273,1
-20.918588,130.421273,1
-20.918588,130.421273,1
-20.918588,130.421273,1
-20.918579,131.581263,1
-20.914391,133.952904,1
-20.914391,133.952904,1
-20.914391,133.952904,1
-20.914391,133.952904,1
-20.914391,133.952904,1
-20.914391,133.952904,1
-20.91,118.68,1
-20.91,118.68,1
-20.91,118.68,1
-20.905453,130.656566,1
-20.905316,130.656456,1
-20.9,130.41667,1
-20.898588,130.417942,1
-20.894058,130.415708,1
-20.894058,130.415708,1
-20.894058,130.415708,1
-20.894058,130.415708,1
-20.886902,130.626969,1
-20.886609,130.626394,1
-20.88333,130.41667,1
-20.88333,130.4,1
-20.88333,130.4,1
-20.88333,130.41667,1
-20.88333,130.43333,1
-20.88333,130.41667,1
-20.88333,130.43333,1
-20.881928,130.401268,1
-20.881927,130.417935,1
-20.881918,130.401272,1
-20.881918,130.401272,1
-20.881918,130.401272,1
-20.881918,130.417942,1
-20.881918,130.417942,1
-20.881918,130.417942,1
-20.881918,130.417942,1
-20.881918,130.401272,1
-20.881917,130.451272,1
-20.872588,130.411272,1
-20.87176,133.99095,1
-20.87176,133.99095,1
-20.87176,133.99095,1
-20.87176,133.99095,1
-20.87176,133.99095,1
-20.87176,133.99095,1
-20.87176,133.99095,1
-20.87176,133.99095,1
-20.87176,133.99095,1
-20.871588,130.409272,1
-20.871588,130.409272,1
-20.87086,133.99097,1
-20.870588,130.413272,1
-20.870588,130.413272,1
-20.86667,130.38333,1
-20.86667,130.38333,1
-20.86667,130.41667,1
-20.866588,130.414272,1
-20.866588,130.414272,1
-20.866588,130.414272,1
-20.866588,130.414272,1
-20.865278,130.596525,1
-20.865262,130.267938,1
-20.865259,130.267943,1
-20.865259,130.267943,1
-20.865259,130.267943,1
-20.865259,130.267943,1
-20.865259,130.251273,1
-20.865259,130.267943,1
-20.865259,130.267943,1
-20.865259,130.251271,1
-20.865259,130.267943,1
-20.865259,130.267943,1
-20.865259,130.267943,1
-20.865259,130.267943,1
-20.865259,130.267943,1
-20.865259,130.417933,1
-20.865259,130.267943,1
-20.865259,130.267943,1
-20.865259,130.267943,1
-20.865259,130.267943,1
-20.865259,130.267943,1
-20.865259,130.267943,1
-20.865259,130.267943,1
-20.865259,130.267943,1
-20.865259,130.267943,1
-20.865259,130.267943,1
-20.865259,130.267943,1
-20.865259,130.267943,1
-20.865259,130.267943,1
-20.865259,130.267943,1
-20.865259,130.267943,1
-20.865259,130.267943,1
-20.865259,130.267943,1
-20.865257,130.434602,1
-20.865257,130.451272,1
-20.865257,130.451272,1
-20.865257,130.451272,1
-20.865257,130.434602,1
-20.865257,130.451272,1
-20.864588,130.404272,1
-20.864588,130.404272,1
-20.863587,130.417272,1
-20.863587,130.417272,1
-20.863587,130.417272,1
-20.86214,130.594054,1
-20.861588,130.413272,1
-20.861588,130.406272,1
-20.861588,130.406272,1
-20.859588,130.409272,1
-20.856588,130.411272,1
-20.856588,130.411272,1
-20.853588,130.413272,1
-20.851389,116.376667,1
-20.848594,130.384602,1
-20.848594,130.384602,1
-20.848594,130.401266,1
-20.848594,130.401266,1
-20.848588,130.401272,1
-20.848588,130.384602,1
-20.848588,130.401272,1
-20.848588,130.401272,1
-20.848588,130.384602,1
-20.848588,130.401272,1
-20.848588,130.401272,1
-20.848588,130.401272,1
-20.848588,130.401272,1
-20.848588,130.384602,1
-20.848588,130.401272,1
-20.848588,130.401272,1
-20.848588,130.384602,1
-20.848588,130.384602,1
-20.848588,130.384602,1
-20.848588,130.384602,1
-20.848588,130.384602,1
-20.848588,130.384602,1
-20.848588,130.384602,1
-20.848588,130.384602,1
-20.848588,130.401272,1
-20.848588,130.401272,1
-20.848588,130.401272,1
-20.848588,130.384602,1
-20.848588,130.401272,1
-20.848588,130.401272,1
-20.848588,130.384602,1
-20.848588,130.401272,1
-20.848588,130.401272,1
-20.848588,130.384602,1
-20.848588,130.384602,1
-20.848588,130.384602,1
-20.848588,130.401272,1
-20.848588,130.384602,1
-20.848588,130.401272,1
-20.848588,130.384602,1
-20.848588,130.401272,1
-20.848588,130.401272,1
-20.848588,130.384602,1
-20.848588,130.401272,1
-20.848588,130.401272,1
-20.848588,130.401272,1
-20.848588,130.384602,1
-20.848588,130.384602,1
-20.848588,130.384602,1
-20.848588,130.401272,1
-20.847633,130.58402,1
-20.847568,130.583891,1
-20.847549,130.583918,1
-20.847518,130.583876,1
-20.847494,130.583854,1
-20.847465,130.583895,1
-20.847374,130.583749,1
-20.847318,130.583717,1
-20.847288,130.583756,1
-20.847288,130.583763,1
-20.847218,130.583725,1
-20.847188,130.583726,1
-20.847156,130.583515,1
-20.84699,130.583419,1
-20.846923,130.583372,1
-20.846851,130.583267,1
-20.846761,130.583253,1
-20.846545,130.583137,1
-20.846516,130.58326,1
-20.846516,130.583173,1
-20.844548,130.581844,1
-20.84345,134.01358,1
-20.84345,134.01358,1
-20.84345,134.01358,1
-20.84345,134.01262,1
-20.84345,134.01358,1
-20.84345,134.01358,1
-20.84345,134.01358,1
-20.84345,134.01358,1
-20.84345,134.01358,1
-20.84345,134.01358,1
-20.843411,134.013052,1
-20.843411,134.013052,1
-20.843,134.01312,1
-20.842778,116.366944,1
-20.842778,116.366944,1
-20.836648,130.576375,1
-20.834854,130.574573,1
-20.834854,130.574573,1
-20.83333,130.35,1
-20.833005,130.573782,1
-20.833005,130.573782,1
-20.833005,130.573782,1
-20.833005,130.573782,1
-20.833005,130.573782,1
-20.831922,130.351269,1
-20.831918,130.334603,1
-20.831918,130.334603,1
-20.831918,130.351272,1
-20.831024,130.572399,1
-20.831014,130.572378,1
-20.829717,130.577567,1
-20.829717,130.577567,1
-20.829717,130.577567,1
-20.829717,130.577567,1
-20.829717,130.577567,1
-20.81667,133.55,1
-20.81667,133.55,1
-20.81667,129.5,1
-20.815236,133.551241,1
-20.815234,133.551244,1
-20.815234,133.551244,1
-20.814238,130.558813,1
-20.814238,130.558813,1
-20.814238,130.558813,1
-20.814238,130.558813,1
-20.814144,130.558434,1
-20.814144,130.558434,1
-20.814144,130.558434,1
-20.814144,130.558434,1
-20.810102,130.554257,1
-20.809061,130.55339,1
-20.805037,130.550904,1
-20.798589,130.267943,1
-20.798589,130.267943,1
-20.798588,130.351272,1
-20.798588,130.284603,1
-20.796541,130.545328,1
-20.796375,130.545704,1
-20.79581,130.544799,1
-20.79581,130.544799,1
-20.795594,130.544959,1
-20.795594,130.544959,1
-20.79437,134.04903,1
-20.79437,134.04903,1
-20.79437,134.04903,1
-20.79437,134.04903,1
-20.79437,134.04903,1
-20.79437,134.04903,1
-20.79437,134.04903,1
-20.79437,134.04903,1
-20.79437,134.04903,1
-20.79391,134.04857,1
-20.79391,134.04857,1
-20.79391,134.04857,1
-20.79391,134.04857,1
-20.79391,134.04857,1
-20.79391,134.04857,1
-20.79391,134.04857,1
-20.79391,134.04857,1
-20.79391,134.04857,1
-20.79391,134.04857,1
-20.79391,134.04857,1
-20.79391,134.04857,1
-20.79391,134.04857,1
-20.79391,134.04857,1
-20.79391,134.04857,1
-20.79386,134.04903,1
-20.79295,134.10988,1
-20.79295,134.10988,1
-20.78933,134.431114,1
-20.78193,130.234598,1
-20.781919,130.234603,1
-20.781917,130.484601,1
-20.781873,136.584543,1
-20.781873,136.584543,1
-20.781873,136.584543,1
-20.781873,136.584543,1
-20.78156,130.535176,1
-20.781513,130.535293,1
-20.777959,130.532943,1
-20.777897,130.532861,1
-20.777411,130.532527,1
-20.77509,130.531012,1
-20.774573,130.530643,1
-20.765213,136.584543,1
-20.765213,136.584543,1
-20.765213,136.584543,1
-20.765213,136.584543,1
-20.757172,136.870967,1
-20.757172,136.870967,1
-20.757172,136.870967,1
-20.757172,136.870967,1
-20.757172,136.870967,1
-20.748594,129.581278,1
-20.748589,130.284605,1
-20.748588,130.284602,1
-20.748586,130.58127,1
-20.748573,132.421254,1
-20.748573,132.421254,1
-20.735332,130.504604,1
-20.73335,130.503282,1
-20.733333,116.85,1
-20.732985,130.502993,1
-20.731928,130.501266,1
-20.731917,130.50127,1
-20.731917,130.4846,1
-20.731917,130.50127,1
-20.731917,130.50127,1
-20.731917,130.50127,1
-20.731917,130.4846,1
-20.731917,130.4846,1
-20.731878,135.83455,1
-20.731878,135.83455,1
-20.730405,130.501344,1
-20.72529,130.497934,1
-20.724731,130.497473,1
-20.724731,130.497473,1
-20.724731,130.497473,1
-20.724731,130.497473,1
-20.724731,130.497473,1
-20.724731,130.497473,1
-20.724731,130.497473,1
-20.724731,130.497473,1
-20.724731,130.497473,1
-20.724731,130.497473,1
-20.724731,130.497473,1
-20.724731,130.497473,1
-20.724731,130.497473,1
-20.724731,130.497473,1
-20.724731,130.497473,1
-20.724731,130.497473,1
-20.724731,130.497473,1
-20.724731,130.497473,1
-20.724659,130.497532,1
-20.724421,130.497718,1
-20.72233,134.17259,1
-20.72224,134.17157,1
-20.72224,134.17157,1
-20.72224,134.17157,1
-20.72224,134.17157,1
-20.72224,134.17157,1
-20.7219,134.17215,1
-20.7219,134.17215,1
-20.717617,130.492571,1
-20.71641,134.16277,1
-20.71638,134.16229,1
-20.71596,134.1628,1
-20.71596,134.1628,1
-20.71596,134.1628,1
-20.710325,130.48638,1
-20.710325,130.48638,1
-20.710325,130.48638,1
-20.71014,130.486577,1
-20.71014,130.486577,1
-20.71014,130.486577,1
-20.709153,134.087752,1
-20.709153,134.087752,1
-20.70915,134.08775,1
-20.7091,134.0873,1
-20.7091,134.0873,1
-20.7091,134.0873,1
-20.7091,134.0873,1
-20.7091,134.0873,1
-20.7091,134.0873,1
-20.7091,134.0873,1
-20.708902,130.485299,1
-20.70868,134.08774,1
-20.70868,134.08774,1
-20.70868,134.08774,1
-20.70868,134.08774,1
-20.70868,134.08774,1
-20.70868,134.08774,1
-20.70868,134.08774,1
-20.70868,134.08774,1
-20.70868,134.08774,1
-20.70868,134.08774,1
-20.70868,134.08774,1
-20.70868,134.08774,1
-20.70868,134.08774,1
-20.702158,130.479607,1
-20.702109,130.479571,1
-20.700731,130.47836,1
-20.700443,130.478165,1
-20.700036,130.47775,1
-20.7,127.8,1
-20.7,127.8,1
-20.7,127.8,1
-20.697085,130.47531,1
-20.697015,130.475232,1
-20.697012,130.475238,1
-20.69569,130.47414,1
-20.695055,130.473793,1
-20.695023,130.473852,1
-20.691884,130.47103,1
-20.688227,130.467518,1
-20.688095,130.467721,1
-20.687921,130.467587,1
-20.686696,130.466609,1
-20.686281,130.465981,1
-20.686281,130.465981,1
-20.686281,130.465981,1
-20.686242,130.46615,1
-20.686242,130.46615,1
-20.686242,130.46615,1
-20.686202,130.466104,1
-20.686172,130.466087,1
-20.68615,130.4661,1
-20.686051,130.46597,1
-20.682168,130.462431,1
-20.682028,130.462597,1
-20.676732,130.458189,1
-20.676505,130.458097,1
-20.675912,130.457466,1
-20.675884,130.457417,1
-20.675106,130.456444,1
-20.675106,130.456444,1
-20.674911,130.4567,1
-20.674911,130.4567,1
-20.665338,130.44871,1
-20.6629,134.027816,1
-20.661891,130.445883,1
-20.654041,130.439282,1
-20.654026,130.439338,1
-20.653856,130.439482,1
-20.653642,130.438946,1
-20.653642,130.438946,1
-20.653344,130.439158,1
-20.652885,130.438335,1
-20.650995,130.43676,1
-20.650122,130.435476,1
-20.649921,130.435764,1
-20.6454,130.431996,1
-20.64488,130.431718,1
-20.644324,130.431129,1
-20.643749,130.430707,1
-20.64367,130.430965,1
-20.641363,130.428201,1
-20.64063,130.428063,1
-20.640571,130.427961,1
-20.640457,130.427989,1
-20.640456,130.427989,1
-20.639924,130.427482,1
-20.63972,137.13618,1
-20.639347,130.427092,1
-20.639245,130.426935,1
-20.639078,130.42677,1
-20.638195,130.426619,1
-20.6376,134.7781,1
-20.6376,134.7781,1
-20.6376,134.7781,1
-20.636254,130.424452,1
-20.636083,130.424619,1
-20.634882,130.423246,1
-20.634444,130.422898,1
-20.634024,130.422765,1
-20.634023,130.422764,1
-20.633513,130.422118,1
-20.633513,130.422118,1
-20.633513,130.422118,1
-20.633513,130.422118,1
-20.633513,130.422118,1
-20.633513,130.422118,1
-20.633513,130.422118,1
-20.63344,130.42221,1
-20.63344,130.42221,1
-20.632752,130.423227,1
-20.632752,130.423227,1
-20.632752,130.423227,1
-20.632752,130.423227,1
-20.632752,130.423227,1
-20.632752,130.423227,1
-20.632752,130.423227,1
-20.631933,129.38461,1
-20.631925,129.384609,1
-20.631925,129.384609,1
-20.631836,130.420512,1
-20.631796,130.420435,1
-20.631404,130.420451,1
-20.63136,130.420296,1
-20.631354,130.420341,1
-20.631354,130.420341,1
-20.631354,130.420341,1
-20.631354,130.420341,1
-20.631354,130.420341,1
-20.631328,130.420303,1
-20.631328,130.420303,1
-20.631328,130.420303,1
-20.631328,130.420303,1
-20.631328,130.420303,1
-20.630941,130.419923,1
-20.630629,130.419674,1
-20.629541,130.418778,1
-20.629541,130.418778,1
-20.628101,130.417712,1
-20.628101,130.417712,1
-20.628101,130.417712,1
-20.628088,130.417682,1
-20.628088,130.417682,1
-20.628088,130.417682,1
-20.628082,130.41774,1
-20.627883,130.417758,1
-20.626403,130.416486,1
-20.626146,130.416312,1
-20.626076,130.416305,1
-20.625563,130.415882,1
-20.62536,130.415645,1
-20.62536,130.415645,1
-20.625316,130.415662,1
-20.625316,130.415662,1
-20.62496,130.415649,1
-20.62496,130.415649,1
-20.624584,130.415207,1
-20.624269,130.415385,1
-20.624029,130.414769,1
-20.622884,130.413973,1
-20.622884,130.413973,1
-20.622884,130.413973,1
-20.6197,136.92834,1
-20.616507,130.409314,1
-20.616471,130.40926,1
-20.612292,134.796678,1
-20.61229,134.796352,1
-20.612192,134.796362,1
-20.608928,130.403932,1
-20.608863,130.403949,1
-20.608791,130.404923,1
-20.6075,118.156667,1
-20.60274,130.401965,1
-20.594363,130.396648,1
-20.578587,130.42127,1
-20.578587,130.42127,1
-20.578579,131.58126,1
-20.578565,133.421243,1
-20.56667,130.35,1
-20.56667,130.63333,1
-20.56667,130.63333,1
-20.56667,130.35,1
-20.56667,130.35,1
-20.56667,130.35,1
-20.56667,130.36667,1
-20.566668,130.36667,1
-20.566668,130.36667,1
-20.566668,130.36667,1
-20.56578,130.23658,1
-20.56526,130.634595,1
-20.565259,130.36793,1
-20.565258,130.36794,1
-20.565258,130.35127,1
-20.565258,130.35127,1
-20.565258,130.36794,1
-20.565258,130.36794,1
-20.565258,130.36794,1
-20.565258,130.36794,1
-20.565258,130.36794,1
-20.565258,130.36794,1
-20.565258,130.36794,1
-20.565258,130.3346,1
-20.565258,130.36794,1
-20.565258,130.36794,1
-20.565258,130.36794,1
-20.565258,130.36794,1
-20.565258,130.36794,1
-20.565256,130.634598,1
-20.565256,130.634598,1
-20.565256,130.634598,1
-20.565256,130.634598,1
-20.565256,130.634598,1
-20.565255,130.351268,1
-20.564351,130.237865,1
-20.564351,130.237865,1
-20.564351,130.237865,1
-20.562323,130.372868,1
-20.558588,130.34427,1
-20.558588,130.267271,1
-20.556964,130.36998,1
-20.556901,130.369964,1
-20.55013,130.360969,1
-20.549775,130.36109,1
-20.548588,130.251271,1
-20.548588,130.251271,1
-20.548588,130.251271,1
-20.548588,130.251271,1
-20.548588,130.251271,1
-20.54858,131.351262,1
-20.54575,130.03632,1
-20.54575,130.03632,1
-20.54575,130.03632,1
-20.54575,130.03632,1
-20.54575,130.03632,1
-20.54575,130.03632,1
-20.54575,130.03632,1
-20.54575,130.03632,1
-20.54575,130.03632,1
-20.54575,130.03632,1
-20.54575,130.03632,1
-20.543661,130.347626,1
-20.54363,130.347604,1
-20.543156,130.050066,1
-20.543099,130.043785,1
-20.542958,130.049999,1
-20.542673,130.043852,1
-20.542646,130.044558,1
-20.542533,130.051516,1
-20.54245,130.051468,1
-20.54226,130.042425,1
-20.542247,130.344638,1
-20.542178,130.041659,1
-20.542133,130.344713,1
-20.542096,130.041758,1
-20.541795,130.055836,1
-20.541623,130.055203,1
-20.541517,130.055867,1
-20.54127,130.05551,1
-20.541256,130.03625,1
-20.541078,130.057357,1
-20.540936,130.057861,1
-20.540936,130.05806,1
-20.540918,130.058069,1
-20.54088,130.058128,1
-20.540832,130.058221,1
-20.540818,130.05803,1
-20.540689,130.058118,1
-20.540614,130.032205,1
-20.540508,130.059637,1
-20.540462,130.032058,1
-20.540361,130.060097,1
-20.540213,130.060921,1
-20.53986,130.02863,1
-20.53986,130.02863,1
-20.539729,130.027825,1
-20.539605,130.028013,1
-20.539605,130.028013,1
-20.539605,130.028013,1
-20.539603,130.025247,1
-20.539586,130.025755,1
-20.539583,130.062845,1
-20.539582,130.063267,1
-20.539581,130.025155,1
-20.539521,130.063233,1
-20.539507,130.063231,1
-20.539427,130.063136,1
-20.539335,130.025057,1
-20.53931,130.58003,1
-20.53931,130.58003,1
-20.53931,130.58003,1
-20.53931,130.58003,1
-20.53931,130.58003,1
-20.53931,130.58003,1
-20.538992,130.02295,1
-20.538981,130.02294,1
-20.538921,130.066,1
-20.53878,130.021445,1
-20.53878,130.021445,1
-20.53878,130.021445,1
-20.538722,130.021535,1
-20.538722,130.021535,1
-20.538722,130.021535,1
-20.538475,130.019473,1
-20.538475,130.019473,1
-20.538475,130.019473,1
-20.53845,130.019726,1
-20.538424,130.019705,1
-20.538381,130.067752,1
-20.538376,130.019547,1
-20.538376,130.019547,1
-20.538376,130.019547,1
-20.538231,130.067912,1
-20.53815,130.067907,1
-20.537997,130.016534,1
-20.537961,130.068884,1
-20.537878,130.581309,1
-20.537693,130.014761,1
-20.537669,130.07048,1
-20.537669,130.07048,1
-20.537378,130.014856,1
-20.537324,130.071704,1
-20.537278,130.012637,1
-20.537181,130.011976,1
-20.537174,130.328366,1
-20.537174,130.328366,1
-20.536583,130.330053,1
-20.536549,130.008448,1
-20.536546,130.00879,1
-20.53644,130.008097,1
-20.536317,130.007104,1
-20.536164,130.076677,1
-20.536052,130.077312,1
-20.535977,130.005433,1
-20.535966,130.07734,1
-20.535883,130.077828,1
-20.535875,130.077819,1
-20.535872,130.077765,1
-20.535678,130.004228,1
-20.535581,130.003051,1
-20.535544,129.937466,1
-20.535327,130.080009,1
-20.535274,130.080285,1
-20.535246,130.000542,1
-20.535228,130.080685,1
-20.535178,130.080683,1
-20.535024,129.999256,1
-20.535014,130.000616,1
-20.534975,130.080323,1
-20.534925,130.080366,1
-20.534888,130.081663,1
-20.534888,130.081663,1
-20.534888,130.081663,1
-20.53475,129.999212,1
-20.534711,130.081641,1
-20.534711,130.081641,1
-20.534711,130.081641,1
-20.53445,129.996194,1
-20.534414,129.996092,1
-20.53441,130.083715,1
-20.53441,130.083715,1
-20.53441,130.083715,1
-20.534392,129.995377,1
-20.534379,129.996221,1
-20.534172,130.084429,1
-20.534141,130.083732,1
-20.534141,130.083732,1
-20.534141,130.083732,1
-20.534119,129.994547,1
-20.53411,130.085011,1
-20.53411,130.085011,1
-20.53411,130.085011,1
-20.53411,130.085011,1
-20.534103,130.084924,1
-20.534074,130.084393,1
-20.53389,130.08593,1
-20.53389,130.08593,1
-20.53389,130.08593,1
-20.533874,129.992541,1
-20.533874,129.992541,1
-20.533874,129.992541,1
-20.533874,129.992541,1
-20.533859,129.992532,1
-20.533859,129.992532,1
-20.533859,129.992532,1
-20.533859,129.992532,1
-20.533835,130.085788,1
-20.533832,130.084943,1
-20.533832,130.084943,1
-20.533832,130.084943,1
-20.533832,130.084943,1
-20.533821,129.928728,1
-20.533737,129.992596,1
-20.533727,129.991668,1
-20.533727,129.991668,1
-20.533718,129.991662,1
-20.533718,129.991662,1
-20.533655,130.085842,1
-20.533655,130.085842,1
-20.533655,130.085842,1
-20.533614,129.991054,1
-20.533543,130.08728,1
-20.533399,130.087714,1
-20.53333,130.33333,1
-20.53333,130.33333,1
-20.53333,130.33333,1
-20.53333,130.33333,1
-20.533295,129.9892,1
-20.533248,130.087287,1
-20.533246,130.088141,1
-20.533222,129.989354,1
-20.533219,130.087639,1
-20.533208,129.988406,1
-20.533208,129.988406,1
-20.533208,129.988406,1
-20.533208,129.988406,1
-20.533208,129.988406,1
-20.533105,130.087691,1
-20.533061,129.987813,1
-20.533061,129.987813,1
-20.533061,129.987813,1
-20.533007,130.089535,1
-20.532919,129.987795,1
-20.532919,129.987795,1
-20.532919,129.987795,1
-20.5329,130.088331,1
-20.532792,129.988446,1
-20.532792,129.988446,1
-20.532792,129.988446,1
-20.532792,129.988446,1
-20.532792,129.988446,1
-20.53279,129.986292,1
-20.532741,129.985824,1
-20.532712,130.088855,1
-20.532702,129.98558,1
-20.532702,129.98558,1
-20.532702,129.98558,1
-20.532666,130.089997,1
-20.532643,130.090883,1
-20.532589,130.162271,1
-20.532556,129.984574,1
-20.532556,129.984574,1
-20.532556,129.984574,1
-20.532556,129.984574,1
-20.532556,129.984574,1
-20.532499,129.984614,1
-20.532481,130.090961,1
-20.532473,130.091278,1
-20.532472,130.091311,1
-20.532451,130.091327,1
-20.532451,130.091327,1
-20.532451,130.091327,1
-20.532392,130.091788,1
-20.532392,130.091788,1
-20.532392,130.091788,1
-20.532392,130.091788,1
-20.532363,130.091305,1
-20.532363,130.091305,1
-20.532363,130.091305,1
-20.532363,130.091305,1
-20.532363,130.091305,1
-20.532355,129.983646,1
-20.532316,129.983317,1
-20.532311,130.091304,1
-20.532311,130.091304,1
-20.532311,130.091304,1
-20.532251,129.985751,1
-20.532251,129.985751,1
-20.532251,129.985751,1
-20.532216,129.983713,1
-20.532197,129.982264,1
-20.532152,129.982793,1
-20.532069,129.98186,1
-20.532069,129.981866,1
-20.532069,129.981866,1
-20.532043,129.984667,1
-20.532043,129.984667,1
-20.532043,129.984667,1
-20.532043,129.984667,1
-20.532043,129.984667,1
-20.532029,129.982122,1
-20.532025,130.093031,1
-20.531989,129.981208,1
-20.531987,129.983446,1
-20.531983,130.093105,1
-20.531983,130.093105,1
-20.531983,130.093105,1
-20.531983,130.093105,1
-20.531983,130.093105,1
-20.531963,129.983016,1
-20.531954,129.983011,1
-20.531948,130.093014,1
-20.531947,129.981849,1
-20.531937,130.093578,1
-20.531937,130.093578,1
-20.531925,129.981083,1
-20.531921,130.334595,1
-20.531918,130.3346,1
-20.531918,130.3346,1
-20.531917,129.981103,1
-20.531897,129.980923,1
-20.531876,129.980168,1
-20.531876,129.980168,1
-20.531876,129.980168,1
-20.531876,129.980168,1
-20.531876,129.980168,1
-20.531876,129.980168,1
-20.531824,130.093436,1
-20.531809,129.981969,1
-20.531777,129.981969,1
-20.531777,129.981969,1
-20.531766,130.088497,1
-20.531765,129.979878,1
-20.531736,130.094082,1
-20.531704,130.093725,1
-20.531704,130.093725,1
-20.531704,130.093725,1
-20.531704,130.093725,1
-20.531704,130.093725,1
-20.531704,130.093725,1
-20.531704,130.093725,1
-20.531692,129.981199,1
-20.531605,130.255969,1
-20.531605,130.255969,1
-20.531578,129.980258,1
-20.531578,129.980258,1
-20.531578,129.980258,1
-20.531578,129.980258,1
-20.531578,129.980258,1
-20.531578,129.980258,1
-20.531575,130.094459,1
-20.531567,130.095043,1
-20.531567,130.095043,1
-20.531567,130.095043,1
-20.531567,130.095043,1
-20.531567,130.095043,1
-20.53153,130.094791,1
-20.53153,130.094791,1
-20.53153,130.094791,1
-20.53153,130.094791,1
-20.53153,130.094791,1
-20.53153,130.094791,1
-20.53153,130.094791,1
-20.53153,130.094791,1
-20.53153,130.094791,1
-20.53153,130.094791,1
-20.53153,130.094791,1
-20.53153,130.094791,1
-20.53153,130.094791,1
-20.53153,130.094791,1
-20.531503,130.314304,1
-20.53144,130.095387,1
-20.53144,130.095387,1
-20.53144,130.095387,1
-20.531416,130.095732,1
-20.531399,130.095872,1
-20.531378,129.97745,1
-20.531378,129.97745,1
-20.531375,129.977613,1
-20.531371,129.977621,1
-20.531362,130.094973,1
-20.531333,129.977617,1
-20.531301,130.095802,1
-20.531301,130.095802,1
-20.531234,130.095907,1
-20.531234,130.095907,1
-20.531234,130.095907,1
-20.531222,130.31378,1
-20.531179,130.095793,1
-20.531179,130.095793,1
-20.531176,129.976494,1
-20.531118,129.976498,1
-20.530963,129.975476,1
-20.53087,130.097625,1
-20.53087,130.097625,1
-20.53087,130.097625,1
-20.53087,130.097625,1
-20.530859,130.098113,1
-20.530859,130.098113,1
-20.530859,130.098113,1
-20.530859,130.098113,1
-20.530841,130.266948,1
-20.530718,130.098361,1
-20.530702,130.0982,1
-20.530702,130.0982,1
-20.530702,130.0982,1
-20.530702,130.0982,1
-20.530654,130.098577,1
-20.53064,130.098876,1
-20.530626,129.973077,1
-20.530626,129.973077,1
-20.530626,129.973077,1
-20.530626,129.973077,1
-20.530626,129.973077,1
-20.530626,129.973077,1
-20.530597,130.09889,1
-20.530596,130.098903,1
-20.530596,130.098903,1
-20.530581,129.973004,1
-20.530581,129.973004,1
-20.530581,129.973004,1
-20.530581,129.973004,1
-20.530581,129.973004,1
-20.530581,129.973004,1
-20.530563,130.098899,1
-20.530559,130.098954,1
-20.530549,130.261096,1
-20.530544,130.098821,1
-20.530511,130.098991,1
-20.530447,129.972129,1
-20.530402,130.263368,1
-20.530398,130.09922,1
-20.530395,129.972322,1
-20.530373,129.971976,1
-20.53037,130.098276,1
-20.530369,129.972132,1
-20.530367,130.1004,1
-20.530323,130.100338,1
-20.530312,130.098668,1
-20.530287,130.100342,1
-20.530285,130.098745,1
-20.530217,130.263394,1
-20.530203,130.099265,1
-20.530203,130.099265,1
-20.530203,130.099265,1
-20.530175,129.969321,1
-20.530173,130.099244,1
-20.530173,130.099244,1
-20.530173,130.099244,1
-20.530162,129.972185,1
-20.530155,130.100495,1
-20.530137,130.100779,1
-20.530137,130.100779,1
-20.530137,130.100779,1
-20.530129,130.260762,1
-20.530126,130.100661,1
-20.530126,130.100661,1
-20.530126,130.100661,1
-20.530043,130.100776,1
-20.530026,129.969332,1
-20.530021,130.100383,1
-20.530021,130.100383,1
-20.530004,130.101145,1
-20.529945,130.101106,1
-20.529945,130.101106,1
-20.529919,130.102562,1
-20.52991,129.969113,1
-20.529845,129.969044,1
-20.529722,130.100688,1
-20.529722,130.100688,1
-20.529722,130.100688,1
-20.529699,130.1022,1
-20.529699,130.1022,1
-20.529675,130.10075,1
-20.529675,130.10075,1
-20.529675,130.10075,1
-20.52967,130.102436,1
-20.529547,130.255629,1
-20.529542,129.968689,1
-20.529457,129.966139,1
-20.529234,130.274672,1
-20.529211,130.255921,1
-20.529211,130.255921,1
-20.529106,130.105221,1
-20.529045,130.10483,1
-20.529045,130.10483,1
-20.529045,130.10483,1
-20.529045,130.10483,1
-20.528963,130.105339,1
-20.528945,130.274551,1
-20.528941,130.309641,1
-20.528909,130.105576,1
-20.528909,130.105576,1
-20.528909,130.105576,1
-20.528909,130.105576,1
-20.528863,130.105749,1
-20.528776,130.10598,1
-20.528762,129.962689,1
-20.528753,130.24941,1
-20.528745,130.105379,1
-20.528729,130.10624,1
-20.528729,130.10624,1
-20.528729,130.10624,1
-20.528669,130.105507,1
-20.528669,130.105507,1
-20.528669,130.105507,1
-20.528648,130.105225,1
-20.528588,130.241271,1
-20.528588,130.241271,1
-20.528588,130.251271,1
-20.528588,130.251271,1
-20.528588,130.251271,1
-20.528375,130.105911,1
-20.528324,129.959405,1
-20.528135,130.108604,1
-20.528022,130.278009,1
-20.527898,130.108721,1
-20.527896,130.109602,1
-20.527896,130.109602,1
-20.527896,130.109602,1
-20.527866,130.10961,1
-20.527866,130.10961,1
-20.527866,130.10961,1
-20.527761,130.109973,1
-20.52764,130.110385,1
-20.527292,130.111945,1
-20.527137,130.111982,1
-20.527112,130.112763,1
-20.527112,130.112763,1
-20.527099,130.305259,1
-20.526757,130.1144,1
-20.526757,130.1144,1
-20.526757,130.1144,1
-20.526546,130.115041,1
-20.526529,130.11435,1
-20.526529,130.11435,1
-20.526529,130.11435,1
-20.526436,130.303715,1
-20.526436,130.303715,1
-20.526436,130.303715,1
-20.526436,130.303715,1
-20.526383,130.283993,1
-20.526372,130.116167,1
-20.526237,130.119332,1
-20.526176,130.303912,1
-20.526176,130.303912,1
-20.526176,130.303912,1
-20.526176,130.303912,1
-20.526159,130.117406,1
-20.526006,130.303621,1
-20.525954,130.119213,1
-20.525854,130.119837,1
-20.52583,130.118593,1
-20.52583,130.118593,1
-20.52583,130.118593,1
-20.525814,130.120197,1
-20.525691,130.118662,1
-20.525691,130.118662,1
-20.525691,130.118662,1
-20.5256,129.9525,1
-20.525578,129.952508,1
-20.525474,130.301935,1
-20.525424,130.301764,1
-20.524972,130.288294,1
-20.524874,129.922075,1
-20.524771,129.941256,1
-20.524702,130.127357,1
-20.524635,130.186552,1
-20.524604,130.188319,1
-20.524591,130.127281,1
-20.524591,129.922273,1
-20.524591,129.931273,1
-20.524591,129.941273,1
-20.524544,130.187669,1
-20.524492,130.185589,1
-20.524482,130.186616,1
-20.52446,130.288034,1
-20.524418,130.190609,1
-20.524363,130.187806,1
-20.524361,130.299571,1
-20.52433,130.188244,1
-20.524284,130.185625,1
-20.524258,130.16415,1
-20.524243,130.165175,1
-20.524235,130.164979,1
-20.524145,130.163972,1
-20.524136,130.164613,1
-20.524113,130.227423,1
-20.524093,130.163416,1
-20.524085,130.161808,1
-20.524079,130.162593,1
-20.524036,130.159585,1
-20.523906,130.151177,1
-20.523899,130.150968,1
-20.523867,130.146417,1
-20.523867,130.146417,1
-20.523853,130.162583,1
-20.523843,130.145172,1
-20.523843,130.145172,1
-20.523778,130.143829,1
-20.523734,130.141447,1
-20.523734,130.141447,1
-20.523724,130.136827,1
-20.523702,130.140052,1
-20.523684,130.14455,1
-20.523667,130.138509,1
-20.523614,130.14465,1
-20.523613,130.13487,1
-20.523529,130.140112,1
-20.523499,130.141413,1
-20.523499,130.141413,1
-20.523438,130.136915,1
-20.523377,130.134758,1
-20.52334,130.290452,1
-20.52334,130.290452,1
-20.523285,130.138486,1
-20.522414,130.295739,1
-20.522407,130.295595,1
-20.52119,130.81347,1
-20.52119,130.81347,1
-20.52119,130.81347,1
-20.52119,130.81347,1
-20.52027,130.65,1
-20.52027,130.65,1
-20.52027,130.65,1
-20.52027,130.65,1
-20.52027,130.65,1
-20.52027,130.65,1
-20.52027,130.65,1
-20.52027,130.65,1
-20.52027,130.65,1
-20.52027,130.65,1
-20.52027,130.65,1
-20.52027,130.65,1
-20.52027,130.65,1
-20.52027,130.65,1
-20.52027,130.65,1
-20.52027,130.65,1
-20.52027,130.65,1
-20.52027,130.65,1
-20.52027,130.65,1
-20.52027,130.65,1
-20.52027,130.65,1
-20.52027,130.65,1
-20.52027,130.65,1
-20.52027,130.65,1
-20.52027,130.65,1
-20.52027,130.65,1
-20.52027,130.65,1
-20.519757,130.814745,1
-20.51935,129.933014,1
-20.518843,130.651274,1
-20.518843,130.651274,1
-20.518591,129.931273,1
-20.518589,130.161271,1
-20.518589,130.151271,1
-20.518589,130.161271,1
-20.518589,130.161271,1
-20.518589,130.161271,1
-20.518589,130.161271,1
-20.518589,130.161271,1
-20.518589,130.161271,1
-20.518589,130.161271,1
-20.518589,130.161271,1
-20.518589,130.161271,1
-20.518589,130.161271,1
-20.518589,130.161271,1
-20.518589,130.161271,1
-20.518589,130.161271,1
-20.518589,130.161271,1
-20.518589,130.161271,1
-20.518589,130.161271,1
-20.518588,130.251271,1
-20.518135,129.932182,1
-20.517,129.9516,1
-20.516963,129.95164,1
-20.515261,129.934603,1
-20.515261,129.917943,1
-20.51443,130.68915,1
-20.51443,130.68915,1
-20.51443,130.68915,1
-20.51443,130.68915,1
-20.51443,130.68915,1
-20.51443,130.68915,1
-20.51443,130.68915,1
-20.51443,130.68915,1
-20.51443,130.68915,1
-20.51443,130.68915,1
-20.51443,130.68915,1
-20.51443,130.68915,1
-20.51443,130.68915,1
-20.51443,130.68915,1
-20.51443,130.68915,1
-20.51443,130.68915,1
-20.513001,130.690417,1
-20.513001,130.690417,1
-20.498589,130.211271,1
-20.488566,133.331243,1
-20.468589,130.141271,1
-20.454722,121.397222,1
-20.454722,121.397222,1
-20.454722,121.397222,1
-20.454722,121.397222,1
-20.45346,130.42251,1
-20.45346,130.42251,1
-20.45346,130.42251,1
-20.45346,130.42251,1
-20.45346,130.42251,1
-20.448595,129.351277,1
-20.448589,130.171271,1
-20.448588,130.351269,1
-20.448574,132.251253,1
-20.448574,132.251253,1
-20.44059,130.58633,1
-20.44059,130.58633,1
-20.438588,130.30127,1
-20.438588,130.30127,1
-20.438588,130.30127,1
-20.438588,130.30127,1
-20.428859,131.544039,1
-20.420576,131.972255,1
-20.420576,131.972255,1
-20.420576,131.972255,1
-20.420576,131.972255,1
-20.420576,131.972255,1
-20.420576,131.972255,1
-20.420576,131.972255,1
-20.420576,131.972255,1
-20.420576,131.972255,1
-20.420576,131.972255,1
-20.419576,131.975255,1
-20.419576,131.975255,1
-20.419576,131.975255,1
-20.419576,131.975255,1
-20.419576,131.975255,1
-20.419576,131.975255,1
-20.419576,131.975255,1
-20.41859,130.081271,1
-20.418588,130.25127,1
-20.418579,131.581258,1
-20.418579,131.581258,1
-20.418577,131.751257,1
-20.418576,131.976255,1
-20.418576,131.976255,1
-20.418576,131.978255,1
-20.418576,131.978255,1
-20.418576,131.978255,1
-20.418576,131.978255,1
-20.418576,131.978255,1
-20.418576,131.978255,1
-20.418576,131.976255,1
-20.418576,131.921255,1
-20.418576,131.976255,1
-20.418576,131.976255,1
-20.418576,131.976255,1
-20.418576,131.978255,1
-20.418576,131.978255,1
-20.418576,131.978255,1
-20.418575,132.081254,1
-20.418575,132.081254,1
-20.418568,133.081245,1
-20.418567,133.251243,1
-20.418567,133.251243,1
-20.418565,133.421242,1
-20.417576,131.982255,1
-20.417576,131.982255,1
-20.417576,131.982255,1
-20.417576,131.982255,1
-20.417576,131.982255,1
-20.417576,131.982255,1
-20.417576,131.982255,1
-20.417576,131.982255,1
-20.416684,130.469879,1
-20.415576,131.969255,1
-20.415576,131.972255,1
-20.415576,131.972255,1
-20.415576,131.972255,1
-20.415576,131.969255,1
-20.415576,131.972255,1
-20.415576,131.972255,1
-20.415576,131.969255,1
-20.415576,131.972255,1
-20.415576,131.972255,1
-20.415576,131.972255,1
-20.415576,131.972255,1
-20.415576,131.972255,1
-20.415576,131.972255,1
-20.415576,131.969255,1
-20.415576,131.969255,1
-20.415576,131.969255,1
-20.415576,131.972255,1
-20.415576,131.972255,1
-20.415576,131.972255,1
-20.415249,131.534589,1
-20.415249,131.567929,1
-20.415249,131.567929,1
-20.415249,131.567929,1
-20.415249,131.534589,1
-20.415249,131.567929,1
-20.415249,131.567929,1
-20.415,131.962,1
-20.414576,131.978255,1
-20.414576,131.978255,1
-20.414576,131.975255,1
-20.414576,131.975255,1
-20.414576,131.975255,1
-20.414576,131.975255,1
-20.414576,131.975255,1
-20.414576,131.978255,1
-20.414576,131.975255,1
-20.414576,131.978255,1
-20.414576,131.975255,1
-20.414576,131.975255,1
-20.414576,131.975255,1
-20.414576,131.975255,1
-20.414576,131.978255,1
-20.414576,131.975255,1
-20.414576,131.978255,1
-20.414576,131.978255,1
-20.414576,131.975255,1
-20.413576,131.981255,1
-20.413576,131.981255,1
-20.413576,131.981255,1
-20.413576,131.963255,1
-20.413576,131.963255,1
-20.413576,131.963255,1
-20.413576,131.981255,1
-20.413576,131.963255,1
-20.413576,131.963255,1
-20.413576,131.963255,1
-20.413576,131.963255,1
-20.413576,131.981255,1
-20.413576,131.981255,1
-20.413576,131.963255,1
-20.413576,131.963255,1
-20.412576,131.967255,1
-20.412576,131.967255,1
-20.412576,131.967255,1
-20.412576,131.967255,1
-20.412576,131.967255,1
-20.412576,131.967255,1
-20.412576,131.967255,1
-20.412576,131.967255,1
-20.412576,131.967255,1
-20.412576,131.967255,1
-20.411576,131.970255,1
-20.411576,131.970255,1
-20.411576,131.970255,1
-20.411576,131.970255,1
-20.411576,131.970255,1
-20.411576,131.970255,1
-20.411576,131.970255,1
-20.411576,131.970255,1
-20.411576,131.970255,1
-20.410576,131.975255,1
-20.410576,131.975255,1
-20.410576,131.975255,1
-20.410576,131.975255,1
-20.410576,131.975255,1
-20.410576,131.975255,1
-20.410576,131.972255,1
-20.410576,131.975255,1
-20.410576,131.975255,1
-20.410576,131.972255,1
-20.410576,131.972255,1
-20.410576,131.972255,1
-20.410576,131.975255,1
-20.410576,131.975255,1
-20.410576,131.972255,1
-20.410576,131.975255,1
-20.410576,131.975255,1
-20.410576,131.972255,1
-20.410576,131.972255,1
-20.410576,131.972255,1
-20.410576,131.972255,1
-20.4,131.93333,1
-20.4,122.133333,1
-20.4,122.133333,1
-20.39652,129.88692,1
-20.39652,129.88692,1
-20.39652,129.88692,1
-20.39652,129.88692,1
-20.39652,129.88692,1
-20.39652,129.88692,1
-20.395096,129.888198,1
-20.38333,131.96667,1
-20.381906,131.901255,1
-20.378596,129.231278,1
-20.365259,130.1346,1
-20.365253,131.134589,1
-20.365252,131.134592,1
-20.365252,131.134592,1
-20.365251,131.917919,1
-20.365249,131.901253,1
-20.365246,131.917925,1
-20.365246,131.917925,1
-20.365246,131.901255,1
-20.365246,131.901255,1
-20.365246,131.917925,1
-20.365246,131.901255,1
-20.365246,131.917925,1
-20.365246,131.917925,1
-20.365246,131.901255,1
-20.365246,131.917925,1
-20.365246,131.901255,1
-20.365246,131.917925,1
-20.365246,131.901255,1
-20.365246,131.917925,1
-20.365246,131.917925,1
-20.365246,131.917925,1
-20.365246,131.917925,1
-20.365246,131.917925,1
-20.365246,131.917925,1
-20.365246,131.917925,1
-20.365246,131.917925,1
-20.365246,131.917925,1
-20.365246,131.917925,1
-20.365246,131.901255,1
-20.365246,131.917925,1
-20.365246,131.917925,1
-20.365246,131.901255,1
-20.365246,131.901255,1
-20.365246,131.901255,1
-20.365246,131.917925,1
-20.365246,131.917925,1
-20.365246,131.917925,1
-20.365246,131.901255,1
-20.365246,131.901255,1
-20.365246,131.917925,1
-20.365246,131.917925,1
-20.365246,131.917925,1
-20.365246,131.917925,1
-20.365216,136.217883,1
-20.365216,136.217883,1
-20.364567,130.540033,1
-20.358914,130.543847,1
-20.358914,130.543847,1
-20.350436,130.545399,1
-20.3504,130.5454,1
-20.348588,130.251269,1
-20.348588,130.251269,1
-20.34858,131.35126,1
-20.348576,131.917925,1
-20.348576,131.917925,1
-20.348576,131.917925,1
-20.348576,131.917925,1
-20.348576,131.917925,1
-20.348576,131.917925,1
-20.348576,131.901255,1
-20.348576,131.917925,1
-20.348576,131.917925,1
-20.348576,131.917925,1
-20.348576,131.917925,1
-20.348576,131.917925,1
-20.348576,131.917925,1
-20.348567,133.251243,1
-20.348013,130.543555,1
-20.348,130.5436,1
-20.338589,130.211269,1
-20.338588,130.221269,1
-20.338588,130.221269,1
-20.338588,130.221269,1
-20.338588,130.221269,1
-20.338588,130.221269,1
-20.338588,130.221269,1
-20.338588,130.221269,1
-20.338587,130.381268,1
-20.338587,130.381268,1
-20.338587,130.381268,1
-20.338587,130.381268,1
-20.338587,130.381268,1
-20.338587,130.381268,1
-20.318589,130.201269,1
-20.318589,130.201269,1
-20.315246,131.901255,1
-20.315246,131.901247,1
-20.315246,131.901255,1
-20.315246,131.901255,1
-20.315246,131.901255,1
-20.3,131.86667,1
-20.3,131.83333,1
-20.3,131.9,1
-20.3,131.9,1
-20.298581,131.817917,1
-20.298581,131.901252,1
-20.29858,131.867915,1
-20.298577,131.817925,1
-20.298577,131.867925,1
-20.298577,131.817925,1
-20.298577,131.817925,1
-20.298577,131.867925,1
-20.298577,131.884584,1
-20.298577,131.817925,1
-20.298576,131.884585,1
-20.298576,131.884585,1
-20.298576,131.901255,1
-20.298576,131.884585,1
-20.298565,133.8679,1
-20.298562,133.867906,1
-20.292006,130.029236,1
-20.292006,130.029236,1
-20.292006,130.029236,1
-20.280556,121.423333,1
-20.25,131.85,1
-20.25,127.53333,1
-20.248611,126.522222,1
-20.248595,129.251276,1
-20.248591,129.921271,1
-20.24859,130.05127,1
-20.248589,130.151269,1
-20.24858,131.351259,1
-20.24858,131.451258,1
-20.24858,131.351259,1
-20.248579,131.551257,1
-20.248577,131.751256,1
-20.248577,131.751256,1
-20.248577,131.751256,1
-20.248577,131.751256,1
-20.248577,131.751256,1
-20.248577,131.751256,1
-20.248577,131.751256,1
-20.248577,131.751256,1
-20.248577,131.751256,1
-20.248576,131.921254,1
-20.248576,131.921254,1
-20.248576,131.921254,1
-20.248575,132.051253,1
-20.248575,132.051253,1
-20.248568,133.051244,1
-20.248568,133.081244,1
-20.248567,133.151243,1
-20.248567,133.151243,1
-20.248567,133.251242,1
-20.23333,131.18333,1
-20.23333,131.18333,1
-20.23333,131.18333,1
-20.23187,137.034534,1
-20.218582,131.081261,1
-20.21667,131.78333,1
-20.210075,130.050328,1
-20.195133,129.1459,1
-20.19345,129.16185,1
-20.19345,129.16185,1
-20.19345,129.16185,1
-20.188579,131.541257,1
-20.188579,131.541257,1
-20.188579,131.541257,1
-20.188579,131.541257,1
-20.186017,129.160917,1
-20.186017,129.160917,1
-20.186017,129.160917,1
-20.186017,129.160917,1
-20.186017,129.160917,1
-20.184383,129.156517,1
-20.184259,134.218205,1
-20.18333,131.11667,1
-20.18333,131.11667,1
-20.18333,131.11667,1
-20.18333,131.11667,1
-20.18333,131.11667,1
-20.18333,130,1
-20.18333,130,1
-20.18333,131.11667,1
-20.18333,131.11667,1
-20.18192,129.96794,1
-20.18192,129.96794,1
-20.181877,136.034544,1
-20.181877,136.034544,1
-20.178579,131.541257,1
-20.178579,131.491257,1
-20.178579,131.541257,1
-20.178579,131.521257,1
-20.178579,131.491257,1
-20.178579,131.531257,1
-20.178579,131.521257,1
-20.178579,131.521257,1
-20.178579,131.531257,1
-20.178579,131.541257,1
-20.178579,131.491257,1
-20.178579,131.491257,1
-20.178565,133.521239,1
-20.178017,129.15685,1
-20.178017,129.15685,1
-20.178017,129.15685,1
-20.178017,129.15685,1
-20.178017,129.15685,1
-20.178017,129.15685,1
-20.178017,129.15685,1
-20.178017,129.15685,1
-20.178017,129.15685,1
-20.17489,130.05041,1
-20.17489,130.05041,1
-20.17489,130.05041,1
-20.17489,130.05041,1
-20.17489,130.05041,1
-20.17489,130.05041,1
-20.17489,130.05041,1
-20.17489,130.05041,1
-20.17489,130.05041,1
-20.17489,130.05041,1
-20.17489,130.05041,1
-20.17489,130.05041,1
-20.16667,131.63333,1
-20.165218,136.001214,1
-20.165218,136.001214,1
-20.148596,129.151276,1
-20.148593,129.551273,1
-20.148579,131.551257,1
-20.148579,131.451257,1
-20.148579,131.451257,1
-20.148579,131.451257,1
-20.148579,131.551257,1
-20.148579,131.451257,1
-20.148579,131.451257,1
-20.148579,131.451257,1
-20.148579,131.451257,1
-20.148579,131.551257,1
-20.148579,131.451257,1
-20.148579,131.451257,1
-20.148568,133.051243,1
-20.146683,129.154233,1
-20.131875,136.35121,1
-20.131875,136.35121,1
-20.131875,136.35121,1
-20.131875,136.35121,1
-20.131875,136.35121,1
-20.131875,136.35121,1
-20.089,136.429,1
-20.083333,120.2,1
-20.083333,120.2,1
-20.081875,136.35121,1
-20.081875,136.35121,1
-20.078588,130.251267,1
-20.078579,131.581256,1
-20.078577,131.751254,1
-20.065203,138.13452,1
-20.05,137.02,1
-20.048589,130.151268,1
-20.04858,131.351257,1
-20.048579,131.451257,1
-20.01766,129.67898,1
-20.01766,129.67898,1
-19.99038,130.09748,1
-19.99038,130.09748,1
-19.99038,130.09748,1
-19.99038,130.09748,1
-19.983333,129.716667,1
-19.9494,129.7056,1
-19.9494,129.7056,1
-19.918587,130.421264,1
-19.918586,130.581263,1
-19.918573,132.421247,1
-19.90267,129.8087,1
-19.90267,129.8087,1
-19.9026,129.800133,1
-19.9026,129.800133,1
-19.901244,129.80997,1
-19.901244,129.80997,1
-19.901244,129.80997,1
-19.898611,128.865833,1
-19.898611,128.865833,1
-19.88972,129.74925,1
-19.88972,129.74925,1
-19.88972,129.74925,1
-19.88972,129.74925,1
-19.88972,129.74925,1
-19.88972,129.74925,1
-19.88972,129.74925,1
-19.88972,129.74925,1
-19.88972,129.74925,1
-19.88972,129.74925,1
-19.889167,128.86,1
-19.879854,135.244169,1
-19.866389,128.846111,1
-19.866389,128.846111,1
-19.8,135.95,1
-19.8,135.95,1
-19.798552,135.951205,1
-19.781879,135.867883,1
-19.781879,135.867883,1
-19.768333,121.392778,1
-19.748591,129.751268,1
-19.748591,129.751268,1
-19.748591,129.751268,1
-19.748585,130.581262,1
-19.727,130,1
-19.68333,129.85,1
-19.681878,136.00121,1
-19.668548,136.081209,1
-19.666667,127.5,1
-19.65,134.18,1
-19.65,134.18,1
-19.65,134.18,1
-19.65,134.18,1
-19.65,134.18,1
-19.65,134.18,1
-19.65,134.18,1
-19.65,134.18333,1
-19.631944,128.875,1
-19.631944,128.875,1
-19.631881,135.617884,1
-19.631881,135.617884,1
-19.621926,134.96209,1
-19.615221,135.617884,1
-19.615221,135.617884,1
-19.615221,135.617884,1
-19.615221,135.617884,1
-19.60295,135.771712,1
-19.6,135.76667,1
-19.6,135.76667,1
-19.59855,135.771212,1
-19.59845,135.774512,1
-19.58745,135.807912,1
-19.578585,130.58126,1
-19.578585,130.58126,1
-19.57855,135.781212,1
-19.548588,130.251263,1
-19.548587,130.351262,1
-19.548574,132.251246,1
-19.5298,134.80597,1
-19.48755,134.15678,1
-19.478551,135.571213,1
-19.448593,129.451268,1
-19.448593,129.451268,1
-19.448593,129.451268,1
-19.448587,130.351261,1
-19.435664,135.401339,1
-19.43333,135.30805,1
-19.42167,135.405,1
-19.41859,129.921265,1
-19.418581,131.251253,1
-19.368549,136.001208,1
-19.36667,135.25,1
-19.366667,136,1
-19.366667,136,1
-19.348587,130.35126,1
-19.348587,130.35126,1
-19.331907,132.851232,1
-19.3319,132.851239,1
-19.3319,132.851239,1
-19.331879,135.901209,1
-19.31884,135.21801,1
-19.31884,135.21801,1
-19.3011,130.6252,1
-19.290556,127.173611,1
-19.290556,127.173611,1
-19.290556,127.173611,1
-19.26667,135.08333,1
-19.248592,129.551266,1
-19.248589,130.081262,1
-19.248589,130.081262,1
-19.248581,131.151253,1
-19.248578,131.581249,1
-19.248578,131.581249,1
-19.248575,132.081245,1
-19.231894,133.767899,1
-19.198572,132.511241,1
-19.148589,130.051261,1
-19.148589,130.051261,1
-19.14858,131.351251,1
-19.14858,131.351251,1
-19.148575,132.051244,1
-19.0577,136.70685,1
-19.05,136.7,1
-19.02797,129.14195,1
-19.023066,133.703215,1
-19.023066,133.703215,1
-19.016614,133.732425,1
-19.0099,133.7324,1
-18.918582,131.081251,1
-18.918582,131.081251,1
-18.86667,131.1,1
-18.831921,131.084581,1
-18.831912,131.08458,1
-18.831912,131.08458,1
-18.8,134.03333,1
-18.8,134.03333,1
-18.78333,136.58333,1
-18.78333,136.58333,1
-18.75,136.63333,1
-18.748581,131.251248,1
-18.748581,131.251248,1
-18.736911,131.32404,1
-18.57858,131.421246,1
-18.548582,131.051249,1
-18.548582,131.051249,1
-18.498582,131.051248,1
-18.448581,131.151247,1
-18.448581,131.151247,1
-18.418578,131.751242,1
-18.418576,131.92124,1
-18.348581,131.251246,1
-18.24858,131.451243,1
-18.248579,131.551242,1
-18.248574,132.251236,1
-18.248573,132.421235,1
-18.148575,132.151236,1
-18.148575,132.251235,1
-18.078571,132.75123,1
-18.07857,132.921229,1
-18.048573,132.451233,1
-18.048573,132.551232,1
-17.918569,133.081226,1
-17.918569,133.081226,1
-17.908594,129.241259,1
-17.888591,129.681255,1
-17.86217,136.44631,1
-17.85,133.88333,1
-17.70361,133.9601,1
-17.70361,133.9601,1
-17.70361,133.9601,1
-17.70361,133.9601,1
-17.70361,133.9601,1
-17.70361,133.9601,1
-17.70361,133.9601,1
-17.70361,133.9601,1
-17.70361,133.9601,1
-17.70361,133.9601,1
-17.70361,133.9601,1
-17.70361,133.9601,1
-17.70361,133.9601,1
-17.70361,133.9601,1
-17.70361,133.9601,1
-17.70361,133.9601,1
-17.70361,133.9601,1
-17.70361,133.9601,1
-17.70361,133.9601,1
-17.70361,133.9601,1
-17.70361,133.9601,1
-17.70361,133.9601,1
-17.70361,133.9601,1
-17.70361,133.9601,1
-17.70361,133.9601,1
-17.70361,133.9601,1
-17.70361,133.9601,1
-17.70361,133.9601,1
-17.70361,133.9601,1
-17.70361,133.9601,1
-17.70361,133.9601,1
-17.70361,133.9601,1
-17.70361,133.9601,1
-17.70361,133.9601,1
-17.70361,133.9601,1
-17.70361,133.9601,1
-17.70361,133.9601,1
-17.70361,133.9601,1
-17.70361,133.9601,1
-17.70361,133.9601,1
-17.70361,133.9601,1
-17.70361,133.9601,1
-17.70361,133.9601,1
-17.70361,133.9601,1
-17.70361,133.9601,1
-17.70361,133.9601,1
-17.70361,133.9601,1
-17.70361,133.9601,1
-17.70361,133.9601,1
-17.70361,133.9601,1
-17.70361,133.9601,1
-17.70329,133.9606,1
-17.70329,133.9606,1
-17.70329,133.9606,1
-17.70329,133.9606,1
-17.70329,133.9606,1
-17.70329,133.9606,1
-17.70329,133.9606,1
-17.70329,133.9606,1
-17.70329,133.9606,1
-17.70329,133.9606,1
-17.70329,133.9606,1
-17.70329,133.9606,1
-17.70329,133.9606,1
-17.70329,133.9606,1
-17.70329,133.9606,1
-17.70329,133.9606,1
-17.70329,133.9606,1
-17.70329,133.9606,1
-17.70329,133.9606,1
-17.70329,133.9606,1
-17.70329,133.9606,1
-17.70329,133.9606,1
-17.70329,133.9606,1
-17.70329,133.9606,1
-17.70329,133.9606,1
-17.70329,133.9606,1
-17.70329,133.9606,1
-17.70329,133.9606,1
-17.70329,133.9606,1
-17.70329,133.9606,1
-17.70329,133.9606,1
-17.70329,133.9606,1
-17.70329,133.9606,1
-17.70329,133.9606,1
-17.70329,133.9606,1
-17.70329,133.9606,1
-17.70329,133.9606,1
-17.70329,133.9606,1
-17.70329,133.9606,1
-17.70329,133.9606,1
-17.70329,133.9606,1
-17.70329,133.9606,1
-17.70329,133.9606,1
-17.70319,133.96007,1
-17.70319,133.96007,1
-17.70319,133.9601,1
-17.70319,133.96007,1
-17.70319,133.9601,1
-17.70319,133.9601,1
-17.70319,133.9601,1
-17.70319,133.9601,1
-17.70319,133.9601,1
-17.70319,133.9601,1
-17.70319,133.9601,1
-17.70319,133.9601,1
-17.70319,133.9601,1
-17.70319,133.96007,1
-17.70319,133.9601,1
-17.70319,133.9601,1
-17.70319,133.9601,1
-17.70319,133.9601,1
-17.70319,133.9601,1
-17.70319,133.9601,1
-17.70319,133.9601,1
-17.70319,133.9601,1
-17.70319,133.9601,1
-17.70319,133.9601,1
-17.70319,133.9601,1
-17.70319,133.9601,1
-17.70319,133.9601,1
-17.70319,133.9601,1
-17.70319,133.9601,1
-17.70319,133.9601,1
-17.70319,133.9601,1
-17.70319,133.9601,1
-17.70319,133.9601,1
-17.70319,133.9601,1
-17.70319,133.9601,1
-17.70319,133.9601,1
-17.70319,133.9601,1
-17.70319,133.9601,1
-17.70319,133.9601,1
-17.70319,133.96007,1
-17.70319,133.9601,1
-17.70319,133.9601,1
-17.70319,133.9601,1
-17.70319,133.96007,1
-17.70319,133.9601,1
-17.70319,133.96007,1
-17.70319,133.9601,1
-17.70319,133.9601,1
-17.70319,133.9601,1
-17.70319,133.9601,1
-17.70319,133.9601,1
-17.70319,133.9601,1
-17.70319,133.9601,1
-17.70319,133.9601,1
-17.70319,133.9601,1
-17.70319,133.9601,1
-17.70319,133.9601,1
-17.70319,133.9601,1
-17.70319,133.9601,1
-17.70319,133.9601,1
-17.70319,133.9601,1
-17.70319,133.9601,1
-17.70319,133.9601,1
-17.70319,133.9601,1
-17.70319,133.9601,1
-17.70319,133.9601,1
-17.70319,133.9601,1
-17.70319,133.9601,1
-17.70319,133.9601,1
-17.70319,133.9601,1
-17.70319,133.9601,1
-17.70319,133.9601,1
-17.70319,133.9601,1
-17.70319,133.9601,1
-17.70319,133.9601,1
-17.70319,133.9601,1
-17.7031,133.95964,1
-17.7031,133.95964,1
-17.7031,133.95964,1
-17.7031,133.95964,1
-17.7031,133.95964,1
-17.7031,133.95964,1
-17.7031,133.95964,1
-17.7031,133.95964,1
-17.7031,133.95964,1
-17.7031,133.95964,1
-17.7031,133.95964,1
-17.7031,133.95964,1
-17.7031,133.95964,1
-17.7031,133.95964,1
-17.7031,133.95964,1
-17.7031,133.95964,1
-17.7031,133.95964,1
-17.7031,133.95964,1
-17.7031,133.95964,1
-17.7031,133.95964,1
-17.7031,133.95964,1
-17.7031,133.95964,1
-17.7031,133.95964,1
-17.7031,133.95964,1
-17.7031,133.95964,1
-17.7031,133.95964,1
-17.7031,133.95964,1
-17.7031,133.95964,1
-17.7031,133.95964,1
-17.7031,133.95964,1
-17.7031,133.95964,1
-17.7031,133.95964,1
-17.7031,133.95964,1
-17.7031,133.95964,1
-17.7031,133.95964,1
-17.7031,133.95964,1
-17.7031,133.95964,1
-17.7031,133.95964,1
-17.7031,133.95964,1
-17.7031,133.95964,1
-17.7031,133.95964,1
-17.7031,133.95964,1
-17.7031,133.95964,1
-17.7031,133.95964,1
-17.70273,133.96005,1
-17.70273,133.96005,1
-17.70273,133.96005,1
-17.70273,133.96005,1
-17.70273,133.96005,1
-17.70273,133.96005,1
-17.70273,133.96005,1
-17.70273,133.96005,1
-17.70273,133.96005,1
-17.70273,133.96005,1
-17.70273,133.96005,1
-17.70273,133.96005,1
-17.70273,133.96005,1
-17.70273,133.96005,1
-17.70273,133.96005,1
-17.70273,133.96005,1
-17.70273,133.96005,1
-17.70273,133.96005,1
-17.70273,133.96005,1
-17.70273,133.96005,1
-17.70273,133.96005,1
-17.70273,133.96005,1
-17.70273,133.96005,1
-17.70273,133.96005,1
-17.70273,133.96005,1
-17.70273,133.96005,1
-17.70273,133.96005,1
-17.70273,133.96005,1
-17.70273,133.96005,1
-17.70273,133.96005,1
-17.70273,133.96005,1
-17.70273,133.96005,1
-17.70273,133.96005,1
-17.70273,133.96005,1
-17.70273,133.96005,1
-17.70273,133.96005,1
-17.70273,133.96005,1
-17.70273,133.96005,1
-17.70273,133.96005,1
-17.70273,133.96005,1
-17.70273,133.96005,1
-17.70273,133.96005,1
-17.70273,133.96005,1
-17.70273,133.96005,1
-17.70273,133.96005,1
-17.70273,133.96005,1
-17.70273,133.96005,1
-17.70273,133.96005,1
-17.70273,133.96005,1
-17.70273,133.96005,1
-17.70273,133.96005,1
-17.70273,133.96005,1
-17.70273,133.96005,1
-17.70273,133.96005,1
-17.70273,133.96005,1
-17.70273,133.96005,1
-17.70273,133.96005,1
-17.70273,133.96005,1
-17.70273,133.96005,1
-17.70273,133.96005,1
-17.70273,133.96005,1
-17.70273,133.96005,1
-17.70273,133.96005,1
-17.70273,133.96005,1
-17.70273,133.96005,1
-17.70273,133.96005,1
-17.70273,133.96005,1
-17.70273,133.96005,1
-17.70273,133.96005,1
-17.70273,133.96005,1
-17.70273,133.96005,1
-17.70273,133.96005,1
-17.70273,133.96005,1
-17.70273,133.96005,1
-17.70273,133.96005,1
-17.70273,133.96005,1
-17.70273,133.96005,1
-17.70273,133.96005,1
-17.70273,133.96005,1
-17.70273,133.96005,1
-17.70273,133.96005,1
-17.70273,133.96005,1
-17.70273,133.96005,1
-17.70273,133.96005,1
-17.70273,133.96005,1
-17.70273,133.96005,1
-17.70273,133.96005,1
-17.70273,133.96005,1
-17.70273,133.96005,1
-17.70273,133.96005,1
-17.70273,133.96005,1
-17.70273,133.96005,1
-17.70273,133.96005,1
-17.70273,133.96005,1
-17.70273,133.96005,1
-17.63078,133.95554,1
-17.63078,133.95554,1
-17.63078,133.95554,1
-17.63078,133.95554,1
-17.63078,133.95554,1
-17.63078,133.95554,1
-17.63078,133.95554,1
-17.63078,133.95554,1
-17.63078,133.95554,1
-17.63078,133.95554,1
-17.63078,133.95554,1
-17.63078,133.95554,1
-17.63078,133.95554,1
-17.63078,133.95554,1
-17.63078,133.95554,1
-17.63078,133.95554,1
-17.63078,133.95554,1
-17.63078,133.95554,1
-17.63078,133.95554,1
-17.6304,133.95615,1
-17.6304,133.95615,1
-17.6304,133.95615,1
-17.6304,133.95615,1
-17.6304,133.95615,1
-17.63035,133.9556,1
-17.63035,133.9556,1
-17.63035,133.9556,1
-17.63035,133.9556,1
-17.63035,133.9556,1
-17.63035,133.9556,1
-17.63035,133.9556,1
-17.63035,133.9556,1
-17.63035,133.9556,1
-17.63035,133.9556,1
-17.63033,133.95512,1
-17.63033,133.95512,1
-17.63033,133.95512,1
-17.63033,133.95512,1
-17.62992,133.95572,1
-17.62992,133.95572,1
-17.62992,133.95572,1
-17.62992,133.95572,1
-17.62992,133.95572,1
-17.62992,133.95572,1
-17.54857,133.051224,1
-17.54857,133.051224,1
-17.33227,133.04762,1
-17.33217,133.03842,1
-17.33127,133.02772,1
-17.31267,133.09082,1
-17.30607,133.09862,1
-17.29767,132.19092,1
-17.29577,132.23852,1
-17.29507,132.27651,1
-16.85,132.8,1
-12.28333,132.6,1
-12.28333,132.6,1
