latitude,longitude,time_bp
-34.17386,141.4183,
-17.865833,140.581389,
-19.78407,141.264003,-1
-18.34261,142.59822,-1
-18.31584,142.61914,-1
-17.795,140.644167,-1
-18.048333,140.510278,-1
-18.001111,140.504167,-1
-18.075,140.586389,-1
-30.337512,136.897353,-1
-32.461506,137.748037,-1
-29.410427,142.26464,-1
-34.328446,140.541102,-1
-23.015795,142.41288,-1
-24.6819,145.9588,-1
-32.426116,142.354093,-1
-28.070995,145.688212,-1
-28.036601,144.179005,-1
-23.7839,133.914795,-1
-28.864534,146.842204,-1
-30.547808,136.934479,-1
-28.085317,144.179567,-1
-32.46026,137.747872,-1
-31.392576,136.933094,-1
-33.208672,141.307655,-1
-28.753205,134.500388,-1
-29.265779,145.14836,-1
-34.629156,139.400188,-1
-29.480973,142.231858,-1
-22.689498,116.268938,-1
-32.462641,137.742078,-1
-25.1635,143.341949,-1
-30.403883,137.174596,-1
-31.538964,144.44124,-1
-32.462166,137.741948,-1
-32.539312,142.297438,-1
-30.935832,137.044014,-1
-34.162376,141.369122,-1
-35.073211,144.861719,-1
-31.951171,140.217643,-1
-26.736104,141.006139,-1
-34.356538,139.5205,-1
-32.650159,145.676887,-1
-21.3594,139.7811,-1
-21.41727,147.261114,-1
-30.63532,145.780197,-1
-34.354055,139.498194,-1
-29.109561,141.166122,-1
-35.042358,144.872244,-1
-33.560564,142.500775,-1
-34.054012,145.386483,-1
-32.442587,142.314463,-1
-34.173846,139.97914,-1
-22.88417,141.75485,-1
-28.003217,145.6084,-1
-34.359802,139.528254,-1
-34.365285,139.533753,-1
-27.941469,145.600373,-1
-30.5174,145.714825,-1
-29.276651,142.506015,-1
-29.178612,141.035583,-1
-29.486608,142.277577,-1
-31.44554,145.777567,-1
-26.186667,143.495186,-1
-28.070733,144.189267,-1
-29.43425,142.26995,-1
-30.853271,143.086881,-1
-31.296526,142.319785,-1
-23.5152,144.7347,-1
-28.117455,145.19746,-1
-31.524209,138.632361,-1
-24.825368,144.733985,-1
-29.638212,137.824664,-1
-27.158995,134.42865,-1
-31.412059,138.582061,-1
-34.422185,140.530197,-1
-30.465778,139.047167,-1
-32.439079,142.255675,-1
-32.464989,137.748003,-1
-28.084637,144.188362,-1
-32.723859,145.590634,-1
-22.492047,143.013898,-1
-32.28108,135.98922,-1
-33.671683,139.099162,-1
-22.513666,143.025296,-1
-31.101852,141.702545,-1
-33.372803,138.15425,-1
-27.923938,147.521802,-1
-31.773372,137.312788,-1
-34.745388,142.370669,-1
-22.56739,143.06019,-1
-34.65057,139.384018,-1
-22.56739,143.06019,-1
-21.594079,142.069791,-1
-22.46231,143.000581,-1
-26.325553,118.787992,-1
-31.284713,142.292521,-1
-33.484884,143.079663,-1
-35.100877,139.150115,-1
-20.6397,140.9986,-1
-32.286521,148.583319,-1
-21.108248,141.066143,-1
-32.583833,135.309305,-1
-34.424185,139.368756,-1
-27.994588,147.498065,-1
-22.595312,144.5477,-1
-35.100877,139.150115,-1
-34.620735,143.746246,-1
-31.315743,142.331273,-1
-29.138158,117.19662,-1
-29.082144,140.999283,-1
-30.680387,135.44397,-1
-33.107363,140.336877,-1
-34.494931,139.358867,-1
-27.94171,145.59863,-1
-22.52915,142.989555,-1
-28.873658,145.586163,-1
-33.855367,140.5363,-1
-33.96657,140.883565,-1
-33.747448,143.16971,-1
-31.086592,141.70375,-1
-22.529067,143.004348,-1
-33.836712,143.06178,-1
-28.749595,144.247505,-1
-33.737969,143.023277,-1
-30.861587,143.070915,-1
-30.518533,137.246532,-1
-27.832463,117.267218,-1
-30.40841,135.481976,-1
-30.841397,138.706624,-1
-27.985947,145.55492,-1
-26.944832,115.974156,-1
-22.494587,143.016664,-1
-24.876913,144.763208,-1
-22.095113,148.209185,-1
-20.8661,143.9938,-1
-35.071775,139.090279,-1
-30.198598,139.690514,-1
-34.644508,142.371435,-1
-22.75989,142.891222,-1
-34.354555,139.51357,-1
-30.188467,146.239646,-1
-25.136643,142.657864,-1
-31.283477,142.293173,-1
-27.99354,145.588184,-1
-33.83669,143.06177,-1
-32.462777,137.741127,-1
-31.296526,142.319785,-1
-28.067531,144.209481,-1
-31.303023,145.304387,-1
-30.897653,145.89419,-1
-27.987039,145.609374,-1
-35.40226,141.996614,-1
-23.285469,141.639525,-1
-27.987039,145.609374,-1
-22.499564,143.039161,-1
-35.100877,139.150115,-1
-34.352156,139.511288,-1
-27.037911,120.412497,-1
-35.076436,145.635462,-1
-22.52434,143.004392,-1
-29.493083,142.212837,-1
-29.418473,138.253129,-1
-28.918158,134.807767,-1
-18.34389,143.524745,-1
-33.741062,143.095022,-1
-30.524576,145.822161,-1
-27.303228,118.390022,-1
-26.964967,149.054245,-1
-25.187853,146.508798,-1
-34.403479,140.542021,-1
-34.174646,141.334628,-1
-34.356563,139.481338,-1
-31.523771,138.609872,-1
-25.982274,132.98019,-1
-32.298125,142.413409,-1
-32.400389,139.465983,-1
-29.051864,141.063142,-1
-35.099428,145.67307,-1
-32.466623,137.744078,-1
-29.505584,137.9295,-1
-30.938844,137.042036,-1
-23.33412,144.1649,-1
-18.688739,138.529128,-1
-34.182664,142.563648,-1
-25.947687,139.245188,-1
-26.698082,148.883139,-1
-22.567489,143.061994,-1
-29.417305,138.253387,-1
-29.260818,145.844446,-1
-23.273865,142.758238,-1
-34.735594,142.317431,-1
-30.734068,121.444411,-1
-27.987039,145.609374,-1
-23.604012,113.967493,-1
-33.778537,146.293469,-1
-22.594487,144.538425,-1
-32.440603,139.49135,-1
-27.994588,147.498065,-1
-34.672909,142.345741,-1
-33.143951,141.10168,-1
-30.067638,145.945429,-1
-19.444708,146.03717,-1
-32.463054,137.749058,-1
-34.649365,142.373288,-1
-32.814433,147.724387,-1
-22.517483,143.025479,-1
-27.97042,145.591623,-1
-32.948127,138.98796,-1
-32.437198,142.357922,-1
-25.15853,143.386067,-1
-23.700255,133.723546,-1
-23.742675,133.868731,-1
-23.036778,139.958938,-1
-32.438337,136.071547,-1
-24.134483,143.514905,-1
-30.487032,146.874018,-1
-34.73785,142.184878,-1
-30.345755,139.178877,-1
-34.503501,139.919269,-1
-32.462563,137.739396,-1
-27.984022,145.615142,-1
-28.088101,144.183918,-1
-29.332223,137.927816,-1
-34.756505,139.47024,-1
-19.860633,138.79034,-1
-32.461678,137.748187,-1
-31.315529,142.33194,-1
-32.460622,137.747621,-1
-27.986295,145.618064,-1
-32.463375,137.741138,-1
-32.526838,137.73773,-1
-30.467484,139.183103,-1
-23.683124,133.915811,-1
-32.462127,137.741647,-1
-27.930579,142.541502,-1
-31.511913,145.709518,-1
-32.459995,137.748632,-1
-27.859827,143.710996,-1
-29.086957,141.227557,-1
-31.426424,138.706483,-1
-26.413208,114.181671,-1
-22.511952,143.024356,-1
-34.660437,139.62111,-1
-24.186313,143.62132,-1
-35.169594,144.811224,-1
-35.328489,144.850484,-1
-27.976437,145.60086,-1
-31.090357,141.699188,-1
-35.079416,139.109752,-1
-24.180469,145.348362,-1
-34.353384,139.511589,-1
-33.183807,141.191488,-1
-27.923938,147.521802,-1
-32.416302,137.789574,-1
-32.59695,137.982358,-1
-32.463085,137.745506,-1
-28.767796,144.293314,-1
-31.974424,140.575688,-1
-29.480638,142.238432,-1
-23.687006,133.720932,-1
-34.26715,144.330296,-1
-33.993782,140.847681,-1
-34.403327,140.543981,-1
-29.44942,142.344172,-1
-29.170188,141.713521,-1
-31.413479,138.54176,-1
-25.936157,139.28711,-1
-31.466537,142.253984,-1
-32.655256,145.431445,-1
-25.237128,132.807372,-1
-29.437005,136.883347,-1
-30.345755,139.178877,-1
-29.350338,138.310068,-1
-32.05172,148.719907,-1
-31.086253,141.688774,-1
-35.092357,139.161612,-1
-34.365285,139.533753,-1
-18.690419,138.530583,-1
-35.232054,142.923343,-1
-34.353354,139.503788,-1
-28.415065,150.3453,-1
-30.385622,149.71492,-1
-35.361127,141.957686,-1
-34.645964,142.371544,-1
-25.138766,143.309292,-1
-32.650933,135.649107,-1
-32.5486,135.508979,-1
-28.088198,144.18692,-1
-31.303488,142.308393,-1
-22.527772,143.004578,-1
-31.109446,138.724466,-1
-29.476245,142.233087,-1
-20.718315,140.508199,-1
-33.181653,140.550546,-1
-34.246346,144.405738,-1
-35.147073,144.81216,-1
-20.72771,116.903626,-1
-34.693181,139.518777,-1
-34.35955,139.487216,-1
-22.515847,143.039418,-1
-30.830834,142.461247,-1
-25.689295,148.362778,-1
-32.457956,137.750172,-1
-30.535576,135.358461,-1
-29.411483,142.265153,-1
-31.084236,141.763635,-1
-28.85976,134.668596,-1
-34.130073,140.118141,-1
-26.952997,115.967666,-1
-28.740901,144.244378,-1
-32.428508,142.286347,-1
-35.091022,139.155625,-1
-22.479863,143.00406,-1
-31.52137,144.522005,-1
-34.274719,141.982497,-1
-32.460378,137.749187,-1
-28.453715,145.763535,-1
-31.898357,126.999443,-1
-32.459013,137.745915,-1
-32.460128,137.750859,-1
-34.363449,139.507365,-1
-27.987244,145.626272,-1
-33.670147,139.100428,-1
-34.654276,139.50744,-1
-29.487333,141.758965,-1
-31.385163,138.709472,-1
-33.729547,143.053433,-1
-30.324373,145.59223,-1
-23.786642,140.870073,-1
-30.476279,137.162568,-1
-26.964334,149.0536,-1
-33.057945,140.534763,-1
-34.656841,139.597794,-1
-19.9216,146.5544,-1
-30.473609,139.245901,-1
-31.298015,138.890948,-1
-29.667002,137.293996,-1
-32.036779,141.143012,-1
-32.454751,142.359445,-1
-28.844318,144.495596,-1
-25.053104,143.457655,-1
-30.774659,143.438242,-1
-18.291574,143.428462,-1
-26.955025,115.967074,-1
-34.714618,142.332302,-1
-25.068027,143.733022,-1
-33.752807,143.16438,-1
-20.758777,144.924219,-1
-31.903954,141.429149,-1
-22.511379,143.004864,-1
-32.447674,135.810664,-1
-30.54011,139.305801,-1
-29.48031,142.238205,-1
-34.670384,145.310514,-1
-34.755327,139.242752,-1
-19.51068,146.265122,-1
-29.651374,137.310857,-1
-30.288306,139.344722,-1
-30.755337,136.898147,-1
-29.089688,141.222907,-1
-35.095233,139.160603,-1
-29.484994,142.200271,-1
-30.473646,139.246374,-1
-24.842827,144.057884,-1
-22.93747,145.201806,-1
-31.525583,138.816497,-1
-32.458752,137.750859,-1
-30.384194,137.16341,-1
-31.890786,141.193816,-1
-28.89273,145.561285,-1
-27.989557,145.63488,-1
-31.740805,127.647705,-1
-27.988138,145.609632,-1
-32.459628,137.745929,-1
-32.460296,137.749248,-1
-29.005475,141.041992,-1
-34.523472,139.926128,-1
-30.507589,145.718044,-1
-28.128708,145.157714,-1
-30.774659,143.438242,-1
-31.775461,138.548282,-1
-30.808006,118.949189,-1
-23.442762,146.400575,-1
-31.889496,141.450256,-1
-29.210771,142.457353,-1
-23.28145,139.940675,-1
-20.427032,142.362751,-1
-26.64102,143.967895,-1
-29.160394,140.999283,-1
-29.384497,142.025682,-1
-32.395453,135.979647,-1
-34.751,142.32795,-1
-35.098615,145.660269,-1
-30.712131,143.560144,-1
-28.081556,144.184876,-1
-29.513559,142.279817,-1
-30.438611,138.986806,-1
-35.096445,144.811077,-1
-24.590003,133.007703,-1
-28.885518,144.508451,-1
-31.908939,141.499516,-1
-31.501394,130.780697,-1
-33.043797,138.088303,-1
-34.554403,139.598228,-1
-34.7378,142.35774,-1
-20.984992,140.303102,-1
-25.168112,143.259626,-1
-31.839583,140.192763,-1
-19.933299,138.11735,-1
-28.864534,146.842204,-1
-28.772041,144.291869,-1
-34.487013,139.458065,-1
-18.719477,140.507199,-1
-32.641234,145.543447,-1
-27.977792,145.511852,-1
-32.46278,137.743269,-1
-32.463638,137.740559,-1
-23.966105,142.36882,-1
-31.497767,138.644971,-1
-28.965927,134.777068,-1
-22.611469,144.512363,-1
-29.33037,142.170974,-1
-34.62111,145.391854,-1
-29.384497,142.025682,-1
-18.301834,143.354277,-1
-33.27997,141.383238,-1
-23.819684,141.319246,-1
-32.514097,137.974567,-1
-32.0514,141.9455,-1
-30.069688,138.000635,-1
-28.764136,144.300057,-1
-35.146955,145.650726,-1
-31.629645,141.557232,-1
-29.227285,147.429925,-1
-22.714728,118.719167,-1
-30.480365,137.26753,-1
-29.43425,142.26995,-1
-34.353992,139.492789,-1
-28.642429,143.967892,-1
-30.342108,137.291478,-1
-30.392872,136.925353,-1
-28.045815,145.604355,-1
-29.522366,138.185147,-1
-29.633813,147.703652,-1
-32.18627,138.01127,-1
-35.245597,142.952084,-1
-28.039679,145.632356,-1
-34.660618,139.619627,-1
-31.427039,138.706138,-1
-32.038084,141.355414,-1
-20.630529,141.365292,-1
-34.238308,144.39322,-1
-32.450933,140.488115,-1
-35.091969,139.156465,-1
-33.673226,142.842218,-1
-35.087622,139.158649,-1
-32.456582,137.749545,-1
-22.559432,142.962667,-1
-31.402859,138.707783,-1
-29.983672,116.633653,-1
-28.747334,144.239234,-1
-31.525687,138.634793,-1
-23.471469,144.437034,-1
-32.485967,142.355303,-1
-27.983603,145.610099,-1
-31.524675,138.633024,-1
-34.804617,143.864472,-1
-34.804617,143.864472,-1
-22.516106,143.038677,-1
-30.531937,139.304887,-1
-25.23713,132.807358,-1
-33.691887,143.181945,-1
-34.987495,142.491058,-1
-32.383973,141.507424,-1
-22.516478,143.037078,-1
-33.446696,141.139988,-1
-34.653575,142.372971,-1
-22.468395,143.001319,-1
-30.463472,139.046694,-1
-32.440136,142.274513,-1
-32.603645,145.786476,-1
-24.849665,144.751287,-1
-32.459999,137.747035,-1
-32.658278,135.476776,-1
-35.07603,144.810913,-1
-34.678277,145.296548,-1
-31.948912,140.60907,-1
-23.945428,140.345923,-1
-34.660763,142.355352,-1
-29.096775,141.403379,-1
-29.641687,141.01615,-1
-28.025041,145.566901,-1
-19.618366,138.804571,-1
-32.642723,145.666742,-1
-23.043877,139.790488,-1
-32.459934,137.746709,-1
-29.661693,137.298122,-1
-28.08287,144.171043,-1
-30.050322,145.3049,-1
-32.951508,137.73152,-1
-34.655589,139.595129,-1
-21.427691,146.62522,-1
-34.692477,139.520424,-1
-28.020097,145.747487,-1
-22.223613,118.842462,-1
-31.890565,141.444842,-1
-35.092244,139.156064,-1
-35.040111,141.711489,-1
-28.070995,145.688212,-1
-23.7878,138.48266,-1
-34.355453,139.496308,-1
-34.266887,142.232057,-1
-34.084405,139.40357,-1
-29.205383,147.432785,-1
-31.079735,142.460127,-1
-28.044261,117.816908,-1
-34.40366,140.542617,-1
-31.605842,138.628718,-1
-28.006183,145.60695,-1
-29.26921,150.733593,-1
-34.508966,139.946943,-1
-32.459303,137.744284,-1
-27.941469,145.600373,-1
-32.429539,142.335596,-1
-17.684429,140.711419,-1
-22.541833,142.994428,-1
-32.433165,142.249399,-1
-21.639747,142.322683,-1
-32.574181,135.525283,-1
-32.429009,142.344145,-1
-35.102851,145.677496,-1
-33.787903,143.113281,-1
-35.362585,139.160459,-1
-25.588975,144.403876,-1
-30.062317,138.107662,-1
-30.475726,139.244378,-1
-34.087825,141.858963,-1
-35.60276,142.07521,-1
-29.700332,144.177283,-1
-20.734841,144.201899,-1
-33.749632,140.149161,-1
-34.494667,139.920555,-1
-32.401138,135.775821,-1
-29.531494,147.946216,-1
-34.60829,139.514206,-1
-32.909649,136.286542,-1
-34.415527,139.383895,-1
-31.364201,141.678765,-1
-25.236929,141.398812,-1
-27.989445,145.609374,-1
-29.203035,142.5672,-1
-24.825451,144.733799,-1
-26.813887,114.613125,-1
-30.065933,138.1445,-1
-35.11002,145.73332,-1
-29.985963,137.98837,-1
-34.34876,139.518534,-1
-27.931348,142.546381,-1
-34.729592,142.11338,-1
-24.905621,144.653375,-1
-31.768922,142.142892,-1
-22.534613,143.048515,-1
-32.2066,138.0316,-1
-30.629584,142.390771,-1
-27.41647,148.84566,-1
-22.001576,147.024766,-1
-28.078715,144.171641,-1
-29.058249,141.864459,-1
-20.6308,141.135,-1
-23.016176,142.411354,-1
-32.401597,142.293105,-1
-25.095502,143.191984,-1
-31.653112,141.550529,-1
-30.745614,119.006072,-1
-34.2767,141.75302,-1
-34.017804,140.735299,-1
-27.819547,143.609058,-1
-30.645325,136.910686,-1
-23.046326,139.964374,-1
-34.501643,141.099024,-1
-33.761477,140.129626,-1
-28.581131,134.425846,-1
-30.456146,139.227269,-1
-32.464367,136.137847,-1
-33.289003,140.588985,-1
-32.461869,137.747225,-1
-28.109425,124.295761,-1
-34.343702,139.502531,-1
-21.427828,146.625698,-1
-30.20466,125.502996,-1
-20.660903,141.595465,-1
-30.634071,145.782055,-1
-23.79802,138.47598,-1
-34.36562,139.534988,-1
-27.987039,145.609374,-1
-31.668438,138.521502,-1
-31.461872,138.77192,-1
-35.533666,146.992483,-1
-29.334465,137.929012,-1
-21.414575,144.97658,-1
-30.374668,147.793473,-1
-32.434937,142.352652,-1
-34.123913,140.742206,-1
-32.906405,139.036603,-1
-27.981791,145.609169,-1
-31.838854,140.70393,-1
-20.777626,139.97828,-1
-28.086433,144.167172,-1
-26.39782,147.19096,-1
-31.485884,138.649527,-1
-34.36269,139.487272,-1
-32.687128,144.719238,-1
-32.431991,137.799207,-1
-22.518395,142.998789,-1
-29.231503,136.64245,-1
-21.414824,141.558763,-1
-23.94482,140.346253,-1
-28.581131,134.425846,-1
-34.99547,141.63374,-1
-25.136595,142.657889,-1
-32.512243,139.72201,-1
-24.46073,139.90338,-1
-34.012887,140.753779,-1
-34.264992,142.230576,-1
-33.919805,139.100184,-1
-28.102121,144.141358,-1
-20.7055,142.5538,-1
-22.535092,142.996602,-1
-30.255503,145.459113,-1
-34.355503,139.496245,-1
-34.277403,141.95773,-1
-28.018145,144.196024,-1
-19.866077,145.991471,-1
-30.810008,121.392973,-1
-35.031164,141.726065,-1
-34.67085,139.555346,-1
-29.064013,141.859087,-1
-31.894375,141.454533,-1
-34.756434,142.339243,-1
-32.41738,137.720898,-1
-31.072292,143.084328,-1
-32.46229,137.741538,-1
-29.053727,141.888498,-1
-30.542978,139.296685,-1
-29.62265,137.538447,-1
-32.54177,137.985813,-1
-35.108964,139.07859,-1
-22.75861,140.015759,-1
-29.384497,142.025682,-1
-32.485967,142.355303,-1
-31.908761,141.673353,-1
-32.539443,142.29748,-1
-27.989445,145.609374,-1
-27.94171,145.59863,-1
-27.941469,145.600373,-1
-29.363787,138.296676,-1
-32.460705,137.74383,-1
-32.587722,135.433823,-1
-35.033511,144.89176,-1
-34.072603,147.086557,-1
-21.791809,114.157326,-1
-30.072264,144.052308,-1
-29.48478,140.999788,-1
-34.001801,141.856677,-1
-30.209991,135.651882,-1
-33.614867,144.795478,-1
-27.525963,140.160191,-1
-31.833055,141.997923,-1
-30.550616,145.613826,-1
-34.277462,141.968859,-1
-33.69586,140.200665,-1
-28.914165,134.820681,-1
-35.035748,141.733588,-1
-34.265291,142.046896,-1
-30.500783,139.26762,-1
-30.784078,138.680529,-1
-27.986418,145.60443,-1
-28.077637,144.177885,-1
-33.789397,143.121306,-1
-32.540663,135.504623,-1
-32.407655,142.306603,-1
-34.403479,140.542021,-1
-28.746753,144.238831,-1
-21.432062,147.226863,-1
-32.424114,139.477012,-1
-30.735029,121.448932,-1
-32.428883,142.346449,-1
-30.481496,137.195299,-1
-23.425503,146.353524,-1
-31.763665,138.541231,-1
-28.746753,144.238831,-1
-31.51746,138.6162,-1
-34.35962,139.486223,-1
-34.737295,142.032743,-1
-33.177427,141.159106,-1
-32.630065,135.455574,-1
-29.06952,141.863678,-1
-31.082235,141.761759,-1
-28.810422,148.10762,-1
-34.74103,141.985645,-1
-24.502459,140.072907,-1
-35.110747,139.141464,-1
-32.713522,137.940331,-1
-22.785684,139.803673,-1
-22.444855,144.178922,-1
-26.425579,114.193341,-1
-24.877423,144.763788,-1
-35.097379,145.67042,-1
-32.6346,145.669385,-1
-28.846222,134.707149,-1
-18.376728,143.522829,-1
-22.531408,143.02866,-1
-32.318015,135.970061,-1
-27.987039,145.609374,-1
-22.50492,143.029458,-1
-29.281483,149.045981,-1
-25.729902,140.994386,-1
-34.35955,139.487216,-1
-35.034964,141.725135,-1
-29.402244,142.268208,-1
-26.476863,147.929672,-1
-32.284927,135.984908,-1
-32.498344,137.726702,-1
-34.646844,139.570015,-1
-29.625888,138.031347,-1
-35.46614,144.938501,-1
-32.435616,136.074259,-1
-30.349679,136.865824,-1
-22.55772,142.972339,-1
-31.108587,135.355792,-1
-22.518459,143.025872,-1
-34.658926,139.580381,-1
-28.14664,148.62049,-1
-22.869852,147.263735,-1
-26.8976,117.12927,-1
-32.301648,140.246038,-1
-32.469105,142.347283,-1
-29.427588,142.036622,-1
-33.120182,136.399643,-1
-33.771362,142.923562,-1
-32.371276,135.417625,-1
-30.017044,145.693572,-1
-33.614867,144.795478,-1
-34.072155,142.303895,-1
-32.287057,135.996055,-1
-28.750571,144.238672,-1
-32.332077,139.452813,-1
-32.411711,142.319302,-1
-22.538676,142.994469,-1
-31.256397,138.61908,-1
-19.940017,137.865813,-1
-34.650489,139.383837,-1
-34.040294,140.751878,-1
-32.442587,142.314463,-1
-28.58752,116.843617,-1
-26.698069,143.276327,-1
-29.599934,117.387376,-1
-30.256062,139.587693,-1
-33.674369,139.082206,-1
-33.724358,143.028048,-1
-35.056926,141.729494,-1
-30.357484,135.396081,-1
-33.699116,139.008773,-1
-32.624388,145.56907,-1
-32.442587,142.314463,-1
-28.077646,144.178765,-1
-34.126896,140.122086,-1
-19.659063,134.19117,-1
-27.962985,145.579856,-1
-34.13591,142.143705,-1
-31.892077,141.264721,-1
-23.763247,141.15417,-1
-18.690142,138.530685,-1
-34.153703,141.343078,-1
-32.460098,137.743413,-1
-30.523224,145.820423,-1
-30.521604,137.199683,-1
-22.290818,138.001325,-1
-33.889849,141.379529,-1
-28.850683,134.690867,-1
-35.545579,142.033484,-1
-31.32945,138.504002,-1
-17.221722,144.448083,-1
-32.489237,145.605477,-1
-22.554853,142.994087,-1
-35.11514,141.720822,-1
-24.849923,144.751387,-1
-28.037947,145.630233,-1
-33.770088,143.147141,-1
-29.881428,135.181347,-1
-35.100877,139.150115,-1
-35.033511,144.89176,-1
-32.442587,142.314463,-1
-22.529718,143.003058,-1
-31.897958,141.457212,-1
-23.682672,140.997049,-1
-34.634155,142.37259,-1
-33.744809,143.001901,-1
-28,145.6,-1
-28,146.1,-1
-32.5,137.7,-1
-34.772617,138.719809,-1
-21.561017,116.773995,-1
-30.450163,151.623763,-1
-20.1,120.8,-1
-34.4,139.5,-1
-28.676419,117.526526,-1
-27.9,152,-1
-21.2,134.1,-1
-24.8,120,-1
-27.9,145.6,-1
-23.7,133.9,-1
-20,120.7,-1
-31.088243,141.704391,-1
-28,145.6,-1
-23.218095,139.92247,-1
-29.372092,142.262167,-1
-30.320219,145.575079,-1
-25.147712,139.0005,-1
-32.463056,142.186667,-1
-29.642557,141.79245,-1
-34.463475,145.283905,-1
-34.709248,143.182007,-1
-20.709472,139.569856,-1
-29.069263,141.856613,-1
-29.082497,141.124808,-1
-33.509805,142.525112,-1
-29.097205,141.860107,-1
-29.079503,141.231574,-1
-30.639773,145.768745,-1
-29.01076,141.918243,-1
-25.163422,143.142665,-1
-27.986736,145.611358,-1
-35.0161,141.896,-1
-35.0161,141.896,-1
-34.5735,141.761,-1
-34.5854,141.768,-1
-34.8368,142.579,-1
-35.0261,141.901,-1
-34.6554,142.231,-1
-30.9761,137.2178,-1
-30.0008,133.2894,-1
-29.8825,133.5558,-1
-34.6756,139.4075,-1
-16.61181,133.48967,-1
-16.96911,133.29959,-1
-15.691749,131.856742,-1
-16.96872,133.30006,-1
-17.24648,133.76144,-1
-16.96911,133.29959,-1
-16.96872,133.30006,-1
-16.61181,133.48967,-1
-16.96872,133.30006,-1
-16.61181,133.48967,-1
-16.96697,133.26785,-1
-16.96872,133.30006,-1
-16.96872,133.30006,-1
-17.66313,133.54062,-1
-32.13008,139.9733,-1
-30.35993,139.25153,-1
-31.04477,138.55939,-1
-32.13008,139.9733,-1
-32.1128,140.30289,-1
-32.15294,140.29065,-1
-31.19393,138.85184,-1
-32.01894,140.05876,-1
-32.13008,139.9733,-1
-31.9447,140.10804,-1
-32.67827,135.66408,-1
-32.46093,135.98889,-1
-31.9447,140.10804,-1
-32.15294,140.29065,-1
-32.148,139.98404,-1
-32.67997,135.53375,-1
-32.13008,139.9733,-1
-31.9447,140.10804,-1
-31.93913,140.07646,-1
-32.1087,140.70205,-1
-31.9447,140.10804,-1
-32.06263,140.6347,-1
-32.148,139.98404,-1
-30.39353,139.24595,-1
-32.54089,135.50708,-1
-31.9447,140.10804,-1
-32.02855,140.11382,-1
-32.1087,140.70205,-1
-31.9447,140.10804,-1
-32.148,139.98404,-1
-31.9447,140.10804,-1
-31.19393,138.85184,-1
-32.01381,140.20794,-1
-31.9447,140.10804,-1
-32.02855,140.11382,-1
-32.06263,140.6347,-1
-32.00324,140.0755,-1
-32.1128,140.30289,-1
-31.9447,140.10804,-1
-32.82852,136.11229,-1
-32.11602,139.92868,-1
-31.9447,140.10804,-1
-32.01894,140.05876,-1
-32.06263,140.6347,-1
-31.9447,140.10804,-1
-32.1128,140.30289,-1
-32.00324,140.0755,-1
-32.12865,140.00869,-1
-32.81282,136.03268,-1
-32.00324,140.0755,-1
-32.01894,140.05876,-1
-32.02855,140.11382,-1
-31.9447,140.10804,-1
-32.148,139.98404,-1
-32.00324,140.0755,-1
-32.01605,139.99695,-1
-32.01894,140.05876,-1
-32.00324,140.0755,-1
-32.67733,135.64294,-1
-31.93913,140.07646,-1
-31.9447,140.10804,-1
-32.00324,140.0755,-1
-32.81282,136.03268,-1
-32.67733,135.64294,-1
-31.93913,140.07646,-1
-32.00324,140.0755,-1
-31.3424,138.82226,-1
-31.93712,140.13697,-1
-32.00324,140.0755,-1
-31.9447,140.10804,-1
-32.04479,140.15779,-1
-31.92353,140.07315,-1
-31.93712,140.13697,-1
-32.00786,139.96369,-1
-31.93913,140.07646,-1
-31.93712,140.13697,-1
-32.00324,140.0755,-1
-31.9447,140.10804,-1
-32.01894,140.05876,-1
-31.92353,140.07315,-1
-31.93712,140.13697,-1
-32.03823,140.59436,-1
-31.90665,140.31037,-1
-31.93712,140.13697,-1
-32.148,139.98404,-1
-31.9447,140.10804,-1
-32.67827,135.66408,-1
-32.49122,135.57572,-1
-31.93712,140.13697,-1
-31.82945,140.58042,-1
-32.81282,136.03268,-1
-31.93712,140.13697,-1
-32.1128,140.30289,-1
-32.00324,140.0755,-1
-32.01381,140.20794,-1
-31.03837,138.60712,-1
-32.48805,135.5698,-1
-31.82945,140.58042,-1
-30.39353,139.24595,-1
-31.93712,140.13697,-1
-31.9447,140.10804,-1
-31.9447,140.10804,-1
-32.02855,140.11382,-1
-30.22218,139.21058,-1
-32.01894,140.05876,-1
-31.82945,140.58042,-1
-30.39353,139.24595,-1
-31.93712,140.13697,-1
-31.2403,138.86417,-1
-32.1128,140.30289,-1
-32.81282,136.03268,-1
-30.22218,139.21058,-1
-31.93913,140.07646,-1
-32.02252,140.23427,-1
-32.01381,140.20794,-1
-32.67827,135.66408,-1
-32.00324,140.0755,-1
-31.2403,138.86417,-1
-31.93913,140.07646,-1
-32.03823,140.59436,-1
-32.02855,140.11382,-1
-32.15513,135.81663,-1
-31.34566,138.80836,-1
-30.41324,139.42035,-1
-32.17792,135.84164,-1
-32.46093,135.98889,-1
-31.93913,140.07646,-1
-30.35525,139.22657,-1
-32.02855,140.11382,-1
-30.57151,139.03592,-1
-32.12672,139.96354,-1
-32.04479,140.15779,-1
-32.03469,139.94971,-1
-31.9149,140.11234,-1
-31.93913,140.07646,-1
-32.48895,135.55501,-1
-32.01894,140.05876,-1
-32.14408,135.82943,-1
-32.67733,135.64294,-1
-31.31846,138.63381,-1
-32.03469,139.94971,-1
-31.9447,140.10804,-1
-31.93712,140.13697,-1
-32.13008,139.9733,-1
-30.39353,139.24595,-1
-32.50044,135.53513,-1
-32.67733,135.64294,-1
-32.01381,140.20794,-1
-32.03469,139.94971,-1
-31.9447,140.10804,-1
-30.45591,139.28145,-1
-32.13008,139.9733,-1
-32.70857,135.68125,-1
-32.14232,140.30733,-1
-32.02855,140.11382,-1
-30.3808,139.28146,-1
-32.03469,139.94971,-1
-32.00324,140.0755,-1
-32.02855,140.11382,-1
-32.00192,140.19357,-1
-31.93913,140.07646,-1
-32.14232,140.30733,-1
-31.99835,139.89093,-1
-30.3808,139.28146,-1
-30.95174,137.19055,-1
-32.27012,139.878,-1
-30.41324,139.42035,-1
-32.27012,139.878,-1
-32.67789,135.51816,-1
-32.09605,140.29804,-1
-30.57164,139.1326,-1
-31.90647,140.08169,-1
-31.03837,138.60712,-1
-32.11954,139.94507,-1
-32.81282,136.03268,-1
-31.9447,140.10804,-1
-32.04479,140.15779,-1
-32.01605,139.99695,-1
-30.57164,139.1326,-1
-32.03605,140.60469,-1
-32.03469,139.94971,-1
-32.0239,140.00767,-1
-31.03068,138.59167,-1
-32.00324,140.0755,-1
-32.00192,140.19357,-1
-31.92353,140.07315,-1
-30.57164,139.1326,-1
-32.03605,140.60469,-1
-32.03469,139.94971,-1
-30.57164,139.1326,-1
-30.38333,139.25126,-1
-31.97766,140.40018,-1
-31.9149,140.11234,-1
-30.63466,139.21629,-1
-31.9447,140.10804,-1
-31.26462,138.62397,-1
-32.13008,139.9733,-1
-30.57164,139.1326,-1
-31.9447,140.10804,-1
-31.97766,140.40018,-1
-31.9149,140.11234,-1
-32.19341,139.88593,-1
-32.1128,140.30289,-1
-30.57776,139.18602,-1
-31.51449,138.89288,-1
-32.0239,140.00767,-1
-32.1128,140.30289,-1
-32.11954,139.94507,-1
-31.9149,140.11234,-1
-32.03469,139.94971,-1
-32.00324,140.0755,-1
-32.03605,140.60469,-1
-30.64348,139.38444,-1
-32.13683,140.23552,-1
-31.9447,140.10804,-1
-32.0239,140.00767,-1
-32.00192,140.19357,-1
-30.63466,139.21629,-1
-32.00324,140.0755,-1
-31.96441,140.24526,-1
-32.14408,135.82943,-1
-32.59668,135.7681,-1
-32.00324,140.0755,-1
-32.02252,140.23427,-1
-34.63642,139.3115,-1
-30.63466,139.21629,-1
-32.00324,140.0755,-1
-32.148,139.98404,-1
-32.09605,140.29804,-1
-30.4665,139.21277,-1
-31.9447,140.10804,-1
-30.57164,139.1326,-1
-32.00192,140.19357,-1
-32.43539,135.32482,-1
-31.9447,140.10804,-1
-32.148,139.98404,-1
-32.14408,135.82943,-1
-32.13683,140.23552,-1
-32.00324,140.0755,-1
-30.57164,139.1326,-1
-32.00192,140.19357,-1
-32.65246,135.47097,-1
-32.00324,140.0755,-1
-32.1128,140.30289,-1
-32.67733,135.64294,-1
-31.96045,139.90686,-1
-31.0924,138.79146,-1
-31.2878,138.82819,-1
-31.9149,140.11234,-1
-30.58998,139.19156,-1
-32.67733,135.64294,-1
-31.9447,140.10804,-1
-32.67733,135.64294,-1
-32.81282,136.03268,-1
-30.35993,139.25153,-1
-31.98898,140.07293,-1
-30.22218,139.21058,-1
-32.09605,140.29804,-1
-32.01605,139.99695,-1
-31.9447,140.10804,-1
-32.67733,135.64294,-1
-31.93913,140.07646,-1
-32.06263,140.6347,-1
-31.98898,140.07293,-1
-32.83359,136.21044,-1
-32.67733,135.64294,-1
-31.92353,140.07315,-1
-31.9447,140.10804,-1
-32.67733,135.64294,-1
-31.90647,140.08169,-1
-32.13683,140.23552,-1
-31.98898,140.07293,-1
-30.22218,139.21058,-1
-31.92353,140.07315,-1
-31.92353,140.07315,-1
-32.00324,140.0755,-1
-31.92353,140.07315,-1
-30.57776,139.18602,-1
-32.0239,140.00767,-1
-31.98898,140.07293,-1
-31.92353,140.07315,-1
-31.92353,140.07315,-1
-32.11726,139.93883,-1
-32.04479,140.15779,-1
-31.92353,140.07315,-1
-31.21037,138.8548,-1
-31.81458,140.5805,-1
-31.98898,140.07293,-1
-30.63466,139.21629,-1
-30.63466,139.21629,-1
-31.03837,138.60712,-1
-32.01894,140.05876,-1
-31.92353,140.07315,-1
-30.45673,139.23424,-1
-32.13683,140.23552,-1
-32.24841,139.89648,-1
-32.03469,139.94971,-1
-32.19341,139.88593,-1
-32.03469,139.94971,-1
-32.01894,140.05876,-1
-31.92353,140.07315,-1
-31.90647,140.08169,-1
-31.97766,140.40018,-1
-31.98898,140.07293,-1
-32.50044,135.53513,-1
-32.14232,140.30733,-1
-32.03469,139.94971,-1
-31.00529,138.52477,-1
-31.92353,140.07315,-1
-32.49693,136.01963,-1
-32.13683,140.23552,-1
-31.98898,140.07293,-1
-30.63466,139.21629,-1
-32.65246,135.47097,-1
-30.64348,139.38444,-1
-32.01381,140.20794,-1
-32.01605,139.99695,-1
-31.96441,140.24526,-1
-30.38333,139.25126,-1
-31.98898,140.07293,-1
-32.19341,139.88593,-1
-30.3808,139.28146,-1
-30.64348,139.38444,-1
-31.93712,140.13697,-1
-32.01605,139.99695,-1
-31.26462,138.62397,-1
-30.38333,139.25126,-1
-31.27987,138.78087,-1
-32.19341,139.88593,-1
-31.90647,140.08169,-1
-32.00786,139.96369,-1
-31.97766,140.40018,-1
-32.01605,139.99695,-1
-32.02424,140.42206,-1
-30.38333,139.25126,-1
-32.17449,135.82355,-1
-32.03469,139.94971,-1
-31.90647,140.08169,-1
-30.35525,139.22657,-1
-32.11954,139.94507,-1
-32.01605,139.99695,-1
-32.02424,140.42206,-1
-32.1087,140.70205,-1
-31.98898,140.07293,-1
-32.01605,139.99695,-1
-31.90647,140.08169,-1
-31.14556,138.84542,-1
-32.04479,140.15779,-1
-32.01605,139.99695,-1
-31.90647,140.08169,-1
-32.1087,140.70205,-1
-31.98898,140.07293,-1
-31.92353,140.07315,-1
-31.51755,138.83068,-1
-32.19341,139.88593,-1
-32.56119,135.29099,-1
-32.01605,139.99695,-1
-32.03605,140.60469,-1
-31.42752,138.70385,-1
-31.98898,140.07293,-1
-32.04057,140.01994,-1
-30.58998,139.19156,-1
-32.49122,135.57572,-1
-31.93913,140.07646,-1
-32.01605,139.99695,-1
-32.17293,135.80111,-1
-31.90647,140.08169,-1
-31.27987,138.78087,-1
-32.19341,139.88593,-1
-31.18784,138.80104,-1
-31.92353,140.07315,-1
-32.13683,140.23552,-1
-32.67733,135.64294,-1
-31.30834,138.79906,-1
-31.38071,138.57162,-1
-31.98898,140.07293,-1
-31.03837,138.60712,-1
-32.67733,135.64294,-1
-32.19341,139.88593,-1
-32.13683,140.23552,-1
-32.02252,140.23427,-1
-31.96441,140.24526,-1
-30.58998,139.19156,-1
-31.98898,140.07293,-1
-32.01605,139.99695,-1
-31.89739,140.30736,-1
-32.19341,139.88593,-1
-30.38333,139.25126,-1
-29.88487,133.61779,-1
-31.26462,138.62397,-1
-31.96441,140.24526,-1
-31.98898,140.07293,-1
-32.01605,139.99695,-1
-32.01605,139.99695,-1
-32.03605,140.60469,-1
-30.35993,139.25153,-1
-32.02252,140.23427,-1
-30.59135,139.03227,-1
-30.57776,139.18602,-1
-31.98898,140.07293,-1
-32.01605,139.99695,-1
-32.01605,139.99695,-1
-31.42752,138.70385,-1
-30.57164,139.1326,-1
-32.02252,140.23427,-1
-31.96441,140.24526,-1
-31.90647,140.08169,-1
-31.98898,140.07293,-1
-32.19341,139.88593,-1
-31.92353,140.07315,-1
-31.92353,140.07315,-1
-30.57164,139.1326,-1
-32.19341,139.88593,-1
-31.90647,140.08169,-1
-31.90647,140.08169,-1
-31.98898,140.07293,-1
-32.03469,139.94971,-1
-32.03469,139.94971,-1
-31.92353,140.07315,-1
-32.00192,140.19357,-1
-32.01616,139.89849,-1
-32.49693,136.01963,-1
-31.96441,140.24526,-1
-31.98898,140.07293,-1
-32.83857,136.00706,-1
-32.03469,139.94971,-1
-31.92353,140.07315,-1
-32.00192,140.19357,-1
-31.82945,140.58042,-1
-30.39353,139.24595,-1
-30.3808,139.28146,-1
-31.98898,140.07293,-1
-32.11726,139.93883,-1
-31.90647,140.08169,-1
-31.89739,140.30736,-1
-32.00192,140.19357,-1
-32.15064,140.26781,-1
-30.39353,139.24595,-1
-31.90647,140.08169,-1
-31.92278,140.13646,-1
-32.19341,139.88593,-1
-31.90647,140.08169,-1
-32.03469,139.94971,-1
-31.9149,140.11234,-1
-32.15064,140.26781,-1
-30.39353,139.24595,-1
-30.58998,139.19156,-1
-32.16814,135.71269,-1
-32.01605,139.99695,-1
-31.90647,140.08169,-1
-32.03469,139.94971,-1
-31.9149,140.11234,-1
-31.92278,140.13646,-1
-30.39353,139.24595,-1
-30.58998,139.19156,-1
-32.16814,135.71269,-1
-32.01605,139.99695,-1
-31.96441,140.24526,-1
-30.58998,139.19156,-1
-31.9149,140.11234,-1
-31.92278,140.13646,-1
-30.39353,139.24595,-1
-30.51293,138.91817,-1
-32.16814,135.71269,-1
-30.63466,139.21629,-1
-32.01894,140.05876,-1
-32.14232,140.30733,-1
-31.9149,140.11234,-1
-31.92278,140.13646,-1
-30.53948,139.3414,-1
-31.90647,140.08169,-1
-30.45673,139.23424,-1
-31.19221,138.62305,-1
-32.67827,135.66408,-1
-32.03469,139.94971,-1
-31.9149,140.11234,-1
-30.54907,139.269,-1
-32.02855,140.11382,-1
-31.27156,138.63179,-1
-32.16814,135.71269,-1
-32.19341,139.88593,-1
-30.41324,139.42035,-1
-31.92353,140.07315,-1
-32.27012,139.878,-1
-30.35993,139.25153,-1
-30.57692,139.01214,-1
-32.67733,135.64294,-1
-31.2403,138.86417,-1
-32.14232,140.30733,-1
-31.93913,140.07646,-1
-30.3808,139.28146,-1
-30.57164,139.1326,-1
-32.06263,140.6347,-1
-32.06263,140.6347,-1
-32.06263,140.6347,-1
-32.148,139.98404,-1
-32.14232,140.30733,-1
-31.93913,140.07646,-1
-32.17293,135.80111,-1
-30.53948,139.3414,-1
-32.06263,140.6347,-1
-31.94711,140.09851,-1
-32.06263,140.6347,-1
-31.9447,140.10804,-1
-32.03469,139.94971,-1
-32.67733,135.64294,-1
-32.67971,135.67585,-1
-32.03605,140.60469,-1
-31.21269,138.64617,-1
-31.94711,140.09851,-1
-32.16531,135.73148,-1
-32.1128,140.30289,-1
-32.03469,139.94971,-1
-31.14128,138.56072,-1
-30.38333,139.25126,-1
-32.02424,140.42206,-1
-31.98898,140.07293,-1
-31.94711,140.09851,-1
-32.24841,139.89648,-1
-32.81282,136.03268,-1
-32.01605,139.99695,-1
-31.19393,138.85184,-1
-30.38333,139.25126,-1
-32.02424,140.42206,-1
-31.98898,140.07293,-1
-32.67733,135.64294,-1
-32.16531,135.73148,-1
-32.81282,136.03268,-1
-31.92353,140.07315,-1
-32.02855,140.11382,-1
-32.15294,140.29065,-1
-32.03605,140.60469,-1
-30.22218,139.21058,-1
-32.01605,139.99695,-1
-31.21269,138.64617,-1
-30.39353,139.24595,-1
-31.92353,140.07315,-1
-32.67827,135.66408,-1
-31.16479,138.84889,-1
-31.18784,138.80104,-1
-30.35525,139.22657,-1
-31.92353,140.07315,-1
-31.98898,140.07293,-1
-31.93913,140.07646,-1
-32.16814,135.71269,-1
-32.04479,140.15779,-1
-31.90647,140.08169,-1
-31.90647,140.08169,-1
-32.15064,140.26781,-1
-31.92353,140.07315,-1
-31.98898,140.07293,-1
-31.93913,140.07646,-1
-31.9447,140.10804,-1
-32.02855,140.11382,-1
-31.90647,140.08169,-1
-30.31852,139.21714,-1
-31.92278,140.13646,-1
-31.92353,140.07315,-1
-31.98898,140.07293,-1
-31.93913,140.07646,-1
-31.9447,140.10804,-1
-32.67733,135.64294,-1
-31.90647,140.08169,-1
-30.57068,139.17858,-1
-31.98898,140.07293,-1
-30.57059,139.43805,-1
-31.98898,140.07293,-1
-32.04479,140.15779,-1
-31.9447,140.10804,-1
-32.00192,140.19357,-1
-31.90647,140.08169,-1
-31.26462,138.62397,-1
-31.98898,140.07293,-1
-32.15064,140.26781,-1
-32.16531,135.73148,-1
-32.01381,140.20794,-1
-32.00324,140.0755,-1
-32.00192,140.19357,-1
-31.90647,140.08169,-1
-32.13683,140.23552,-1
-31.98898,140.07293,-1
-30.55432,139.40243,-1
-31.98898,140.07293,-1
-32.81282,136.03268,-1
-32.00324,140.0755,-1
-29.87265,133.61603,-1
-31.96441,140.24526,-1
-32.02252,140.23427,-1
-31.98898,140.07293,-1
-32.15064,140.26781,-1
-31.98898,140.07293,-1
-31.93712,140.13697,-1
-32.1128,140.30289,-1
-32.81282,136.03268,-1
-32.01894,140.05876,-1
-30.58998,139.19156,-1
-31.97766,140.40018,-1
-30.24483,139.19729,-1
-30.45985,139.24518,-1
-32.04479,140.15779,-1
-32.148,139.98404,-1
-32.67733,135.64294,-1
-30.39353,139.24595,-1
-32.03913,140.0662,-1
-30.61951,139.32306,-1
-30.46789,139.26423,-1
-32.24841,139.89648,-1
-32.01894,140.05876,-1
-31.9447,140.10804,-1
-30.39353,139.24595,-1
-31.93913,140.07646,-1
-32.14408,135.82943,-1
-31.98898,140.07293,-1
-32.16814,135.71269,-1
-32.09605,140.29804,-1
-31.93913,140.07646,-1
-31.9447,140.10804,-1
-31.41377,138.70797,-1
-30.44786,139.23481,-1
-31.95932,140.21708,-1
-31.98898,140.07293,-1
-32.16814,135.71269,-1
-32.01605,139.99695,-1
-32.67827,135.66408,-1
-31.9447,140.10804,-1
-30.57776,139.18602,-1
-31.30057,138.63594,-1
-32.50044,135.53513,-1
-31.27987,138.78087,-1
-32.16814,135.71269,-1
-30.63466,139.21629,-1
-32.67733,135.64294,-1
-32.00324,140.0755,-1
-31.90647,140.08169,-1
-32.13683,140.23552,-1
-32.67733,135.64294,-1
-31.98898,140.07293,-1
-31.36477,138.76404,-1
-32.03469,139.94971,-1
-32.01381,140.20794,-1
-32.00324,140.0755,-1
-31.38071,138.57162,-1
-30.30449,139.22846,-1
-32.03469,139.94971,-1
-31.98898,140.07293,-1
-32.15064,140.26781,-1
-32.03469,139.94971,-1
-32.11602,139.92868,-1
-31.9447,140.10804,-1
-31.44214,138.71124,-1
-31.92278,140.13646,-1
-30.45591,139.28145,-1
-31.98898,140.07293,-1
-31.92278,140.13646,-1
-32.03469,139.94971,-1
-31.93712,140.13697,-1
-31.9447,140.10804,-1
-30.58998,139.19156,-1
-31.36477,138.76404,-1
-31.92278,140.13646,-1
-31.98898,140.07293,-1
-32.74946,135.92873,-1
-32.03469,139.94971,-1
-31.93712,140.13697,-1
-31.9447,140.10804,-1
-31.96441,140.24526,-1
-31.92278,140.13646,-1
-32.15513,135.81663,-1
-31.98898,140.07293,-1
-31.98898,140.07293,-1
-32.03469,139.94971,-1
-32.67733,135.64294,-1
-31.24898,137.4782,-1
-31.26462,138.62397,-1
-32.16814,135.71269,-1
-32.15064,140.26781,-1
-31.98898,140.07293,-1
-31.98898,140.07293,-1
-31.43901,138.72753,-1
-32.13683,140.23552,-1
-31.9447,140.10804,-1
-32.67789,135.51816,-1
-30.30449,139.22846,-1
-31.92278,140.13646,-1
-31.98898,140.07293,-1
-31.98898,140.07293,-1
-31.30057,138.63594,-1
-32.01616,139.89849,-1
-32.00324,140.0755,-1
-31.90647,140.08169,-1
-32.15513,135.81663,-1
-32.74946,135.92873,-1
-31.98898,140.07293,-1
-31.98898,140.07293,-1
-31.98898,140.07293,-1
-32.01605,139.99695,-1
-32.1128,140.30289,-1
-31.18784,138.80104,-1
-32.02252,140.23427,-1
-31.23856,137.49565,-1
-31.98898,140.07293,-1
-31.98898,140.07293,-1
-31.98898,140.07293,-1
-31.92353,140.07315,-1
-32.1128,140.30289,-1
-31.94711,140.09851,-1
-31.92278,140.13646,-1
-32.12089,139.95696,-1
-31.98898,140.07293,-1
-31.27987,138.78087,-1
-32.07214,140.36635,-1
-32.11803,139.90748,-1
-32.15064,140.26781,-1
-32.24841,139.89648,-1
-32.07214,140.36635,-1
-31.92278,140.13646,-1
-31.98898,140.07293,-1
-31.98417,140.20935,-1
-31.98898,140.07293,-1
-32.01605,139.99695,-1
-30.35525,139.22657,-1
-31.94711,140.09851,-1
-32.15064,140.26781,-1
-31.82945,140.58042,-1
-31.98898,140.07293,-1
-31.98417,140.20935,-1
-31.98898,140.07293,-1
-32.01605,139.99695,-1
-32.16814,135.71269,-1
-32.148,139.98404,-1
-30.57164,139.1326,-1
-32.15064,140.26781,-1
-31.98898,140.07293,-1
-31.98417,140.20935,-1
-31.98898,140.07293,-1
-32.01605,139.99695,-1
-31.82945,140.58042,-1
-32.11954,139.94507,-1
-31.0924,138.79146,-1
-31.92278,140.13646,-1
-31.21269,138.64617,-1
-32.00192,140.19357,-1
-31.98898,140.07293,-1
-31.92353,140.07315,-1
-32.15064,140.26781,-1
-32.06263,140.6347,-1
-31.97766,140.40018,-1
-32.50044,135.53513,-1
-31.98898,140.07293,-1
-32.00192,140.19357,-1
-31.98898,140.07293,-1
-31.92353,140.07315,-1
-31.14556,138.84542,-1
-32.06263,140.6347,-1
-31.97766,140.40018,-1
-32.03469,139.94971,-1
-30.35525,139.22657,-1
-32.00192,140.19357,-1
-31.98898,140.07293,-1
-31.92353,140.07315,-1
-31.98898,140.07293,-1
-30.63466,139.21629,-1
-30.57164,139.1326,-1
-32.03469,139.94971,-1
-30.53948,139.3414,-1
-31.9149,140.11234,-1
-31.27987,138.78087,-1
-32.04416,140.15145,-1
-31.98898,140.07293,-1
-31.19221,138.62305,-1
-32.00192,140.19357,-1
-32.11803,139.90748,-1
-31.97766,140.40018,-1
-31.9149,140.11234,-1
-32.17449,135.82355,-1
-32.04057,140.01994,-1
-31.98898,140.07293,-1
-31.19221,138.62305,-1
-32.00192,140.19357,-1
-33.58126,141.00253,-1
-31.97766,140.40018,-1
-32.00192,140.19357,-1
-31.98898,140.07293,-1
-32.11726,139.93883,-1
-31.98898,140.07293,-1
-31.19221,138.62305,-1
-30.57692,139.01214,-1
-30.64348,139.38444,-1
-31.97766,140.40018,-1
-31.9149,140.11234,-1
-31.98898,140.07293,-1
-32.19341,139.88593,-1
-31.98898,140.07293,-1
-31.19221,138.62305,-1
-31.81458,140.5805,-1
-32.13683,140.23552,-1
-30.53948,139.3414,-1
-31.98898,140.07293,-1
-30.45673,139.23424,-1
-31.50403,138.79393,-1
-31.94711,140.09851,-1
-30.45673,139.23424,-1
-32.97823,138.53145,-1
-31.30057,138.63594,-1
-32.00192,140.19357,-1
-31.98898,140.07293,-1
-32.16814,135.71269,-1
-32.14408,135.82943,-1
-31.98898,140.07293,-1
-32.16814,135.71269,-1
-31.9149,140.11234,-1
-32.02252,140.23427,-1
-32.00192,140.19357,-1
-31.98898,140.07293,-1
-31.97766,140.40018,-1
-32.01605,139.99695,-1
-31.98898,140.07293,-1
-32.16814,135.71269,-1
-31.9149,140.11234,-1
-32.13683,140.23552,-1
-32.00192,140.19357,-1
-31.90647,140.08169,-1
-32.11954,139.94507,-1
-32.01605,139.99695,-1
-31.98898,140.07293,-1
-30.45673,139.23424,-1
-31.9149,140.11234,-1
-32.45419,135.99921,-1
-32.27012,139.878,-1
-31.90647,140.08169,-1
-30.3808,139.28146,-1
-32.01605,139.99695,-1
-31.98898,140.07293,-1
-30.30449,139.22846,-1
-31.9149,140.11234,-1
-30.22218,139.21058,-1
-30.38333,139.25126,-1
-31.30057,138.63594,-1
-31.90647,140.08169,-1
-32.15513,135.81663,-1
-32.04479,140.15779,-1
-31.92278,140.13646,-1
-31.14556,138.84542,-1
-30.35525,139.22657,-1
-32.13683,140.23552,-1
-30.35525,139.22657,-1
-31.90647,140.08169,-1
-31.92278,140.13646,-1
-31.93712,140.13697,-1
-31.92278,140.13646,-1
-32.14408,135.82943,-1
-32.24841,139.89648,-1
-32.59668,135.7681,-1
-31.51449,138.89288,-1
-31.90647,140.08169,-1
-32.15064,140.26781,-1
-32.02424,140.42206,-1
-31.92278,140.13646,-1
-32.14408,135.82943,-1
-32.16531,135.73148,-1
-30.45143,138.8171,-1
-32.81282,136.03268,-1
-30.59135,139.03227,-1
-31.92278,140.13646,-1
-32.02424,140.42206,-1
-32.74946,135.92873,-1
-32.01605,139.99695,-1
-31.94711,140.09851,-1
-32.02424,140.42206,-1
-32.67997,135.53375,-1
-32.13803,140.01077,-1
-31.92278,140.13646,-1
-32.03605,140.60469,-1
-31.11052,138.83013,-1
-32.01605,139.99695,-1
-30.35525,139.22657,-1
-31.90647,140.08169,-1
-32.67733,135.64294,-1
-32.13803,140.01077,-1
-30.35993,139.25153,-1
-31.90647,140.08169,-1
-30.30449,139.22846,-1
-32.01605,139.99695,-1
-32.01605,139.99695,-1
-32.83857,136.00706,-1
-32.67733,135.64294,-1
-30.3808,139.28146,-1
-32.49693,136.01963,-1
-31.90647,140.08169,-1
-30.30449,139.22846,-1
-32.01605,139.99695,-1
-31.92353,140.07315,-1
-31.03837,138.60712,-1
-32.67733,135.64294,-1
-32.00192,140.19357,-1
-31.96441,140.24526,-1
-30.44786,139.23481,-1
-31.11052,138.83013,-1
-31.92353,140.07315,-1
-30.63466,139.21629,-1
-32.03469,139.94971,-1
-31.3424,138.82226,-1
-32.00192,140.19357,-1
-32.03605,140.60469,-1
-30.57776,139.18602,-1
-31.30057,138.63594,-1
-31.92353,140.07315,-1
-32.04057,140.01994,-1
-30.3808,139.28146,-1
-31.90665,140.31037,-1
-31.9149,140.11234,-1
-32.03605,140.60469,-1
-32.03605,140.60469,-1
-30.31526,139.22839,-1
-31.92353,140.07315,-1
-30.63466,139.21629,-1
-31.95932,140.21708,-1
-31.93712,140.13697,-1
-31.9149,140.11234,-1
-32.17293,135.80111,-1
-30.58998,139.19156,-1
-30.31526,139.22839,-1
-31.92353,140.07315,-1
-30.63466,139.21629,-1
-31.89739,140.30736,-1
-31.34566,138.80836,-1
-31.9149,140.11234,-1
-32.19341,139.88593,-1
-32.02424,140.42206,-1
-31.42277,138.71693,-1
-31.92353,140.07315,-1
-32.14232,140.30733,-1
-30.63065,139.20097,-1
-31.90665,140.31037,-1
-31.9149,140.11234,-1
-32.02365,140.58502,-1
-32.02424,140.42206,-1
-31.92278,140.13646,-1
-32.04416,140.15145,-1
-32.03469,139.94971,-1
-30.45673,139.23424,-1
-31.90647,140.08169,-1
-31.9149,140.11234,-1
-31.51368,138.84579,-1
-32.02424,140.42206,-1
-31.32741,138.62961,-1
-32.16774,135.74962,-1
-32.16814,135.71269,-1
-30.45673,139.23424,-1
-31.90647,140.08169,-1
-31.9149,140.11234,-1
-31.32741,138.62961,-1
-30.3808,139.28146,-1
-32.02424,140.42206,-1
-32.03469,139.94971,-1
-32.16814,135.71269,-1
-32.14232,140.30733,-1
-32.51501,136.01992,-1
-31.9149,140.11234,-1
-32.03469,139.94971,-1
-30.3808,139.28146,-1
-31.90647,140.08169,-1
-30.3808,139.28146,-1
-31.92353,140.07315,-1
-32.14232,140.30733,-1
-31.96441,140.24526,-1
-32.13683,140.23552,-1
-32.67733,135.64294,-1
-30.57776,139.18602,-1
-32.15064,140.26781,-1
-31.90647,140.08169,-1
-31.92353,140.07315,-1
-32.14232,140.30733,-1
-32.67827,135.66408,-1
-32.13683,140.23552,-1
-30.63466,139.21629,-1
-31.96441,140.24526,-1
-31.98898,140.07293,-1
-31.90647,140.08169,-1
-31.98417,140.20935,-1
-32.03469,139.94971,-1
-32.04479,140.15779,-1
-32.54089,135.50708,-1
-32.67971,135.67585,-1
-30.57068,139.17858,-1
-31.98898,140.07293,-1
-31.26462,138.62397,-1
-30.62817,139.28099,-1
-30.63466,139.21629,-1
-31.93913,140.07646,-1
-32.54089,135.50708,-1
-31.16588,138.58662,-1
-30.57068,139.17858,-1
-31.98898,140.07293,-1
-31.51755,138.83068,-1
-32.24841,139.89648,-1
-30.63466,139.21629,-1
-32.11602,139.92868,-1
-32.13008,139.9733,-1
-32.03469,139.94971,-1
-32.13803,140.01077,-1
-31.98898,140.07293,-1
-32.13683,140.23552,-1
-31.98898,140.07293,-1
-31.95932,140.21708,-1
-32.02424,140.42206,-1
-31.51449,138.89288,-1
-32.67733,135.64294,-1
-30.3808,139.28146,-1
-30.35654,139.24176,-1
-32.13683,140.23552,-1
-31.98898,140.07293,-1
-32.02424,140.42206,-1
-31.90647,140.08169,-1
-31.17699,138.79607,-1
-32.01605,139.99695,-1
-31.90647,140.08169,-1
-32.13683,140.23552,-1
-30.51293,138.91817,-1
-31.98898,140.07293,-1
-31.18784,138.80104,-1
-30.31852,139.21714,-1
-32.67827,135.66408,-1
-32.01605,139.99695,-1
-30.35993,139.25153,-1
-32.59668,135.7681,-1
-31.42752,138.70385,-1
-31.98898,140.07293,-1
-31.30834,138.79906,-1
-31.93712,140.13697,-1
-32.56119,135.29099,-1
-31.92353,140.07315,-1
-32.1087,140.70205,-1
-31.9149,140.11234,-1
-31.32056,138.708,-1
-31.98898,140.07293,-1
-30.62952,139.32193,-1
-31.93712,140.13697,-1
-32.67733,135.64294,-1
-31.92353,140.07315,-1
-30.45985,139.24518,-1
-30.57164,139.1326,-1
-32.13683,140.23552,-1
-31.98898,140.07293,-1
-32.02424,140.42206,-1
-32.83359,136.21044,-1
-31.30057,138.63594,-1
-32.03469,139.94971,-1
-32.13683,140.23552,-1
-32.03913,140.0662,-1
-32.06263,140.6347,-1
-31.98898,140.07293,-1
-30.3808,139.28146,-1
-31.89739,140.30736,-1
-31.93712,140.13697,-1
-32.16814,135.71269,-1
-32.15372,140.2553,-1
-31.98898,140.07293,-1
-31.98898,140.07293,-1
-31.98898,140.07293,-1
-31.96441,140.24526,-1
-31.98417,140.20935,-1
-32.00192,140.19357,-1
-30.57059,139.43805,-1
-30.32705,138.71155,-1
-31.98898,140.07293,-1
-31.98898,140.07293,-1
-31.98898,140.07293,-1
-32.17293,135.80111,-1
-31.98417,140.20935,-1
-32.02252,140.23427,-1
-30.38333,139.25126,-1
-30.38333,139.25126,-1
-31.98898,140.07293,-1
-31.98898,140.07293,-1
-31.98898,140.07293,-1
-32.02424,140.42206,-1
-32.14232,140.30733,-1
-32.01605,139.99695,-1
-32.02424,140.42206,-1
-30.57164,139.1326,-1
-31.98898,140.07293,-1
-31.98898,140.07293,-1
-31.98898,140.07293,-1
-31.90647,140.08169,-1
-30.63466,139.21629,-1
-32.01605,139.99695,-1
-31.90647,140.08169,-1
-31.97766,140.40018,-1
-31.98898,140.07293,-1
-31.98898,140.07293,-1
-31.98898,140.07293,-1
-31.90647,140.08169,-1
-32.03469,139.94971,-1
-32.01605,139.99695,-1
-32.49693,136.01963,-1
-31.98417,140.20935,-1
-31.98898,140.07293,-1
-31.98898,140.07293,-1
-31.98898,140.07293,-1
-32.59008,135.77629,-1
-31.19221,138.62305,-1
-31.92353,140.07315,-1
-31.96441,140.24526,-1
-31.98417,140.20935,-1
-31.98898,140.07293,-1
-31.98898,140.07293,-1
-31.98898,140.07293,-1
-31.90647,140.08169,-1
-32.03469,139.94971,-1
-32.14232,140.30733,-1
-32.02424,140.42206,-1
-32.13683,140.23552,-1
-31.98898,140.07293,-1
-31.98898,140.07293,-1
-31.98898,140.07293,-1
-32.01381,140.20794,-1
-32.03469,139.94971,-1
-31.32741,138.62961,-1
-32.02424,140.42206,-1
-32.13683,140.23552,-1
-31.98898,140.07293,-1
-31.98898,140.07293,-1
-31.98898,140.07293,-1
-31.93913,140.07646,-1
-32.03469,139.94971,-1
-31.92353,140.07315,-1
-31.90647,140.08169,-1
-31.97779,139.8942,-1
-31.98898,140.07293,-1
-31.98898,140.07293,-1
-32.59668,135.7681,-1
-31.19393,138.85184,-1
-32.67733,135.64294,-1
-30.45673,139.23424,-1
-32.13803,140.01077,-1
-32.64445,135.46244,-1
-31.98898,140.07293,-1
-31.98898,140.07293,-1
-32.14408,135.82943,-1
-32.16814,135.71269,-1
-32.11803,139.90748,-1
-30.45673,139.23424,-1
-31.90647,140.08169,-1
-30.63853,139.41151,-1
-31.98898,140.07293,-1
-31.98898,140.07293,-1
-32.01605,139.99695,-1
-30.57059,139.43805,-1
-32.14408,135.82943,-1
-31.92353,140.07315,-1
-31.51755,138.83068,-1
-30.60062,139.09646,-1
-31.98898,140.07293,-1
-31.98898,140.07293,-1
-31.92353,140.07315,-1
-30.57059,139.43805,-1
-32.01605,139.99695,-1
-31.92353,140.07315,-1
-31.90647,140.08169,-1
-32.19341,139.88593,-1
-31.98898,140.07293,-1
-31.98898,140.07293,-1
-31.92353,140.07315,-1
-30.57059,139.43805,-1
-30.63466,139.21629,-1
-31.14556,138.84542,-1
-31.30834,138.79906,-1
-31.30057,138.63594,-1
-31.98898,140.07293,-1
-31.97766,140.40018,-1
-31.92353,140.07315,-1
-32.16814,135.71269,-1
-30.63466,139.21629,-1
-32.14408,135.82943,-1
-30.58998,139.19156,-1
-31.93712,140.13697,-1
-31.98898,140.07293,-1
-32.17449,135.82355,-1
-31.92353,140.07315,-1
-30.63466,139.21629,-1
-32.19341,139.88593,-1
-32.01605,139.99695,-1
-30.58998,139.19156,-1
-31.93712,140.13697,-1
-31.27987,138.78087,-1
-32.16814,135.71269,-1
-31.92353,140.07315,-1
-32.02365,140.58502,-1
-31.32741,138.62961,-1
-32.01605,139.99695,-1
-30.57776,139.18602,-1
-31.92278,140.13646,-1
-32.00192,140.19357,-1
-30.45673,139.23424,-1
-31.92353,140.07315,-1
-31.51368,138.84579,-1
-32.67733,135.64294,-1
-32.16774,135.74962,-1
-32.03605,140.60469,-1
-31.92278,140.13646,-1
-31.9149,140.11234,-1
-30.57059,139.43805,-1
-31.92353,140.07315,-1
-32.49122,135.57572,-1
-32.01605,139.99695,-1
-32.02365,140.58502,-1
-31.9447,140.10804,-1
-31.92278,140.13646,-1
-32.00192,140.19357,-1
-30.57059,139.43805,-1
-31.92353,140.07315,-1
-32.49122,135.57572,-1
-31.92353,140.07315,-1
-30.22218,139.21058,-1
-32.1128,140.30289,-1
-31.78477,140.57344,-1
-32.00192,140.19357,-1
-32.59668,135.7681,-1
-32.15064,140.26781,-1
-31.95551,140.27603,-1
-31.92353,140.07315,-1
-32.00786,139.96369,-1
-32.1128,140.30289,-1
-32.04479,140.15779,-1
-32.00192,140.19357,-1
-31.98898,140.07293,-1
-30.34201,134.81603,-1
-32.67971,135.67585,-1
-31.14556,138.84542,-1
-30.35525,139.22657,-1
-31.9447,140.10804,-1
-32.19341,139.88593,-1
-30.57164,139.1326,-1
-31.98898,140.07293,-1
-31.92278,140.13646,-1
-31.27156,138.63179,-1
-32.01605,139.99695,-1
-30.35525,139.22657,-1
-31.43901,138.72753,-1
-30.58023,139.44017,-1
-31.9149,140.11234,-1
-31.98898,140.07293,-1
-32.16814,135.71269,-1
-32.67733,135.64294,-1
-32.01605,139.99695,-1
-32.07214,140.36635,-1
-30.40166,138.7784,-1
-31.94242,140.14959,-1
-31.9149,140.11234,-1
-31.98898,140.07293,-1
-30.57059,139.43805,-1
-32.03469,139.94971,-1
-32.01605,139.99695,-1
-31.82945,140.58042,-1
-32.06263,140.6347,-1
-31.92278,140.13646,-1
-32.15064,140.26781,-1
-31.98898,140.07293,-1
-32.13683,140.23552,-1
-31.90647,140.08169,-1
-32.01605,139.99695,-1
-32.07214,140.36635,-1
-32.13683,140.23552,-1
-31.92278,140.13646,-1
-32.15064,140.26781,-1
-31.98898,140.07293,-1
-31.21269,138.64617,-1
-31.51755,138.83068,-1
-32.01605,139.99695,-1
-32.15513,135.81663,-1
-32.13683,140.23552,-1
-30.22085,139.17947,-1
-32.03469,139.94971,-1
-31.98898,140.07293,-1
-31.98898,140.07293,-1
-31.96441,140.24526,-1
-31.92353,140.07315,-1
-32.74946,135.92873,-1
-32.00192,140.19357,-1
-31.30592,138.81767,-1
-32.04769,140.61185,-1
-31.97766,140.40018,-1
-31.98898,140.07293,-1
-32.19341,139.88593,-1
-31.92353,140.07315,-1
-32.15064,140.26781,-1
-32.51847,140.60091,-1
-32.13683,140.23552,-1
-32.09853,140.28086,-1
-32.11954,139.94507,-1
-31.98898,140.07293,-1
-32.19341,139.88593,-1
-32.04416,140.15145,-1
-30.62817,139.28099,-1
-32.02855,140.11382,-1
-31.31553,138.71753,-1
-30.62952,139.32193,-1
-32.16531,135.73148,-1
-31.98898,140.07293,-1
-32.8296,136.01562,-1
-32.02424,140.42206,-1
-31.9447,140.10804,-1
-30.35654,139.24176,-1
-32.83359,136.21044,-1
-32.02252,140.23427,-1
-31.98898,140.07293,-1
-31.27987,138.78087,-1
-32.00192,140.19357,-1
-32.02424,140.42206,-1
-31.9447,140.10804,-1
-32.24841,139.89648,-1
-31.99557,139.96871,-1
-32.02252,140.23427,-1
-31.98898,140.07293,-1
-32.17449,135.82355,-1
-32.00192,140.19357,-1
-32.16814,135.71269,-1
-32.26049,139.89231,-1
-30.35654,139.24176,-1
-32.23913,139.88736,-1
-32.02252,140.23427,-1
-31.98898,140.07293,-1
-32.17449,135.82355,-1
-31.9149,140.11234,-1
-31.20863,138.80343,-1
-31.9447,140.10804,-1
-30.58935,139.44188,-1
-30.25301,139.14025,-1
-32.13008,139.9733,-1
-31.98898,140.07293,-1
-32.17449,135.82355,-1
-31.9149,140.11234,-1
-31.14556,138.84542,-1
-31.9447,140.10804,-1
-32.16531,135.73148,-1
-32.12212,140.24163,-1
-31.51449,138.89288,-1
-31.98898,140.07293,-1
-31.81458,140.5805,-1
-31.9149,140.11234,-1
-31.95932,140.21708,-1
-31.89132,140.10697,-1
-31.94711,140.09851,-1
-32.67827,135.66408,-1
-31.51449,138.89288,-1
-31.98898,140.07293,-1
-32.00192,140.19357,-1
-31.9149,140.11234,-1
-31.97766,140.40018,-1
-32.23913,139.88736,-1
-31.94711,140.09851,-1
-31.89132,140.10697,-1
-31.14556,138.84542,-1
-31.98898,140.07293,-1
-32.00192,140.19357,-1
-31.9149,140.11234,-1
-32.01894,140.05876,-1
-31.89132,140.10697,-1
-32.15064,140.26781,-1
-31.89132,140.10697,-1
-32.11803,139.90748,-1
-31.98898,140.07293,-1
-32.00192,140.19357,-1
-32.03823,140.59436,-1
-32.01894,140.05876,-1
-31.89132,140.10697,-1
-32.24841,139.89648,-1
-31.89132,140.10697,-1
-32.04416,140.15145,-1
-31.9149,140.11234,-1
-32.00192,140.19357,-1
-30.35525,139.22657,-1
-32.17449,135.82355,-1
-31.89132,140.10697,-1
-32.00192,140.19357,-1
-32.08415,140.66861,-1
-32.11726,139.93883,-1
-31.9149,140.11234,-1
-32.01605,139.99695,-1
-32.16814,135.71269,-1
-32.01894,140.05876,-1
-31.89132,140.10697,-1
-31.9149,140.11234,-1
-32.67889,135.79029,-1
-32.19341,139.88593,-1
-30.22218,139.21058,-1
-32.01605,139.99695,-1
-32.16814,135.71269,-1
-32.81282,136.03268,-1
-32.23913,139.88736,-1
-31.9149,140.11234,-1
-32.04769,140.61185,-1
-32.14232,140.30733,-1
-32.83359,136.21044,-1
-32.01605,139.99695,-1
-30.31526,139.22839,-1
-31.97766,140.40018,-1
-30.43271,139.24936,-1
-31.9149,140.11234,-1
-31.19041,138.60693,-1
-30.6284,139.26987,-1
-32.11636,139.9174,-1
-32.01605,139.99695,-1
-32.02855,140.11382,-1
-31.97766,140.40018,-1
-32.12212,140.24163,-1
-31.9149,140.11234,-1
-32.47729,136.01967,-1
-32.82852,136.11229,-1
-31.9447,140.10804,-1
-32.04416,140.15145,-1
-32.02855,140.11382,-1
-31.51755,138.83068,-1
-31.28848,138.79781,-1
-31.9149,140.11234,-1
-31.97043,140.07294,-1
-31.93712,140.13697,-1
-31.9447,140.10804,-1
-32.11726,139.93883,-1
-31.93913,140.07646,-1
-30.57776,139.18602,-1
-31.89132,140.10697,-1
-31.9149,140.11234,-1
-32.01766,140.10333,-1
-32.12865,140.00869,-1
-31.9447,140.10804,-1
-32.03469,139.94971,-1
-31.93913,140.07646,-1
-31.96441,140.24526,-1
-31.19221,138.62305,-1
-31.9149,140.11234,-1
-32.66057,135.64662,-1
-32.01605,139.99695,-1
-32.26049,139.89231,-1
-32.03469,139.94971,-1
-31.93712,140.13697,-1
-31.97766,140.40018,-1
-31.92353,140.07315,-1
-31.9149,140.11234,-1
-31.97043,140.07294,-1
-32.01605,139.99695,-1
-32.26049,139.89231,-1
-32.54089,135.50708,-1
-31.93712,140.13697,-1
-32.67997,135.53375,-1
-30.60062,139.09646,-1
-31.9149,140.11234,-1
-31.99233,139.97452,-1
-32.01605,139.99695,-1
-32.0239,140.00767,-1
-31.98417,140.20935,-1
-31.93712,140.13697,-1
-31.96441,140.24526,-1
-31.41843,138.69938,-1
-30.62817,139.28099,-1
-32.01617,139.96597,-1
-32.01605,139.99695,-1
-31.9447,140.10804,-1
-31.98417,140.20935,-1
-31.21037,138.8548,-1
-31.96441,140.24526,-1
-30.39353,139.24595,-1
-32.13008,139.9733,-1
-31.97043,140.07294,-1
-32.04057,140.01994,-1
-34.4048,139.51919,-1
-31.98417,140.20935,-1
-31.3424,138.82226,-1
-31.97043,140.07294,-1
-30.60685,139.44425,-1
-32.23913,139.88736,-1
-31.97043,140.07294,-1
-31.93712,140.13697,-1
-32.0239,140.00767,-1
-32.24841,139.89648,-1
-32.81282,136.03268,-1
-31.97043,140.07294,-1
-31.97043,140.07294,-1
-32.67827,135.66408,-1
-32.12672,139.96354,-1
-31.93712,140.13697,-1
-31.78477,140.57344,-1
-32.24841,139.89648,-1
-32.81282,136.03268,-1
-32.74946,135.92873,-1
-31.97043,140.07294,-1
-32.12212,140.24163,-1
-31.97043,140.07294,-1
-31.93712,140.13697,-1
-31.9447,140.10804,-1
-32.09853,140.28086,-1
-32.67997,135.53375,-1
-32.49493,135.54825,-1
-31.97043,140.07294,-1
-32.67889,135.79029,-1
-31.97043,140.07294,-1
-30.64348,139.38444,-1
-31.04782,138.61643,-1
-32.09853,140.28086,-1
-31.93913,140.07646,-1
-32.15513,135.81663,-1
-31.97043,140.07294,-1
-32.67827,135.66408,-1
-32.01766,140.10333,-1
-30.57059,139.43805,-1
-31.9447,140.10804,-1
-31.92353,140.07315,-1
-31.93913,140.07646,-1
-32.49493,135.54825,-1
-31.97043,140.07294,-1
-32.67889,135.79029,-1
-32.12672,139.96354,-1
-30.57059,139.43805,-1
-32.67827,135.66408,-1
-32.03469,139.94971,-1
-32.16779,140.04031,-1
-30.35525,139.22657,-1
-31.99233,139.97452,-1
-30.25301,139.14025,-1
-32.01617,139.96597,-1
-30.63466,139.21629,-1
-32.64445,135.46244,-1
-32.03469,139.94971,-1
-31.93913,140.07646,-1
-32.1128,140.30289,-1
-30.4432,138.78801,-1
-32.67827,135.66408,-1
-31.97043,140.07294,-1
-30.63466,139.21629,-1
-31.20211,138.64023,-1
-31.89132,140.10697,-1
-32.67827,135.66408,-1
-32.1128,140.30289,-1
-34.33002,139.48575,-1
-31.89132,140.10697,-1
-31.97043,140.07294,-1
-30.35525,139.22657,-1
-31.45248,138.88758,-1
-32.12212,140.24163,-1
-32.04479,140.15779,-1
-32.01605,139.99695,-1
-31.98898,140.07293,-1
-31.20211,138.64023,-1
-31.99233,139.97452,-1
-32.01605,139.99695,-1
-32.64445,135.46244,-1
-31.7687,140.57335,-1
-31.93913,140.07646,-1
-30.30096,134.74221,-1
-31.98898,140.07293,-1
-31.89132,140.10697,-1
-31.99233,139.97452,-1
-32.01605,139.99695,-1
-32.67889,135.79029,-1
-31.02147,138.57068,-1
-31.93913,140.07646,-1
-32.01605,139.99695,-1
-31.98898,140.07293,-1
-31.89132,140.10697,-1
-31.9447,140.10804,-1
-32.01605,139.99695,-1
-31.89132,140.10697,-1
-31.7687,140.57335,-1
-31.16712,138.6515,-1
-32.01605,139.99695,-1
-31.90647,140.08169,-1
-31.10191,138.8227,-1
-32.26049,139.89231,-1
-32.01605,139.99695,-1
-31.89132,140.10697,-1
-30.43271,139.24936,-1
-32.01894,140.05876,-1
-31.14556,138.84542,-1
-30.57507,139.03971,-1
-32.17673,140.04821,-1
-31.9447,140.10804,-1
-32.01605,139.99695,-1
-31.89132,140.10697,-1
-31.7602,140.58125,-1
-32.01381,140.20794,-1
-31.14556,138.84542,-1
-30.57507,139.03971,-1
-32.17673,140.04821,-1
-31.9447,140.10804,-1
-32.11602,139.92868,-1
-31.89132,140.10697,-1
-31.7602,140.58125,-1
-32.02855,140.11382,-1
-32.01605,139.99695,-1
-31.95822,140.24853,-1
-31.98898,140.07293,-1
-31.9447,140.10804,-1
-31.14556,138.84542,-1
-30.55796,139.4122,-1
-31.92353,140.07315,-1
-32.02855,140.11382,-1
-32.01605,139.99695,-1
-31.95822,140.24853,-1
-31.98898,140.07293,-1
-31.93712,140.13697,-1
-31.14556,138.84542,-1
-32.03469,139.94971,-1
-31.92353,140.07315,-1
-32.81282,136.03268,-1
-32.00324,140.0755,-1
-31.98898,140.07293,-1
-31.98898,140.07293,-1
-31.22272,138.85166,-1
-32.01605,139.99695,-1
-31.31553,138.71747,-1
-32.64445,135.46244,-1
-32.04479,140.15779,-1
-32.00324,140.0755,-1
-31.98898,140.07293,-1
-31.98898,140.07293,-1
-32.19341,139.88593,-1
-31.22352,138.81034,-1
-31.97043,140.07294,-1
-31.20211,138.64023,-1
-32.01381,140.20794,-1
-32.00324,140.0755,-1
-31.90647,140.08169,-1
-31.98898,140.07293,-1
-31.30592,138.81767,-1
-32.01894,140.05876,-1
-31.97043,140.07294,-1
-31.20211,138.64023,-1
-30.57164,139.1326,-1
-32.00324,140.0755,-1
-31.98898,140.07293,-1
-31.98898,140.07293,-1
-31.26462,138.62397,-1
-32.01894,140.05876,-1
-31.97043,140.07294,-1
-31.89132,140.10697,-1
-30.57164,139.1326,-1
-32.00324,140.0755,-1
-31.98898,140.07293,-1
-31.98898,140.07293,-1
-32.19341,139.88593,-1
-30.57692,139.01214,-1
-31.97043,140.07294,-1
-32.67827,135.66408,-1
-32.0239,140.00767,-1
-32.00324,140.0755,-1
-31.98898,140.07293,-1
-31.90647,140.08169,-1
-31.95822,140.24853,-1
-33.41582,137.92312,-1
-31.99233,139.97452,-1
-31.7602,140.58125,-1
-32.04479,140.15779,-1
-31.93712,140.13697,-1
-31.98898,140.07293,-1
-31.90647,140.08169,-1
-32.07696,140.64811,-1
-31.21269,138.64617,-1
-30.37351,139.25568,-1
-31.7602,140.58125,-1
-31.98417,140.20935,-1
-31.93712,140.13697,-1
-31.90647,140.08169,-1
-30.63132,139.24215,-1
-32.49122,135.57572,-1
-30.44786,139.23481,-1
-30.47347,138.83221,-1
-32.24841,139.89648,-1
-31.98417,140.20935,-1
-31.31846,138.63381,-1
-31.90647,140.08169,-1
-30.35654,139.24176,-1
-31.98898,140.07293,-1
-30.44786,139.23481,-1
-31.97043,140.07294,-1
-34.08344,140.12016,-1
-31.98417,140.20935,-1
-31.31846,138.63381,-1
-31.90647,140.08169,-1
-31.98898,140.07293,-1
-31.98898,140.07293,-1
-30.58998,139.19156,-1
-31.97043,140.07294,-1
-31.99557,139.96871,-1
-31.98417,140.20935,-1
-31.93712,140.13697,-1
-31.95822,140.24853,-1
-30.27894,139.21692,-1
-31.98898,140.07293,-1
-32.67733,135.64294,-1
-31.97043,140.07294,-1
-30.46789,139.26423,-1
-32.12212,140.24163,-1
-32.59008,135.77629,-1
-31.95822,140.24853,-1
-32.07696,140.64811,-1
-31.98898,140.07293,-1
-32.67733,135.64294,-1
-31.97043,140.07294,-1
-32.04479,140.15779,-1
-31.92353,140.07315,-1
-32.59008,135.77629,-1
-30.27894,139.21692,-1
-32.14408,135.82943,-1
-31.98898,140.07293,-1
-31.16686,138.63181,-1
-31.97043,140.07294,-1
-31.92278,140.13646,-1
-31.92353,140.07315,-1
-31.00529,138.52477,-1
-31.98898,140.07293,-1
-31.98898,140.07293,-1
-31.98898,140.07293,-1
-32.148,139.98404,-1
-31.97043,140.07294,-1
-30.59135,139.03227,-1
-32.67889,135.79029,-1
-32.00786,139.96369,-1
-31.30971,138.63641,-1
-31.98898,140.07293,-1
-31.98898,140.07293,-1
-32.01605,139.99695,-1
-31.99233,139.97452,-1
-30.63132,139.24215,-1
-32.67889,135.79029,-1
-31.96441,140.24526,-1
-31.98898,140.07293,-1
-31.98898,140.07293,-1
-31.98898,140.07293,-1
-32.01605,139.99695,-1
-31.99233,139.97452,-1
-32.02848,139.95754,-1
-31.89132,140.10697,-1
-31.96441,140.24526,-1
-31.98898,140.07293,-1
-31.90647,140.08169,-1
-31.98898,140.07293,-1
-32.01605,139.99695,-1
-31.99233,139.97452,-1
-30.2225,139.1948,-1
-31.89132,140.10697,-1
-31.96441,140.24526,-1
-31.98898,140.07293,-1
-31.90647,140.08169,-1
-31.98898,140.07293,-1
-32.01605,139.99695,-1
-32.8296,136.01562,-1
-30.2225,139.1948,-1
-31.89132,140.10697,-1
-31.96441,140.24526,-1
-30.29581,139.23612,-1
-32.49122,135.57572,-1
-31.98898,140.07293,-1
-32.01605,139.99695,-1
-31.24898,137.4782,-1
-30.2225,139.1948,-1
-31.89132,140.10697,-1
-31.32741,138.62961,-1
-31.2403,138.86417,-1
-32.14408,135.82943,-1
-31.98898,140.07293,-1
-31.96441,140.24526,-1
-31.9149,140.11234,-1
-30.2225,139.1948,-1
-31.89132,140.10697,-1
-30.58998,139.19156,-1
-31.98898,140.07293,-1
-31.98898,140.07293,-1
-31.98898,140.07293,-1
-31.96441,140.24526,-1
-31.9149,140.11234,-1
-32.02848,139.95754,-1
-31.89132,140.10697,-1
-30.58998,139.19156,-1
-31.98898,140.07293,-1
-31.98898,140.07293,-1
-31.98898,140.07293,-1
-31.96441,140.24526,-1
-31.9149,140.11234,-1
-32.02252,140.23427,-1
-31.89132,140.10697,-1
-32.11602,139.92868,-1
-31.98898,140.07293,-1
-30.29581,139.23612,-1
-31.98898,140.07293,-1
-31.96441,140.24526,-1
-30.39353,139.24595,-1
-30.57776,139.18602,-1
-31.89132,140.10697,-1
-32.03823,140.59436,-1
-32.60244,135.75927,-1
-31.30971,138.63641,-1
-31.90647,140.08169,-1
-32.12212,140.24163,-1
-30.57164,139.1326,-1
-31.96441,140.24526,-1
-31.89132,140.10697,-1
-31.42766,138.67016,-1
-31.98898,140.07293,-1
-31.30971,138.63641,-1
-34.68255,138.84662,-1
-32.12212,140.24163,-1
-31.9149,140.11234,-1
-32.17449,135.82355,-1
-31.89132,140.10697,-1
-31.92278,140.13646,-1
-31.98898,140.07293,-1
-31.98898,140.07293,-1
-31.93712,140.13697,-1
-31.89132,140.10697,-1
-30.39353,139.24595,-1
-32.01894,140.05876,-1
-31.89132,140.10697,-1
-31.82945,140.58042,-1
-31.51449,138.89288,-1
-31.98898,140.07293,-1
-31.97167,140.23407,-1
-31.89132,140.10697,-1
-31.29987,138.80077,-1
-32.01894,140.05876,-1
-31.7602,140.58125,-1
-31.82945,140.58042,-1
-32.11803,139.90748,-1
-31.98898,140.07293,-1
-32.81773,136.02469,-1
-30.99399,138.51361,-1
-31.18081,138.85181,-1
-30.35993,139.25153,-1
-31.7602,140.58125,-1
-31.92278,140.13646,-1
-32.14408,135.82943,-1
-31.98898,140.07293,-1
-32.16774,135.74962,-1
-30.2225,139.1948,-1
-31.28491,138.68186,-1
-32.67997,135.53375,-1
-31.92353,140.07315,-1
-31.19221,138.62305,-1
-31.98898,140.07293,-1
-31.98898,140.07293,-1
-31.98898,140.07293,-1
-32.64445,135.46244,-1
-31.97043,140.07294,-1
-32.67997,135.53375,-1
-31.92353,140.07315,-1
-31.7602,140.58125,-1
-31.98898,140.07293,-1
-31.98898,140.07293,-1
-30.35654,139.24176,-1
-32.67889,135.79029,-1
-31.99233,139.97452,-1
-31.97766,140.40018,-1
-31.92353,140.07315,-1
-31.7602,140.58125,-1
-31.98898,140.07293,-1
-31.98898,140.07293,-1
-31.30971,138.63641,-1
-32.67889,135.79029,-1
-31.19041,138.60693,-1
-32.02252,140.23427,-1
-31.92353,140.07315,-1
-31.89132,140.10697,-1
-31.98898,140.07293,-1
-30.63132,139.24215,-1
-31.51449,138.89288,-1
-30.56713,139.15176,-1
-30.57164,139.1326,-1
-32.51404,140.68988,-1
-30.23893,139.14126,-1
-31.89132,140.10697,-1
-31.98898,140.07293,-1
-31.95822,140.24853,-1
-32.49122,135.57572,-1
-32.81282,136.03268,-1
-30.57164,139.1326,-1
-31.97766,140.40018,-1
-31.92353,140.07315,-1
-31.31553,138.71747,-1
-30.39353,139.24595,-1
-31.95822,140.24853,-1
-32.49122,135.57572,-1
-32.01894,140.05876,-1
-30.57164,139.1326,-1
-32.01381,140.20794,-1
-29.8679,133.55815,-1
-31.92353,140.07315,-1
-30.28785,139.23461,-1
-32.49122,135.57572,-1
-31.98898,140.07293,-1
-32.81282,136.03268,-1
-30.39353,139.24595,-1
-31.26462,138.62397,-1
-32.13008,139.9733,-1
-31.92353,140.07315,-1
-32.15813,135.78438,-1
-31.98898,140.07293,-1
-31.98898,140.07293,-1
-32.81282,136.03268,-1
-30.57164,139.1326,-1
-31.93712,140.13697,-1
-32.67827,135.66408,-1
-31.98898,140.07293,-1
-31.41843,138.69938,-1
-31.98898,140.07293,-1
-31.98898,140.07293,-1
-32.81282,136.03268,-1
-31.18081,138.85181,-1
-31.92278,140.13646,-1
-32.13008,139.9733,-1
-31.98898,140.07293,-1
-30.39353,139.24595,-1
-31.90647,140.08169,-1
-31.90647,140.08169,-1
-32.81282,136.03268,-1
-32.64445,135.46244,-1
-31.92278,140.13646,-1
-31.25665,138.61794,-1
-31.98898,140.07293,-1
-30.57164,139.1326,-1
-30.28785,139.23461,-1
-31.90647,140.08169,-1
-30.35993,139.25153,-1
-31.7602,140.58125,-1
-32.04479,140.15779,-1
-31.96375,140.35639,-1
-31.98898,140.07293,-1
-32.26049,139.89231,-1
-31.13167,138.63704,-1
-32.26049,139.89231,-1
-30.35993,139.25153,-1
-32.05761,140.6207,-1
-32.04479,140.15779,-1
-30.62817,139.28099,-1
-32.17449,135.82355,-1
-33.23225,137.36107,-1
-31.98898,140.07293,-1
-31.34746,137.2883,-1
-31.34566,138.80836,-1
-32.24841,139.89648,-1
-31.93712,140.13697,-1
-32.16531,135.73148,-1
-31.98898,140.07293,-1
-31.7464,140.58144,-1
-31.98898,140.07293,-1
-31.19041,138.60693,-1
-32.13683,140.23552,-1
-31.94711,140.09851,-1
-31.93712,140.13697,-1
-31.94711,140.09851,-1
-31.98898,140.07293,-1
-30.56713,139.15176,-1
-31.90647,140.08169,-1
-32.12212,140.24163,-1
-32.01894,140.05876,-1
-32.04769,140.61185,-1
-31.99557,139.96871,-1
-32.24841,139.89648,-1
-31.98898,140.07293,-1
-31.9149,140.11234,-1
-31.90647,140.08169,-1
-30.27894,139.21692,-1
-30.62817,139.28099,-1
-30.2225,139.1948,-1
-32.04479,140.15779,-1
-32.16531,135.73148,-1
-31.98898,140.07293,-1
-31.9149,140.11234,-1
-31.90647,140.08169,-1
-30.56713,139.15176,-1
-31.42752,138.70385,-1
-30.2225,139.1948,-1
-31.92278,140.13646,-1
-32.16531,135.73148,-1
-31.98898,140.07293,-1
-31.9149,140.11234,-1
-31.9447,140.10804,-1
-30.56713,139.15176,-1
-32.83359,136.21044,-1
-30.2382,139.17837,-1
-31.97779,139.8942,-1
-32.16531,135.73148,-1
-31.98898,140.07293,-1
-31.97043,140.07294,-1
-30.62847,139.29575,-1
-32.0239,140.00767,-1
-31.96441,140.24526,-1
-32.24841,139.89648,-1
-32.1087,140.70205,-1
-32.16531,135.73148,-1
-32.17449,135.82355,-1
-32.01766,140.10333,-1
-31.97334,140.31212,-1
-31.9149,140.11234,-1
-31.97766,140.40018,-1
-32.06835,140.64648,-1
-31.2512,138.86706,-1
-30.43271,139.24936,-1
-32.17449,135.82355,-1
-31.97043,140.07294,-1
-32.26049,139.89231,-1
-31.9149,140.11234,-1
-31.96441,140.24526,-1
-31.93712,140.13697,-1
-30.57771,139.02168,-1
-32.03469,139.94971,-1
-32.16531,135.73148,-1
-31.99233,139.97452,-1
-32.26049,139.89231,-1
-31.9149,140.11234,-1
-31.96441,140.24526,-1
-31.99557,139.96871,-1
-31.04477,138.55939,-1
-32.03469,139.94971,-1
-32.24841,139.89648,-1
-31.99233,139.97452,-1
-32.26049,139.89231,-1
-30.39353,139.24595,-1
-30.57776,139.18602,-1
-32.01381,140.20794,-1
-31.93712,140.13697,-1
-32.03469,139.94971,-1
-32.24841,139.89648,-1
-32.12672,139.96354,-1
-30.27894,139.21692,-1
-31.29987,138.80077,-1
-32.16734,135.76572,-1
-32.04479,140.15779,-1
-30.46789,139.26423,-1
-32.04769,140.61185,-1
-32.13008,139.9733,-1
-31.97043,140.07294,-1
-32.15813,135.78438,-1
-31.9149,140.11234,-1
-32.02252,140.23427,-1
-31.33176,137.34019,-1
-30.57287,139.02978,-1
-32.03469,139.94971,-1
-31.92353,140.07315,-1
-30.37351,139.25568,-1
-31.97043,140.07294,-1
-30.57164,139.1326,-1
-32.02252,140.23427,-1
-30.57771,139.02168,-1
-31.93712,140.13697,-1
-32.03469,139.94971,-1
-31.92353,140.07315,-1
-30.57164,139.1326,-1
-31.97043,140.07294,-1
-31.9149,140.11234,-1
-31.97766,140.40018,-1
-32.13586,139.98462,-1
-31.42766,138.67016,-1
-30.62952,139.32193,-1
-31.92353,140.07315,-1
-31.98417,140.20935,-1
-31.97043,140.07294,-1
-31.29987,138.80077,-1
-31.96441,140.24526,-1
-31.94242,140.14959,-1
-32.66761,135.63741,-1
-31.9447,140.10804,-1
-32.1087,140.70205,-1
-31.98417,140.20935,-1
-32.1087,140.70205,-1
-31.9149,140.11234,-1
-30.31852,139.21714,-1
-31.93712,140.13697,-1
-31.9447,140.10804,-1
-31.9447,140.10804,-1
-32.07696,140.64811,-1
-31.98417,140.20935,-1
-32.1087,140.70205,-1
-32.17673,140.04821,-1
-31.81458,140.5805,-1
-31.93712,140.13697,-1
-30.62847,139.29575,-1
-32.26049,139.89231,-1
-32.07696,140.64811,-1
-31.98417,140.20935,-1
-31.97043,140.07294,-1
-32.03469,139.94971,-1
-31.9447,140.10804,-1
-32.19341,139.88593,-1
-32.26049,139.89231,-1
-32.26049,139.89231,-1
-31.9149,140.11234,-1
-31.98417,140.20935,-1
-32.01766,140.10333,-1
-33.54501,141.00249,-1
-31.9447,140.10804,-1
-30.58023,139.44017,-1
-31.9447,140.10804,-1
-32.1087,140.70205,-1
-31.9149,140.11234,-1
-30.2225,139.1948,-1
-31.97043,140.07294,-1
-31.19221,138.62305,-1
-31.9447,140.10804,-1
-30.63511,139.33055,-1
-31.81458,140.5805,-1
-30.56713,139.15176,-1
-31.9149,140.11234,-1
-30.2225,139.1948,-1
-31.28491,138.68186,-1
-31.92353,140.07315,-1
-31.9447,140.10804,-1
-31.95822,140.24853,-1
-32.78512,135.96546,-1
-30.56713,139.15176,-1
-32.07696,140.64811,-1
-31.7602,140.58125,-1
-31.19221,138.62305,-1
-31.92353,140.07315,-1
-32.11636,139.9174,-1
-31.95822,140.24853,-1
-30.63853,139.41151,-1
-31.2512,138.86706,-1
-30.56713,139.15176,-1
-31.7602,140.58125,-1
-32.24841,139.89648,-1
-31.92353,140.07315,-1
-31.30057,138.63594,-1
-31.95822,140.24853,-1
-31.9447,140.10804,-1
-30.4579,138.82477,-1
-30.56713,139.15176,-1
-31.7602,140.58125,-1
-31.19041,138.60693,-1
-31.92353,140.07315,-1
-31.99557,139.96871,-1
-30.56296,139.16267,-1
-31.9447,140.10804,-1
-30.37351,139.25568,-1
-31.9149,140.11234,-1
-32.03469,139.94971,-1
-31.97779,139.8942,-1
-31.92353,140.07315,-1
-31.98898,140.07293,-1
-31.30971,138.63641,-1
-32.26049,139.89231,-1
-32.68114,135.65373,-1
-31.9149,140.11234,-1
-32.03469,139.94971,-1
-31.29987,138.80077,-1
-31.92353,140.07315,-1
-31.98898,140.07293,-1
-31.98898,140.07293,-1
-31.42752,138.70385,-1
-31.97043,140.07294,-1
-31.9149,140.11234,-1
-31.7602,140.58125,-1
-30.57164,139.1326,-1
-31.92353,140.07315,-1
-32.66761,135.63741,-1
-31.98898,140.07293,-1
-32.70857,135.68125,-1
-31.99233,139.97452,-1
-31.7464,140.58144,-1
-31.7602,140.58125,-1
-30.57164,139.1326,-1
-31.92353,140.07315,-1
-31.92278,140.13646,-1
-31.98898,140.07293,-1
-31.94242,140.14959,-1
-31.97766,140.40018,-1
-31.41843,138.69938,-1
-32.15064,140.26781,-1
-32.01617,139.96597,-1
-31.29831,138.82298,-1
-31.92278,140.13646,-1
-31.98898,140.07293,-1
-31.94242,140.14959,-1
-32.11954,139.94507,-1
-30.56713,139.15176,-1
-31.82945,140.58042,-1
-31.97043,140.07294,-1
-32.24841,139.89648,-1
-31.92278,140.13646,-1
-31.94242,140.14959,-1
-30.28785,139.23461,-1
-31.96441,140.24526,-1
-30.56713,139.15176,-1
-31.92278,140.13646,-1
-31.97043,140.07294,-1
-30.43271,139.24936,-1
-31.92278,140.13646,-1
-32.01381,140.20794,-1
-32.81282,136.03268,-1
-31.30057,138.63594,-1
-31.7464,140.58144,-1
-32.15513,135.81663,-1
-31.97043,140.07294,-1
-30.43271,139.24936,-1
-31.92278,140.13646,-1
-32.56119,135.29099,-1
-32.81282,136.03268,-1
-31.22272,138.85166,-1
-30.56713,139.15176,-1
-32.15513,135.81663,-1
-31.99233,139.97452,-1
-32.16531,135.73148,-1
-32.07696,140.64811,-1
-31.99557,139.96871,-1
-31.32741,138.62961,-1
-31.26723,137.49045,-1
-31.9149,140.11234,-1
-32.01605,139.99695,-1
-31.29987,138.80077,-1
-31.21269,138.64617,-1
-32.07696,140.64811,-1
-32.04479,140.15779,-1
-31.19041,138.60693,-1
-32.04479,140.15779,-1
-31.9149,140.11234,-1
-32.01605,139.99695,-1
-31.29987,138.80077,-1
-31.98898,140.07293,-1
-31.98898,140.07293,-1
-32.19341,139.88593,-1
-31.97043,140.07294,-1
-31.92278,140.13646,-1
-30.43271,139.24936,-1
-32.01605,139.99695,-1
-31.29987,138.80077,-1
-31.98898,140.07293,-1
-31.98898,140.07293,-1
-31.04477,138.55939,-1
-34.65693,139.45258,-1
-31.94242,140.14959,-1
-30.43271,139.24936,-1
-32.14232,140.30733,-1
-31.18081,138.85181,-1
-32.04479,140.15779,-1
-31.30592,138.81767,-1
-31.93712,140.13697,-1
-31.97043,140.07294,-1
-31.93712,140.13697,-1
-32.03469,139.94971,-1
-32.01605,139.99695,-1
-32.01766,140.10333,-1
-32.04479,140.15779,-1
-31.93712,140.13697,-1
-31.93712,140.13697,-1
-32.01766,140.10333,-1
-31.93712,140.13697,-1
-32.03469,139.94971,-1
-32.01605,139.99695,-1
-32.01766,140.10333,-1
-32.01894,140.05876,-1
-31.97167,140.23407,-1
-31.22272,138.85166,-1
-31.97043,140.07294,-1
-31.93712,140.13697,-1
-31.2512,138.86706,-1
-31.42277,138.71693,-1
-32.01766,140.10333,-1
-32.16814,135.71269,-1
-31.99557,139.96871,-1
-30.27894,139.21692,-1
-31.97043,140.07294,-1
-31.93712,140.13697,-1
-32.03469,139.94971,-1
-31.92278,140.13646,-1
-30.57164,139.1326,-1
-32.16814,135.71269,-1
-32.66761,135.63741,-1
-32.07696,140.64811,-1
-31.99233,139.97452,-1
-30.46789,139.26423,-1
-32.03469,139.94971,-1
-32.16814,135.71269,-1
-32.1087,140.70205,-1
-31.09281,138.77103,-1
-32.06835,140.64648,-1
-31.97766,140.40018,-1
-32.01766,140.10333,-1
-32.19341,139.88593,-1
-32.02424,140.42206,-1
-31.94711,140.09851,-1
-31.9447,140.10804,-1
-30.46789,139.26423,-1
-31.39865,138.56895,-1
-32.59008,135.77629,-1
-31.99233,139.97452,-1
-31.30592,138.81767,-1
-31.7602,140.58125,-1
-31.94711,140.09851,-1
-32.0239,140.00767,-1
-30.45673,139.23424,-1
-31.94242,140.14959,-1
-31.97766,140.40018,-1
-31.19041,138.60693,-1
-31.93712,140.13697,-1
-31.7602,140.58125,-1
-32.05761,140.6207,-1
-32.26049,139.89231,-1
-30.45673,139.23424,-1
-31.99557,139.96871,-1
-32.13683,140.23552,-1
-32.01766,140.10333,-1
-32.04479,140.15779,-1
-30.2225,139.1948,-1
-32.0366,140.11358,-1
-31.15578,137.43073,-1
-30.45673,139.23424,-1
-32.03469,139.94971,-1
-32.13683,140.23552,-1
-31.28491,138.68186,-1
-30.57771,139.02168,-1
-30.58079,139.11291,-1
-31.96375,140.35639,-1
-31.29831,138.82298,-1
-30.70848,139.42183,-1
-32.03469,139.94971,-1
-31.00529,138.52477,-1
-31.97043,140.07294,-1
-31.92278,140.13646,-1
-32.12212,140.24163,-1
-32.0366,140.11358,-1
-31.89132,140.10697,-1
-30.57059,139.43805,-1
-32.02848,139.95754,-1
-32.13683,140.23552,-1
-31.97043,140.07294,-1
-31.27156,138.63179,-1
-32.17673,140.04821,-1
-32.04769,140.61185,-1
-31.89132,140.10697,-1
-30.57059,139.43805,-1
-32.03469,139.94971,-1
-30.35993,139.25153,-1
-31.97043,140.07294,-1
-32.04479,140.15779,-1
-32.17673,140.04821,-1
-32.03469,139.94971,-1
-31.42372,138.69047,-1
-31.98417,140.20935,-1
-31.19041,138.60693,-1
-32.81282,136.03268,-1
-31.28491,138.68186,-1
-31.22272,138.85166,-1
-31.51755,138.79831,-1
-30.57776,139.18602,-1
-32.24841,139.89648,-1
-31.98417,140.20935,-1
-32.15813,135.78438,-1
-32.17449,135.82355,-1
-32.15813,135.78438,-1
-31.9447,140.10804,-1
-31.9447,140.10804,-1
-31.93712,140.13697,-1
-32.24841,139.89648,-1
-32.15064,140.26781,-1
-32.66057,135.64662,-1
-32.17449,135.82355,-1
-31.97043,140.07294,-1
-32.11636,139.9174,-1
-30.37351,139.25568,-1
-30.57776,139.18602,-1
-31.96375,140.35639,-1
-31.92278,140.13646,-1
-32.66057,135.64662,-1
-32.01894,140.05876,-1
-31.97043,140.07294,-1
-31.363,138.57732,-1
-31.97043,140.07294,-1
-30.31852,139.21714,-1
-31.25665,138.61794,-1
-31.92278,140.13646,-1
-31.97043,140.07294,-1
-32.01894,140.05876,-1
-31.97043,140.07294,-1
-30.4579,138.82477,-1
-31.97043,140.07294,-1
-32.59668,135.7681,-1
-31.92353,140.07315,-1
-31.98898,140.07293,-1
-32.15813,135.78438,-1
-32.81282,136.03268,-1
-31.97043,140.07294,-1
-32.17673,140.04821,-1
-32.01766,140.10333,-1
-32.59668,135.7681,-1
-31.92353,140.07315,-1
-31.98898,140.07293,-1
-31.28491,138.68186,-1
-32.01894,140.05876,-1
-32.01766,140.10333,-1
-31.97043,140.07294,-1
-30.60685,139.44425,-1
-31.89132,140.10697,-1
-31.92353,140.07315,-1
-31.98898,140.07293,-1
-32.15813,135.78438,-1
-32.01894,140.05876,-1
-31.99233,139.97452,-1
-31.97043,140.07294,-1
-32.01766,140.10333,-1
-30.57771,139.02168,-1
-32.03469,139.94971,-1
-30.45985,139.24518,-1
-31.99233,139.97452,-1
-32.49122,135.57572,-1
-32.50044,135.53513,-1
-31.97043,140.07294,-1
-32.01766,140.10333,-1
-31.92278,140.13646,-1
-32.03469,139.94971,-1
-31.32741,138.62961,-1
-32.01766,140.10333,-1
-31.98898,140.07293,-1
-32.50044,135.53513,-1
-32.01766,140.10333,-1
-31.9447,140.10804,-1
-32.01381,140.20794,-1
-31.31553,138.71747,-1
-32.00324,140.0755,-1
-32.01766,140.10333,-1
-31.30971,138.63641,-1
-31.50403,138.79393,-1
-32.01766,140.10333,-1
-31.9447,140.10804,-1
-32.04479,140.15779,-1
-31.7602,140.58125,-1
-31.29987,138.80077,-1
-32.01766,140.10333,-1
-31.98898,140.07293,-1
-30.44844,139.2879,-1
-30.39353,139.24595,-1
-30.57287,139.02978,-1
-30.58023,139.44017,-1
-32.0366,140.11358,-1
-32.13008,139.9733,-1
-32.01766,140.10333,-1
-30.35654,139.24176,-1
-30.44844,139.2879,-1
-30.39353,139.24595,-1
-30.99178,137.22097,-1
-31.99557,139.96871,-1
-32.00192,140.19357,-1
-32.13008,139.9733,-1
-30.39353,139.24595,-1
-31.98898,140.07293,-1
-30.4432,138.78801,-1
-31.18081,138.85181,-1
-30.30449,139.22846,-1
-32.59008,135.77629,-1
-32.00192,140.19357,-1
-31.29987,138.80077,-1
-30.39353,139.24595,-1
-31.98898,140.07293,-1
-30.44844,139.2879,-1
-32.81773,136.02469,-1
-30.45161,138.74608,-1
-31.90665,140.31037,-1
-32.00192,140.19357,-1
-31.29987,138.80077,-1
-31.97043,140.07294,-1
-31.90647,140.08169,-1
-30.44844,139.2879,-1
-32.15813,135.78438,-1
-31.92278,140.13646,-1
-32.81282,136.03268,-1
-31.97766,140.40018,-1
-31.29987,138.80077,-1
-31.97043,140.07294,-1
-31.90647,140.08169,-1
-30.44844,139.2879,-1
-31.97043,140.07294,-1
-31.99557,139.96871,-1
-31.34758,138.78931,-1
-31.93712,140.13697,-1
-32.06263,140.6347,-1
-31.97043,140.07294,-1
-31.98898,140.07293,-1
-30.47,139.4708,-1
-31.97043,140.07294,-1
-31.99557,139.96871,-1
-30.57771,139.02168,-1
-30.57776,139.18602,-1
-31.10191,138.8227,-1
-31.99233,139.97452,-1
-31.98898,140.07293,-1
-30.47,139.4708,-1
-32.60244,135.75927,-1
-29.88826,133.58334,-1
-31.92278,140.13646,-1
-31.96441,140.24526,-1
-31.95822,140.24853,-1
-30.27894,139.21692,-1
-31.30971,138.63641,-1
-32.01605,139.99695,-1
-32.8296,136.01562,-1
-32.07696,140.64811,-1
-31.92278,140.13646,-1
-32.11954,139.94507,-1
-31.95822,140.24853,-1
-31.30971,138.63641,-1
-31.98898,140.07293,-1
-30.96202,137.21252,-1
-32.8296,136.01562,-1
-32.11803,139.90748,-1
-32.06352,140.38349,-1
-31.51755,138.83068,-1
-31.95822,140.24853,-1
-31.30971,138.63641,-1
-31.98898,140.07293,-1
-32.01605,139.99695,-1
-31.29987,138.80077,-1
-32.11803,139.90748,-1
-32.12672,139.96354,-1
-31.9149,140.11234,-1
-30.57164,139.1326,-1
-31.98898,140.07293,-1
-31.80007,140.57441,-1
-32.1128,140.30289,-1
-32.15813,135.78438,-1
-32.11803,139.90748,-1
-30.62817,139.28099,-1
-31.9149,140.11234,-1
-32.66057,135.64662,-1
-31.98898,140.07293,-1
-30.28785,139.23461,-1
-32.02848,139.95754,-1
-31.95822,140.24853,-1
-31.90647,140.08169,-1
-32.01894,140.05876,-1
-30.56713,139.15176,-1
-30.57141,139.02958,-1
-31.98898,140.07293,-1
-30.28785,139.23461,-1
-32.02424,140.42206,-1
-31.95822,140.24853,-1
-32.19341,139.88593,-1
-31.32741,138.62961,-1
-30.56713,139.15176,-1
-32.27012,139.878,-1
-31.98898,140.07293,-1
-30.28785,139.23461,-1
-32.11636,139.9174,-1
-31.95822,140.24853,-1
-31.29085,138.63354,-1
-31.97779,139.8942,-1
-32.07696,140.64811,-1
-30.27894,139.21692,-1
-31.98898,140.07293,-1
-31.51449,138.89288,-1
-30.44786,139.23481,-1
-31.95822,140.24853,-1
-32.26049,139.89231,-1
-32.04769,140.61185,-1
-31.9149,140.11234,-1
-30.47347,138.83221,-1
-31.98898,140.07293,-1
-32.07696,140.64811,-1
-32.67733,135.64294,-1
-31.51449,138.89288,-1
-32.0239,140.00767,-1
-32.48895,135.55501,-1
-32.07696,140.64811,-1
-30.44844,139.2879,-1
-31.98898,140.07293,-1
-31.98898,140.07293,-1
-30.44786,139.23481,-1
-31.98898,140.07293,-1
-31.93712,140.13697,-1
-32.12212,140.24163,-1
-31.9149,140.11234,-1
-30.44844,139.2879,-1
-31.90647,140.08169,-1
-31.98898,140.07293,-1
-30.44786,139.23481,-1
-31.98898,140.07293,-1
-30.57771,139.02168,-1
-32.26049,139.89231,-1
-31.9149,140.11234,-1
-30.44844,139.2879,-1
-30.28785,139.23461,-1
-30.35654,139.24176,-1
-30.44786,139.23481,-1
-31.98898,140.07293,-1
-30.57771,139.02168,-1
-32.02848,139.95754,-1
-30.44844,139.2879,-1
-32.68114,135.65373,-1
-31.95822,140.24853,-1
-31.13167,138.63704,-1
-32.67733,135.64294,-1
-30.57507,139.03971,-1
-31.26462,138.62397,-1
-32.24841,139.89648,-1
-30.44844,139.2879,-1
-31.97043,140.07294,-1
-32.11803,139.90748,-1
-30.52882,138.91296,-1
-31.21269,138.64617,-1
-31.98898,140.07293,-1
-32.01381,140.20794,-1
-32.24841,139.89648,-1
-32.84041,136.19829,-1
-31.18081,138.85181,-1
-32.11803,139.90748,-1
-30.63132,139.24215,-1
-31.92353,140.07315,-1
-31.98898,140.07293,-1
-32.07214,140.36635,-1
-32.24841,139.89648,-1
-31.32741,138.62961,-1
-32.07214,140.36635,-1
-32.11803,139.90748,-1
-30.63132,139.24215,-1
-31.50403,138.79393,-1
-31.98898,140.07293,-1
-31.20211,138.64023,-1
-32.67889,135.79029,-1
-32.67733,135.64294,-1
-30.44844,139.2879,-1
-31.98898,140.07293,-1
-32.14408,135.82943,-1
-32.03469,139.94971,-1
-31.30971,138.63641,-1
-32.12212,140.24163,-1
-31.25665,138.61794,-1
-31.99835,139.89093,-1
-30.57164,139.1326,-1
-31.98898,140.07293,-1
-31.98898,140.07293,-1
-32.66761,135.63741,-1
-31.98898,140.07293,-1
-30.22085,139.17947,-1
-31.42277,138.71693,-1
-30.58998,139.19156,-1
-30.57164,139.1326,-1
-31.98898,140.07293,-1
-31.98898,140.07293,-1
-32.67997,135.53375,-1
-31.30971,138.63641,-1
-30.99399,138.51361,-1
-32.04057,140.01994,-1
-31.03837,138.60712,-1
-30.57164,139.1326,-1
-31.98898,140.07293,-1
-31.98898,140.07293,-1
-32.67997,135.53375,-1
-31.90647,140.08169,-1
-32.23913,139.88736,-1
-32.04057,140.01994,-1
-30.44786,139.23481,-1
-32.67971,135.67585,-1
-31.98898,140.07293,-1
-31.30971,138.63641,-1
-32.03469,139.94971,-1
-31.51449,138.89288,-1
-31.89132,140.10697,-1
-32.12212,140.24163,-1
-32.50044,135.53513,-1
-30.35654,139.24176,-1
-31.98898,140.07293,-1
-31.98898,140.07293,-1
-30.45985,139.24518,-1
-32.14408,135.82943,-1
-32.67827,135.66408,-1
-31.82945,140.58042,-1
-32.14232,140.30733,-1
-32.16531,135.73148,-1
-32.14408,135.82943,-1
-31.98898,140.07293,-1
-31.7602,140.58125,-1
-32.14408,135.82943,-1
-31.19041,138.60693,-1
-31.20211,138.64023,-1
-31.07094,138.62597,-1
-31.98417,140.20935,-1
-31.30971,138.63641,-1
-31.98898,140.07293,-1
-31.7602,140.58125,-1
-31.98898,140.07293,-1
-30.55796,139.4122,-1
-30.57507,139.03971,-1
-31.9447,140.10804,-1
-32.16531,135.73148,-1
-31.30971,138.63641,-1
-31.98898,140.07293,-1
-32.1128,140.30289,-1
-31.90647,140.08169,-1
-32.17673,140.04821,-1
-31.96375,140.35639,-1
-31.9447,140.10804,-1
-31.92278,140.13646,-1
-30.35654,139.24176,-1
-32.14408,135.82943,-1
-30.35525,139.22657,-1
-31.98898,140.07293,-1
-32.17673,140.04821,-1
-31.19393,138.85184,-1
-31.9447,140.10804,-1
-31.98417,140.20935,-1
-31.98898,140.07293,-1
-31.98898,140.07293,-1
-31.12293,138.83601,-1
-31.98898,140.07293,-1
-30.4579,138.82477,-1
-31.19393,138.85184,-1
-31.7464,140.58144,-1
-32.64445,135.46244,-1
-31.90647,140.08169,-1
-31.98898,140.07293,-1
-32.11954,139.94507,-1
-31.98898,140.07293,-1
-31.97043,140.07294,-1
-32.17673,140.04821,-1
-32.15372,140.2553,-1
-30.58935,139.44188,-1
-31.95822,140.24853,-1
-31.98898,140.07293,-1
-31.51755,138.83068,-1
-31.98898,140.07293,-1
-31.97043,140.07294,-1
-31.89132,140.10697,-1
-31.95551,140.27603,-1
-31.92278,140.13646,-1
-31.98898,140.07293,-1
-31.92353,140.07315,-1
-30.57776,139.18602,-1
-31.98898,140.07293,-1
-32.15813,135.78438,-1
-32.67827,135.66408,-1
-31.7464,140.58144,-1
-31.92278,140.13646,-1
-31.98898,140.07293,-1
-31.92353,140.07315,-1
-32.00324,140.0755,-1
-31.98898,140.07293,-1
-32.15813,135.78438,-1
-32.64445,135.46244,-1
-30.57287,139.02978,-1
-31.98417,140.20935,-1
-31.90647,140.08169,-1
-31.92353,140.07315,-1
-30.64348,139.38444,-1
-31.90647,140.08169,-1
-32.15813,135.78438,-1
-32.64445,135.46244,-1
-31.9447,140.10804,-1
-32.0239,140.00767,-1
-31.90647,140.08169,-1
-31.92353,140.07315,-1
-30.64348,139.38444,-1
-31.90647,140.08169,-1
-32.15813,135.78438,-1
-31.28891,137.44218,-1
-31.42766,138.67016,-1
-32.16531,135.73148,-1
-30.63511,139.33055,-1
-31.92353,140.07315,-1
-30.39353,139.24595,-1
-31.90647,140.08169,-1
-31.97043,140.07294,-1
-32.00324,140.0755,-1
-32.06835,140.64648,-1
-30.40928,139.23561,-1
-31.98898,140.07293,-1
-31.92353,140.07315,-1
-31.29987,138.80077,-1
-31.90647,140.08169,-1
-30.57164,139.1326,-1
-32.00324,140.0755,-1
-31.92278,140.13646,-1
-31.98417,140.20935,-1
-29.88641,133.59093,-1
-31.92353,140.07315,-1
-31.29987,138.80077,-1
-30.39353,139.24595,-1
-33.51731,138.99487,-1
-31.89132,140.10697,-1
-31.92278,140.13646,-1
-32.67827,135.66408,-1
-32.01616,139.89849,-1
-31.92353,140.07315,-1
-31.9149,140.11234,-1
-30.44844,139.2879,-1
-31.18081,138.85181,-1
-32.00324,140.0755,-1
-31.26462,138.62397,-1
-32.54089,135.50708,-1
-31.95822,140.24853,-1
-31.92353,140.07315,-1
-31.9149,140.11234,-1
-30.44844,139.2879,-1
-32.8296,136.01562,-1
-32.1087,140.70205,-1
-31.26462,138.62397,-1
-31.9149,140.11234,-1
-31.89739,140.30736,-1
-32.49693,136.01963,-1
-32.03913,140.0662,-1
-32.84041,136.19829,-1
-31.97043,140.07294,-1
-30.62817,139.28099,-1
-30.57771,139.02168,-1
-31.9149,140.11234,-1
-31.98898,140.07293,-1
-31.9447,140.10804,-1
-30.27894,139.21692,-1
-31.09281,138.77103,-1
-31.97043,140.07294,-1
-32.16531,135.73148,-1
-32.13586,139.98462,-1
-31.98417,140.20935,-1
-31.90647,140.08169,-1
-30.58998,139.19156,-1
-30.56713,139.15176,-1
-32.1128,140.30289,-1
-31.95822,140.24853,-1
-32.16531,135.73148,-1
-31.93712,140.13697,-1
-31.98417,140.20935,-1
-31.90647,140.08169,-1
-32.14232,140.30733,-1
-31.97043,140.07294,-1
-30.58998,139.19156,-1
-32.07696,140.64811,-1
-32.16531,135.73148,-1
-31.93712,140.13697,-1
-32.09465,140.31365,-1
-30.57507,139.03971,-1
-32.8404,136.18055,-1
-31.97043,140.07294,-1
-29.49657,134.56921,-1
-30.35654,139.24176,-1
-31.34462,138.58447,-1
-31.93712,140.13697,-1
-30.63466,139.21629,-1
-32.12672,139.96354,-1
-31.92353,140.07315,-1
-31.97043,140.07294,-1
-31.03837,138.60712,-1
-31.98898,140.07293,-1
-31.92278,140.13646,-1
-32.04479,140.15779,-1
-31.93913,140.07646,-1
-31.42752,138.70385,-1
-31.92353,140.07315,-1
-31.7464,140.58144,-1
-30.44786,139.23481,-1
-31.90647,140.08169,-1
-31.92278,140.13646,-1
-32.04479,140.15779,-1
-31.93913,140.07646,-1
-30.58023,139.44017,-1
-30.4182,139.22798,-1
-30.56713,139.15176,-1
-32.50044,135.53513,-1
-32.14408,135.82943,-1
-31.92278,140.13646,-1
-32.19341,139.88593,-1
-31.93913,140.07646,-1
-31.04477,138.55939,-1
-31.36477,138.76404,-1
-30.39353,139.24595,-1
-31.27987,138.78087,-1
-31.98898,140.07293,-1
-31.92278,140.13646,-1
-30.58023,139.44017,-1
-31.93913,140.07646,-1
-31.93712,140.13697,-1
-31.36477,138.76404,-1
-31.9149,140.11234,-1
-32.00324,140.0755,-1
-31.98898,140.07293,-1
-31.92278,140.13646,-1
-30.57771,139.02168,-1
-31.99835,139.89093,-1
-31.9149,140.11234,-1
-32.15064,140.26781,-1
-31.32741,138.62961,-1
-32.00324,140.0755,-1
-31.98898,140.07293,-1
-31.98417,140.20935,-1
-31.93712,140.13697,-1
-31.25665,138.61794,-1
-32.01617,139.96597,-1
-32.16814,135.71269,-1
-32.00324,140.0755,-1
-32.01605,139.99695,-1
-31.90647,140.08169,-1
-31.2512,138.86706,-1
-32.04479,140.15779,-1
-32.12212,140.24163,-1
-30.57164,139.1326,-1
-32.16814,135.71269,-1
-32.00324,140.0755,-1
-32.01605,139.99695,-1
-31.13167,138.63704,-1
-32.67997,135.53375,-1
-32.02848,139.95754,-1
-31.29085,138.63354,-1
-30.57164,139.1326,-1
-32.16814,135.71269,-1
-32.00324,140.0755,-1
-32.12089,139.95696,-1
-30.27894,139.21692,-1
-32.67997,135.53375,-1
-32.02424,140.42206,-1
-31.78477,140.57344,-1
-30.57164,139.1326,-1
-32.15064,140.26781,-1
-32.00324,140.0755,-1
-32.67733,135.64294,-1
-31.98898,140.07293,-1
-32.67997,135.53375,-1
-31.93712,140.13697,-1
-32.15294,140.29065,-1
-31.97043,140.07294,-1
-32.15064,140.26781,-1
-31.25665,138.61794,-1
-32.15513,135.81663,-1
-31.98898,140.07293,-1
-32.03469,139.94971,-1
-31.93712,140.13697,-1
-30.62952,139.32193,-1
-31.98417,140.20935,-1
-31.07094,138.62597,-1
-31.95822,140.24853,-1
-32.12089,139.95696,-1
-31.98898,140.07293,-1
-31.2512,138.86706,-1
-30.9784,138.52079,-1
-32.02848,139.95754,-1
-31.98417,140.20935,-1
-31.7464,140.58144,-1
-31.98898,140.07293,-1
-32.01605,139.99695,-1
-31.98898,140.07293,-1
-31.92353,140.07315,-1
-32.17293,135.80111,-1
-30.22218,139.21058,-1
-31.7602,140.58125,-1
-32.03605,140.60469,-1
-31.98898,140.07293,-1
-32.03469,139.94971,-1
-31.90647,140.08169,-1
-32.04416,140.15145,-1
-31.93913,140.07646,-1
-31.95932,140.21708,-1
-30.25301,139.14025,-1
-32.03605,140.60469,-1
-31.98898,140.07293,-1
-30.45591,139.28145,-1
-31.90647,140.08169,-1
-30.58998,139.19156,-1
-31.93913,140.07646,-1
-31.95932,140.21708,-1
-30.54851,139.383,-1
-31.93913,140.07646,-1
-31.98898,140.07293,-1
-30.47,139.4708,-1
-32.14408,135.82943,-1
-30.58998,139.19156,-1
-30.63466,139.21629,-1
-31.95932,140.21708,-1
-30.54851,139.383,-1
-31.9447,140.10804,-1
-31.98898,140.07293,-1
-30.44844,139.2879,-1
-31.98898,140.07293,-1
-31.98417,140.20935,-1
-31.93913,140.07646,-1
-31.98744,139.89427,-1
-31.92353,140.07315,-1
-30.63466,139.21629,-1
-31.98898,140.07293,-1
-30.44844,139.2879,-1
-31.98898,140.07293,-1
-31.98417,140.20935,-1
-32.01616,139.89849,-1
-31.89132,140.10697,-1
-31.92353,140.07315,-1
-32.01616,139.89849,-1
-32.11803,139.90748,-1
-32.03469,139.94971,-1
-32.49122,135.57572,-1
-30.54558,139.37279,-1
-32.03605,140.60469,-1
-32.00324,140.0755,-1
-32.67827,135.66408,-1
-30.63466,139.21629,-1
-31.98898,140.07293,-1
-32.67997,135.53375,-1
-32.49122,135.57572,-1
-31.9149,140.11234,-1
-32.03469,139.94971,-1
-31.89132,140.10697,-1
-32.23913,139.88736,-1
-31.92353,140.07315,-1
-31.98898,140.07293,-1
-32.66761,135.63741,-1
-31.30971,138.63641,-1
-31.9447,140.10804,-1
-31.2512,138.86706,-1
-31.89132,140.10697,-1
-32.23913,139.88736,-1
-31.92353,140.07315,-1
-31.98898,140.07293,-1
-32.03469,139.94971,-1
-31.98898,140.07293,-1
-32.16814,135.71269,-1
-32.67997,135.53375,-1
-32.00324,140.0755,-1
-32.67827,135.66408,-1
-32.67889,135.79029,-1
-31.98898,140.07293,-1
-32.03469,139.94971,-1
-31.98898,140.07293,-1
-31.26648,138.67525,-1
-31.92353,140.07315,-1
-32.00324,140.0755,-1
-32.23913,139.88736,-1
-32.12212,140.24163,-1
-31.98898,140.07293,-1
-31.21269,138.64617,-1
-31.98898,140.07293,-1
-31.7464,140.58144,-1
-31.92353,140.07315,-1
-32.00324,140.0755,-1
-32.67827,135.66408,-1
-32.26049,139.89231,-1
-31.90647,140.08169,-1
-30.47,139.4708,-1
-31.98898,140.07293,-1
-32.16814,135.71269,-1
-31.92353,140.07315,-1
-31.9447,140.10804,-1
-31.92353,140.07315,-1
-32.24841,139.89648,-1
-31.90647,140.08169,-1
-30.47,139.4708,-1
-31.98898,140.07293,-1
-32.17673,140.04821,-1
-31.92353,140.07315,-1
-31.7602,140.58125,-1
-31.92353,140.07315,-1
-32.12212,140.24163,-1
-31.90647,140.08169,-1
-32.00324,140.0755,-1
-31.98898,140.07293,-1
-31.98744,139.89427,-1
-30.44844,139.2879,-1
-31.7602,140.58125,-1
-31.96375,140.35639,-1
-32.26049,139.89231,-1
-32.14408,135.82943,-1
-30.58998,139.19156,-1
-31.98898,140.07293,-1
-32.83857,136.00706,-1
-31.92353,140.07315,-1
-31.16479,138.84889,-1
-31.19393,138.85184,-1
-32.02848,139.95754,-1
-31.98898,140.07293,-1
-30.35525,139.22657,-1
-31.98898,140.07293,-1
-31.95932,140.21708,-1
-31.92353,140.07315,-1
-32.14232,140.30733,-1
-31.20211,138.64023,-1
-31.9149,140.11234,-1
-31.98898,140.07293,-1
-31.96441,140.24526,-1
-31.98898,140.07293,-1
-30.58935,139.44188,-1
-30.58998,139.19156,-1
-31.7602,140.58125,-1
-30.44844,139.2879,-1
-31.9149,140.11234,-1
-32.11803,139.90748,-1
-32.83359,136.21044,-1
-31.98898,140.07293,-1
-30.4579,138.82477,-1
-32.02855,140.11382,-1
-32.06263,140.6347,-1
-30.44844,139.2879,-1
-31.9149,140.11234,-1
-31.98898,140.07293,-1
-32.59008,135.77629,-1
-31.98898,140.07293,-1
-32.1087,140.70205,-1
-30.39353,139.24595,-1
-32.64445,135.46244,-1
-31.96375,140.35639,-1
-31.9149,140.11234,-1
-31.98898,140.07293,-1
-31.30057,138.63594,-1
-31.98898,140.07293,-1
-31.9149,140.11234,-1
-32.46093,135.98889,-1
-32.15064,140.26781,-1
-32.17673,140.04821,-1
-31.9149,140.11234,-1
-31.90647,140.08169,-1
-31.30057,138.63594,-1
-31.98898,140.07293,-1
-30.56713,139.15176,-1
-31.0569,138.55257,-1
-31.9513,140.23902,-1
-32.03605,140.60469,-1
-31.9149,140.11234,-1
-32.07696,140.64811,-1
-30.57771,139.02168,-1
-31.98898,140.07293,-1
-30.56713,139.15176,-1
-31.11052,138.83013,-1
-32.16814,135.71269,-1
-32.03605,140.60469,-1
-31.9149,140.11234,-1
-32.14408,135.82943,-1
-32.00324,140.0755,-1
-31.98898,140.07293,-1
-30.56713,139.15176,-1
-30.40201,139.24102,-1
-32.16814,135.71269,-1
-30.55796,139.4122,-1
-31.98417,140.20935,-1
-31.98898,140.07293,-1
-32.00324,140.0755,-1
-31.98898,140.07293,-1
-30.56713,139.15176,-1
-31.7602,140.58125,-1
-32.16814,135.71269,-1
-32.17673,140.04821,-1
-30.58935,139.44188,-1
-30.57507,139.03971,-1
-32.00324,140.0755,-1
-31.98898,140.07293,-1
-30.57776,139.18602,-1
-31.7602,140.58125,-1
-32.03605,140.60469,-1
-31.89132,140.10697,-1
-32.03605,140.60469,-1
-32.07696,140.64811,-1
-31.9149,140.11234,-1
-31.98898,140.07293,-1
-30.57776,139.18602,-1
-32.03469,139.94971,-1
-30.63466,139.21629,-1
-31.89132,140.10697,-1
-32.03605,140.60469,-1
-32.14408,135.82943,-1
-31.29085,138.63354,-1
-31.98898,140.07293,-1
-32.67971,135.67585,-1
-32.67997,135.53375,-1
-31.9447,140.10804,-1
-30.43271,139.24936,-1
-30.48964,138.85563,-1
-32.49122,135.57572,-1
-30.57164,139.1326,-1
-32.11803,139.90748,-1
-30.35654,139.24176,-1
-32.67997,135.53375,-1
-31.9447,140.10804,-1
-31.19221,138.62305,-1
-32.17449,135.82355,-1
-31.98898,140.07293,-1
-32.26049,139.89231,-1
-31.98898,140.07293,-1
-31.18081,138.85181,-1
-32.03469,139.94971,-1
-31.19041,138.60693,-1
-31.98744,139.89427,-1
-31.92278,140.13646,-1
-31.90647,140.08169,-1
-32.11954,139.94507,-1
-31.90647,140.08169,-1
-31.18081,138.85181,-1
-32.03469,139.94971,-1
-32.01766,140.10333,-1
-31.98744,139.89427,-1
-32.23913,139.88736,-1
-31.90647,140.08169,-1
-31.2512,138.86706,-1
-31.13167,138.63704,-1
-31.18081,138.85181,-1
-32.01605,139.99695,-1
-32.60244,135.75927,-1
-31.93913,140.07646,-1
-32.23913,139.88736,-1
-31.90647,140.08169,-1
-32.81282,136.03268,-1
-29.85796,133.61733,-1
-32.01617,139.96597,-1
-32.01605,139.99695,-1
-32.60244,135.75927,-1
-30.63466,139.21629,-1
-31.92278,140.13646,-1
-30.29373,139.24902,-1
-32.01894,140.05876,-1
-32.03913,140.0662,-1
-32.13008,139.9733,-1
-32.01605,139.99695,-1
-32.51501,136.01992,-1
-31.9447,140.10804,-1
-32.54089,135.50708,-1
-32.01605,139.99695,-1
-32.07696,140.64811,-1
-32.0239,140.00767,-1
-32.01617,139.96597,-1
-32.01605,139.99695,-1
-31.45248,138.88758,-1
-31.42766,138.67016,-1
-30.4665,139.21277,-1
-32.01605,139.99695,-1
-30.62817,139.28099,-1
-32.01617,139.96597,-1
-32.13008,139.9733,-1
-32.12089,139.95696,-1
-31.94711,140.09851,-1
-32.03913,140.0662,-1
-31.51755,138.83068,-1
-32.01605,139.99695,-1
-32.01894,140.05876,-1
-30.57164,139.1326,-1
-31.95822,140.24853,-1
-30.54851,139.383,-1
-30.9784,138.52079,-1
-31.93913,140.07646,-1
-32.51501,136.01992,-1
-33.2921,137.31143,-1
-34.61749,139.46108,-1
-31.18081,138.85181,-1
-32.00324,140.0755,-1
-32.00324,140.0755,-1
-34.67929,139.53458,-1
-31.93913,140.07646,-1
-32.02424,140.42206,-1
-32.01605,139.99695,-1
-32.01894,140.05876,-1
-32.01617,139.96597,-1
-30.56713,139.15176,-1
-32.00324,140.0755,-1
-31.9149,140.11234,-1
-31.93913,140.07646,-1
-32.02424,140.42206,-1
-30.65502,139.33416,-1
-31.32741,138.62961,-1
-32.01617,139.96597,-1
-30.56713,139.15176,-1
-32.00324,140.0755,-1
-31.92353,140.07315,-1
-32.03605,140.60469,-1
-29.87653,133.59536,-1
-31.93712,140.13697,-1
-32.06352,140.38349,-1
-31.18081,138.85181,-1
-30.56713,139.15176,-1
-30.57776,139.18602,-1
-31.92353,140.07315,-1
-30.38333,139.25126,-1
-32.02424,140.42206,-1
-32.01894,140.05876,-1
-32.13683,140.23552,-1
-31.29987,138.80077,-1
-30.56713,139.15176,-1
-31.93712,140.13697,-1
-31.92353,140.07315,-1
-32.96063,137.58839,-1
-32.02848,139.95754,-1
-31.92353,140.07315,-1
-32.81282,136.03268,-1
-31.29987,138.80077,-1
-30.56713,139.15176,-1
-30.57776,139.18602,-1
-31.92353,140.07315,-1
-30.9784,138.52079,-1
-31.98417,140.20935,-1
-31.92353,140.07315,-1
-32.01894,140.05876,-1
-30.57164,139.1326,-1
-30.26893,139.31946,-1
-32.67733,135.64294,-1
-32.03469,139.94971,-1
-31.93913,140.07646,-1
-31.98417,140.20935,-1
-31.92353,140.07315,-1
-32.01894,140.05876,-1
-32.06263,140.6347,-1
-30.58023,139.44017,-1
-30.58998,139.19156,-1
-32.03469,139.94971,-1
-31.43901,138.72753,-1
-31.93913,140.07646,-1
-31.92353,140.07315,-1
-32.49493,135.54825,-1
-31.89132,140.10697,-1
-31.95822,140.24853,-1
-32.67733,135.64294,-1
-32.03469,139.94971,-1
-32.03913,140.0662,-1
-31.93913,140.07646,-1
-32.04416,140.15145,-1
-32.74946,135.92873,-1
-32.00324,140.0755,-1
-30.57164,139.1326,-1
-31.96441,140.24526,-1
-32.03469,139.94971,-1
-31.93913,140.07646,-1
-30.9784,138.52079,-1
-31.92353,140.07315,-1
-31.93712,140.13697,-1
-32.00324,140.0755,-1
-30.57164,139.1326,-1
-31.96441,140.24526,-1
-32.03469,139.94971,-1
-31.7602,140.58125,-1
-32.11726,139.93883,-1
-31.9447,140.10804,-1
-32.14232,140.30733,-1
-32.81773,136.02469,-1
-30.35654,139.24176,-1
-31.96441,140.24526,-1
-32.03469,139.94971,-1
-31.51368,138.84579,-1
-32.11726,139.93883,-1
-31.9447,140.10804,-1
-31.9447,140.10804,-1
-31.95822,140.24853,-1
-30.27894,139.21692,-1
-32.70857,135.68125,-1
-32.03469,139.94971,-1
-31.9447,140.10804,-1
-31.93913,140.07646,-1
-32.17449,135.82355,-1
-32.02848,139.95754,-1
-31.95822,140.24853,-1
-31.93712,140.13697,-1
-31.97766,140.40018,-1
-32.03469,139.94971,-1
-31.36477,138.76404,-1
-31.92278,140.13646,-1
-31.9149,140.11234,-1
-30.40201,139.24102,-1
-31.95822,140.24853,-1
-30.47,139.4708,-1
-31.96045,139.90686,-1
-30.22085,139.17947,-1
-31.36477,138.76404,-1
-31.98417,140.20935,-1
-31.9149,140.11234,-1
-30.63466,139.21629,-1
-32.00324,140.0755,-1
-32.13803,140.01077,-1
-31.98898,140.07293,-1
-31.90665,140.31037,-1
-31.07094,138.62597,-1
-31.98417,140.20935,-1
-31.9149,140.11234,-1
-32.01616,139.89849,-1
-32.06263,140.6347,-1
-30.44844,139.2879,-1
-31.98898,140.07293,-1
-32.81282,136.03268,-1
-31.9447,140.10804,-1
-31.98417,140.20935,-1
-31.98417,140.20935,-1
-31.93913,140.07646,-1
-32.00324,140.0755,-1
-32.50044,135.53513,-1
-31.30971,138.63641,-1
-32.17449,135.82355,-1
-32.14232,140.30733,-1
-31.98417,140.20935,-1
-30.9784,138.52079,-1
-30.63466,139.21629,-1
-31.89132,140.10697,-1
-30.44844,139.2879,-1
-32.13683,140.23552,-1
-31.34566,138.80836,-1
-31.07094,138.62597,-1
-32.67827,135.66408,-1
-30.70254,139.40956,-1
-32.03605,140.60469,-1
-30.56713,139.15176,-1
-30.62952,139.32193,-1
-31.32741,138.62961,-1
-31.90647,140.08169,-1
-31.9447,140.10804,-1
-31.96375,140.35639,-1
-31.9149,140.11234,-1
-31.16686,138.63181,-1
-30.58842,139.10866,-1
-31.2512,138.86706,-1
-32.06352,140.38349,-1
-31.90647,140.08169,-1
-32.02424,140.42206,-1
-32.09605,140.29804,-1
-31.9149,140.11234,-1
-31.9149,140.11234,-1
-30.24483,139.19729,-1
-32.02424,140.42206,-1
-31.92353,140.07315,-1
-31.95822,140.24853,-1
-32.02424,140.42206,-1
-31.89132,140.10697,-1
-32.03605,140.60469,-1
-32.16814,135.71269,-1
-30.45673,139.23424,-1
-32.02424,140.42206,-1
-31.92353,140.07315,-1
-31.95822,140.24853,-1
-32.02424,140.42206,-1
-30.35654,139.24176,-1
-32.55918,135.67903,-1
-32.0239,140.00767,-1
-31.92353,140.07315,-1
-32.02424,140.42206,-1
-31.92353,140.07315,-1
-31.90647,140.08169,-1
-30.62952,139.32193,-1
-32.16531,135.73148,-1
-31.9447,140.10804,-1
-31.92278,140.13646,-1
-31.92353,140.07315,-1
-32.02424,140.42206,-1
-30.47,139.4708,-1
-31.7602,140.58125,-1
-31.2878,138.82819,-1
-32.16531,135.73148,-1
-31.9447,140.10804,-1
-31.98417,140.20935,-1
-31.92353,140.07315,-1
-32.67997,135.53375,-1
-31.92353,140.07315,-1
-31.2512,138.86706,-1
-31.98417,140.20935,-1
-32.17673,140.04821,-1
-30.57059,139.43805,-1
-32.17293,135.80111,-1
-32.02424,140.42206,-1
-32.02424,140.42206,-1
-31.21269,138.64617,-1
-31.98898,140.07293,-1
-30.40166,138.7784,-1
-32.02855,140.11382,-1
-32.16814,135.71269,-1
-30.48964,138.85563,-1
-30.31852,139.21714,-1
-32.02855,140.11382,-1
-32.09853,140.28086,-1
-31.98898,140.07293,-1
-31.7602,140.58125,-1
-32.02855,140.11382,-1
-32.15064,140.26781,-1
-31.98417,140.20935,-1
-30.44619,139.29817,-1
-32.02855,140.11382,-1
-31.30057,138.63594,-1
-31.98898,140.07293,-1
-31.7602,140.58125,-1
-30.39353,139.24595,-1
-31.92353,140.07315,-1
-32.16531,135.73148,-1
-32.81282,136.03268,-1
-30.39353,139.24595,-1
-31.51755,138.79831,-1
-31.98898,140.07293,-1
-31.7602,140.58125,-1
-32.02855,140.11382,-1
-30.39353,139.24595,-1
-31.92278,140.13646,-1
-31.11052,138.83013,-1
-32.02855,140.11382,-1
-31.30971,138.63641,-1
-31.98898,140.07293,-1
-30.63466,139.21629,-1
-32.02855,140.11382,-1
-31.92353,140.07315,-1
-31.92278,140.13646,-1
-31.7602,140.58125,-1
-30.40201,139.24102,-1
-32.04479,140.15779,-1
-31.98898,140.07293,-1
-31.95932,140.21708,-1
-31.7602,140.58125,-1
-31.92353,140.07315,-1
-31.30834,138.79906,-1
-31.7602,140.58125,-1
-30.38333,139.25126,-1
-31.30971,138.63641,-1
-32.14408,135.82943,-1
-31.94711,140.09851,-1
-30.38333,139.25126,-1
-31.92353,140.07315,-1
-32.04416,140.15145,-1
-31.363,138.57732,-1
-31.363,138.57732,-1
-31.41843,138.69938,-1
-32.14408,135.82943,-1
-31.95932,140.21708,-1
-30.58998,139.19156,-1
-31.92353,140.07315,-1
-30.57164,139.1326,-1
-31.7602,140.58125,-1
-31.51755,138.83068,-1
-32.04479,140.15779,-1
-32.14408,135.82943,-1
-31.95932,140.21708,-1
-31.363,138.57732,-1
-31.93913,140.07646,-1
-30.57164,139.1326,-1
-32.02855,140.11382,-1
-31.7602,140.58125,-1
-32.04479,140.15779,-1
-30.57771,139.02168,-1
-32.17673,140.04821,-1
-31.7602,140.58125,-1
-30.39353,139.24595,-1
-31.38939,138.56765,-1
-32.59043,135.69724,-1
-30.38333,139.25126,-1
-30.63087,139.25743,-1
-32.15813,135.78438,-1
-30.58935,139.44188,-1
-31.37217,138.57393,-1
-31.80007,140.57441,-1
-31.31553,138.71747,-1
-30.39353,139.24595,-1
-31.9447,140.10804,-1
-32.27012,139.878,-1
-32.15813,135.78438,-1
-31.34462,138.58447,-1
-31.97766,140.40018,-1
-30.63128,139.22797,-1
-30.37351,139.25568,-1
-31.9447,140.10804,-1
-31.9447,140.10804,-1
-32.11803,139.90748,-1
-32.19341,139.88593,-1
-32.12212,140.24163,-1
-32.12672,139.96354,-1
-30.63128,139.22797,-1
-32.78142,135.92618,-1
-32.03605,140.60469,-1
-32.8404,136.18055,-1
-31.90647,140.08169,-1
-32.14408,135.82943,-1
-31.42277,138.71693,-1
-32.02252,140.23427,-1
-31.98898,140.07293,-1
-31.42277,138.71693,-1
-32.03605,140.60469,-1
-31.9447,140.10804,-1
-31.90647,140.08169,-1
-30.57771,139.02168,-1
-32.12212,140.24163,-1
-32.02252,140.23427,-1
-31.98898,140.07293,-1
-32.06263,140.6347,-1
-30.9784,138.52079,-1
-31.9447,140.10804,-1
-31.90647,140.08169,-1
-32.67733,135.64294,-1
-32.12212,140.24163,-1
-30.43271,139.24936,-1
-31.98898,140.07293,-1
-31.2403,138.86417,-1
-31.38071,138.57162,-1
-31.9447,140.10804,-1
-32.14408,135.82943,-1
-32.01605,139.99695,-1
-32.12212,140.24163,-1
-31.204,137.45837,-1
-31.98898,140.07293,-1
-32.03469,139.94971,-1
-31.93913,140.07646,-1
-31.9447,140.10804,-1
-31.90647,140.08169,-1
-32.01605,139.99695,-1
-32.12212,140.24163,-1
-30.35525,139.22657,-1
-31.98898,140.07293,-1
-32.02424,140.42206,-1
-31.93913,140.07646,-1
-30.9784,138.52079,-1
-31.93712,140.13697,-1
-32.01605,139.99695,-1
-31.9513,140.23902,-1
-30.35525,139.22657,-1
-31.98898,140.07293,-1
-31.36477,138.76404,-1
-31.93913,140.07646,-1
-30.9784,138.52079,-1
-31.93712,140.13697,-1
-32.01605,139.99695,-1
-31.9149,140.11234,-1
-32.1087,140.70205,-1
-31.98898,140.07293,-1
-32.03605,140.60469,-1
-31.93913,140.07646,-1
-30.63466,139.21629,-1
-31.46208,138.74076,-1
-32.01605,139.99695,-1
-31.9149,140.11234,-1
-31.7464,140.58144,-1
-31.7602,140.58125,-1
-32.01616,139.89849,-1
-31.93913,140.07646,-1
-31.93913,140.07646,-1
-31.99557,139.96871,-1
-32.01605,139.99695,-1
-31.9149,140.11234,-1
-30.56713,139.15176,-1
-31.7602,140.58125,-1
-31.38071,138.57162,-1
-31.93913,140.07646,-1
-31.93913,140.07646,-1
-31.90647,140.08169,-1
-32.12089,139.95696,-1
-32.03605,140.60469,-1
-30.56713,139.15176,-1
-31.42277,138.71693,-1
-32.03913,140.0662,-1
-32.03913,140.0662,-1
-31.93913,140.07646,-1
-31.93712,140.13697,-1
-32.01605,139.99695,-1
-30.48964,138.85563,-1
-30.47308,139.22619,-1
-32.04479,140.15779,-1
-30.01778,135.0684,-1
-32.01616,139.89849,-1
-31.93913,140.07646,-1
-31.99557,139.96871,-1
-32.01605,139.99695,-1
-31.92278,140.13646,-1
-32.0239,140.00767,-1
-31.30971,138.63641,-1
-32.11726,139.93883,-1
-31.93712,140.13697,-1
-32.17293,135.80111,-1
-32.14408,135.82943,-1
-32.01605,139.99695,-1
-30.57507,139.03971,-1
-31.92353,140.07315,-1
-31.41843,138.69938,-1
-32.17293,135.80111,-1
-32.13803,140.01077,-1
-32.16814,135.71269,-1
-30.57771,139.02168,-1
-32.1128,140.30289,-1
-32.0239,140.00767,-1
-32.09853,140.28086,-1
-31.9513,140.23902,-1
-30.56713,139.15176,-1
-31.92353,140.07315,-1
-32.15064,140.26781,-1
-32.15813,135.78438,-1
-32.06352,140.38349,-1
-32.16531,135.73148,-1
-32.0239,140.00767,-1
-31.26462,138.62397,-1
-31.95822,140.24853,-1
-32.53153,135.5113,-1
-32.16814,135.71269,-1
-32.15813,135.78438,-1
-32.50044,135.53513,-1
-32.09853,140.28086,-1
-31.92353,140.07315,-1
-31.32741,138.62961,-1
-31.95822,140.24853,-1
-31.89132,140.10697,-1
-32.16814,135.71269,-1
-32.15813,135.78438,-1
-30.35525,139.22657,-1
-31.98417,140.20935,-1
-31.92353,140.07315,-1
-32.06352,140.38349,-1
-32.00324,140.0755,-1
-32.02855,140.11382,-1
-31.36477,138.76404,-1
-32.15813,135.78438,-1
-32.02424,140.42206,-1
-31.98417,140.20935,-1
-31.92353,140.07315,-1
-32.81282,136.03268,-1
-32.00324,140.0755,-1
-30.57059,139.43805,-1
-32.16814,135.71269,-1
-32.19341,139.88593,-1
-32.03469,139.94971,-1
-31.98417,140.20935,-1
-31.92353,140.07315,-1
-31.04477,138.55939,-1
-32.64445,135.46244,-1
-32.01766,140.10333,-1
-30.63466,139.21629,-1
-32.14408,135.82943,-1
-30.45985,139.24518,-1
-31.98417,140.20935,-1
-31.92353,140.07315,-1
-32.04479,140.15779,-1
-32.16774,135.74962,-1
-32.01766,140.10333,-1
-30.63466,139.21629,-1
-32.19341,139.88593,-1
-32.01605,139.99695,-1
-32.64445,135.46244,-1
-31.50403,138.79393,-1
-31.81458,140.5805,-1
-31.9447,140.10804,-1
-32.01766,140.10333,-1
-31.03837,138.60712,-1
-32.14408,135.82943,-1
-32.11602,139.92868,-1
-32.64445,135.46244,-1
-31.89132,140.10697,-1
-31.81458,140.5805,-1
-32.15372,140.2553,-1
-31.92353,140.07315,-1
-32.03605,140.60469,-1
-31.90647,140.08169,-1
-32.02424,140.42206,-1
-30.71068,139.44586,-1
-31.82945,140.58042,-1
-30.45673,139.23424,-1
-30.38333,139.25126,-1
-31.92353,140.07315,-1
-31.9149,140.11234,-1
-32.11803,139.90748,-1
-32.02424,140.42206,-1
-32.16531,135.73148,-1
-31.31553,138.71747,-1
-30.41324,139.42035,-1
-31.07094,138.62597,-1
-31.92353,140.07315,-1
-31.9149,140.11234,-1
-31.99557,139.96871,-1
-32.02424,140.42206,-1
-31.92278,140.13646,-1
-32.83857,136.00706,-1
-32.03469,139.94971,-1
-30.58998,139.19156,-1
-30.4182,139.22798,-1
-32.17449,135.82355,-1
-32.01766,140.10333,-1
-30.47,139.4708,-1
-31.50403,138.79393,-1
-31.94711,140.09851,-1
-32.03469,139.94971,-1
-31.7602,140.58125,-1
-31.99233,139.97452,-1
-31.9149,140.11234,-1
-32.01766,140.10333,-1
-31.92353,140.07315,-1
-32.67997,135.53375,-1
-32.06263,140.6347,-1
-32.13803,140.01077,-1
-31.7602,140.58125,-1
-31.78477,140.57344,-1
-31.9149,140.11234,-1
-32.01766,140.10333,-1
-31.92353,140.07315,-1
-30.57151,139.03592,-1
-32.06263,140.6347,-1
-31.27987,138.78087,-1
-31.2878,138.82819,-1
-32.84041,136.19829,-1
-31.98417,140.20935,-1
-32.01766,140.10333,-1
-31.92353,140.07315,-1
-32.67997,135.53375,-1
-32.06263,140.6347,-1
-32.00786,139.96369,-1
-32.16814,135.71269,-1
-32.04057,140.01994,-1
-30.57059,139.43805,-1
-32.01766,140.10333,-1
-31.92353,140.07315,-1
-32.66761,135.63741,-1
-32.1087,140.70205,-1
-32.11954,139.94507,-1
-32.16814,135.71269,-1
-32.02848,139.95754,-1
-30.47,139.4708,-1
-31.13167,138.63704,-1
-31.92353,140.07315,-1
-32.03469,139.94971,-1
-32.06263,140.6347,-1
-32.02252,140.23427,-1
-32.16814,135.71269,-1
-32.02848,139.95754,-1
-31.92353,140.07315,-1
-31.98898,140.07293,-1
-31.7602,140.58125,-1
-32.03469,139.94971,-1
-32.72363,135.68703,-1
-32.06263,140.6347,-1
-32.16814,135.71269,-1
-31.20211,138.64023,-1
-31.92353,140.07315,-1
-31.98898,140.07293,-1
-31.7602,140.58125,-1
-32.03469,139.94971,-1
-30.4432,138.78801,-1
-32.03605,140.60469,-1
-32.16814,135.71269,-1
-31.20211,138.64023,-1
-31.92353,140.07315,-1
-31.98898,140.07293,-1
-30.58998,139.19156,-1
-32.00324,140.0755,-1
-32.03469,139.94971,-1
-32.03605,140.60469,-1
-32.16814,135.71269,-1
-32.02848,139.95754,-1
-32.00324,140.0755,-1
-31.98898,140.07293,-1
-30.58998,139.19156,-1
-32.00324,140.0755,-1
-32.03469,139.94971,-1
-32.06263,140.6347,-1
-31.2878,138.82819,-1
-32.04057,140.01994,-1
-32.00324,140.0755,-1
-31.98898,140.07293,-1
-30.58998,139.19156,-1
-30.44844,139.2879,-1
-32.03469,139.94971,-1
-32.06263,140.6347,-1
-31.98417,140.20935,-1
-32.12212,140.24163,-1
-32.01605,139.99695,-1
-31.98898,140.07293,-1
-32.03469,139.94971,-1
-30.44844,139.2879,-1
-32.03469,139.94971,-1
-32.1087,140.70205,-1
-32.16814,135.71269,-1
-32.12212,140.24163,-1
-32.74946,135.92873,-1
-30.57287,139.02978,-1
-30.45673,139.23424,-1
-30.44844,139.2879,-1
-31.95932,140.21708,-1
-30.58998,139.19156,-1
-32.16814,135.71269,-1
-31.29987,138.80077,-1
-32.17449,135.82355,-1
-32.06835,140.64648,-1
-31.92353,140.07315,-1
-31.81458,140.5805,-1
-31.95932,140.21708,-1
-30.45673,139.23424,-1
-32.16814,135.71269,-1
-31.29987,138.80077,-1
-32.17449,135.82355,-1
-30.57692,139.01214,-1
-31.92353,140.07315,-1
-32.07696,140.64811,-1
-32.83857,136.00706,-1
-31.92353,140.07315,-1
-32.16814,135.71269,-1
-31.18081,138.85181,-1
-32.01894,140.05876,-1
-31.97766,140.40018,-1
-31.92353,140.07315,-1
-32.07696,140.64811,-1
-32.01766,140.10333,-1
-31.90647,140.08169,-1
-32.16814,135.71269,-1
-31.18081,138.85181,-1
-31.30057,138.63594,-1
-32.13683,140.23552,-1
-31.92353,140.07315,-1
-32.1128,140.30289,-1
-31.27987,138.78087,-1
-32.14408,135.82943,-1
-32.16814,135.71269,-1
-32.01617,139.96597,-1
-30.58023,139.44017,-1
-32.49122,135.57572,-1
-31.92353,140.07315,-1
-31.93712,140.13697,-1
-31.93712,140.13697,-1
-31.90647,140.08169,-1
-31.9149,140.11234,-1
-32.01617,139.96597,-1
-31.94242,140.14959,-1
-31.97766,140.40018,-1
-31.92353,140.07315,-1
-31.93712,140.13697,-1
-32.01894,140.05876,-1
-31.93712,140.13697,-1
-31.9149,140.11234,-1
-32.13008,139.9733,-1
-32.04479,140.15779,-1
-31.92278,140.13646,-1
-31.92353,140.07315,-1
-32.67827,135.66408,-1
-32.01894,140.05876,-1
-32.11803,139.90748,-1
-32.12212,140.24163,-1
-32.01617,139.96597,-1
-31.42766,138.67016,-1
-31.92278,140.13646,-1
-30.45673,139.23424,-1
-32.15064,140.26781,-1
-30.57692,139.01214,-1
-31.26462,138.62397,-1
-32.26049,139.89231,-1
-30.37351,139.25568,-1
-32.15813,135.78438,-1
-32.16734,135.76572,-1
-30.45673,139.23424,-1
-32.16814,135.71269,-1
-31.93712,140.13697,-1
-31.90647,140.08169,-1
-32.12212,140.24163,-1
-32.07696,140.64811,-1
-32.15813,135.78438,-1
-30.57692,139.01214,-1
-31.37217,138.57393,-1
-32.16814,135.71269,-1
-32.22871,139.8797,-1
-31.90647,140.08169,-1
-32.12212,140.24163,-1
-30.27894,139.21692,-1
-30.57287,139.02978,-1
-30.58023,139.44017,-1
-31.96441,140.24526,-1
-32.15064,140.26781,-1
-32.00324,140.0755,-1
-32.66761,135.63741,-1
-31.78477,140.57344,-1
-32.07696,140.64811,-1
-32.01381,140.20794,-1
-31.27987,138.78087,-1
-31.97766,140.40018,-1
-32.16814,135.71269,-1
-32.00324,140.0755,-1
-32.49122,135.57572,-1
-32.12212,140.24163,-1
-31.97513,140.22166,-1
-31.30971,138.63641,-1
-31.27987,138.78087,-1
-32.67997,135.53375,-1
-31.9149,140.11234,-1
-30.64348,139.38444,-1
-31.96441,140.24526,-1
-32.24841,139.89648,-1
-31.32913,137.51904,-1
-31.98898,140.07293,-1
-31.27987,138.78087,-1
-32.11954,139.94507,-1
-31.9149,140.11234,-1
-32.01605,139.99695,-1
-30.55432,139.40243,-1
-32.24841,139.89648,-1
-31.97043,140.07294,-1
-31.98898,140.07293,-1
-30.35525,139.22657,-1
-32.06352,140.38349,-1
-30.57771,139.02168,-1
-32.12089,139.95696,-1
-31.37217,138.57393,-1
-31.29831,138.82298,-1
-32.68114,135.65373,-1
-31.90647,140.08169,-1
-32.13803,140.01077,-1
-31.42752,138.70385,-1
-32.15064,140.26781,-1
-32.67733,135.64294,-1
-30.64348,139.38444,-1
-32.03823,140.59436,-1
-31.97043,140.07294,-1
-32.14408,135.82943,-1
-31.51368,138.84579,-1
-32.13683,140.23552,-1
-32.15064,140.26781,-1
-31.03837,138.60712,-1
-30.65502,139.33416,-1
-31.46631,138.88626,-1
-31.97043,140.07294,-1
-31.98898,140.07293,-1
-32.01894,140.05876,-1
-32.13683,140.23552,-1
-30.45673,139.23424,-1
-30.58998,139.19156,-1
-30.65502,139.33416,-1
-31.94711,140.09851,-1
-31.97043,140.07294,-1
-30.70848,139.42183,-1
-32.01894,140.05876,-1
-30.64348,139.38444,-1
-31.92353,140.07315,-1
-32.00324,140.0755,-1
-32.01894,140.05876,-1
-31.94711,140.09851,-1
-31.97043,140.07294,-1
-31.90647,140.08169,-1
-32.01894,140.05876,-1
-32.00324,140.0755,-1
-31.92353,140.07315,-1
-31.32741,138.62961,-1
-31.96441,140.24526,-1
-32.04769,140.61185,-1
-31.97043,140.07294,-1
-31.90647,140.08169,-1
-32.52907,136.01964,-1
-31.32741,138.62961,-1
-31.50403,138.79393,-1
-32.01605,139.99695,-1
-31.96441,140.24526,-1
-31.25665,138.61794,-1
-31.97043,140.07294,-1
-31.90647,140.08169,-1
-31.92278,140.13646,-1
-31.93712,140.13697,-1
-31.50403,138.79393,-1
-32.01605,139.99695,-1
-31.92278,140.13646,-1
-31.25665,138.61794,-1
-32.01381,140.20794,-1
-31.90647,140.08169,-1
-31.92278,140.13646,-1
-31.27987,138.78087,-1
-31.92353,140.07315,-1
-32.01894,140.05876,-1
-31.92278,140.13646,-1
-32.26049,139.89231,-1
-32.01381,140.20794,-1
-31.93712,140.13697,-1
-32.14408,135.82943,-1
-31.27987,138.78087,-1
-31.92353,140.07315,-1
-32.1128,140.30289,-1
-32.49122,135.57572,-1
-31.19041,138.60693,-1
-30.47347,138.83221,-1
-31.93712,140.13697,-1
-30.57776,139.18602,-1
-30.57776,139.18602,-1
-31.92353,140.07315,-1
-32.50044,135.53513,-1
-30.64348,139.38444,-1
-31.19041,138.60693,-1
-30.3808,139.28146,-1
-32.01605,139.99695,-1
-31.90647,140.08169,-1
-31.93712,140.13697,-1
-31.92353,140.07315,-1
-30.44786,139.23481,-1
-31.92278,140.13646,-1
-32.01766,140.10333,-1
-31.97766,140.40018,-1
-30.31526,139.22839,-1
-31.93712,140.13697,-1
-30.57692,139.01214,-1
-31.92353,140.07315,-1
-30.58998,139.19156,-1
-32.11602,139.92868,-1
-32.01766,140.10333,-1
-31.97766,140.40018,-1
-32.67733,135.64294,-1
-30.44844,139.2879,-1
-32.12672,139.96354,-1
-31.89132,140.10697,-1
-31.96441,140.24526,-1
-32.67733,135.64294,-1
-32.01766,140.10333,-1
-32.02252,140.23427,-1
-32.01605,139.99695,-1
-31.97043,140.07294,-1
-31.51449,138.89288,-1
-31.89132,140.10697,-1
-31.21269,138.64617,-1
-32.02424,140.42206,-1
-32.01766,140.10333,-1
-32.02252,140.23427,-1
-32.01605,139.99695,-1
-31.97043,140.07294,-1
-31.98898,140.07293,-1
-31.20211,138.64023,-1
-31.96441,140.24526,-1
-31.37796,138.77268,-1
-32.01766,140.10333,-1
-30.57776,139.18602,-1
-30.58998,139.19156,-1
-31.7602,140.58125,-1
-30.35654,139.24176,-1
-32.12212,140.24163,-1
-31.96441,140.24526,-1
-30.9784,138.52079,-1
-32.01766,140.10333,-1
-32.67997,135.53375,-1
-32.67733,135.64294,-1
-31.7602,140.58125,-1
-31.98898,140.07293,-1
-32.01766,140.10333,-1
-30.32705,138.71155,-1
-31.90647,140.08169,-1
-32.60244,135.75927,-1
-30.39353,139.24595,-1
-32.1128,140.30289,-1
-31.90647,140.08169,-1
-31.98898,140.07293,-1
-31.31553,138.71747,-1
-32.03605,140.60469,-1
-31.90647,140.08169,-1
-31.2512,138.86706,-1
-32.02855,140.11382,-1
-31.80007,140.57441,-1
-32.53153,135.5113,-1
-31.98898,140.07293,-1
-31.2403,138.86417,-1
-32.17293,135.80111,-1
-31.90647,140.08169,-1
-32.82852,136.11229,-1
-32.02855,140.11382,-1
-31.89132,140.10697,-1
-31.97334,140.31212,-1
-31.98898,140.07293,-1
-31.2403,138.86417,-1
-30.39353,139.24595,-1
-34.08344,140.12016,-1
-32.02855,140.11382,-1
-32.03469,139.94971,-1
-30.43271,139.24936,-1
-31.7602,140.58125,-1
-31.98898,140.07293,-1
-32.06263,140.6347,-1
-32.02252,140.23427,-1
-32.53153,135.5113,-1
-31.9447,140.10804,-1
-31.7464,140.58144,-1
-31.19221,138.62305,-1
-31.7602,140.58125,-1
-30.57507,139.03971,-1
-32.06263,140.6347,-1
-31.09558,138.80977,-1
-31.30057,138.63594,-1
-32.04057,140.01994,-1
-31.95551,140.27603,-1
-31.31553,138.71747,-1
-32.06835,140.64648,-1
-32.02252,140.23427,-1
-31.89132,140.10697,-1
-32.02252,140.23427,-1
-32.02424,140.42206,-1
-32.02855,140.11382,-1
-31.9447,140.10804,-1
-32.03605,140.60469,-1
-31.2512,138.86706,-1
-32.81282,136.03268,-1
-32.07696,140.64811,-1
-32.02252,140.23427,-1
-32.02424,140.42206,-1
-32.02855,140.11382,-1
-31.9447,140.10804,-1
-32.06263,140.6347,-1
-30.44844,139.2879,-1
-31.99557,139.96871,-1
-30.27894,139.21692,-1
-31.03837,138.60712,-1
-30.26893,139.31946,-1
-30.39353,139.24595,-1
-31.7464,140.58144,-1
-32.03605,140.60469,-1
-32.27012,139.878,-1
-32.11954,139.94507,-1
-30.37351,139.25568,-1
-31.03837,138.60712,-1
-32.04479,140.15779,-1
-30.39353,139.24595,-1
-31.51368,138.84579,-1
-30.39353,139.24595,-1
-32.01381,140.20794,-1
-32.67997,135.53375,-1
-31.89132,140.10697,-1
-31.32823,138.70418,-1
-32.04479,140.15779,-1
-30.45673,139.23424,-1
-30.30096,134.74221,-1
-32.1087,140.70205,-1
-32.07696,140.64811,-1
-31.51755,138.83068,-1
-32.00324,140.0755,-1
-32.02424,140.42206,-1
-31.99233,139.97452,-1
-31.92353,140.07315,-1
-31.9447,140.10804,-1
-32.00324,140.0755,-1
-32.07696,140.64811,-1
-30.57776,139.18602,-1
-32.00324,140.0755,-1
-32.02424,140.42206,-1
-31.97043,140.07294,-1
-31.92353,140.07315,-1
-31.7464,140.58144,-1
-32.00324,140.0755,-1
-32.148,139.98404,-1
-30.39353,139.24595,-1
-32.00324,140.0755,-1
-32.02848,139.95754,-1
-31.97043,140.07294,-1
-31.92353,140.07315,-1
-31.16588,138.58662,-1
-31.9447,140.10804,-1
-32.27012,139.878,-1
-30.39353,139.24595,-1
-32.00324,140.0755,-1
-32.02848,139.95754,-1
-31.97043,140.07294,-1
-31.92353,140.07315,-1
-30.58998,139.19156,-1
-31.9447,140.10804,-1
-30.27894,139.21692,-1
-32.03469,139.94971,-1
-31.95822,140.24853,-1
-32.02424,140.42206,-1
-31.97043,140.07294,-1
-31.92353,140.07315,-1
-32.67733,135.64294,-1
-32.00324,140.0755,-1
-30.27894,139.21692,-1
-30.40201,139.24102,-1
-32.66057,135.64662,-1
-32.02424,140.42206,-1
-31.97043,140.07294,-1
-31.92353,140.07315,-1
-31.03837,138.60712,-1
-32.00324,140.0755,-1
-31.92278,140.13646,-1
-32.02855,140.11382,-1
-32.66057,135.64662,-1
-32.81282,136.03268,-1
-31.97779,139.8942,-1
-31.92353,140.07315,-1
-30.44844,139.2879,-1
-31.9447,140.10804,-1
-32.23913,139.88736,-1
-30.39353,139.24595,-1
-30.57141,139.02958,-1
-32.81282,136.03268,-1
-31.97779,139.8942,-1
-30.63132,139.24215,-1
-31.96375,140.35639,-1
-31.9447,140.10804,-1
-30.57507,139.03971,-1
-30.39353,139.24595,-1
-30.57164,139.1326,-1
-32.81282,136.03268,-1
-30.63511,139.33055,-1
-31.32913,137.51904,-1
-31.96375,140.35639,-1
-31.9447,140.10804,-1
-31.92278,140.13646,-1
-32.02855,140.11382,-1
-30.57164,139.1326,-1
-31.96441,140.24526,-1
-31.16686,138.63181,-1
-30.37351,139.25568,-1
-31.29831,138.82298,-1
-32.02424,140.42206,-1
-31.92278,140.13646,-1
-32.02855,140.11382,-1
-32.67971,135.67585,-1
-31.96441,140.24526,-1
-32.01894,140.05876,-1
-32.27012,139.878,-1
-32.67827,135.66408,-1
-31.30834,138.79906,-1
-30.57507,139.03971,-1
-31.51755,138.83068,-1
-30.2225,139.1948,-1
-31.96441,140.24526,-1
-31.93712,140.13697,-1
-31.97513,140.22166,-1
-32.67827,135.66408,-1
-32.16531,135.73148,-1
-32.17293,135.80111,-1
-32.17449,135.82355,-1
-32.0366,140.11358,-1
-30.64348,139.38444,-1
-30.35525,139.22657,-1
-32.09853,140.28086,-1
-31.89132,140.10697,-1
-32.16531,135.73148,-1
-30.3808,139.28146,-1
-31.9447,140.10804,-1
-30.9784,138.52079,-1
-30.64348,139.38444,-1
-31.50403,138.79393,-1
-32.0239,140.00767,-1
-31.89132,140.10697,-1
-31.38071,138.57162,-1
-32.00324,140.0755,-1
-32.8404,136.18055,-1
-32.04479,140.15779,-1
-31.92278,140.13646,-1
-31.92353,140.07315,-1
-31.96375,140.35639,-1
-32.17673,140.04821,-1
-32.24841,139.89648,-1
-30.56713,139.15176,-1
-32.17293,135.80111,-1
-31.41843,138.69938,-1
-32.59008,135.77629,-1
-33.58804,140.4135,-1
-31.96375,140.35639,-1
-31.89132,140.10697,-1
-30.63466,139.21629,-1
-32.01617,139.96597,-1
-31.9149,140.11234,-1
-31.41843,138.69938,-1
-30.64348,139.38444,-1
-32.01766,140.10333,-1
-31.89132,140.10697,-1
-31.89132,140.10697,-1
-32.16531,135.73148,-1
-32.01617,139.96597,-1
-31.9149,140.11234,-1
-31.9513,140.23902,-1
-31.32741,138.62961,-1
-32.01766,140.10333,-1
-31.19393,138.85184,-1
-31.38939,138.56765,-1
-30.52359,138.42277,-1
-31.18081,138.85181,-1
-31.9149,140.11234,-1
-31.51755,138.79831,-1
-30.57776,139.18602,-1
-32.60244,135.75927,-1
-31.89132,140.10697,-1
-31.98744,139.89427,-1
-30.47,139.4708,-1
-32.01617,139.96597,-1
-32.17449,135.82355,-1
-31.98898,140.07293,-1
-31.90647,140.08169,-1
-32.01766,140.10333,-1
-31.98898,140.07293,-1
-30.5213,138.895,-1
-32.15064,140.26781,-1
-31.92353,140.07315,-1
-31.9149,140.11234,-1
-31.98898,140.07293,-1
-31.93712,140.13697,-1
-32.01766,140.10333,-1
-31.98898,140.07293,-1
-31.94711,140.09851,-1
-32.15064,140.26781,-1
-29.60641,140.4161,-1
-30.22218,139.21058,-1
-31.98898,140.07293,-1
-31.93712,140.13697,-1
-32.01766,140.10333,-1
-31.98898,140.07293,-1
-34.37497,139.48122,-1
-32.15064,140.26781,-1
-31.92353,140.07315,-1
-30.62817,139.28099,-1
-32.11803,139.90748,-1
-31.90647,140.08169,-1
-31.43901,138.72753,-1
-31.98898,140.07293,-1
-30.30719,134.77741,-1
-31.93913,140.07646,-1
-32.05761,140.6207,-1
-31.82945,140.58042,-1
-31.89132,140.10697,-1
-30.57776,139.18602,-1
-30.57059,139.43805,-1
-31.98898,140.07293,-1
-32.26049,139.89231,-1
-31.2403,138.86417,-1
-32.09853,140.28086,-1
-32.17673,140.04821,-1
-31.89132,140.10697,-1
-31.26462,138.62397,-1
-31.9513,140.23902,-1
-31.98898,140.07293,-1
-32.26049,139.89231,-1
-31.11052,138.83013,-1
-32.16531,135.73148,-1
-32.17673,140.04821,-1
-32.00324,140.0755,-1
-32.1087,140.70205,-1
-30.57059,139.43805,-1
-32.68943,135.68208,-1
-31.25665,138.61794,-1
-31.9447,140.10804,-1
-30.35654,139.24176,-1
-31.89132,140.10697,-1
-32.00324,140.0755,-1
-30.58998,139.19156,-1
-31.2512,138.86706,-1
-30.63128,139.22797,-1
-31.42277,138.71693,-1
-31.9447,140.10804,-1
-32.16531,135.73148,-1
-31.89132,140.10697,-1
-31.3424,138.82226,-1
-31.51368,138.84579,-1
-32.02855,140.11382,-1
-30.53948,139.3414,-1
-31.94711,140.09851,-1
-31.9447,140.10804,-1
-32.09853,140.28086,-1
-31.22272,138.85166,-1
-31.7602,140.58125,-1
-30.35525,139.22657,-1
-32.02855,140.11382,-1
-31.98898,140.07293,-1
-32.09853,140.28086,-1
-32.00324,140.0755,-1
-31.9149,140.11234,-1
-31.22272,138.85166,-1
-31.90647,140.08169,-1
-32.02252,140.23427,-1
-31.81458,140.5805,-1
-30.53948,139.3414,-1
-31.92278,140.13646,-1
-32.00192,140.19357,-1
-31.9149,140.11234,-1
-30.46789,139.26423,-1
-31.7602,140.58125,-1
-31.09558,138.80977,-1
-31.03837,138.60712,-1
-31.98898,140.07293,-1
-32.54089,135.50708,-1
-30.38333,139.25126,-1
-31.9149,140.11234,-1
-31.16479,138.84889,-1
-31.7602,140.58125,-1
-32.01894,140.05876,-1
-31.93913,140.07646,-1
-31.98898,140.07293,-1
-32.67827,135.66408,-1
-30.38333,139.25126,-1
-31.9149,140.11234,-1
-32.02424,140.42206,-1
-31.90647,140.08169,-1
-32.01616,139.89849,-1
-31.93913,140.07646,-1
-31.98898,140.07293,-1
-31.32823,138.70418,-1
-32.00192,140.19357,-1
-31.9149,140.11234,-1
-32.01605,139.99695,-1
-31.90647,140.08169,-1
-31.93712,140.13697,-1
-31.93913,140.07646,-1
-31.98898,140.07293,-1
-32.16531,135.73148,-1
-32.00192,140.19357,-1
-31.95932,140.21708,-1
-30.35993,139.25153,-1
-31.90647,140.08169,-1
-31.93712,140.13697,-1
-31.19221,138.62305,-1
-31.98898,140.07293,-1
-31.92278,140.13646,-1
-32.00192,140.19357,-1
-30.39353,139.24595,-1
-32.02424,140.42206,-1
-31.90647,140.08169,-1
-31.32741,138.62961,-1
-32.06263,140.6347,-1
-30.35654,139.24176,-1
-32.54089,135.50708,-1
-32.00192,140.19357,-1
-31.18081,138.85181,-1
-32.02424,140.42206,-1
-31.7602,140.58125,-1
-32.02848,139.95754,-1
-32.06263,140.6347,-1
-32.148,139.98404,-1
-31.98417,140.20935,-1
-32.00192,140.19357,-1
-32.81282,136.03268,-1
-32.02424,140.42206,-1
-31.97334,140.31212,-1
-31.18784,138.80104,-1
-32.06263,140.6347,-1
-31.0924,138.79146,-1
-32.23913,139.88736,-1
-31.19221,138.62305,-1
-32.81282,136.03268,-1
-32.02424,140.42206,-1
-31.90647,140.08169,-1
-32.02252,140.23427,-1
-31.2403,138.86417,-1
-30.9784,138.52079,-1
-31.98417,140.20935,-1
-32.54089,135.50708,-1
-30.56713,139.15176,-1
-32.02424,140.42206,-1
-31.98898,140.07293,-1
-32.11602,139.92868,-1
-31.25665,138.61794,-1
-32.11803,139.90748,-1
-31.2878,138.82819,-1
-31.95932,140.21708,-1
-30.56713,139.15176,-1
-31.97043,140.07294,-1
-30.57287,139.02978,-1
-31.18784,138.80104,-1
-32.04769,140.61185,-1
-30.57507,139.03971,-1
-31.9149,140.11234,-1
-32.67889,135.79029,-1
-31.7464,140.58144,-1
-31.97043,140.07294,-1
-30.57287,139.02978,-1
-32.13803,140.01077,-1
-32.04769,140.61185,-1
-32.66761,135.63741,-1
-31.95551,140.27603,-1
-32.23913,139.88736,-1
-32.81282,136.03268,-1
-31.97043,140.07294,-1
-31.89132,140.10697,-1
-30.31526,139.22839,-1
-32.12212,140.24163,-1
-31.7602,140.58125,-1
-31.7464,140.58144,-1
-32.23913,139.88736,-1
-32.16814,135.71269,-1
-31.97043,140.07294,-1
-31.89132,140.10697,-1
-30.52359,138.42277,-1
-32.12212,140.24163,-1
-32.04479,140.15779,-1
-30.9784,138.52079,-1
-32.01766,140.10333,-1
-32.16814,135.71269,-1
-31.97043,140.07294,-1
-31.89132,140.10697,-1
-30.3808,139.28146,-1
-31.94711,140.09851,-1
-31.41843,138.69938,-1
-32.03913,140.0662,-1
-31.88422,140.30267,-1
-32.15064,140.26781,-1
-31.97043,140.07294,-1
-31.96375,140.35639,-1
-30.3808,139.28146,-1
-31.0924,138.79146,-1
-32.44283,138.75166,-1
-31.98417,140.20935,-1
-32.01766,140.10333,-1
-30.57059,139.43805,-1
-31.97043,140.07294,-1
-32.01381,140.20794,-1
-30.3808,139.28146,-1
-31.07094,138.62597,-1
-31.92353,140.07315,-1
-32.03605,140.60469,-1
-32.01766,140.10333,-1
-31.9513,140.23902,-1
-31.97043,140.07294,-1
-32.01381,140.20794,-1
-32.13803,140.01077,-1
-30.32705,138.71155,-1
-31.92353,140.07315,-1
-32.17293,135.80111,-1
-31.97043,140.07294,-1
-31.9513,140.23902,-1
-31.97043,140.07294,-1
-32.01381,140.20794,-1
-32.16814,135.71269,-1
-31.9447,140.10804,-1
-31.93913,140.07646,-1
-30.54558,139.37279,-1
-32.01617,139.96597,-1
-32.15064,140.26781,-1
-31.97043,140.07294,-1
-30.60285,139.06133,-1
-31.98417,140.20935,-1
-31.9447,140.10804,-1
-31.92353,140.07315,-1
-32.16814,135.71269,-1
-31.97043,140.07294,-1
-32.69878,135.68049,-1
-31.99233,139.97452,-1
-32.01766,140.10333,-1
-31.16479,138.84889,-1
-31.9447,140.10804,-1
-31.92353,140.07315,-1
-32.16814,135.71269,-1
-31.97043,140.07294,-1
-32.03469,139.94971,-1
-32.01381,140.20794,-1
-32.01766,140.10333,-1
-32.1128,140.30289,-1
-32.49693,136.01963,-1
-31.93913,140.07646,-1
-32.16814,135.71269,-1
-31.97043,140.07294,-1
-31.19041,138.60693,-1
-31.97043,140.07294,-1
-32.01766,140.10333,-1
-32.1128,140.30289,-1
-32.04894,140.16198,-1
-31.92353,140.07315,-1
-32.15064,140.26781,-1
-31.97043,140.07294,-1
-31.19041,138.60693,-1
-31.99233,139.97452,-1
-32.60244,135.75927,-1
-31.99233,139.97452,-1
-31.9447,140.10804,-1
-31.92353,140.07315,-1
-32.15064,140.26781,-1
-31.97043,140.07294,-1
-31.19041,138.60693,-1
-30.3808,139.28146,-1
-31.7464,140.58144,-1
-31.97043,140.07294,-1
-31.9447,140.10804,-1
-31.93913,140.07646,-1
-32.16814,135.71269,-1
-31.97043,140.07294,-1
-32.01766,140.10333,-1
-30.2225,139.1948,-1
-32.02855,140.11382,-1
-32.00192,140.19357,-1
-32.0239,140.00767,-1
-31.93913,140.07646,-1
-30.40201,139.24102,-1
-31.99233,139.97452,-1
-32.01766,140.10333,-1
-30.2225,139.1948,-1
-32.02855,140.11382,-1
-32.00324,140.0755,-1
-32.16531,135.73148,-1
-30.35993,139.25153,-1
-31.98417,140.20935,-1
-31.99233,139.97452,-1
-32.01766,140.10333,-1
-32.81282,136.03268,-1
-30.38333,139.25126,-1
-31.89132,140.10697,-1
-31.92278,140.13646,-1
-32.01605,139.99695,-1
-31.98417,140.20935,-1
-32.01617,139.96597,-1
-32.01766,140.10333,-1
-32.83857,136.00706,-1
-30.58998,139.19156,-1
-31.89132,140.10697,-1
-31.92278,140.13646,-1
-32.02252,140.23427,-1
-32.14232,140.30733,-1
-32.59212,135.79686,-1
-32.60244,135.75927,-1
-31.98898,140.07293,-1
-30.58998,139.19156,-1
-32.1128,140.30289,-1
-31.82945,140.58042,-1
-32.02252,140.23427,-1
-32.00192,140.19357,-1
-30.63132,139.24215,-1
-32.50044,135.53513,-1
-31.98898,140.07293,-1
-32.02855,140.11382,-1
-32.07214,140.36635,-1
-31.82945,140.58042,-1
-32.02252,140.23427,-1
-32.00192,140.19357,-1
-32.07696,140.64811,-1
-31.50403,138.79393,-1
-31.98898,140.07293,-1
-32.12212,140.24163,-1
-32.07214,140.36635,-1
-32.03823,140.59436,-1
-30.35525,139.22657,-1
-32.00192,140.19357,-1
-31.97043,140.07294,-1
-31.92353,140.07315,-1
-31.98898,140.07293,-1
-30.62817,139.28099,-1
-30.63132,139.24215,-1
-31.89132,140.10697,-1
-30.44786,139.23481,-1
-32.46093,135.98889,-1
-31.99233,139.97452,-1
-31.92353,140.07315,-1
-31.98898,140.07293,-1
-30.56713,139.15176,-1
-32.00786,139.96369,-1
-31.96375,140.35639,-1
-32.67733,135.64294,-1
-31.16479,138.84889,-1
-31.99233,139.97452,-1
-31.92353,140.07315,-1
-30.63132,139.24215,-1
-30.56713,139.15176,-1
-32.00786,139.96369,-1
-32.16531,135.73148,-1
-31.92353,140.07315,-1
-32.14232,140.30733,-1
-31.99233,139.97452,-1
-31.93913,140.07646,-1
-32.01766,140.10333,-1
-32.06263,140.6347,-1
-32.00786,139.96369,-1
-31.92278,140.13646,-1
-32.67733,135.64294,-1
-31.36477,138.76404,-1
-32.01766,140.10333,-1
-31.92353,140.07315,-1
-32.01766,140.10333,-1
-31.97043,140.07294,-1
-32.01605,139.99695,-1
-31.98417,140.20935,-1
-32.17293,135.80111,-1
-31.9447,140.10804,-1
-32.01766,140.10333,-1
-31.92353,140.07315,-1
-32.01766,140.10333,-1
-31.97043,140.07294,-1
-32.02424,140.42206,-1
-32.16531,135.73148,-1
-32.03605,140.60469,-1
-32.00324,140.0755,-1
-32.01766,140.10333,-1
-31.93913,140.07646,-1
-32.01766,140.10333,-1
-31.97043,140.07294,-1
-31.93913,140.07646,-1
-31.98417,140.20935,-1
-32.17293,135.80111,-1
-30.63065,139.20097,-1
-32.01766,140.10333,-1
-31.92353,140.07315,-1
-32.81282,136.03268,-1
-31.97043,140.07294,-1
-32.16814,135.71269,-1
-32.16531,135.73148,-1
-30.32705,138.71155,-1
-32.00192,140.19357,-1
-30.28785,139.23461,-1
-31.92353,140.07315,-1
-30.57151,139.03592,-1
-31.97043,140.07294,-1
-31.93913,140.07646,-1
-32.23913,139.88736,-1
-30.45591,139.28145,-1
-31.9447,140.10804,-1
-31.96441,140.24526,-1
-31.93913,140.07646,-1
-31.94242,140.14959,-1
-31.97043,140.07294,-1
-31.93913,140.07646,-1
-30.57507,139.03971,-1
-30.39353,139.24595,-1
-32.00324,140.0755,-1
-30.2225,139.1948,-1
-30.58998,139.19156,-1
-30.35993,139.25153,-1
-31.98898,140.07293,-1
-31.92353,140.07315,-1
-30.35654,139.24176,-1
-30.39353,139.24595,-1
-31.9447,140.10804,-1
-31.03837,138.60712,-1
-32.51501,136.01992,-1
-32.01605,139.99695,-1
-31.98898,140.07293,-1
-31.92353,140.07315,-1
-30.58935,139.44188,-1
-30.57141,139.02958,-1
-32.00324,140.0755,-1
-32.04479,140.15779,-1
-31.89132,140.10697,-1
-32.15513,135.81663,-1
-32.04479,140.15779,-1
-31.93913,140.07646,-1
-31.80007,140.57441,-1
-34.00898,139.75573,-1
-31.9447,140.10804,-1
-32.04479,140.15779,-1
-31.89132,140.10697,-1
-32.13683,140.23552,-1
-31.97043,140.07294,-1
-31.93913,140.07646,-1
-32.26049,139.89231,-1
-30.44844,139.2879,-1
-32.02424,140.42206,-1
-32.04479,140.15779,-1
-31.89132,140.10697,-1
-32.01605,139.99695,-1
-31.99233,139.97452,-1
-31.92353,140.07315,-1
-32.67889,135.79029,-1
-31.51449,138.89288,-1
-32.02424,140.42206,-1
-32.26049,139.89231,-1
-31.82945,140.58042,-1
-32.01605,139.99695,-1
-31.97043,140.07294,-1
-30.45673,139.23424,-1
-32.26049,139.89231,-1
-32.01381,140.20794,-1
-30.41324,139.42035,-1
-31.98417,140.20935,-1
-31.89132,140.10697,-1
-32.49122,135.57572,-1
-32.04479,140.15779,-1
-31.92353,140.07315,-1
-32.12212,140.24163,-1
-32.01381,140.20794,-1
-32.03605,140.60469,-1
-31.98417,140.20935,-1
-31.89132,140.10697,-1
-31.96441,140.24526,-1
-31.98898,140.07293,-1
-31.92353,140.07315,-1
-30.24483,139.19729,-1
-30.44844,139.2879,-1
-32.17293,135.80111,-1
-31.19221,138.62305,-1
-31.89132,140.10697,-1
-31.96441,140.24526,-1
-31.98898,140.07293,-1
-31.92353,140.07315,-1
-31.95932,140.21708,-1
-30.953,138.52719,-1
-32.14232,140.30733,-1
-30.9784,138.52079,-1
-30.35617,139.21619,-1
-31.14556,138.84542,-1
-31.98898,140.07293,-1
-31.92353,140.07315,-1
-32.1087,140.70205,-1
-30.64348,139.38444,-1
-32.1128,140.30289,-1
-30.29581,139.23612,-1
-31.96375,140.35639,-1
-32.74946,135.92873,-1
-31.98898,140.07293,-1
-31.93913,140.07646,-1
-32.64445,135.46244,-1
-32.01894,140.05876,-1
-32.1128,140.30289,-1
-30.2225,139.1948,-1
-31.89132,140.10697,-1
-32.59008,135.77629,-1
-31.98898,140.07293,-1
-31.93913,140.07646,-1
-32.64445,135.46244,-1
-31.96441,140.24526,-1
-32.1128,140.30289,-1
-32.16814,135.71269,-1
-31.89132,140.10697,-1
-30.55432,139.40243,-1
-31.95822,140.24853,-1
-31.93913,140.07646,-1
-31.89132,140.10697,-1
-31.96441,140.24526,-1
-32.615,135.67805,-1
-32.16814,135.71269,-1
-31.19393,138.85184,-1
-31.27987,138.78087,-1
-31.95822,140.24853,-1
-32.00324,140.0755,-1
-31.89132,140.10697,-1
-31.96441,140.24526,-1
-30.44844,139.2879,-1
-32.16814,135.71269,-1
-31.89132,140.10697,-1
-31.98898,140.07293,-1
-31.95822,140.24853,-1
-32.16814,135.71269,-1
-31.89132,140.10697,-1
-32.95015,136.28168,-1
-31.92353,140.07315,-1
-32.16814,135.71269,-1
-32.52448,140.67088,-1
-31.98898,140.07293,-1
-31.95822,140.24853,-1
-31.9447,140.10804,-1
-32.00324,140.0755,-1
-32.49122,135.57572,-1
-31.27156,138.63179,-1
-32.16814,135.71269,-1
-31.31553,138.71747,-1
-31.98898,140.07293,-1
-31.95822,140.24853,-1
-31.363,138.57732,-1
-32.00324,140.0755,-1
-32.01894,140.05876,-1
-31.98898,140.07293,-1
-30.35654,139.24176,-1
-31.95822,140.24853,-1
-31.98898,140.07293,-1
-31.98898,140.07293,-1
-32.14232,140.30733,-1
-31.89132,140.10697,-1
-32.59008,135.77629,-1
-32.81282,136.03268,-1
-32.04769,140.61185,-1
-31.95822,140.24853,-1
-31.98898,140.07293,-1
-31.98898,140.07293,-1
-31.97779,139.8942,-1
-32.03913,140.0662,-1
-31.92278,140.13646,-1
-31.35111,138.81901,-1
-32.67827,135.66408,-1
-31.95822,140.24853,-1
-31.98898,140.07293,-1
-32.01766,140.10333,-1
-31.16479,138.84889,-1
-30.63466,139.21629,-1
-32.81282,136.03268,-1
-31.98898,140.07293,-1
-31.2512,138.86706,-1
-31.95822,140.24853,-1
-32.04479,140.15779,-1
-32.01766,140.10333,-1
-32.92755,137.58721,-1
-30.9784,138.52079,-1
-32.81282,136.03268,-1
-31.98898,140.07293,-1
-32.50726,135.52731,-1
-32.12212,140.24163,-1
-32.27012,139.878,-1
-30.29581,139.23612,-1
-32.14232,140.30733,-1
-31.93913,140.07646,-1
-31.34566,138.80836,-1
-31.98898,140.07293,-1
-31.96375,140.35639,-1
-32.15294,140.29065,-1
-31.98898,140.07293,-1
-31.94242,140.14959,-1
-31.98744,139.89427,-1
-32.16814,135.71269,-1
-30.28785,139.23461,-1
-31.7602,140.58125,-1
-31.42277,138.71693,-1
-32.12212,140.24163,-1
-31.98898,140.07293,-1
-32.60244,135.75927,-1
-31.98744,139.89427,-1
-32.15064,140.26781,-1
-32.68114,135.65373,-1
-30.53605,138.42284,-1
-31.89132,140.10697,-1
-32.26049,139.89231,-1
-31.98898,140.07293,-1
-31.29987,138.80077,-1
-32.01616,139.89849,-1
-32.15064,140.26781,-1
-32.11803,139.90748,-1
-32.11602,139.92868,-1
-31.89132,140.10697,-1
-32.67889,135.79029,-1
-32.04479,140.15779,-1
-32.01617,139.96597,-1
-31.89132,140.10697,-1
-30.40201,139.24102,-1
-32.14408,135.82943,-1
-31.98898,140.07293,-1
-31.28491,138.68186,-1
-32.67889,135.79029,-1
-31.30057,138.63594,-1
-32.01617,139.96597,-1
-32.00324,140.0755,-1
-32.16814,135.71269,-1
-31.93712,140.13697,-1
-31.98898,140.07293,-1
-32.20633,139.88752,-1
-31.89132,140.10697,-1
-32.04479,140.15779,-1
-31.29987,138.80077,-1
-30.63511,139.33055,-1
-32.16814,135.71269,-1
-31.94242,140.14959,-1
-31.98898,140.07293,-1
-31.03837,138.60712,-1
-31.2403,138.86417,-1
-30.57507,139.03971,-1
-30.63132,139.24215,-1
-31.29987,138.80077,-1
-32.16814,135.71269,-1
-32.15813,135.78438,-1
-31.98898,140.07293,-1
-30.38333,139.25126,-1
-31.16479,138.84889,-1
-32.06835,140.64648,-1
-32.1128,140.30289,-1
-32.13008,139.9733,-1
-32.15064,140.26781,-1
-31.7464,140.58144,-1
-31.98898,140.07293,-1
-30.38333,139.25126,-1
-31.98417,140.20935,-1
-31.7602,140.58125,-1
-30.58023,139.44017,-1
-32.01766,140.10333,-1
-32.11726,139.93883,-1
-32.15813,135.78438,-1
-31.98898,140.07293,-1
-30.38333,139.25126,-1
-32.17293,135.80111,-1
-31.95822,140.24853,-1
-32.66057,135.64662,-1
-32.01766,140.10333,-1
-31.7687,140.57335,-1
-31.90647,140.08169,-1
-30.28785,139.23461,-1
-32.02424,140.42206,-1
-31.98417,140.20935,-1
-31.95822,140.24853,-1
-31.29987,138.80077,-1
-30.57151,139.03592,-1
-32.01617,139.96597,-1
-30.57776,139.18602,-1
-31.30057,138.63594,-1
-31.99835,139.89093,-1
-31.98417,140.20935,-1
-30.38333,139.25126,-1
-31.98898,140.07293,-1
-30.29581,139.23612,-1
-30.52882,138.91296,-1
-31.90647,140.08169,-1
-31.30057,138.63594,-1
-32.02424,140.42206,-1
-31.98417,140.20935,-1
-32.50044,135.53513,-1
-31.27321,138.77248,-1
-31.94242,140.14959,-1
-32.1128,140.30289,-1
-31.26462,138.62397,-1
-32.04479,140.15779,-1
-32.02424,140.42206,-1
-31.98417,140.20935,-1
-32.67733,135.64294,-1
-31.0569,138.55257,-1
-30.2225,139.1948,-1
-32.00324,140.0755,-1
-31.93712,140.13697,-1
-32.15813,135.78438,-1
-31.51755,138.83068,-1
-32.17673,140.04821,-1
-32.50044,135.53513,-1
-31.98898,140.07293,-1
-30.44844,139.2879,-1
-32.00324,140.0755,-1
-30.28785,139.23461,-1
-31.30057,138.63594,-1
-30.57692,139.01214,-1
-30.54558,139.37279,-1
-31.95551,140.27603,-1
-30.56897,139.14247,-1
-31.98898,140.07293,-1
-32.07696,140.64811,-1
-31.94242,140.14959,-1
-31.51755,138.79831,-1
-32.13683,140.23552,-1
-31.89132,140.10697,-1
-31.96045,139.90686,-1
-31.98898,140.07293,-1
-31.98898,140.07293,-1
-31.97043,140.07294,-1
-32.81282,136.03268,-1
-31.90647,140.08169,-1
-30.35993,139.25153,-1
-31.89132,140.10697,-1
-32.14232,140.30733,-1
-31.98898,140.07293,-1
-30.63128,139.22797,-1
-31.97043,140.07294,-1
-30.44844,139.2879,-1
-31.90647,140.08169,-1
-32.01605,139.99695,-1
-31.89132,140.10697,-1
-32.01605,139.99695,-1
-32.11602,139.92868,-1
-30.44844,139.2879,-1
-31.97043,140.07294,-1
-30.47347,138.83221,-1
-32.15813,135.78438,-1
-32.01605,139.99695,-1
-31.89132,140.10697,-1
-32.14232,140.30733,-1
-31.98898,140.07293,-1
-30.26399,139.13772,-1
-31.97043,140.07294,-1
-30.27894,139.21692,-1
-32.15813,135.78438,-1
-32.01605,139.99695,-1
-31.89132,140.10697,-1
-32.02252,140.23427,-1
-31.98898,140.07293,-1
-31.98898,140.07293,-1
-31.97043,140.07294,-1
-31.95822,140.24853,-1
-31.90647,140.08169,-1
-32.01605,139.99695,-1
-31.89132,140.10697,-1
-31.51368,138.84579,-1
-31.98898,140.07293,-1
-31.98898,140.07293,-1
-31.97043,140.07294,-1
-31.7602,140.58125,-1
-31.90647,140.08169,-1
-32.01605,139.99695,-1
-32.00324,140.0755,-1
-30.57776,139.18602,-1
-31.7464,140.58144,-1
-30.53948,139.3414,-1
-31.97043,140.07294,-1
-31.7602,140.58125,-1
-31.90647,140.08169,-1
-30.64348,139.38444,-1
-32.60244,135.75927,-1
-31.90647,140.08169,-1
-32.14408,135.82943,-1
-30.44844,139.2879,-1
-30.44844,139.2879,-1
-30.2225,139.1948,-1
-30.57287,139.02978,-1
-32.01894,140.05876,-1
-32.74946,135.92873,-1
-31.93712,140.13697,-1
-32.15813,135.78438,-1
-32.01381,140.20794,-1
-30.56713,139.15176,-1
-30.2225,139.1948,-1
-31.98898,140.07293,-1
-31.92278,140.13646,-1
-32.01605,139.99695,-1
-32.11803,139.90748,-1
-32.15813,135.78438,-1
-32.01381,140.20794,-1
-32.27012,139.878,-1
-32.01766,140.10333,-1
-31.98898,140.07293,-1
-31.97766,140.40018,-1
-32.01605,139.99695,-1
-32.14408,135.82943,-1
-32.15813,135.78438,-1
-32.01381,140.20794,-1
-31.97043,140.07294,-1
-32.01766,140.10333,-1
-31.98898,140.07293,-1
-31.03837,138.60712,-1
-32.01605,139.99695,-1
-31.90647,140.08169,-1
-32.01605,139.99695,-1
-32.01381,140.20794,-1
-31.97043,140.07294,-1
-32.01766,140.10333,-1
-31.98898,140.07293,-1
-32.83359,136.21044,-1
-32.01605,139.99695,-1
-31.90647,140.08169,-1
-32.11954,139.94507,-1
-31.0924,138.79146,-1
-31.97043,140.07294,-1
-30.70848,139.42183,-1
-31.7602,140.58125,-1
-32.01605,139.99695,-1
-32.01605,139.99695,-1
-32.11803,139.90748,-1
-32.11954,139.94507,-1
-31.30971,138.63641,-1
-30.57164,139.1326,-1
-31.90647,140.08169,-1
-31.98898,140.07293,-1
-31.97766,140.40018,-1
-32.01605,139.99695,-1
-30.39353,139.24595,-1
-32.15513,135.81663,-1
-31.51755,138.79831,-1
-30.35654,139.24176,-1
-31.90647,140.08169,-1
-31.98898,140.07293,-1
-31.98898,140.07293,-1
-32.01605,139.99695,-1
-30.39353,139.24595,-1
-32.01605,139.99695,-1
-32.11803,139.90748,-1
-30.57164,139.1326,-1
-31.90647,140.08169,-1
-31.98898,140.07293,-1
-31.98898,140.07293,-1
-32.01605,139.99695,-1
-31.11052,138.83013,-1
-32.67997,135.53375,-1
-32.14408,135.82943,-1
-30.57164,139.1326,-1
-31.95822,140.24853,-1
-31.98898,140.07293,-1
-31.98898,140.07293,-1
-31.10191,138.8227,-1
-31.11052,138.83013,-1
-30.35525,139.22657,-1
-30.57771,139.02168,-1
-30.57164,139.1326,-1
-32.04479,140.15779,-1
-31.98898,140.07293,-1
-31.98898,140.07293,-1
-30.2225,139.1948,-1
-32.03469,139.94971,-1
-32.14232,140.30733,-1
-32.19341,139.88593,-1
-32.05761,140.6207,-1
-32.04479,140.15779,-1
-31.98898,140.07293,-1
-31.98898,140.07293,-1
-30.29581,139.23612,-1
-31.92353,140.07315,-1
-32.13803,140.01077,-1
-32.11803,139.90748,-1
-30.96017,132.22879,-1
-32.04479,140.15779,-1
-30.44844,139.2879,-1
-31.98898,140.07293,-1
-32.13683,140.23552,-1
-31.92353,140.07315,-1
-30.52131,138.43335,-1
-32.19341,139.88593,-1
-32.17673,140.04821,-1
-32.04479,140.15779,-1
-30.63132,139.24215,-1
-31.98898,140.07293,-1
-30.38333,139.25126,-1
-31.93913,140.07646,-1
-30.57151,139.03592,-1
-32.15813,135.78438,-1
-31.20211,138.64023,-1
-32.22871,139.8797,-1
-32.14232,140.30733,-1
-31.98898,140.07293,-1
-31.51755,138.83068,-1
-31.93913,140.07646,-1
-31.14556,138.84542,-1
-32.15813,135.78438,-1
-31.20211,138.64023,-1
-31.89132,140.10697,-1
-30.35525,139.22657,-1
-31.98898,140.07293,-1
-32.01605,139.99695,-1
-31.03837,138.60712,-1
-32.15513,135.81663,-1
-32.15813,135.78438,-1
-32.50726,135.52731,-1
-31.29987,138.80077,-1
-32.13803,140.01077,-1
-31.98898,140.07293,-1
-31.99233,139.97452,-1
-31.93913,140.07646,-1
-32.15513,135.81663,-1
-31.99557,139.96871,-1
-30.62952,139.32193,-1
-31.18081,138.85181,-1
-31.27987,138.78087,-1
-31.98898,140.07293,-1
-31.97043,140.07294,-1
-31.92353,140.07315,-1
-32.01605,139.99695,-1
-30.57776,139.18602,-1
-32.02848,139.95754,-1
-32.01617,139.96597,-1
-32.01605,139.99695,-1
-31.98898,140.07293,-1
-31.97043,140.07294,-1
-31.92353,140.07315,-1
-32.01605,139.99695,-1
-31.30592,138.81767,-1
-32.16531,135.73148,-1
-31.98898,140.07293,-1
-31.97766,140.40018,-1
-30.53948,139.3414,-1
-31.97043,140.07294,-1
-31.92353,140.07315,-1
-31.09558,138.80977,-1
-31.30057,138.63594,-1
-31.95932,140.21708,-1
-31.98898,140.07293,-1
-30.44786,139.23481,-1
-30.53948,139.3414,-1
-31.97043,140.07294,-1
-31.92353,140.07315,-1
-30.35525,139.22657,-1
-31.41843,138.69938,-1
-31.94242,140.14959,-1
-31.98898,140.07293,-1
-32.11602,139.92868,-1
-31.98898,140.07293,-1
-31.97043,140.07294,-1
-32.03605,140.60469,-1
-32.14232,140.30733,-1
-30.57507,139.03971,-1
-32.01766,140.10333,-1
-31.98898,140.07293,-1
-31.16479,138.84889,-1
-31.98898,140.07293,-1
-31.36031,138.7753,-1
-32.03605,140.60469,-1
-32.01605,139.99695,-1
-31.30971,138.63641,-1
-32.01766,140.10333,-1
-31.98898,140.07293,-1
-31.98898,140.07293,-1
-31.98898,140.07293,-1
-32.04479,140.15779,-1
-32.06263,140.6347,-1
-32.01605,139.99695,-1
-31.30971,138.63641,-1
-32.01766,140.10333,-1
-31.98898,140.07293,-1
-31.98898,140.07293,-1
-31.98898,140.07293,-1
-31.98898,140.07293,-1
-32.03605,140.60469,-1
-32.01605,139.99695,-1
-31.30971,138.63641,-1
-32.01766,140.10333,-1
-31.98898,140.07293,-1
-31.98898,140.07293,-1
-31.97043,140.07294,-1
-31.98898,140.07293,-1
-31.92278,140.13646,-1
-32.13683,140.23552,-1
-30.28785,139.23461,-1
-31.13167,138.63704,-1
-31.98898,140.07293,-1
-32.04479,140.15779,-1
-31.97043,140.07294,-1
-31.98898,140.07293,-1
-31.92278,140.13646,-1
-31.96045,139.90686,-1
-31.95822,140.24853,-1
-32.12672,139.96354,-1
-31.98898,140.07293,-1
-31.97779,139.8942,-1
-31.97043,140.07294,-1
-31.98898,140.07293,-1
-31.93712,140.13697,-1
-30.28785,139.23461,-1
-30.57287,139.02978,-1
-32.01381,140.20794,-1
-31.98898,140.07293,-1
-31.51755,138.79831,-1
-31.97043,140.07294,-1
-31.98898,140.07293,-1
-31.93712,140.13697,-1
-31.41843,138.69938,-1
-30.44844,139.2879,-1
-32.01381,140.20794,-1
-31.97043,140.07294,-1
-32.49122,135.57572,-1
-31.97043,140.07294,-1
-31.98898,140.07293,-1
-31.18081,138.85181,-1
-32.14408,135.82943,-1
-32.11803,139.90748,-1
-32.01381,140.20794,-1
-31.97043,140.07294,-1
-31.90647,140.08169,-1
-31.97043,140.07294,-1
-31.98898,140.07293,-1
-30.44844,139.2879,-1
-32.01616,139.89849,-1
-32.14408,135.82943,-1
-30.44844,139.2879,-1
-31.97043,140.07294,-1
-31.90647,140.08169,-1
-31.98898,140.07293,-1
-31.98898,140.07293,-1
-32.02424,140.42206,-1
-30.57776,139.18602,-1
-32.04479,140.15779,-1
-30.28785,139.23461,-1
-31.98898,140.07293,-1
-31.04477,138.55939,-1
-31.98898,140.07293,-1
-31.98898,140.07293,-1
-32.02424,140.42206,-1
-31.30057,138.63594,-1
-32.14408,135.82943,-1
-31.10191,138.8227,-1
-31.98898,140.07293,-1
-32.06352,140.38349,-1
-31.41843,138.69938,-1
-32.68943,135.68208,-1
-32.02424,140.42206,-1
-31.41843,138.69938,-1
-30.57164,139.1326,-1
-32.12672,139.96354,-1
-31.98898,140.07293,-1
-31.90647,140.08169,-1
-31.9513,140.23902,-1
-31.98898,140.07293,-1
-32.02848,139.95754,-1
-31.51755,138.79831,-1
-30.58023,139.44017,-1
-32.68114,135.65373,-1
-31.98898,140.07293,-1
-32.50044,135.53513,-1
-31.90647,140.08169,-1
-31.98898,140.07293,-1
-32.00192,140.19357,-1
-31.98898,140.07293,-1
-31.89132,140.10697,-1
-31.98898,140.07293,-1
-31.98898,140.07293,-1
-32.50044,135.53513,-1
-31.90647,140.08169,-1
-31.98898,140.07293,-1
-32.00192,140.19357,-1
-31.98898,140.07293,-1
-32.67971,135.67585,-1
-31.98898,140.07293,-1
-32.04479,140.15779,-1
-31.92278,140.13646,-1
-31.30971,138.63641,-1
-31.98898,140.07293,-1
-30.38333,139.25126,-1
-31.98898,140.07293,-1
-30.57164,139.1326,-1
-31.98898,140.07293,-1
-31.36031,138.7753,-1
-31.92278,140.13646,-1
-31.30971,138.63641,-1
-31.98898,140.07293,-1
-32.00192,140.19357,-1
-31.98898,140.07293,-1
-31.95822,140.24853,-1
-31.98898,140.07293,-1
-31.36031,138.7753,-1
-31.92278,140.13646,-1
-32.04479,140.15779,-1
-31.98898,140.07293,-1
-32.00192,140.19357,-1
-31.98898,140.07293,-1
-30.27894,139.21692,-1
-31.98898,140.07293,-1
-31.03837,138.60712,-1
-31.92278,140.13646,-1
-31.9513,140.23902,-1
-31.98898,140.07293,-1
-32.17449,135.82355,-1
-31.99557,139.96871,-1
-32.07696,140.64811,-1
-31.98898,140.07293,-1
-32.02424,140.42206,-1
-31.92278,140.13646,-1
-30.57507,139.03971,-1
-32.13586,139.98462,-1
-32.16531,135.73148,-1
-31.93712,140.13697,-1
-32.07696,140.64811,-1
-31.98898,140.07293,-1
-31.92353,140.07315,-1
-31.92278,140.13646,-1
-32.11803,139.90748,-1
-32.50044,135.53513,-1
-32.16531,135.73148,-1
-31.90647,140.08169,-1
-32.27012,139.878,-1
-31.98898,140.07293,-1
-32.04416,140.15145,-1
-31.31553,138.71747,-1
-32.04479,140.15779,-1
-31.81458,140.5805,-1
-32.16531,135.73148,-1
-31.90647,140.08169,-1
-31.82945,140.58042,-1
-31.98898,140.07293,-1
-31.92353,140.07315,-1
-31.32823,138.70418,-1
-32.11803,139.90748,-1
-31.21269,138.64617,-1
-31.97779,139.8942,-1
-31.93712,140.13697,-1
-31.2512,138.86706,-1
-31.98898,140.07293,-1
-31.97043,140.07294,-1
-31.98417,140.20935,-1
-31.98898,140.07293,-1
-31.9447,140.10804,-1
-31.30834,138.79906,-1
-31.93712,140.13697,-1
-32.15064,140.26781,-1
-31.98898,140.07293,-1
-31.97043,140.07294,-1
-31.98417,140.20935,-1
-31.98898,140.07293,-1
-30.63065,139.20097,-1
-31.10191,138.8227,-1
-32.11803,139.90748,-1
-31.16479,138.84889,-1
-31.98898,140.07293,-1
-31.97043,140.07294,-1
-31.98417,140.20935,-1
-31.98898,140.07293,-1
-32.16814,135.71269,-1
-32.1128,140.30289,-1
-31.30592,138.81767,-1
-31.93913,140.07646,-1
-31.98898,140.07293,-1
-31.97043,140.07294,-1
-30.2225,139.1948,-1
-31.98898,140.07293,-1
-31.09834,138.53137,-1
-32.67889,135.79029,-1
-31.90647,140.08169,-1
-30.56713,139.15176,-1
-31.80007,140.57441,-1
-31.97043,140.07294,-1
-30.28785,139.23461,-1
-31.90647,140.08169,-1
-31.92353,140.07315,-1
-31.98417,140.20935,-1
-31.93712,140.13697,-1
-30.56713,139.15176,-1
-32.11602,139.92868,-1
-31.97043,140.07294,-1
-32.02424,140.42206,-1
-32.11803,139.90748,-1
-31.92353,140.07315,-1
-31.89132,140.10697,-1
-31.92278,140.13646,-1
-30.56713,139.15176,-1
-30.56897,139.14247,-1
-31.97043,140.07294,-1
-32.02424,140.42206,-1
-31.90647,140.08169,-1
-32.16814,135.71269,-1
-31.89132,140.10697,-1
-32.15813,135.78438,-1
-30.56713,139.15176,-1
-30.6485,139.36593,-1
-31.97043,140.07294,-1
-30.45673,139.23424,-1
-31.90647,140.08169,-1
-30.6284,139.26987,-1
-31.7602,140.58125,-1
-32.03469,139.94971,-1
-30.56713,139.15176,-1
-31.98898,140.07293,-1
-31.99233,139.97452,-1
-32.73683,135.94296,-1
-31.31846,138.63381,-1
-32.16814,135.71269,-1
-30.63466,139.21629,-1
-32.03469,139.94971,-1
-32.11954,139.94507,-1
-31.98898,140.07293,-1
-31.97043,140.07294,-1
-32.03469,139.94971,-1
-30.97789,137.22705,-1
-32.00324,140.0755,-1
-30.63466,139.21629,-1
-32.03469,139.94971,-1
-31.99835,139.89093,-1
-30.22218,139.21058,-1
-31.51755,138.83068,-1
-32.03469,139.94971,-1
-31.93712,140.13697,-1
-32.00324,140.0755,-1
-30.63466,139.21629,-1
-32.03469,139.94971,-1
-30.44786,139.23481,-1
-31.92278,140.13646,-1
-32.15513,135.81663,-1
-32.03469,139.94971,-1
-31.93712,140.13697,-1
-32.00324,140.0755,-1
-30.63466,139.21629,-1
-31.11052,138.83013,-1
-32.02424,140.42206,-1
-31.92278,140.13646,-1
-30.35993,139.25153,-1
-32.03469,139.94971,-1
-31.93712,140.13697,-1
-31.9447,140.10804,-1
-31.93913,140.07646,-1
-31.93913,140.07646,-1
-31.98898,140.07293,-1
-31.92278,140.13646,-1
-32.01605,139.99695,-1
-31.9447,140.10804,-1
-32.14408,135.82943,-1
-31.9447,140.10804,-1
-31.7602,140.58125,-1
-31.92353,140.07315,-1
-31.98898,140.07293,-1
-31.89132,140.10697,-1
-31.97766,140.40018,-1
-31.363,138.57732,-1
-32.14408,135.82943,-1
-31.9447,140.10804,-1
-31.7602,140.58125,-1
-32.07214,140.36635,-1
-31.98898,140.07293,-1
-31.89132,140.10697,-1
-32.01605,139.99695,-1
-32.16814,135.71269,-1
-31.92353,140.07315,-1
-31.31553,138.71747,-1
-32.67827,135.66408,-1
-32.07214,140.36635,-1
-31.98898,140.07293,-1
-31.92278,140.13646,-1
-32.01605,139.99695,-1
-30.57059,139.43805,-1
-31.92353,140.07315,-1
-32.00192,140.19357,-1
-31.7602,140.58125,-1
-32.07214,140.36635,-1
-31.98898,140.07293,-1
-31.92278,140.13646,-1
-31.51755,138.83068,-1
-32.16814,135.71269,-1
-31.92353,140.07315,-1
-32.00192,140.19357,-1
-30.63466,139.21629,-1
-30.38333,139.25126,-1
-31.98898,140.07293,-1
-31.92278,140.13646,-1
-30.57692,139.01214,-1
-32.23913,139.88736,-1
-31.93913,140.07646,-1
-32.67971,135.67585,-1
-32.24841,139.89648,-1
-32.17792,135.84164,-1
-31.98898,140.07293,-1
-32.54089,135.50708,-1
-31.99557,139.96871,-1
-31.95932,140.21708,-1
-31.93913,140.07646,-1
-30.9784,138.52079,-1
-31.31553,138.71747,-1
-32.67733,135.64294,-1
-31.98898,140.07293,-1
-32.54089,135.50708,-1
-31.90647,140.08169,-1
-31.2512,138.86706,-1
-31.93913,140.07646,-1
-31.22352,138.81034,-1
-32.66712,135.55277,-1
-32.50044,135.53513,-1
-31.98898,140.07293,-1
-30.38333,139.25126,-1
-32.15513,135.81663,-1
-31.82945,140.58042,-1
-31.93913,140.07646,-1
-31.93712,140.13697,-1
-32.1128,140.30289,-1
-30.45673,139.23424,-1
-31.98898,140.07293,-1
-32.14232,140.30733,-1
-32.01605,139.99695,-1
-31.82945,140.58042,-1
-31.50403,138.79393,-1
-31.93712,140.13697,-1
-32.1128,140.30289,-1
-30.45673,139.23424,-1
-31.98898,140.07293,-1
-32.14232,140.30733,-1
-32.01605,139.99695,-1
-31.94711,140.09851,-1
-31.92353,140.07315,-1
-30.46789,139.26423,-1
-30.40928,139.23561,-1
-30.45673,139.23424,-1
-31.98898,140.07293,-1
-31.51368,138.84579,-1
-32.01605,139.99695,-1
-31.42838,138.68149,-1
-31.92353,140.07315,-1
-31.97167,140.23407,-1
-32.03469,139.94971,-1
-32.67733,135.64294,-1
-30.3808,139.28146,-1
-31.98744,139.89427,-1
-32.14408,135.82943,-1
-31.20211,138.64023,-1
-31.92353,140.07315,-1
-31.03837,138.60712,-1
-31.03837,138.60712,-1
-32.50044,135.53513,-1
-31.97043,140.07294,-1
-32.14232,140.30733,-1
-32.14408,135.82943,-1
-32.23913,139.88736,-1
-31.92353,140.07315,-1
-31.18784,138.80104,-1
-32.03469,139.94971,-1
-30.58998,139.19156,-1
-31.97043,140.07294,-1
-31.43901,138.72753,-1
-31.90647,140.08169,-1
-31.20211,138.64023,-1
-31.92353,140.07315,-1
-32.13803,140.01077,-1
-32.03469,139.94971,-1
-31.92353,140.07315,-1
-31.99233,139.97452,-1
-31.98417,140.20935,-1
-32.11954,139.94507,-1
-31.92278,140.13646,-1
-31.93913,140.07646,-1
-32.02424,140.42206,-1
-32.03469,139.94971,-1
-31.92353,140.07315,-1
-31.97043,140.07294,-1
-31.98417,140.20935,-1
-31.03837,138.60712,-1
-31.92278,140.13646,-1
-31.93913,140.07646,-1
-32.02424,140.42206,-1
-32.03469,139.94971,-1
-31.93913,140.07646,-1
-31.97043,140.07294,-1
-30.38333,139.25126,-1
-31.22272,138.85166,-1
-31.92278,140.13646,-1
-30.45673,139.23424,-1
-32.02424,140.42206,-1
-32.16814,135.71269,-1
-31.92353,140.07315,-1
-31.97043,140.07294,-1
-32.1128,140.30289,-1
-31.22272,138.85166,-1
-31.92278,140.13646,-1
-30.45673,139.23424,-1
-31.2403,138.86417,-1
-32.16814,135.71269,-1
-31.92353,140.07315,-1
-31.97043,140.07294,-1
-32.1128,140.30289,-1
-31.90647,140.08169,-1
-33.2276,137.41608,-1
-31.81458,140.5805,-1
-31.11052,138.83013,-1
-32.16814,135.71269,-1
-32.04416,140.15145,-1
-31.97043,140.07294,-1
-31.9447,140.10804,-1
-32.91575,136.2212,-1
-31.89132,140.10697,-1
-32.07214,140.36635,-1
-30.41324,139.42035,-1
-32.16814,135.71269,-1
-31.93913,140.07646,-1
-31.97043,140.07294,-1
-32.00324,140.0755,-1
-30.45673,139.23424,-1
-31.9513,140.23902,-1
-31.81458,140.5805,-1
-32.14232,140.30733,-1
-32.81773,136.02469,-1
-32.06263,140.6347,-1
-31.97043,140.07294,-1
-32.00324,140.0755,-1
-30.151,137.932,-1
-31.92353,140.07315,-1
-32.67733,135.64294,-1
-32.07214,140.36635,-1
-30.2225,139.1948,-1
-31.96441,140.24526,-1
-31.97043,140.07294,-1
-32.00324,140.0755,-1
-32.50044,135.53513,-1
-31.92353,140.07315,-1
-32.67997,135.53375,-1
-32.66761,135.63741,-1
-30.2225,139.1948,-1
-32.01894,140.05876,-1
-31.90647,140.08169,-1
-32.00324,140.0755,-1
-31.81458,140.5805,-1
-32.13803,140.01077,-1
-30.57151,139.03592,-1
-32.03469,139.94971,-1
-30.37351,139.25568,-1
-31.92278,140.13646,-1
-31.90647,140.08169,-1
-32.02424,140.42206,-1
-31.26462,138.62397,-1
-30.39353,139.24595,-1
-30.63132,139.24215,-1
-32.03469,139.94971,-1
-31.28491,138.68186,-1
-31.93712,140.13697,-1
-31.7602,140.58125,-1
-32.02424,140.42206,-1
-32.06352,140.38349,-1
-30.39353,139.24595,-1
-32.81282,136.03268,-1
-32.03469,139.94971,-1
-32.02424,140.42206,-1
-31.31553,138.71753,-1
-31.7602,140.58125,-1
-31.93913,140.07646,-1
-32.49122,135.57572,-1
-32.47692,138.74581,-1
-32.12173,140.3012,-1
-30.45673,139.23424,-1
-31.9447,140.10804,-1
-32.01894,140.05876,-1
-30.57287,139.02978,-1
-31.93913,140.07646,-1
-30.64348,139.38444,-1
-30.45673,139.23424,-1
-31.90665,140.31037,-1
-30.39353,139.24595,-1
-32.00324,140.0755,-1
-31.96441,140.24526,-1
-30.57287,139.02978,-1
-30.47,139.4708,-1
-31.92278,140.13646,-1
-30.45673,139.23424,-1
-31.27987,138.78087,-1
-32.15064,140.26781,-1
-32.00324,140.0755,-1
-31.92278,140.13646,-1
-32.51501,136.01992,-1
-30.47,139.4708,-1
-31.92278,140.13646,-1
-31.21269,138.64617,-1
-32.02252,140.23427,-1
-32.15064,140.26781,-1
-30.28325,139.22601,-1
-31.92278,140.13646,-1
-32.13683,140.23552,-1
-30.3808,139.28146,-1
-31.7464,140.58144,-1
-31.21269,138.64617,-1
-32.01605,139.99695,-1
-30.47,139.4708,-1
-30.3808,139.28146,-1
-31.99557,139.96871,-1
-32.00786,139.96369,-1
-30.57059,139.43805,-1
-32.16814,135.71269,-1
-31.21269,138.64617,-1
-30.35525,139.22657,-1
-30.3808,139.28146,-1
-31.94711,140.09851,-1
-30.47308,139.22619,-1
-32.00786,139.96369,-1
-32.16814,135.71269,-1
-32.02424,140.42206,-1
-32.67733,135.64294,-1
-32.01605,139.99695,-1
-30.3808,139.28146,-1
-30.53948,139.3414,-1
-31.93712,140.13697,-1
-32.01605,139.99695,-1
-32.24841,139.89648,-1
-31.14556,138.84542,-1
-32.74946,135.92873,-1
-32.13683,140.23552,-1
-30.3808,139.28146,-1
-30.22218,139.21058,-1
-32.49122,135.57572,-1
-32.01605,139.99695,-1
-32.23913,139.88736,-1
-32.02424,140.42206,-1
-31.97766,140.40018,-1
-31.97043,140.07294,-1
-30.44844,139.2879,-1
-31.93913,140.07646,-1
-32.02424,140.42206,-1
-31.98898,140.07293,-1
-32.67889,135.79029,-1
-31.27987,138.78087,-1
-31.97766,140.40018,-1
-31.97043,140.07294,-1
-31.96375,140.35639,-1
-31.93913,140.07646,-1
-32.02424,140.42206,-1
-31.98898,140.07293,-1
-30.44844,139.2879,-1
-32.02848,139.95754,-1
-31.16479,138.84889,-1
-31.97043,140.07294,-1
-32.16814,135.71269,-1
-30.47,139.4708,-1
-32.02424,140.42206,-1
-31.98898,140.07293,-1
-30.44844,139.2879,-1
-32.02848,139.95754,-1
-32.02424,140.42206,-1
-31.97043,140.07294,-1
-31.36477,138.76404,-1
-31.92278,140.13646,-1
-32.02424,140.42206,-1
-32.01605,139.99695,-1
-30.44844,139.2879,-1
-32.02424,140.42206,-1
-31.51368,138.84579,-1
-31.97043,140.07294,-1
-31.96375,140.35639,-1
-31.92278,140.13646,-1
-30.35525,139.22657,-1
-30.57692,139.01214,-1
-32.15064,140.26781,-1
-32.02424,140.42206,-1
-32.81282,136.03268,-1
-31.97043,140.07294,-1
-31.7602,140.58125,-1
-31.19393,138.85184,-1
-31.51755,138.83068,-1
-31.14556,138.84542,-1
-32.15064,140.26781,-1
-31.30834,138.79906,-1
-32.81282,136.03268,-1
-31.97043,140.07294,-1
-32.65832,135.4804,-1
-31.89132,140.10697,-1
-32.02424,140.42206,-1
-32.01605,139.99695,-1
-30.3808,139.28146,-1
-31.20211,138.64023,-1
-32.12672,139.96354,-1
-31.97043,140.07294,-1
-31.7602,140.58125,-1
-31.89132,140.10697,-1
-32.02424,140.42206,-1
-32.01605,139.99695,-1
-31.90647,140.08169,-1
-31.10191,138.8227,-1
-30.28785,139.23461,-1
-31.97043,140.07294,-1
-30.63466,139.21629,-1
-31.20211,138.64023,-1
-32.02424,140.42206,-1
-31.22272,138.85166,-1
-31.90647,140.08169,-1
-32.16814,135.71269,-1
-30.57507,139.03971,-1
-31.99233,139.97452,-1
-32.16531,135.73148,-1
-31.93913,140.07646,-1
-32.02424,140.42206,-1
-30.46789,139.26423,-1
-30.01504,131.67386,-1
-32.16814,135.71269,-1
-32.04479,140.15779,-1
-31.99233,139.97452,-1
-32.16531,135.73148,-1
-32.64445,135.46244,-1
-32.02848,139.95754,-1
-32.11803,139.90748,-1
-31.42752,138.70385,-1
-32.16814,135.71269,-1
-31.90647,140.08169,-1
-31.51449,138.89288,-1
-32.16531,135.73148,-1
-31.96375,140.35639,-1
-32.02848,139.95754,-1
-32.14408,135.82943,-1
-32.07214,140.36635,-1
-31.9447,140.10804,-1
-31.90647,140.08169,-1
-31.51449,138.89288,-1
-32.16531,135.73148,-1
-31.19393,138.85184,-1
-31.95551,140.27603,-1
-32.49122,135.57572,-1
-31.97043,140.07294,-1
-32.00324,140.0755,-1
-31.7602,140.58125,-1
-31.9513,140.23902,-1
-32.16531,135.73148,-1
-32.53153,135.5113,-1
-32.00192,140.19357,-1
-31.92278,140.13646,-1
-31.99233,139.97452,-1
-31.9447,140.10804,-1
-30.57287,139.02978,-1
-30.9784,138.52079,-1
-32.04769,140.61185,-1
-32.02848,139.95754,-1
-32.00192,140.19357,-1
-31.92278,140.13646,-1
-31.97043,140.07294,-1
-31.9447,140.10804,-1
-32.04479,140.15779,-1
-31.26462,138.62397,-1
-32.16531,135.73148,-1
-30.56713,139.15176,-1
-32.00192,140.19357,-1
-31.92278,140.13646,-1
-31.9149,140.11234,-1
-31.9447,140.10804,-1
-32.04479,140.15779,-1
-31.99557,139.96871,-1
-30.9784,138.52079,-1
-30.4579,138.82477,-1
-30.38333,139.25126,-1
-32.15064,140.26781,-1
-31.9149,140.11234,-1
-31.9447,140.10804,-1
-31.41843,138.69938,-1
-31.93712,140.13697,-1
-31.90647,140.08169,-1
-32.02848,139.95754,-1
-30.38333,139.25126,-1
-32.15064,140.26781,-1
-32.01381,140.20794,-1
-31.9447,140.10804,-1
-31.2878,138.82819,-1
-31.93712,140.13697,-1
-31.90647,140.08169,-1
-31.97779,139.8942,-1
-32.00192,140.19357,-1
-32.15064,140.26781,-1
-31.9149,140.11234,-1
-31.9447,140.10804,-1
-30.28785,139.23461,-1
-31.99557,139.96871,-1
-31.42752,138.70385,-1
-31.42766,138.67016,-1
-32.1128,140.30289,-1
-30.3808,139.28146,-1
-31.97043,140.07294,-1
-32.00192,140.19357,-1
-31.93712,140.13697,-1
-31.90647,140.08169,-1
-31.90647,140.08169,-1
-31.93913,140.07646,-1
-32.1128,140.30289,-1
-32.15064,140.26781,-1
-31.97043,140.07294,-1
-32.00192,140.19357,-1
-32.1128,140.30289,-1
-31.93712,140.13697,-1
-31.90647,140.08169,-1
-31.95551,140.27603,-1
-32.1128,140.30289,-1
-30.44844,139.2879,-1
-31.97043,140.07294,-1
-32.00192,140.19357,-1
-32.1128,140.30289,-1
-31.93712,140.13697,-1
-31.90647,140.08169,-1
-31.95551,140.27603,-1
-31.90647,140.08169,-1
-32.15064,140.26781,-1
-32.8296,136.01562,-1
-32.00192,140.19357,-1
-32.15813,135.78438,-1
-31.90647,140.08169,-1
-31.90647,140.08169,-1
-31.95551,140.27603,-1
-31.90647,140.08169,-1
-32.03469,139.94971,-1
-32.81773,136.02469,-1
-31.07094,138.62597,-1
-32.13586,139.98462,-1
-31.90647,140.08169,-1
-32.12212,140.24163,-1
-32.14232,140.30733,-1
-31.90647,140.08169,-1
-32.03469,139.94971,-1
-32.01766,140.10333,-1
-31.07094,138.62597,-1
-32.13586,139.98462,-1
-32.14408,135.82943,-1
-31.18081,138.85181,-1
-30.3808,139.28146,-1
-31.90647,140.08169,-1
-32.03469,139.94971,-1
-32.01766,140.10333,-1
-31.98417,140.20935,-1
-32.11803,139.90748,-1
-32.15813,135.78438,-1
-31.18081,138.85181,-1
-30.44844,139.2879,-1
-31.31553,138.71753,-1
-32.03469,139.94971,-1
-32.01766,140.10333,-1
-30.47,139.4708,-1
-32.14408,135.82943,-1
-32.15813,135.78438,-1
-32.01617,139.96597,-1
-30.44844,139.2879,-1
-30.4665,139.21277,-1
-32.03469,139.94971,-1
-32.01766,140.10333,-1
-31.24111,137.47483,-1
-32.14408,135.82943,-1
-32.15813,135.78438,-1
-31.41843,138.69938,-1
-31.36477,138.76404,-1
-32.00192,140.19357,-1
-32.03469,139.94971,-1
-32.01766,140.10333,-1
-32.16531,135.73148,-1
-32.14408,135.82943,-1
-32.15813,135.78438,-1
-31.29831,138.82298,-1
-32.15064,140.26781,-1
-32.00192,140.19357,-1
-32.66761,135.63741,-1
-31.97043,140.07294,-1
-31.96375,140.35639,-1
-31.93712,140.13697,-1
-32.15813,135.78438,-1
-31.42838,138.68149,-1
-30.3808,139.28146,-1
-32.14408,135.82943,-1
-31.89132,140.10697,-1
-31.97043,140.07294,-1
-31.19393,138.85184,-1
-31.93712,140.13697,-1
-32.19341,139.88593,-1
-32.83857,136.00706,-1
-30.57141,139.02958,-1
-32.15813,135.78438,-1
-30.22218,139.21058,-1
-31.97043,140.07294,-1
-31.89132,140.10697,-1
-32.11803,139.90748,-1
-32.59008,135.77629,-1
-31.19393,138.85184,-1
-30.26893,139.31946,-1
-32.19341,139.88593,-1
-32.01381,140.20794,-1
-31.97043,140.07294,-1
-31.88422,140.30267,-1
-30.57771,139.02168,-1
-31.31553,138.71753,-1
-32.12212,140.24163,-1
-31.41843,138.69938,-1
-32.14408,135.82943,-1
-31.51449,138.89288,-1
-31.97043,140.07294,-1
-31.42277,138.71693,-1
-31.96441,140.24526,-1
-32.49122,135.57572,-1
-31.25665,138.61794,-1
-31.41843,138.69938,-1
-31.30971,138.63641,-1
-32.07696,140.64811,-1
-31.97043,140.07294,-1
-31.89132,140.10697,-1
-31.96441,140.24526,-1
-30.64348,139.38444,-1
-30.56713,139.15176,-1
-31.41843,138.69938,-1
-31.10191,138.8227,-1
-32.07696,140.64811,-1
-31.97043,140.07294,-1
-31.93913,140.07646,-1
-31.30971,138.63641,-1
-31.96441,140.24526,-1
-32.15372,140.2553,-1
-31.19041,138.60693,-1
-31.93913,140.07646,-1
-31.30834,138.79906,-1
-31.97043,140.07294,-1
-31.93913,140.07646,-1
-32.49122,135.57572,-1
-31.96441,140.24526,-1
-32.02848,139.95754,-1
-31.97043,140.07294,-1
-30.47,139.4708,-1
-31.95932,140.21708,-1
-31.97043,140.07294,-1
-30.56713,139.15176,-1
-32.49122,135.57572,-1
-32.49122,135.57572,-1
-32.12212,140.24163,-1
-31.97043,140.07294,-1
-30.41324,139.42035,-1
-32.04769,140.61185,-1
-31.99233,139.97452,-1
-31.29085,138.63354,-1
-32.51501,136.01992,-1
-30.57771,139.02168,-1
-31.21037,138.8548,-1
-32.01766,140.10333,-1
-32.00192,140.19357,-1
-32.17449,135.82355,-1
-31.99233,139.97452,-1
-32.12212,140.24163,-1
-31.51755,138.83068,-1
-31.7602,140.58125,-1
-31.9149,140.11234,-1
-31.98744,139.89427,-1
-32.65246,135.47097,-1
-31.7602,140.58125,-1
-32.09605,140.29804,-1
-32.12212,140.24163,-1
-32.74946,135.92873,-1
-31.90647,140.08169,-1
-31.99233,139.97452,-1
-31.97043,140.07294,-1
-31.31553,138.71747,-1
-31.92278,140.13646,-1
-32.01617,139.96597,-1
-32.12212,140.24163,-1
-32.15513,135.81663,-1
-31.90647,140.08169,-1
-31.97043,140.07294,-1
-31.97043,140.07294,-1
-30.57059,139.43805,-1
-31.92278,140.13646,-1
-32.01617,139.96597,-1
-31.18081,138.85181,-1
-32.01605,139.99695,-1
-31.95822,140.24853,-1
-31.97043,140.07294,-1
-31.97043,140.07294,-1
-32.16814,135.71269,-1
-30.53948,139.3414,-1
-31.97043,140.07294,-1
-32.01617,139.96597,-1
-32.01605,139.99695,-1
-31.95822,140.24853,-1
-31.97043,140.07294,-1
-31.99233,139.97452,-1
-32.16814,135.71269,-1
-31.32823,138.70418,-1
-31.97043,140.07294,-1
-32.01617,139.96597,-1
-31.51755,138.83068,-1
-32.01766,140.10333,-1
-31.97043,140.07294,-1
-31.80007,140.57441,-1
-32.16814,135.71269,-1
-30.53948,139.3414,-1
-31.97043,140.07294,-1
-31.27987,138.78087,-1
-30.35993,139.25153,-1
-32.60244,135.75927,-1
-31.97043,140.07294,-1
-31.97043,140.07294,-1
-31.9447,140.10804,-1
-30.63466,139.21629,-1
-31.18081,138.85181,-1
-31.41843,138.69938,-1
-32.01605,139.99695,-1
-30.2225,139.1948,-1
-31.9149,140.11234,-1
-31.97043,140.07294,-1
-32.00324,140.0755,-1
-30.63466,139.21629,-1
-31.46631,138.88626,-1
-32.66712,135.55277,-1
-32.49122,135.57572,-1
-31.2512,138.86706,-1
-31.9149,140.11234,-1
-31.97043,140.07294,-1
-32.00324,140.0755,-1
-30.63466,139.21629,-1
-32.07214,140.36635,-1
-30.2225,139.1948,-1
-31.37217,138.57393,-1
-30.57287,139.02978,-1
-31.97043,140.07294,-1
-31.97043,140.07294,-1
-32.00324,140.0755,-1
-30.63466,139.21629,-1
-32.04479,140.15779,-1
-32.72363,135.68703,-1
-32.01894,140.05876,-1
-31.90647,140.08169,-1
-30.58023,139.44017,-1
-31.97043,140.07294,-1
-32.00324,140.0755,-1
-30.2225,139.1948,-1
-32.07214,140.36635,-1
-31.95822,140.24853,-1
-30.57164,139.1326,-1
-31.90647,140.08169,-1
-31.97043,140.07294,-1
-31.97043,140.07294,-1
-31.9447,140.10804,-1
-30.2225,139.1948,-1
-31.17699,138.79607,-1
-30.56296,139.16267,-1
-31.92353,140.07315,-1
-31.90647,140.08169,-1
-31.97043,140.07294,-1
-31.97043,140.07294,-1
-30.44844,139.2879,-1
-30.56713,139.15176,-1
-32.04479,140.15779,-1
-32.24841,139.89648,-1
-31.93913,140.07646,-1
-31.90647,140.08169,-1
-31.97043,140.07294,-1
-30.60285,139.06133,-1
-32.15064,140.26781,-1
-32.01617,139.96597,-1
-31.99233,139.97452,-1
-31.7602,140.58125,-1
-30.57151,139.03592,-1
-30.44844,139.2879,-1
-31.9149,140.11234,-1
-32.01381,140.20794,-1
-32.15064,140.26781,-1
-30.2225,139.1948,-1
-32.00192,140.19357,-1
-31.7602,140.58125,-1
-31.93913,140.07646,-1
-30.44844,139.2879,-1
-31.90647,140.08169,-1
-31.51449,138.89288,-1
-30.44844,139.2879,-1
-32.26049,139.89231,-1
-32.00192,140.19357,-1
-31.7602,140.58125,-1
-31.93913,140.07646,-1
-32.07214,140.36635,-1
-32.8296,136.01562,-1
-32.271,139.85723,-1
-31.98417,140.20935,-1
-32.12212,140.24163,-1
-32.00192,140.19357,-1
-30.63466,139.21629,-1
-31.92353,140.07315,-1
-30.44844,139.2879,-1
-31.95822,140.24853,-1
-32.08415,140.66861,-1
-32.17449,135.82355,-1
-31.92278,140.13646,-1
-32.00192,140.19357,-1
-30.63466,139.21629,-1
-31.92353,140.07315,-1
-30.4665,139.21277,-1
-31.9447,140.10804,-1
-31.31553,138.71747,-1
-32.67889,135.79029,-1
-31.92278,140.13646,-1
-30.38333,139.25126,-1
-30.63466,139.21629,-1
-31.93913,140.07646,-1
-32.03469,139.94971,-1
-32.00324,140.0755,-1
-32.01617,139.96597,-1
-32.04769,140.61185,-1
-34.69428,139.41635,-1
-32.03469,139.94971,-1
-32.67827,135.66408,-1
-31.92353,140.07315,-1
-32.03469,139.94971,-1
-32.11803,139.90748,-1
-30.63128,139.22797,-1
-30.3808,139.28146,-1
-31.78477,140.57344,-1
-32.03469,139.94971,-1
-32.24841,139.89648,-1
-30.2225,139.1948,-1
-31.18784,138.80104,-1
-32.11803,139.90748,-1
-31.42372,138.69047,-1
-32.12212,140.24163,-1
-32.12212,140.24163,-1
-32.03469,139.94971,-1
-32.67889,135.79029,-1
-31.80007,140.57441,-1
-31.97167,140.23407,-1
-32.11803,139.90748,-1
-32.04479,140.15779,-1
-32.54089,135.50708,-1
-31.82945,140.58042,-1
-32.03469,139.94971,-1
-31.7602,140.58125,-1
-31.80007,140.57441,-1
-32.12089,139.95696,-1
-31.9447,140.10804,-1
-32.04479,140.15779,-1
-31.96375,140.35639,-1
-31.89132,140.10697,-1
-32.03469,139.94971,-1
-30.35654,139.24176,-1
-32.23913,139.88736,-1
-32.66761,135.63741,-1
-31.9447,140.10804,-1
-32.04479,140.15779,-1
-31.92278,140.13646,-1
-32.04057,140.01994,-1
-32.07214,140.36635,-1
-32.67889,135.79029,-1
-32.23913,139.88736,-1
-32.07214,140.36635,-1
-31.9447,140.10804,-1
-33.56428,141.00252,-1
-31.92278,140.13646,-1
-31.25665,138.61794,-1
-32.50044,135.53513,-1
-31.18081,138.85181,-1
-31.96375,140.35639,-1
-31.9447,140.10804,-1
-32.00324,140.0755,-1
-32.07214,140.36635,-1
-31.82945,140.58042,-1
-31.97043,140.07294,-1
-31.31553,138.71747,-1
-31.97043,140.07294,-1
-30.60285,139.06133,-1
-31.93913,140.07646,-1
-32.11803,139.90748,-1
-32.07214,140.36635,-1
-31.25665,138.61794,-1
-31.97043,140.07294,-1
-31.95822,140.24853,-1
-31.97043,140.07294,-1
-30.56713,139.15176,-1
-32.06263,140.6347,-1
-32.11803,139.90748,-1
-31.81458,140.5805,-1
-31.97043,140.07294,-1
-31.97043,140.07294,-1
-31.95822,140.24853,-1
-31.97043,140.07294,-1
-32.02848,139.95754,-1
-32.67971,135.67585,-1
-31.9447,140.10804,-1
-30.56897,139.14247,-1
-31.97043,140.07294,-1
-31.9149,140.11234,-1
-31.95822,140.24853,-1
-31.97043,140.07294,-1
-30.55064,139.25385,-1
-32.00192,140.19357,-1
-32.00324,140.0755,-1
-32.81282,136.03268,-1
-32.07696,140.64811,-1
-31.97043,140.07294,-1
-31.19221,138.62305,-1
-31.97043,140.07294,-1
-30.63087,139.25743,-1
-32.59668,135.7681,-1
-32.00324,140.0755,-1
-32.81282,136.03268,-1
-31.97043,140.07294,-1
-31.97043,140.07294,-1
-31.19221,138.62305,-1
-30.2225,139.1948,-1
-31.90647,140.08169,-1
-31.19221,138.62305,-1
-32.12212,140.24163,-1
-32.81282,136.03268,-1
-31.9149,140.11234,-1
-31.97043,140.07294,-1
-31.28848,138.79781,-1
-30.62817,139.28099,-1
-31.90647,140.08169,-1
-31.93712,140.13697,-1
-30.2225,139.1948,-1
-32.23913,139.88736,-1
-30.58023,139.44017,-1
-31.9149,140.11234,-1
-31.97043,140.07294,-1
-32.54089,135.50708,-1
-31.90647,140.08169,-1
-32.0239,140.00767,-1
-30.37351,139.25568,-1
-32.04769,140.61185,-1
-32.07696,140.64811,-1
-31.9149,140.11234,-1
-31.9149,140.11234,-1
-31.20211,138.64023,-1
-31.90647,140.08169,-1
-32.00192,140.19357,-1
-31.19041,138.60693,-1
-32.01616,139.89849,-1
-31.97043,140.07294,-1
-31.99233,139.97452,-1
-31.9149,140.11234,-1
-31.94711,140.09851,-1
-31.90647,140.08169,-1
-32.00192,140.19357,-1
-31.02147,138.57068,-1
-30.99399,138.51361,-1
-31.97043,140.07294,-1
-31.9149,140.11234,-1
-31.97043,140.07294,-1
-31.94711,140.09851,-1
-31.90647,140.08169,-1
-32.00192,140.19357,-1
-30.37351,139.25568,-1
-32.24841,139.89648,-1
-31.97043,140.07294,-1
-31.97043,140.07294,-1
-31.97043,140.07294,-1
-31.19393,138.85184,-1
-31.90647,140.08169,-1
-32.00192,140.19357,-1
-30.2225,139.1948,-1
-32.24841,139.89648,-1
-31.97043,140.07294,-1
-31.97043,140.07294,-1
-31.99233,139.97452,-1
-31.96375,140.35639,-1
-29.87523,133.58244,-1
-32.00192,140.19357,-1
-32.64445,135.46244,-1
-32.67889,135.79029,-1
-31.97043,140.07294,-1
-31.97043,140.07294,-1
-31.99233,139.97452,-1
-30.99399,138.51361,-1
-30.70848,139.42183,-1
-31.30057,138.63594,-1
-31.93913,140.07646,-1
-31.97043,140.07294,-1
-31.97043,140.07294,-1
-31.9149,140.11234,-1
-31.9149,140.11234,-1
-31.94711,140.09851,-1
-32.68943,135.68208,-1
-30.57771,139.02168,-1
-31.93913,140.07646,-1
-31.99233,139.97452,-1
-31.97043,140.07294,-1
-31.9149,140.11234,-1
-31.97043,140.07294,-1
-31.95932,140.21708,-1
-31.90647,140.08169,-1
-32.00192,140.19357,-1
-32.17673,140.04821,-1
-31.97043,140.07294,-1
-32.07696,140.64811,-1
-30.56713,139.15176,-1
-30.49167,138.74543,-1
-32.83857,136.00706,-1
-31.25797,138.66919,-1
-31.93712,140.13697,-1
-32.06352,140.38349,-1
-30.41324,139.42035,-1
-31.9149,140.11234,-1
-31.18081,138.85181,-1
-31.15354,138.5733,-1
-31.20211,138.64023,-1
-32.01766,140.10333,-1
-30.57287,139.02978,-1
-31.20211,138.64023,-1
-32.00324,140.0755,-1
-30.58023,139.44017,-1
-31.18081,138.85181,-1
-30.28785,139.23461,-1
-30.56713,139.15176,-1
-30.29581,139.23612,-1
-31.93712,140.13697,-1
-33.2276,137.41608,-1
-32.14408,135.82943,-1
-31.97043,140.07294,-1
-31.18081,138.85181,-1
-32.66761,135.63741,-1
-30.56713,139.15176,-1
-31.13167,138.63704,-1
-32.11726,139.93883,-1
-32.17449,135.82355,-1
-31.9447,140.10804,-1
-31.97043,140.07294,-1
-32.01617,139.96597,-1
-31.98898,140.07293,-1
-30.57141,139.02958,-1
-32.67827,135.66408,-1
-34.35867,139.52752,-1
-31.93913,140.07646,-1
-31.42372,138.69047,-1
-31.97043,140.07294,-1
-31.27987,138.78087,-1
-31.98898,140.07293,-1
-32.83359,136.21044,-1
-31.16588,138.58662,-1
-32.80555,136.21046,-1
-32.82852,136.11229,-1
-30.28785,139.23461,-1
-31.9149,140.11234,-1
-30.56713,139.15176,-1
-31.98898,140.07293,-1
-30.3808,139.28146,-1
-31.20211,138.64023,-1
-31.7602,140.58125,-1
-31.93913,140.07646,-1
-30.28785,139.23461,-1
-31.25665,138.61794,-1
-30.57141,139.02958,-1
-31.98898,140.07293,-1
-30.54558,139.37279,-1
-31.93913,140.07646,-1
-31.7602,140.58125,-1
-30.43988,139.24189,-1
-30.57164,139.1326,-1
-30.56713,139.15176,-1
-32.59668,135.7681,-1
-31.98898,140.07293,-1
-30.39353,139.24595,-1
-32.67827,135.66408,-1
-31.7602,140.58125,-1
-31.93913,140.07646,-1
-30.57164,139.1326,-1
-30.56713,139.15176,-1
-31.41843,138.69938,-1
-31.98898,140.07293,-1
-32.03469,139.94971,-1
-32.67827,135.66408,-1
-31.7602,140.58125,-1
-31.98417,140.20935,-1
-32.11636,139.9174,-1
-30.56713,139.15176,-1
-32.01617,139.96597,-1
-31.98898,140.07293,-1
-32.03469,139.94971,-1
-32.67827,135.66408,-1
-31.3424,138.82226,-1
-31.98417,140.20935,-1
-30.58023,139.44017,-1
-32.49693,136.01963,-1
-30.56713,139.15176,-1
-30.56713,139.15176,-1
-32.03469,139.94971,-1
-31.7602,140.58125,-1
-32.16531,135.73148,-1
-31.98417,140.20935,-1
-31.97043,140.07294,-1
-30.60285,139.06133,-1
-30.56713,139.15176,-1
-31.41843,138.69938,-1
-32.67827,135.66408,-1
-31.7602,140.58125,-1
-31.19393,138.85184,-1
-30.44844,139.2879,-1
-31.97043,140.07294,-1
-32.01617,139.96597,-1
-32.04479,140.15779,-1
-30.56713,139.15176,-1
-31.31553,138.71747,-1
-31.7602,140.58125,-1
-31.94711,140.09851,-1
-31.92278,140.13646,-1
-31.9149,140.11234,-1
-32.01617,139.96597,-1
-33.58897,138.95802,-1
-31.18081,138.85181,-1
-31.31553,138.71747,-1
-32.16531,135.73148,-1
-30.22218,139.21058,-1
-31.92278,140.13646,-1
-31.9149,140.11234,-1
-31.97043,140.07294,-1
-31.93913,140.07646,-1
-30.56713,139.15176,-1
-32.01617,139.96597,-1
-32.11726,139.93883,-1
-30.71068,139.44586,-1
-32.64445,135.46244,-1
-31.90647,140.08169,-1
-31.97043,140.07294,-1
-31.93913,140.07646,-1
-30.56713,139.15176,-1
-31.90647,140.08169,-1
-31.30834,138.79906,-1
-30.53948,139.3414,-1
-31.20211,138.64023,-1
-31.90647,140.08169,-1
-31.97043,140.07294,-1
-31.93913,140.07646,-1
-30.63087,139.25743,-1
-31.90647,140.08169,-1
-30.63132,139.24215,-1
-31.92353,140.07315,-1
-31.2512,138.86706,-1
-31.90647,140.08169,-1
-31.97043,140.07294,-1
-31.20211,138.64023,-1
-30.63087,139.25743,-1
-31.90647,140.08169,-1
-30.63132,139.24215,-1
-31.92353,140.07315,-1
-31.2512,138.86706,-1
-31.42752,138.70385,-1
-31.97043,140.07294,-1
-31.20211,138.64023,-1
-31.18081,138.85181,-1
-31.90647,140.08169,-1
-31.18081,138.85181,-1
-30.58998,139.19156,-1
-31.89132,140.10697,-1
-30.56897,139.14247,-1
-31.97043,140.07294,-1
-32.00324,140.0755,-1
-31.27987,138.78087,-1
-31.90647,140.08169,-1
-32.01617,139.96597,-1
-32.02365,140.58502,-1
-31.89132,140.10697,-1
-31.97043,140.07294,-1
-31.97043,140.07294,-1
-32.00192,140.19357,-1
-31.41843,138.69938,-1
-31.9447,140.10804,-1
-31.28491,138.68186,-1
-30.45673,139.23424,-1
-31.31553,138.71753,-1
-31.97043,140.07294,-1
-31.97043,140.07294,-1
-32.00192,140.19357,-1
-32.01381,140.20794,-1
-32.00324,140.0755,-1
-32.02848,139.95754,-1
-31.12293,138.83601,-1
-31.89132,140.10697,-1
-31.9149,140.11234,-1
-31.97043,140.07294,-1
-32.00324,140.0755,-1
-31.81458,140.5805,-1
-31.9447,140.10804,-1
-32.12212,140.24163,-1
-31.92353,140.07315,-1
-31.89132,140.10697,-1
-31.9149,140.11234,-1
-31.97043,140.07294,-1
-32.00324,140.0755,-1
-31.9447,140.10804,-1
-32.00324,140.0755,-1
-32.12212,140.24163,-1
-31.92353,140.07315,-1
-31.89132,140.10697,-1
-31.9149,140.11234,-1
-31.97043,140.07294,-1
-31.42277,138.71693,-1
-32.14408,135.82943,-1
-32.14408,135.82943,-1
-31.31553,138.71747,-1
-31.92353,140.07315,-1
-30.43988,139.24189,-1
-31.97043,140.07294,-1
-31.82945,140.58042,-1
-31.89132,140.10697,-1
-32.14408,135.82943,-1
-31.9447,140.10804,-1
-31.31553,138.71747,-1
-31.92353,140.07315,-1
-31.7602,140.58125,-1
-31.97043,140.07294,-1
-32.23913,139.88736,-1
-31.89132,140.10697,-1
-32.00324,140.0755,-1
-31.9447,140.10804,-1
-30.56713,139.15176,-1
-32.67733,135.64294,-1
-31.7602,140.58125,-1
-31.9149,140.11234,-1
-30.53948,139.3414,-1
-31.89132,140.10697,-1
-32.03913,140.0662,-1
-32.17673,140.04821,-1
-30.56713,139.15176,-1
-32.67733,135.64294,-1
-31.7602,140.58125,-1
-31.97043,140.07294,-1
-29.67725,135.31695,-1
-31.7602,140.58125,-1
-32.14408,135.82943,-1
-31.92278,140.13646,-1
-32.17449,135.82355,-1
-31.92353,140.07315,-1
-32.04769,140.61185,-1
-31.97043,140.07294,-1
-32.64445,135.46244,-1
-31.7602,140.58125,-1
-32.00324,140.0755,-1
-31.92278,140.13646,-1
-30.33512,138.71827,-1
-30.40201,139.24102,-1
-32.16531,135.73148,-1
-31.97043,140.07294,-1
-32.04769,140.61185,-1
-32.11726,139.93883,-1
-32.14408,135.82943,-1
-31.92278,140.13646,-1
-32.01616,139.89849,-1
-32.03469,139.94971,-1
-31.18081,138.85181,-1
-31.99233,139.97452,-1
-31.82945,140.58042,-1
-31.30834,138.79906,-1
-32.03913,140.0662,-1
-31.19393,138.85184,-1
-30.63466,139.21629,-1
-32.03469,139.94971,-1
-32.26049,139.89231,-1
-31.99233,139.97452,-1
-31.95932,140.21708,-1
-31.7464,140.58144,-1
-31.9447,140.10804,-1
-32.16814,135.71269,-1
-30.63466,139.21629,-1
-32.03469,139.94971,-1
-32.26049,139.89231,-1
-31.99233,139.97452,-1
-30.53948,139.3414,-1
-30.62817,139.28099,-1
-32.11803,139.90748,-1
-32.16814,135.71269,-1
-30.63466,139.21629,-1
-31.98417,140.20935,-1
-30.2225,139.1948,-1
-31.9149,140.11234,-1
-31.19393,138.85184,-1
-30.56713,139.15176,-1
-32.15813,135.78438,-1
-31.92278,140.13646,-1
-31.31553,138.71747,-1
-31.98417,140.20935,-1
-31.97043,140.07294,-1
-31.90647,140.08169,-1
-31.92278,140.13646,-1
-30.56713,139.15176,-1
-32.14408,135.82943,-1
-31.92278,140.13646,-1
-30.23893,139.14126,-1
-31.98417,140.20935,-1
-31.97043,140.07294,-1
-31.90647,140.08169,-1
-31.19393,138.85184,-1
-31.29085,138.63354,-1
-32.14408,135.82943,-1
-30.48964,138.85563,-1
-31.95822,140.24853,-1
-32.16814,135.71269,-1
-31.97043,140.07294,-1
-31.90647,140.08169,-1
-30.48964,138.85563,-1
-31.78477,140.57344,-1
-32.14408,135.82943,-1
-31.9513,140.23902,-1
-32.26049,139.89231,-1
-32.16814,135.71269,-1
-31.97043,140.07294,-1
-31.30971,138.63641,-1
-32.67889,135.79029,-1
-31.9513,140.23902,-1
-32.14408,135.82943,-1
-32.17673,140.04821,-1
-31.95822,140.24853,-1
-30.70254,139.40956,-1
-31.97043,140.07294,-1
-31.30971,138.63641,-1
-32.11726,139.93883,-1
-31.97043,140.07294,-1
-32.19341,139.88593,-1
-31.13167,138.63704,-1
-31.95822,140.24853,-1
-31.93913,140.07646,-1
-32.01766,140.10333,-1
-31.97334,140.31212,-1
-32.67827,135.66408,-1
-31.97043,140.07294,-1
-32.14408,135.82943,-1
-30.28785,139.23461,-1
-32.26049,139.89231,-1
-31.93913,140.07646,-1
-31.97043,140.07294,-1
-31.90647,140.08169,-1
-32.67827,135.66408,-1
-31.97043,140.07294,-1
-32.14408,135.82943,-1
-31.98898,140.07293,-1
-32.26049,139.89231,-1
-32.16531,135.73148,-1
-32.01766,140.10333,-1
-31.90647,140.08169,-1
-31.7602,140.58125,-1
-31.97043,140.07294,-1
-32.15513,135.81663,-1
-31.98898,140.07293,-1
-32.03823,140.59436,-1
-32.16531,135.73148,-1
-32.01617,139.96597,-1
-31.9447,140.10804,-1
-31.7602,140.58125,-1
-31.97043,140.07294,-1
-31.21037,138.8548,-1
-31.98898,140.07293,-1
-31.7464,140.58144,-1
-32.16531,135.73148,-1
-32.01766,140.10333,-1
-31.9447,140.10804,-1
-31.7602,140.58125,-1
-31.97043,140.07294,-1
-32.01605,139.99695,-1
-31.98898,140.07293,-1
-31.31553,138.71753,-1
-32.16531,135.73148,-1
-31.97043,140.07294,-1
-30.29581,139.23612,-1
-31.7602,140.58125,-1
-31.97043,140.07294,-1
-32.01605,139.99695,-1
-31.98898,140.07293,-1
-31.46631,138.88626,-1
-31.93913,140.07646,-1
-31.97043,140.07294,-1
-32.12672,139.96354,-1
-30.63466,139.21629,-1
-31.97043,140.07294,-1
-32.01605,139.99695,-1
-31.98898,140.07293,-1
-31.89132,140.10697,-1
-31.93913,140.07646,-1
-31.97043,140.07294,-1
-30.57287,139.02978,-1
-30.63466,139.21629,-1
-31.97043,140.07294,-1
-30.57692,139.01214,-1
-31.98898,140.07293,-1
-31.89132,140.10697,-1
-31.93913,140.07646,-1
-31.97043,140.07294,-1
-30.57151,139.03592,-1
-32.16531,135.73148,-1
-31.97043,140.07294,-1
-30.35993,139.25153,-1
-31.98898,140.07293,-1
-31.93913,140.07646,-1
-31.11052,138.83013,-1
-31.97043,140.07294,-1
-30.57151,139.03592,-1
-32.16531,135.73148,-1
-31.97043,140.07294,-1
-30.35993,139.25153,-1
-31.98898,140.07293,-1
-30.47945,138.84324,-1
-31.11052,138.83013,-1
-31.97043,140.07294,-1
-30.45673,139.23424,-1
-32.16531,135.73148,-1
-31.80007,140.57441,-1
-32.01605,139.99695,-1
-31.98898,140.07293,-1
-31.36031,138.7753,-1
-32.13803,140.01077,-1
-31.97043,140.07294,-1
-29.87965,133.55154,-1
-31.41843,138.69938,-1
-31.97043,140.07294,-1
-32.01605,139.99695,-1
-31.98898,140.07293,-1
-30.47,139.4708,-1
-30.35525,139.22657,-1
-31.97043,140.07294,-1
-30.58998,139.19156,-1
-32.8296,136.01562,-1
-31.97043,140.07294,-1
-32.15513,135.81663,-1
-31.98898,140.07293,-1
-31.25665,138.61794,-1
-31.27987,138.78087,-1
-31.97043,140.07294,-1
-31.92353,140.07315,-1
-32.04479,140.15779,-1
-32.17673,140.04821,-1
-32.13683,140.23552,-1
-31.98898,140.07293,-1
-30.56713,139.15176,-1
-32.67997,135.53375,-1
-31.97043,140.07294,-1
-30.45673,139.23424,-1
-30.63132,139.24215,-1
-32.23913,139.88736,-1
-32.13683,140.23552,-1
-31.98898,140.07293,-1
-32.67889,135.79029,-1
-31.51755,138.83068,-1
-31.97043,140.07294,-1
-30.45673,139.23424,-1
-32.68114,135.65373,-1
-29.87663,133.61822,-1
-32.01605,139.99695,-1
-31.98898,140.07293,-1
-32.04057,140.01994,-1
-30.35525,139.22657,-1
-31.99233,139.97452,-1
-32.67733,135.64294,-1
-30.63511,139.33055,-1
-31.95822,140.24853,-1
-32.01605,139.99695,-1
-30.28785,139.23461,-1
-31.31553,138.71747,-1
-32.13683,140.23552,-1
-31.98417,140.20935,-1
-31.92353,140.07315,-1
-30.43271,139.24936,-1
-31.95822,140.24853,-1
-32.01605,139.99695,-1
-30.28785,139.23461,-1
-30.56713,139.15176,-1
-32.19341,139.88593,-1
-32.16814,135.71269,-1
-32.67733,135.64294,-1
-30.43271,139.24936,-1
-31.95822,140.24853,-1
-31.89132,140.10697,-1
-31.98898,140.07293,-1
-30.56713,139.15176,-1
-32.19341,139.88593,-1
-31.18081,138.85181,-1
-32.67733,135.64294,-1
-31.18081,138.85181,-1
-31.89963,139.92835,-1
-31.89132,140.10697,-1
-31.98898,140.07293,-1
-30.56713,139.15176,-1
-32.50044,135.53513,-1
-31.89132,140.10697,-1
-31.92353,140.07315,-1
-31.18081,138.85181,-1
-32.67889,135.79029,-1
-30.22218,139.21058,-1
-31.98898,140.07293,-1
-31.42372,138.69047,-1
-31.92353,140.07315,-1
-31.89132,140.10697,-1
-31.99557,139.96871,-1
-31.98417,140.20935,-1
-32.04057,140.01994,-1
-31.9513,140.23902,-1
-31.98898,140.07293,-1
-33.03949,137.37049,-1
-31.92353,140.07315,-1
-31.46631,138.88626,-1
-31.93712,140.13697,-1
-31.98417,140.20935,-1
-31.42372,138.69047,-1
-32.64445,135.46244,-1
-32.8296,136.01562,-1
-31.97043,140.07294,-1
-31.9513,140.23902,-1
-31.25665,138.61794,-1
-31.99557,139.96871,-1
-31.98417,140.20935,-1
-30.55796,139.4122,-1
-31.95932,140.21708,-1
-32.04479,140.15779,-1
-31.97043,140.07294,-1
-32.16531,135.73148,-1
-32.09605,140.29804,-1
-31.31846,138.63381,-1
-31.89132,140.10697,-1
-31.18081,138.85181,-1
-32.16814,135.71269,-1
-30.63132,139.24215,-1
-31.97043,140.07294,-1
-32.16531,135.73148,-1
-31.28491,138.68186,-1
-31.93712,140.13697,-1
-31.89132,140.10697,-1
-31.99233,139.97452,-1
-30.63466,139.21629,-1
-32.06835,140.64648,-1
-31.97043,140.07294,-1
-31.20211,138.64023,-1
-31.80007,140.57441,-1
-30.57771,139.02168,-1
-30.22218,139.21058,-1
-31.9447,140.10804,-1
-30.63466,139.21629,-1
-31.90647,140.08169,-1
-31.97043,140.07294,-1
-32.09465,140.31365,-1
-30.58023,139.44017,-1
-32.00192,140.19357,-1
-31.7464,140.58144,-1
-31.9447,140.10804,-1
-31.92278,140.13646,-1
-31.90647,140.08169,-1
-31.97043,140.07294,-1
-32.67827,135.66408,-1
-32.01381,140.20794,-1
-32.00192,140.19357,-1
-31.89132,140.10697,-1
-32.00324,140.0755,-1
-31.82945,140.58042,-1
-32.81282,136.03268,-1
-31.97043,140.07294,-1
-32.06263,140.6347,-1
-32.271,139.85723,-1
-31.98898,140.07293,-1
-32.8404,136.18055,-1
-32.00324,140.0755,-1
-30.53948,139.3414,-1
-32.81282,136.03268,-1
-31.97043,140.07294,-1
-30.51377,138.40945,-1
-32.07696,140.64811,-1
-31.98898,140.07293,-1
-31.42277,138.71693,-1
-31.30971,138.63641,-1
-30.24483,139.19729,-1
-32.81282,136.03268,-1
-31.97043,140.07294,-1
-32.50044,135.53513,-1
-30.57141,139.02958,-1
-31.98898,140.07293,-1
-31.89132,140.10697,-1
-31.42372,138.69047,-1
-32.64445,135.46244,-1
-30.57164,139.1326,-1
-31.97043,140.07294,-1
-32.14232,140.30733,-1
-30.56713,139.15176,-1
-31.98898,140.07293,-1
-31.89132,140.10697,-1
-31.30971,138.63641,-1
-32.04769,140.61185,-1
-30.57164,139.1326,-1
-31.97043,140.07294,-1
-32.14232,140.30733,-1
-32.83359,136.21044,-1
-30.57771,139.02168,-1
-31.89132,140.10697,-1
-31.90647,140.08169,-1
-32.40751,135.31895,-1
-30.57164,139.1326,-1
-31.97043,140.07294,-1
-32.16814,135.71269,-1
-30.28325,139.22601,-1
-30.57771,139.02168,-1
-32.16531,135.73148,-1
-32.00324,140.0755,-1
-32.16814,135.71269,-1
-31.97043,140.07294,-1
-31.99233,139.97452,-1
-32.16814,135.71269,-1
-30.27894,139.21692,-1
-30.57771,139.02168,-1
-31.88422,140.30267,-1
-31.9447,140.10804,-1
-31.7602,140.58125,-1
-31.9149,140.11234,-1
-32.04479,140.15779,-1
-32.09605,140.29804,-1
-31.81458,140.5805,-1
-30.57164,139.1326,-1
-31.93913,140.07646,-1
-31.90647,140.08169,-1
-30.35654,139.24176,-1
-31.97043,140.07294,-1
-31.90665,140.31037,-1
-32.09605,140.29804,-1
-30.56713,139.15176,-1
-31.98898,140.07293,-1
-32.26049,139.89231,-1
-31.90647,140.08169,-1
-32.16531,135.73148,-1
-31.97043,140.07294,-1
-31.97043,140.07294,-1
-32.16814,135.71269,-1
-32.23913,139.88736,-1
-31.98898,140.07293,-1
-31.95822,140.24853,-1
-31.90647,140.08169,-1
-30.99399,138.51361,-1
-31.99233,139.97452,-1
-31.97043,140.07294,-1
-32.16814,135.71269,-1
-31.19221,138.62305,-1
-31.98898,140.07293,-1
-31.95822,140.24853,-1
-31.90647,140.08169,-1
-32.17449,135.82355,-1
-31.99233,139.97452,-1
-31.97043,140.07294,-1
-32.16814,135.71269,-1
-32.04479,140.15779,-1
-31.98898,140.07293,-1
-31.95822,140.24853,-1
-31.90647,140.08169,-1
-32.16531,135.73148,-1
-31.97043,140.07294,-1
-31.9149,140.11234,-1
-32.16814,135.71269,-1
-32.04479,140.15779,-1
-31.93712,140.13697,-1
-31.17135,138.78534,-1
-32.06835,140.64648,-1
-32.16531,135.73148,-1
-31.99233,139.97452,-1
-31.9149,140.11234,-1
-31.07094,138.62597,-1
-31.51449,138.89288,-1
-30.57771,139.02168,-1
-31.95822,140.24853,-1
-32.06835,140.64648,-1
-30.63466,139.21629,-1
-31.44214,138.71124,-1
-31.9149,140.11234,-1
-31.07094,138.62597,-1
-31.93712,140.13697,-1
-30.57771,139.02168,-1
-32.59668,135.7681,-1
-31.90647,140.08169,-1
-32.04769,140.61185,-1
-31.97043,140.07294,-1
-31.51449,138.89288,-1
-30.63065,139.20097,-1
-31.93712,140.13697,-1
-32.00192,140.19357,-1
-31.93913,140.07646,-1
-31.90647,140.08169,-1
-32.26049,139.89231,-1
-31.9149,140.11234,-1
-31.9149,140.11234,-1
-30.44786,139.23481,-1
-31.98898,140.07293,-1
-31.04477,138.55939,-1
-32.09465,140.31365,-1
-31.90647,140.08169,-1
-31.19041,138.60693,-1
-31.97043,140.07294,-1
-31.97043,140.07294,-1
-32.42583,135.32168,-1
-31.98898,140.07293,-1
-31.93712,140.13697,-1
-31.19221,138.62305,-1
-32.81282,136.03268,-1
-32.00324,140.0755,-1
-31.97043,140.07294,-1
-31.97043,140.07294,-1
-31.9149,140.11234,-1
-31.98898,140.07293,-1
-31.93712,140.13697,-1
-32.23913,139.88736,-1
-32.81282,136.03268,-1
-31.9447,140.10804,-1
-31.9149,140.11234,-1
-31.97043,140.07294,-1
-31.9149,140.11234,-1
-31.98898,140.07293,-1
-31.22272,138.85166,-1
-31.97043,140.07294,-1
-32.81282,136.03268,-1
-31.9447,140.10804,-1
-31.9149,140.11234,-1
-31.97043,140.07294,-1
-31.9149,140.11234,-1
-31.98898,140.07293,-1
-32.49122,135.57572,-1
-31.98744,139.89427,-1
-31.34566,138.80836,-1
-31.9447,140.10804,-1
-31.9149,140.11234,-1
-31.97043,140.07294,-1
-31.9149,140.11234,-1
-31.98898,140.07293,-1
-32.49122,135.57572,-1
-32.01766,140.10333,-1
-30.57164,139.1326,-1
-31.93913,140.07646,-1
-31.9149,140.11234,-1
-31.97043,140.07294,-1
-32.67827,135.66408,-1
-31.98898,140.07293,-1
-32.01605,139.99695,-1
-31.02147,138.57068,-1
-30.28785,139.23461,-1
-31.93913,140.07646,-1
-31.99233,139.97452,-1
-31.9149,140.11234,-1
-30.58935,139.44188,-1
-32.00192,140.19357,-1
-32.01605,139.99695,-1
-30.56713,139.15176,-1
-30.28785,139.23461,-1
-32.47491,138.83156,-1
-31.9149,140.11234,-1
-32.01381,140.20794,-1
-31.98744,139.89427,-1
-31.99557,139.96871,-1
-32.02424,140.42206,-1
-30.56713,139.15176,-1
-31.98898,140.07293,-1
-31.93913,140.07646,-1
-31.9149,140.11234,-1
-31.97043,140.07294,-1
-31.98744,139.89427,-1
-32.01894,140.05876,-1
-32.15513,135.81663,-1
-31.89132,140.10697,-1
-31.50403,138.79393,-1
-30.57141,139.02958,-1
-31.90647,140.08169,-1
-31.9149,140.11234,-1
-31.98744,139.89427,-1
-32.01894,140.05876,-1
-30.57507,139.03971,-1
-31.88422,140.30267,-1
-31.92278,140.13646,-1
-32.25489,139.84934,-1
-30.44844,139.2879,-1
-31.9149,140.11234,-1
-30.57692,139.01214,-1
-31.30057,138.63594,-1
-32.01605,139.99695,-1
-32.07696,140.64811,-1
-31.92278,140.13646,-1
-32.02848,139.95754,-1
-31.36477,138.76404,-1
-31.97043,140.07294,-1
-31.31553,138.71747,-1
-32.00192,140.19357,-1
-32.01605,139.99695,-1
-31.81458,140.5805,-1
-32.02855,140.11382,-1
-30.56713,139.15176,-1
-32.15064,140.26781,-1
-31.99233,139.97452,-1
-30.58023,139.44017,-1
-32.00192,140.19357,-1
-32.01605,139.99695,-1
-31.90647,140.08169,-1
-32.02855,140.11382,-1
-30.56713,139.15176,-1
-31.96375,140.35639,-1
-31.99233,139.97452,-1
-31.42766,138.67016,-1
-32.19341,139.88593,-1
-31.27987,138.78087,-1
-30.57141,139.02958,-1
-32.13008,139.9733,-1
-30.56713,139.15176,-1
-32.15813,135.78438,-1
-31.99233,139.97452,-1
-30.63466,139.21629,-1
-31.14556,138.84542,-1
-31.14556,138.84542,-1
-31.18081,138.85181,-1
-32.02855,140.11382,-1
-31.42372,138.69047,-1
-31.92278,140.13646,-1
-31.94242,140.14959,-1
-32.67889,135.79029,-1
-31.94242,140.14959,-1
-32.02855,140.11382,-1
-30.56713,139.15176,-1
-32.02424,140.42206,-1
-31.42372,138.69047,-1
-31.92278,140.13646,-1
-30.57771,139.02168,-1
-32.0239,140.00767,-1
-31.93712,140.13697,-1
-30.39353,139.24595,-1
-31.90647,140.08169,-1
-32.01605,139.99695,-1
-32.59668,135.7681,-1
-31.92278,140.13646,-1
-31.93712,140.13697,-1
-31.89132,140.10697,-1
-32.13586,139.98462,-1
-32.15813,135.78438,-1
-32.81282,136.03268,-1
-32.02424,140.42206,-1
-30.63511,139.33055,-1
-32.01605,139.99695,-1
-30.57164,139.1326,-1
-31.89132,140.10697,-1
-31.30971,138.63641,-1
-32.15813,135.78438,-1
-32.81282,136.03268,-1
-32.01605,139.99695,-1
-30.57771,139.02168,-1
-31.36031,138.7753,-1
-30.64348,139.38444,-1
-31.89132,140.10697,-1
-30.31706,139.38323,-1
-32.01605,139.99695,-1
-32.81282,136.03268,-1
-32.01605,139.99695,-1
-30.64348,139.38444,-1
-31.51755,138.79831,-1
-30.57771,139.02168,-1
-31.89132,140.10697,-1
-31.31846,138.63381,-1
-30.53948,139.3414,-1
-32.81282,136.03268,-1
-32.02855,140.11382,-1
-31.94242,140.14959,-1
-32.0239,140.00767,-1
-31.51755,138.79831,-1
-31.2878,138.82819,-1
-31.04477,138.55939,-1
-32.02855,140.11382,-1
-30.57164,139.1326,-1
-32.13008,139.9733,-1
-32.00192,140.19357,-1
-31.99557,139.96871,-1
-32.66761,135.63741,-1
-31.89132,140.10697,-1
-31.93712,140.13697,-1
-32.02855,140.11382,-1
-32.66761,135.63741,-1
-31.14556,138.84542,-1
-32.0239,140.00767,-1
-32.0239,140.00767,-1
-31.93712,140.13697,-1
-30.57164,139.1326,-1
-31.93712,140.13697,-1
-32.67997,135.53375,-1
-30.57164,139.1326,-1
-32.02855,140.11382,-1
-32.01894,140.05876,-1
-32.01605,139.99695,-1
-32.81282,136.03268,-1
-30.57164,139.1326,-1
-32.13586,139.98462,-1
-32.13683,140.23552,-1
-30.57164,139.1326,-1
-32.13008,139.9733,-1
-30.4182,139.22798,-1
-29.86586,133.6169,-1
-31.38071,138.57162,-1
-30.57164,139.1326,-1
-31.31846,138.63381,-1
-31.09558,138.80977,-1
-30.57164,139.1326,-1
-31.7687,140.57335,-1
-32.01894,140.05876,-1
-32.01605,139.99695,-1
-32.03605,140.60469,-1
-32.02855,140.11382,-1
-32.16814,135.71269,-1
-30.35525,139.22657,-1
-30.57164,139.1326,-1
-30.44786,139.23481,-1
-32.15813,135.78438,-1
-32.59008,135.77629,-1
-32.17293,135.80111,-1
-32.67827,135.66408,-1
-32.16531,135.73148,-1
-32.13803,140.01077,-1
-30.28785,139.23461,-1
-31.7687,140.57335,-1
-32.02252,140.23427,-1
-30.44786,139.23481,-1
-32.17293,135.80111,-1
-31.9149,140.11234,-1
-32.16531,135.73148,-1
-31.97766,140.40018,-1
-30.28785,139.23461,-1
-30.35993,139.25153,-1
-30.35525,139.22657,-1
-32.01605,139.99695,-1
-31.16712,138.6515,-1
-31.9149,140.11234,-1
-32.16531,135.73148,-1
-32.67997,135.53375,-1
-30.28785,139.23461,-1
-31.41377,138.70797,-1
-30.35525,139.22657,-1
-31.98898,140.07293,-1
-32.03469,139.94971,-1
-31.9149,140.11234,-1
-32.67971,135.67585,-1
-31.34758,138.78931,-1
-31.30971,138.63641,-1
-30.4182,139.22798,-1
-32.01605,139.99695,-1
-31.93712,140.13697,-1
-30.53058,135.55579,-1
-32.12212,140.24163,-1
-31.30971,138.63641,-1
-32.02855,140.11382,-1
-31.30971,138.63641,-1
-32.00192,140.19357,-1
-32.01605,139.99695,-1
-31.94242,140.14959,-1
-32.13683,140.23552,-1
-30.4579,138.82477,-1
-30.57164,139.1326,-1
-32.02855,140.11382,-1
-31.30971,138.63641,-1
-32.00192,140.19357,-1
-30.57692,139.01214,-1
-30.57287,139.02978,-1
-31.14556,138.84542,-1
-32.12212,140.24163,-1
-30.57164,139.1326,-1
-32.13683,140.23552,-1
-30.57771,139.02168,-1
-31.99557,139.96871,-1
-32.01605,139.99695,-1
-32.5241,135.51794,-1
-32.13008,139.9733,-1
-32.12212,140.24163,-1
-31.51755,138.79831,-1
-32.19341,139.88593,-1
-32.03469,139.94971,-1
-31.93712,140.13697,-1
-32.01605,139.99695,-1
-31.22272,138.85166,-1
-30.31852,139.21714,-1
-32.12212,140.24163,-1
-30.57164,139.1326,-1
-32.01894,140.05876,-1
-30.58998,139.19156,-1
-32.01894,140.05876,-1
-32.13008,139.9733,-1
-32.66224,135.48909,-1
-32.13683,140.23552,-1
-32.12212,140.24163,-1
-30.57164,139.1326,-1
-31.96441,140.24526,-1
-31.90647,140.08169,-1
-31.99557,139.96871,-1
-32.83359,136.21044,-1
-32.49493,135.54825,-1
-30.35525,139.22657,-1
-31.28491,138.68186,-1
-31.30971,138.63641,-1
-32.19341,139.88593,-1
-31.90647,140.08169,-1
-30.57771,139.02168,-1
-32.01605,139.99695,-1
-30.35525,139.22657,-1
-32.74946,135.92873,-1
-32.09605,140.29804,-1
-30.28785,139.23461,-1
-32.19341,139.88593,-1
-31.90647,140.08169,-1
-32.0239,140.00767,-1
-32.49122,135.57572,-1
-32.02424,140.42206,-1
-31.92278,140.13646,-1
-31.98898,140.07293,-1
-31.34566,138.80836,-1
-32.19341,139.88593,-1
-32.04479,140.15779,-1
-32.0239,140.00767,-1
-30.53948,139.3414,-1
-32.02424,140.42206,-1
-32.67997,135.53375,-1
-31.98898,140.07293,-1
-30.57164,139.1326,-1
-30.57164,139.1326,-1
-32.04479,140.15779,-1
-31.93712,140.13697,-1
-30.44786,139.23481,-1
-31.14556,138.84542,-1
-32.01605,139.99695,-1
-31.42372,138.69047,-1
-32.66761,135.63741,-1
-30.57164,139.1326,-1
-30.3808,139.28146,-1
-31.93712,140.13697,-1
-30.44786,139.23481,-1
-32.13683,140.23552,-1
-32.01605,139.99695,-1
-31.30971,138.63641,-1
-30.57164,139.1326,-1
-30.57164,139.1326,-1
-32.01605,139.99695,-1
-32.0239,140.00767,-1
-31.92278,140.13646,-1
-32.01605,139.99695,-1
-32.01605,139.99695,-1
-30.57164,139.1326,-1
-31.9447,140.10804,-1
-30.57164,139.1326,-1
-31.96441,140.24526,-1
-32.00192,140.19357,-1
-31.92278,140.13646,-1
-32.02855,140.11382,-1
-32.01605,139.99695,-1
-31.98898,140.07293,-1
-31.92353,140.07315,-1
-31.98898,140.07293,-1
-31.03837,138.60712,-1
-30.4182,139.22798,-1
-31.92278,140.13646,-1
-31.97766,140.40018,-1
-30.51296,138.87574,-1
-31.98898,140.07293,-1
-31.92353,140.07315,-1
-31.98898,140.07293,-1
-31.14556,138.84542,-1
-30.62847,139.29575,-1
-30.38333,139.25126,-1
-32.01605,139.99695,-1
-31.07094,138.62597,-1
-31.98898,140.07293,-1
-32.13803,140.01077,-1
-31.98898,140.07293,-1
-32.01605,139.99695,-1
-32.14232,140.30733,-1
-32.14232,140.30733,-1
-32.02855,140.11382,-1
-31.07094,138.62597,-1
-31.98898,140.07293,-1
-32.13008,139.9733,-1
-31.98898,140.07293,-1
-32.01605,139.99695,-1
-30.44786,139.23481,-1
-30.35993,139.25153,-1
-32.13008,139.9733,-1
-31.38071,138.57162,-1
-31.9447,140.10804,-1
-30.38333,139.25126,-1
-31.98898,140.07293,-1
-32.01605,139.99695,-1
-31.50403,138.79393,-1
-31.98898,140.07293,-1
-32.51501,136.01992,-1
-31.38071,138.57162,-1
-32.14408,135.82943,-1
-31.92353,140.07315,-1
-31.98898,140.07293,-1
-32.01605,139.99695,-1
-30.57151,139.03592,-1
-31.51755,138.79831,-1
-32.02252,140.23427,-1
-32.50044,135.53513,-1
-31.98898,140.07293,-1
-32.67733,135.64294,-1
-31.98898,140.07293,-1
-32.01605,139.99695,-1
-31.92353,140.07315,-1
-31.98898,140.07293,-1
-32.13683,140.23552,-1
-32.16814,135.71269,-1
-31.98898,140.07293,-1
-31.92353,140.07315,-1
-31.98898,140.07293,-1
-32.01605,139.99695,-1
-31.92353,140.07315,-1
-31.13167,138.63704,-1
-32.01605,139.99695,-1
-32.16814,135.71269,-1
-31.98898,140.07293,-1
-31.92353,140.07315,-1
-31.98898,140.07293,-1
-32.01605,139.99695,-1
-31.92353,140.07315,-1
-31.98898,140.07293,-1
-32.01605,139.99695,-1
-30.45673,139.23424,-1
-31.21037,138.8548,-1
-31.92353,140.07315,-1
-31.98898,140.07293,-1
-32.01605,139.99695,-1
-31.92353,140.07315,-1
-31.98898,140.07293,-1
-32.01605,139.99695,-1
-30.45673,139.23424,-1
-31.9149,140.11234,-1
-32.16814,135.71269,-1
-31.98898,140.07293,-1
-31.41843,138.69938,-1
-31.92353,140.07315,-1
-31.98898,140.07293,-1
-32.01605,139.99695,-1
-30.58998,139.19156,-1
-31.90647,140.08169,-1
-31.92353,140.07315,-1
-31.98898,140.07293,-1
-32.01894,140.05876,-1
-31.92353,140.07315,-1
-31.98898,140.07293,-1
-32.01605,139.99695,-1
-32.03469,139.94971,-1
-31.90647,140.08169,-1
-32.16814,135.71269,-1
-31.98898,140.07293,-1
-32.00192,140.19357,-1
-30.58998,139.19156,-1
-31.98898,140.07293,-1
-32.02424,140.42206,-1
-31.21037,138.8548,-1
-31.90647,140.08169,-1
-32.67733,135.64294,-1
-31.98898,140.07293,-1
-32.67997,135.53375,-1
-31.92353,140.07315,-1
-31.98898,140.07293,-1
-32.02252,140.23427,-1
-32.59668,135.7681,-1
-31.94242,140.14959,-1
-30.45673,139.23424,-1
-30.4579,138.82477,-1
-32.13803,140.01077,-1
-31.92353,140.07315,-1
-31.98898,140.07293,-1
-30.57692,139.01214,-1
-31.98417,140.20935,-1
-31.94242,140.14959,-1
-31.18784,138.80104,-1
-30.9784,138.52079,-1
-31.27987,138.78087,-1
-31.92353,140.07315,-1
-31.98898,140.07293,-1
-30.3808,139.28146,-1
-31.98417,140.20935,-1
-31.94242,140.14959,-1
-31.97766,140.40018,-1
-32.67997,135.53375,-1
-32.02855,140.11382,-1
-31.92353,140.07315,-1
-31.98898,140.07293,-1
-30.3808,139.28146,-1
-32.00192,140.19357,-1
-31.97043,140.07294,-1
-32.01605,139.99695,-1
-31.97766,140.40018,-1
-32.02252,140.23427,-1
-30.58998,139.19156,-1
-31.98898,140.07293,-1
-31.03837,138.60712,-1
-32.00192,140.19357,-1
-30.58023,139.44017,-1
-32.01605,139.99695,-1
-32.13803,140.01077,-1
-30.44786,139.23481,-1
-31.51755,138.79831,-1
-31.98898,140.07293,-1
-31.96441,140.24526,-1
-32.00192,140.19357,-1
-30.27894,139.21692,-1
-32.01605,139.99695,-1
-32.13803,140.01077,-1
-32.49122,135.57572,-1
-31.98898,140.07293,-1
-31.98898,140.07293,-1
-31.96441,140.24526,-1
-32.00192,140.19357,-1
-32.01381,140.20794,-1
-32.13008,139.9733,-1
-31.92278,140.13646,-1
-32.13683,140.23552,-1
-30.57164,139.1326,-1
-30.57151,139.03592,-1
-31.26462,138.62397,-1
-32.00192,140.19357,-1
-32.04479,140.15779,-1
-32.01605,139.99695,-1
-31.92278,140.13646,-1
-31.27987,138.78087,-1
-31.98898,140.07293,-1
-32.00192,140.19357,-1
-31.26462,138.62397,-1
-32.00192,140.19357,-1
-31.42838,138.68149,-1
-32.02855,140.11382,-1
-32.00786,139.96369,-1
-32.01605,139.99695,-1
-31.98898,140.07293,-1
-31.99557,139.96871,-1
-32.19341,139.88593,-1
-32.00192,140.19357,-1
-32.04479,140.15779,-1
-32.02424,140.42206,-1
-32.00786,139.96369,-1
-32.01605,139.99695,-1
-31.98898,140.07293,-1
-31.99557,139.96871,-1
-32.19341,139.88593,-1
-32.00192,140.19357,-1
-31.30971,138.63641,-1
-32.02855,140.11382,-1
-32.00786,139.96369,-1
-32.01605,139.99695,-1
-31.98898,140.07293,-1
-31.93712,140.13697,-1
-32.19341,139.88593,-1
-32.00192,140.19357,-1
-30.28785,139.23461,-1
-31.50403,138.79393,-1
-30.31852,139.21714,-1
-32.01605,139.99695,-1
-31.98898,140.07293,-1
-31.363,138.57732,-1
-32.01381,140.20794,-1
-31.98417,140.20935,-1
-30.57151,139.03592,-1
-32.15813,135.78438,-1
-31.16479,138.84889,-1
-32.02855,140.11382,-1
-31.2878,138.82819,-1
-32.00192,140.19357,-1
-32.07696,140.64811,-1
-31.92353,140.07315,-1
-30.953,138.52719,-1
-31.41377,138.70797,-1
-31.16479,138.84889,-1
-31.51755,138.83068,-1
-30.57164,139.1326,-1
-32.01894,140.05876,-1
-32.07696,140.64811,-1
-31.92353,140.07315,-1
-31.41843,138.69938,-1
-32.15813,135.78438,-1
-32.04416,140.15145,-1
-32.02424,140.42206,-1
-31.98898,140.07293,-1
-31.22352,138.81034,-1
-31.81458,140.5805,-1
-31.51368,138.84579,-1
-32.01381,140.20794,-1
-30.44619,139.29817,-1
-32.16814,135.71269,-1
-32.15513,135.81663,-1
-31.98898,140.07293,-1
-30.65502,139.33416,-1
-30.27894,139.21692,-1
-30.58998,139.19156,-1
-30.63132,139.24215,-1
-32.01605,139.99695,-1
-32.16814,135.71269,-1
-32.00786,139.96369,-1
-31.98898,140.07293,-1
-32.59008,135.77629,-1
-32.07696,140.64811,-1
-31.21269,138.64617,-1
-31.95822,140.24853,-1
-32.01605,139.99695,-1
-32.16814,135.71269,-1
-32.13008,139.9733,-1
-31.98898,140.07293,-1
-31.36031,138.7753,-1
-30.27894,139.21692,-1
-31.93913,140.07646,-1
-31.51449,138.89288,-1
-32.01605,139.99695,-1
-32.16814,135.71269,-1
-32.70857,135.68125,-1
-31.98898,140.07293,-1
-32.01605,139.99695,-1
-31.81458,140.5805,-1
-31.93913,140.07646,-1
-32.19341,139.88593,-1
-31.3424,138.82226,-1
-30.64348,139.38444,-1
-30.38333,139.25126,-1
-31.98898,140.07293,-1
-32.01605,139.99695,-1
-32.00192,140.19357,-1
-31.11052,138.83013,-1
-31.42372,138.69047,-1
-32.15513,135.81663,-1
-30.53948,139.3414,-1
-31.9447,140.10804,-1
-31.98898,140.07293,-1
-32.01605,139.99695,-1
-30.35993,139.25153,-1
-31.93913,140.07646,-1
-32.00786,139.96369,-1
-32.13683,140.23552,-1
-31.09281,138.77103,-1
-31.9447,140.10804,-1
-31.98898,140.07293,-1
-32.01605,139.99695,-1
-30.5771,139.12071,-1
-30.41324,139.42035,-1
-31.92278,140.13646,-1
-32.54089,135.50708,-1
-30.57507,139.03971,-1
-31.9447,140.10804,-1
-31.98898,140.07293,-1
-32.59008,135.77629,-1
-30.3808,139.28146,-1
-31.93913,140.07646,-1
-31.92278,140.13646,-1
-32.00786,139.96369,-1
-31.26462,138.62397,-1
-31.9447,140.10804,-1
-31.98898,140.07293,-1
-31.96441,140.24526,-1
-32.00192,140.19357,-1
-32.02855,140.11382,-1
-31.92278,140.13646,-1
-32.01605,139.99695,-1
-31.30057,138.63594,-1
-32.00324,140.0755,-1
-31.13167,138.63704,-1
-32.19341,139.88593,-1
-32.00192,140.19357,-1
-32.47729,136.01967,-1
-31.92278,140.13646,-1
-30.65502,139.33416,-1
-31.93712,140.13697,-1
-32.00324,140.0755,-1
-32.01605,139.99695,-1
-32.19341,139.88593,-1
-32.1128,140.30289,-1
-32.00192,140.19357,-1
-30.57507,139.03971,-1
-32.01605,139.99695,-1
-30.39353,139.24595,-1
-31.98898,140.07293,-1
-31.41843,138.69938,-1
-30.3808,139.28146,-1
-31.9513,140.23902,-1
-32.01894,140.05876,-1
-31.34566,138.80836,-1
-32.01605,139.99695,-1
-31.27576,138.67841,-1
-31.98898,140.07293,-1
-31.30592,138.81767,-1
-31.26462,138.62397,-1
-31.97043,140.07294,-1
-32.0239,140.00767,-1
-31.90665,140.31037,-1
-32.01605,139.99695,-1
-33.03428,137.18267,-1
-31.98898,140.07293,-1
-32.19341,139.88593,-1
-32.19341,139.88593,-1
-31.97043,140.07294,-1
-32.00192,140.19357,-1
-32.81282,136.03268,-1
-32.59008,135.77629,-1
-34.63642,139.31512,-1
-31.98898,140.07293,-1
-32.19341,139.88593,-1
-32.19341,139.88593,-1
-31.21037,138.8548,-1
-31.99557,139.96871,-1
-30.3808,139.28146,-1
-31.41843,138.69938,-1
-30.51293,138.91817,-1
-31.98898,140.07293,-1
-31.51755,138.83068,-1
-31.96441,140.24526,-1
-32.01766,140.10333,-1
-31.99557,139.96871,-1
-30.3808,139.28146,-1
-32.15813,135.78438,-1
-31.31553,138.71747,-1
-31.98898,140.07293,-1
-31.51755,138.83068,-1
-32.16814,135.71269,-1
-32.01766,140.10333,-1
-31.98898,140.07293,-1
-32.11803,139.90748,-1
-31.98744,139.89427,-1
-32.16814,135.71269,-1
-32.0239,140.00767,-1
-31.27987,138.78087,-1
-30.39353,139.24595,-1
-31.97043,140.07294,-1
-31.98898,140.07293,-1
-31.98898,140.07293,-1
-31.07094,138.62597,-1
-32.16814,135.71269,-1
-31.99557,139.96871,-1
-32.13683,140.23552,-1
-32.16814,135.71269,-1
-31.97043,140.07294,-1
-31.98898,140.07293,-1
-31.98898,140.07293,-1
-31.98744,139.89427,-1
-32.01605,139.99695,-1
-31.99557,139.96871,-1
-32.02252,140.23427,-1
-31.92353,140.07315,-1
-32.59668,135.7681,-1
-31.98898,140.07293,-1
-31.98898,140.07293,-1
-31.43901,138.72753,-1
-32.01605,139.99695,-1
-31.99557,139.96871,-1
-32.11954,139.94507,-1
-31.92353,140.07315,-1
-30.63132,139.24215,-1
-31.99557,139.96871,-1
-31.98898,140.07293,-1
-31.98744,139.89427,-1
-32.59008,135.77629,-1
-31.30057,138.63594,-1
-31.09558,138.80977,-1
-31.92353,140.07315,-1
-32.16814,135.71269,-1
-32.13586,139.98462,-1
-31.97334,140.31212,-1
-32.01605,139.99695,-1
-30.57164,139.1326,-1
-31.98898,140.07293,-1
-32.13803,140.01077,-1
-31.92353,140.07315,-1
-32.66057,135.64662,-1
-30.57771,139.02168,-1
-31.98898,140.07293,-1
-32.01605,139.99695,-1
-32.01605,139.99695,-1
-31.98898,140.07293,-1
-32.13683,140.23552,-1
-31.21269,138.64617,-1
-32.16814,135.71269,-1
-30.57164,139.1326,-1
-31.98898,140.07293,-1
-32.01605,139.99695,-1
-32.01605,139.99695,-1
-31.98898,140.07293,-1
-32.15813,135.78438,-1
-31.92353,140.07315,-1
-32.16814,135.71269,-1
-31.30971,138.63641,-1
-31.98898,140.07293,-1
-32.01605,139.99695,-1
-31.14556,138.84542,-1
-31.92278,140.13646,-1
-32.49122,135.57572,-1
-31.92353,140.07315,-1
-32.16814,135.71269,-1
-31.9447,140.10804,-1
-31.98898,140.07293,-1
-31.96441,140.24526,-1
-32.01605,139.99695,-1
-31.92278,140.13646,-1
-32.49122,135.57572,-1
-31.92353,140.07315,-1
-32.16814,135.71269,-1
-31.9447,140.10804,-1
-31.9447,140.10804,-1
-32.01894,140.05876,-1
-32.01605,139.99695,-1
-31.92278,140.13646,-1
-32.15813,135.78438,-1
-32.49077,140.59446,-1
-32.16814,135.71269,-1
-31.9447,140.10804,-1
-31.9447,140.10804,-1
-32.00192,140.19357,-1
-30.57771,139.02168,-1
-31.41843,138.69938,-1
-30.3808,139.28146,-1
-30.58998,139.19156,-1
-32.00192,140.19357,-1
-31.9447,140.10804,-1
-31.9447,140.10804,-1
-31.99557,139.96871,-1
-30.4182,139.22798,-1
-30.44786,139.23481,-1
-30.57507,139.03971,-1
-30.45673,139.23424,-1
-31.38071,138.57162,-1
-31.9447,140.10804,-1
-31.9447,140.10804,-1
-32.01894,140.05876,-1
-32.01605,139.99695,-1
-32.67789,135.51816,-1
-31.37217,138.57393,-1
-31.21269,138.64617,-1
-32.00192,140.19357,-1
-32.00324,140.0755,-1
-31.9447,140.10804,-1
-32.01894,140.05876,-1
-32.01605,139.99695,-1
-30.58998,139.19156,-1
-30.39353,139.24595,-1
-31.92353,140.07315,-1
-31.92353,140.07315,-1
-31.9447,140.10804,-1
-32.00324,140.0755,-1
-32.00192,140.19357,-1
-31.19221,138.62305,-1
-31.21269,138.64617,-1
-32.12089,139.95696,-1
-32.66057,135.64662,-1
-31.92353,140.07315,-1
-32.01605,139.99695,-1
-32.00324,140.0755,-1
-31.30057,138.63594,-1
-32.00192,140.19357,-1
-30.58998,139.19156,-1
-32.16814,135.71269,-1
-31.16479,138.84889,-1
-32.02855,140.11382,-1
-31.03837,138.60712,-1
-30.57164,139.1326,-1
-31.98898,140.07293,-1
-32.00192,140.19357,-1
-30.39353,139.24595,-1
-32.16814,135.71269,-1
-32.03469,139.94971,-1
-32.02855,140.11382,-1
-31.96441,140.24526,-1
-31.98898,140.07293,-1
-31.98898,140.07293,-1
-31.98417,140.20935,-1
-30.45673,139.23424,-1
-32.09605,140.29804,-1
-32.03469,139.94971,-1
-32.02424,140.42206,-1
-31.03837,138.60712,-1
-31.98898,140.07293,-1
-31.98898,140.07293,-1
-31.98417,140.20935,-1
-30.39353,139.24595,-1
-32.16814,135.71269,-1
-32.03469,139.94971,-1
-32.02424,140.42206,-1
-31.26462,138.62397,-1
-31.90647,140.08169,-1
-31.98898,140.07293,-1
-31.98417,140.20935,-1
-30.39353,139.24595,-1
-30.39353,139.24595,-1
-32.03469,139.94971,-1
-31.92353,140.07315,-1
-32.54089,135.50708,-1
-31.98898,140.07293,-1
-31.98898,140.07293,-1
-32.03469,139.94971,-1
-32.14232,140.30733,-1
-32.16814,135.71269,-1
-32.03605,140.60469,-1
-30.58998,139.19156,-1
-32.15813,135.78438,-1
-32.01605,139.99695,-1
-31.98898,140.07293,-1
-32.03605,140.60469,-1
-32.13683,140.23552,-1
-31.92278,140.13646,-1
-31.93913,140.07646,-1
-31.92353,140.07315,-1
-31.98898,140.07293,-1
-31.03837,138.60712,-1
-31.98898,140.07293,-1
-30.40201,139.24102,-1
-31.92353,140.07315,-1
-31.94242,140.14959,-1
-32.16531,135.73148,-1
-31.50403,138.79393,-1
-31.98898,140.07293,-1
-32.01605,139.99695,-1
-31.98898,140.07293,-1
-31.93913,140.07646,-1
-31.92353,140.07315,-1
-31.93712,140.13697,-1
-32.00192,140.19357,-1
-30.58998,139.19156,-1
-30.57151,139.03592,-1
-32.01605,139.99695,-1
-31.98898,140.07293,-1
-31.11052,138.83013,-1
-31.50403,138.79393,-1
-32.00192,140.19357,-1
-32.00192,140.19357,-1
-31.45248,138.88758,-1
-31.98898,140.07293,-1
-32.01605,139.99695,-1
-32.16814,135.71269,-1
-32.16531,135.73148,-1
-31.92353,140.07315,-1
-31.51449,138.89288,-1
-32.00192,140.19357,-1
-29.86579,133.56007,-1
-31.98898,140.07293,-1
-32.01605,139.99695,-1
-32.16814,135.71269,-1
-32.16531,135.73148,-1
-31.92353,140.07315,-1
-32.16531,135.73148,-1
-32.00192,140.19357,-1
-31.92353,140.07315,-1
-31.98898,140.07293,-1
-32.01605,139.99695,-1
-31.92353,140.07315,-1
-31.93913,140.07646,-1
-32.04416,140.15145,-1
-30.40201,139.24102,-1
-31.98417,140.20935,-1
-30.58998,139.19156,-1
-31.98898,140.07293,-1
-30.55432,139.40243,-1
-31.32888,137.51949,-1
-31.93913,140.07646,-1
-30.99296,137.21789,-1
-31.32823,138.70418,-1
-32.17293,135.80111,-1
-30.58023,139.44017,-1
-31.98898,140.07293,-1
-30.55432,139.40243,-1
-31.92353,140.07315,-1
-31.93913,140.07646,-1
-32.00324,140.0755,-1
-30.57287,139.02978,-1
-32.17293,135.80111,-1
-30.47945,138.84324,-1
-31.98898,140.07293,-1
-32.54089,135.50708,-1
-31.92353,140.07315,-1
-31.93913,140.07646,-1
-31.98898,140.07293,-1
-30.29581,139.23612,-1
-32.81282,136.03268,-1
-32.06263,140.6347,-1
-31.98898,140.07293,-1
-30.35993,139.25153,-1
-31.92353,140.07315,-1
-31.93913,140.07646,-1
-31.98898,140.07293,-1
-30.57287,139.02978,-1
-32.81282,136.03268,-1
-32.06263,140.6347,-1
-31.98898,140.07293,-1
-31.14556,138.84542,-1
-31.36031,138.7753,-1
-30.56713,139.15176,-1
-31.98898,140.07293,-1
-31.92278,140.13646,-1
-30.57164,139.1326,-1
-31.9149,140.11234,-1
-31.98898,140.07293,-1
-32.01605,139.99695,-1
-32.49122,135.57572,-1
-31.25665,138.61794,-1
-31.98898,140.07293,-1
-30.53948,139.3414,-1
-32.03605,140.60469,-1
-31.9149,140.11234,-1
-30.57151,139.03592,-1
-31.50403,138.79393,-1
-30.53948,139.3414,-1
-31.89132,140.10697,-1
-31.98898,140.07293,-1
-32.01605,139.99695,-1
-32.00192,140.19357,-1
-31.9149,140.11234,-1
-31.98898,140.07293,-1
-32.01605,139.99695,-1
-31.92278,140.13646,-1
-30.57059,139.43805,-1
-31.98898,140.07293,-1
-32.01605,139.99695,-1
-32.00192,140.19357,-1
-32.23913,139.88736,-1
-31.98898,140.07293,-1
-32.01605,139.99695,-1
-31.92278,140.13646,-1
-31.89132,140.10697,-1
-31.98898,140.07293,-1
-32.01605,139.99695,-1
-31.98417,140.20935,-1
-31.9149,140.11234,-1
-31.98898,140.07293,-1
-32.02855,140.11382,-1
-31.92278,140.13646,-1
-31.89132,140.10697,-1
-31.98898,140.07293,-1
-30.57776,139.18602,-1
-31.98417,140.20935,-1
-32.8296,136.01562,-1
-31.98898,140.07293,-1
-32.01605,139.99695,-1
-32.02252,140.23427,-1
-31.89132,140.10697,-1
-31.98898,140.07293,-1
-31.93913,140.07646,-1
-30.58935,139.44188,-1
-30.57164,139.1326,-1
-31.98898,140.07293,-1
-32.04416,140.15145,-1
-31.99557,139.96871,-1
-31.89132,140.10697,-1
-31.98898,140.07293,-1
-30.51293,138.91817,-1
-30.63466,139.21629,-1
-31.7464,140.58144,-1
-31.98898,140.07293,-1
-32.01605,139.99695,-1
-32.06835,140.64648,-1
-30.57164,139.1326,-1
-30.57692,139.01214,-1
-32.00192,140.19357,-1
-30.63466,139.21629,-1
-30.60062,139.09646,-1
-31.30971,138.63641,-1
-30.32705,138.71155,-1
-32.81282,136.03268,-1
-30.57164,139.1326,-1
-31.09281,138.77103,-1
-32.67733,135.64294,-1
-30.43988,139.24189,-1
-32.80004,138.9277,-1
-31.41843,138.69938,-1
-31.97043,140.07294,-1
-31.22272,138.85166,-1
-31.95932,140.21708,-1
-32.01605,139.99695,-1
-32.67733,135.64294,-1
-30.35654,139.24176,-1
-32.67889,135.79029,-1
-30.63087,139.25743,-1
-31.97043,140.07294,-1
-30.39353,139.24595,-1
-30.56713,139.15176,-1
-32.01605,139.99695,-1
-31.92353,140.07315,-1
-32.09465,140.31365,-1
-32.67889,135.79029,-1
-30.63132,139.24215,-1
-31.9149,140.11234,-1
-31.16479,138.84889,-1
-31.89132,140.10697,-1
-32.01605,139.99695,-1
-31.92353,140.07315,-1
-31.94711,140.09851,-1
-32.67827,135.66408,-1
-31.9149,140.11234,-1
-31.97043,140.07294,-1
-32.47729,136.01967,-1
-31.89132,140.10697,-1
-32.94045,139.76094,-1
-32.03605,140.60469,-1
-32.11726,139.93883,-1
-32.23913,139.88736,-1
-31.9149,140.11234,-1
-31.97043,140.07294,-1
-31.93913,140.07646,-1
-31.89132,140.10697,-1
-32.01605,139.99695,-1
-32.03605,140.60469,-1
-30.63466,139.21629,-1
-31.20211,138.64023,-1
-30.57507,139.03971,-1
-31.97043,140.07294,-1
-31.93913,140.07646,-1
-30.57141,139.02958,-1
-30.38333,139.25126,-1
-32.03605,140.60469,-1
-30.57164,139.1326,-1
-30.63466,139.21629,-1
-30.57507,139.03971,-1
-31.97043,140.07294,-1
-31.93913,140.07646,-1
-31.9149,140.11234,-1
-32.04416,140.15145,-1
-32.03605,140.60469,-1
-31.96375,140.35639,-1
-32.17673,140.04821,-1
-32.06352,140.38349,-1
-31.97043,140.07294,-1
-31.93913,140.07646,-1
-31.9149,140.11234,-1
-32.04416,140.15145,-1
-32.03605,140.60469,-1
-30.49975,138.86218,-1
-32.17673,140.04821,-1
-30.9784,138.52079,-1
-31.97043,140.07294,-1
-31.93913,140.07646,-1
-31.9149,140.11234,-1
-30.32705,138.71155,-1
-32.17293,135.80111,-1
-31.96375,140.35639,-1
-32.03913,140.0662,-1
-32.09605,140.29804,-1
-31.97043,140.07294,-1
-31.93913,140.07646,-1
-31.9149,140.11234,-1
-30.35525,139.22657,-1
-32.03469,139.94971,-1
-30.60285,139.06133,-1
-32.27012,139.878,-1
-32.67733,135.64294,-1
-31.9149,140.11234,-1
-32.67997,135.53375,-1
-31.9149,140.11234,-1
-30.35525,139.22657,-1
-31.89739,140.30736,-1
-32.01766,140.10333,-1
-30.37681,139.26587,-1
-32.67733,135.64294,-1
-31.9149,140.11234,-1
-30.57141,139.02958,-1
-32.0239,140.00767,-1
-31.89739,140.30736,-1
-30.40201,139.24102,-1
-32.26049,139.89231,-1
-30.58023,139.44017,-1
-32.16531,135.73148,-1
-31.97043,140.07294,-1
-32.23913,139.88736,-1
-32.06352,140.38349,-1
-30.45673,139.23424,-1
-32.16814,135.71269,-1
-32.26049,139.89231,-1
-30.58023,139.44017,-1
-30.57287,139.02978,-1
-31.9149,140.11234,-1
-32.07214,140.36635,-1
-32.12212,140.24163,-1
-31.92353,140.07315,-1
-32.16814,135.71269,-1
-31.95822,140.24853,-1
-32.01894,140.05876,-1
-30.57287,139.02978,-1
-31.93712,140.13697,-1
-32.07214,140.36635,-1
-31.2403,138.86417,-1
-31.92353,140.07315,-1
-32.16814,135.71269,-1
-31.95822,140.24853,-1
-32.00192,140.19357,-1
-32.14408,135.82943,-1
-31.99557,139.96871,-1
-31.98898,140.07293,-1
-30.63466,139.21629,-1
-31.43901,138.72753,-1
-32.16814,135.71269,-1
-31.95822,140.24853,-1
-34.63383,139.2819,-1
-31.7687,140.57335,-1
-31.99557,139.96871,-1
-31.98898,140.07293,-1
-30.43988,139.24189,-1
-31.98744,139.89427,-1
-32.16814,135.71269,-1
-31.7464,140.58144,-1
-31.98898,140.07293,-1
-32.15294,140.29065,-1
-31.32741,138.62961,-1
-31.98898,140.07293,-1
-32.06263,140.6347,-1
-32.00192,140.19357,-1
-32.16814,135.71269,-1
-30.56713,139.15176,-1
-31.98898,140.07293,-1
-30.35993,139.25153,-1
-30.57164,139.1326,-1
-30.57287,139.02978,-1
-32.06263,140.6347,-1
-32.00192,140.19357,-1
-32.68438,138.81636,-1
-32.81773,136.02469,-1
-31.98898,140.07293,-1
-30.35993,139.25153,-1
-31.00529,138.52477,-1
-31.97334,140.31212,-1
-32.11726,139.93883,-1
-32.00192,140.19357,-1
-31.19221,138.62305,-1
-30.57059,139.43805,-1
-31.98898,140.07293,-1
-31.96441,140.24526,-1
-31.14556,138.84542,-1
-31.03837,138.60712,-1
-32.11726,139.93883,-1
-32.00192,140.19357,-1
-32.48895,135.55501,-1
-30.57059,139.43805,-1
-31.98898,140.07293,-1
-31.96441,140.24526,-1
-32.01605,139.99695,-1
-32.01605,139.99695,-1
-30.45867,139.24492,-1
-31.98417,140.20935,-1
-31.9149,140.11234,-1
-31.89132,140.10697,-1
-32.00192,140.19357,-1
-32.15813,135.78438,-1
-31.90647,140.08169,-1
-32.01605,139.99695,-1
-31.29085,138.63354,-1
-30.57151,139.03592,-1
-31.9149,140.11234,-1
-30.62817,139.28099,-1
-32.00192,140.19357,-1
-32.67222,135.54316,-1
-31.90647,140.08169,-1
-32.01605,139.99695,-1
-31.29085,138.63354,-1
-32.01605,139.99695,-1
-30.25301,139.14025,-1
-32.0239,140.00767,-1
-32.67971,135.67585,-1
-31.92353,140.07315,-1
-31.90647,140.08169,-1
-31.26462,138.62397,-1
-31.97043,140.07294,-1
-31.41843,138.69938,-1
-32.23913,139.88736,-1
-31.2403,138.86417,-1
-32.49693,136.01963,-1
-31.92353,140.07315,-1
-31.9447,140.10804,-1
-31.26462,138.62397,-1
-31.97043,140.07294,-1
-34.34855,139.48042,-1
-32.67827,135.66408,-1
-32.08415,140.66861,-1
-32.16531,135.73148,-1
-32.02252,140.23427,-1
-32.14408,135.82943,-1
-32.01605,139.99695,-1
-31.99233,139.97452,-1
-30.53948,139.3414,-1
-31.9149,140.11234,-1
-31.26723,137.49045,-1
-32.16531,135.73148,-1
-32.02855,140.11382,-1
-30.30449,139.22846,-1
-31.96441,140.24526,-1
-31.99233,139.97452,-1
-30.35993,139.25153,-1
-31.9149,140.11234,-1
-30.4665,139.21277,-1
-31.93913,140.07646,-1
-31.97766,140.40018,-1
-32.00324,140.0755,-1
-31.03837,138.60712,-1
-31.97043,140.07294,-1
-30.49975,138.86218,-1
-31.19221,138.62305,-1
-32.12212,140.24163,-1
-30.57141,139.02958,-1
-32.01605,139.99695,-1
-32.00324,140.0755,-1
-32.01605,139.99695,-1
-31.97043,140.07294,-1
-30.35993,139.25153,-1
-32.54299,136.03478,-1
-30.29581,139.23612,-1
-31.50403,138.79393,-1
-32.01605,139.99695,-1
-31.37217,138.57393,-1
-32.01605,139.99695,-1
-31.97043,140.07294,-1
-30.35993,139.25153,-1
-32.00192,140.19357,-1
-30.29581,139.23612,-1
-30.38333,139.25126,-1
-32.01605,139.99695,-1
-30.57507,139.03971,-1
-32.59668,135.7681,-1
-32.01617,139.96597,-1
-32.15813,135.78438,-1
-31.42766,138.67016,-1
-31.98417,140.20935,-1
-30.62847,139.29575,-1
-32.01605,139.99695,-1
-32.01605,139.99695,-1
-32.16814,135.71269,-1
-30.59135,139.03227,-1
-32.15813,135.78438,-1
-31.9149,140.11234,-1
-32.16814,135.71269,-1
-31.28491,138.68186,-1
-32.02855,140.11382,-1
-32.15813,135.78438,-1
-32.16814,135.71269,-1
-31.99233,139.97452,-1
-32.15813,135.78438,-1
-31.9149,140.11234,-1
-32.16814,135.71269,-1
-30.38333,139.25126,-1
-32.02855,140.11382,-1
-30.47111,139.24799,-1
-31.81458,140.5805,-1
-30.37351,139.25568,-1
-31.7687,140.57335,-1
-30.57164,139.1326,-1
-32.16814,135.71269,-1
-30.32705,138.71155,-1
-32.13008,139.9733,-1
-34.08344,140.12016,-1
-31.81458,140.5805,-1
-31.97043,140.07294,-1
-30.35654,139.24176,-1
-30.57164,139.1326,-1
-32.16814,135.71269,-1
-32.14232,140.30733,-1
-32.50044,135.53513,-1
-30.28785,139.23461,-1
-31.9149,140.11234,-1
-31.99233,139.97452,-1
-31.92353,140.07315,-1
-32.16531,135.73148,-1
-32.16814,135.71269,-1
-31.34799,137.57633,-1
-31.92353,140.07315,-1
-30.41324,139.42035,-1
-31.9149,140.11234,-1
-30.57164,139.1326,-1
-32.16814,135.71269,-1
-30.35654,139.24176,-1
-32.16814,135.71269,-1
-32.16531,135.73148,-1
-32.09605,140.29804,-1
-30.41324,139.42035,-1
-31.9149,140.11234,-1
-31.7464,140.58144,-1
-30.57151,139.03592,-1
-31.94711,140.09851,-1
-32.16814,135.71269,-1
-31.38071,138.57162,-1
-31.92353,140.07315,-1
-32.01766,140.10333,-1
-32.20633,139.88752,-1
-30.57164,139.1326,-1
-30.57151,139.03592,-1
-32.11726,139.93883,-1
-32.16814,135.71269,-1
-31.19221,138.62305,-1
-32.12089,139.95696,-1
-30.44619,139.29817,-1
-31.19393,138.85184,-1
-30.2225,139.1948,-1
-32.50044,135.53513,-1
-32.03913,140.0662,-1
-32.16814,135.71269,-1
-31.98417,140.20935,-1
-31.92353,140.07315,-1
-32.81282,136.03268,-1
-30.56713,139.15176,-1
-30.2225,139.1948,-1
-32.66057,135.64662,-1
-31.7464,140.58144,-1
-30.28785,139.23461,-1
-30.4432,138.78801,-1
-31.92353,140.07315,-1
-30.57141,139.02958,-1
-30.56713,139.15176,-1
-32.64445,135.46244,-1
-32.16814,135.71269,-1
-32.64445,135.46244,-1
-30.28785,139.23461,-1
-31.92353,140.07315,-1
-32.39443,134.83798,-1
-30.57141,139.02958,-1
-31.7464,140.58144,-1
-32.1087,140.70205,-1
-32.16814,135.71269,-1
-32.16814,135.71269,-1
-30.28785,139.23461,-1
-31.92353,140.07315,-1
-32.19341,139.88593,-1
-32.15813,135.78438,-1
-30.57164,139.1326,-1
-30.3808,139.28146,-1
-31.92353,140.07315,-1
-32.16814,135.71269,-1
-31.95822,140.24853,-1
-32.67733,135.64294,-1
-31.31553,138.71753,-1
-30.44844,139.2879,-1
-32.17673,140.04821,-1
-30.3808,139.28146,-1
-32.16814,135.71269,-1
-32.06263,140.6347,-1
-30.52306,138.75629,-1
-32.16814,135.71269,-1
-31.93712,140.13697,-1
-32.49122,135.57572,-1
-30.57164,139.1326,-1
-30.3808,139.28146,-1
-32.16814,135.71269,-1
-32.16531,135.73148,-1
-30.47,139.4708,-1
-32.16814,135.71269,-1
-31.30971,138.63641,-1
-32.49122,135.57572,-1
-30.57164,139.1326,-1
-30.29557,139.25796,-1
-32.67733,135.64294,-1
-30.41324,139.42035,-1
-30.99179,137.221,-1
-32.16814,135.71269,-1
-30.28785,139.23461,-1
-31.9447,140.10804,-1
-32.64445,135.46244,-1
-31.2403,138.86417,-1
-32.16814,135.71269,-1
-32.11726,139.93883,-1
-32.11636,139.9174,-1
-32.16814,135.71269,-1
-32.67827,135.66408,-1
-31.9447,140.10804,-1
-31.42838,138.68149,-1
-32.12212,140.24163,-1
-31.50403,138.79393,-1
-32.11726,139.93883,-1
-30.47945,138.84324,-1
-29.86579,133.56007,-1
-32.67827,135.66408,-1
-31.29987,138.80077,-1
-33.58138,139.05194,-1
-31.29987,138.80077,-1
-31.50403,138.79393,-1
-30.41324,139.42035,-1
-32.23913,139.88736,-1
-32.03469,139.94971,-1
-32.16814,135.71269,-1
-32.12212,140.24163,-1
-32.67889,135.79029,-1
-32.16814,135.71269,-1
-32.16814,135.71269,-1
-34.67877,139.54945,-1
-31.9149,140.11234,-1
-32.03469,139.94971,-1
-32.13008,139.9733,-1
-31.2403,138.86417,-1
-30.48964,138.85563,-1
-32.16814,135.71269,-1
-31.19221,138.62305,-1
-32.67827,135.66408,-1
-32.11636,139.9174,-1
-32.03469,139.94971,-1
-32.13008,139.9733,-1
-32.12212,140.24163,-1
-32.11726,139.93883,-1
-32.00192,140.19357,-1
-32.16814,135.71269,-1
-30.56713,139.15176,-1
-31.81458,140.5805,-1
-31.12293,138.83601,-1
-31.88422,140.30267,-1
-31.97043,140.07294,-1
-31.94711,140.09851,-1
-32.00192,140.19357,-1
-32.16814,135.71269,-1
-30.57059,139.43805,-1
-31.9149,140.11234,-1
-30.6301,139.31042,-1
-32.04769,140.61185,-1
-31.97043,140.07294,-1
-31.94711,140.09851,-1
-32.17449,135.82355,-1
-32.16814,135.71269,-1
-32.83857,136.00706,-1
-31.9149,140.11234,-1
-32.0239,140.00767,-1
-32.24841,139.89648,-1
-31.97043,140.07294,-1
-30.58023,139.44017,-1
-32.67889,135.79029,-1
-32.16814,135.71269,-1
-30.47,139.4708,-1
-32.17673,140.04821,-1
-32.02855,140.11382,-1
-30.4665,139.21277,-1
-31.97043,140.07294,-1
-32.17449,135.82355,-1
-32.04769,140.61185,-1
-32.16814,135.71269,-1
-30.56713,139.15176,-1
-32.17673,140.04821,-1
-32.12212,140.24163,-1
-30.47,139.4708,-1
-32.26049,139.89231,-1
-32.00192,140.19357,-1
-32.09853,140.28086,-1
-32.16814,135.71269,-1
-32.02855,140.11382,-1
-30.48964,138.85563,-1
-30.37351,139.25568,-1
-32.83857,136.00706,-1
-32.01617,139.96597,-1
-32.00192,140.19357,-1
-32.24841,139.89648,-1
-30.40201,139.24102,-1
-32.02855,140.11382,-1
-32.0239,140.00767,-1
-32.16531,135.73148,-1
-32.12212,140.24163,-1
-31.30971,138.63641,-1
-32.00192,140.19357,-1
-32.81282,136.03268,-1
-31.98744,139.89427,-1
-32.02855,140.11382,-1
-30.57164,139.1326,-1
-32.16531,135.73148,-1
-31.18081,138.85181,-1
-32.11803,139.90748,-1
-31.98417,140.20935,-1
-32.00324,140.0755,-1
-31.07094,138.62597,-1
-32.08415,140.66861,-1
-32.54089,135.50708,-1
-30.35654,139.24176,-1
-31.9447,140.10804,-1
-31.30971,138.63641,-1
-31.98417,140.20935,-1
-32.02855,140.11382,-1
-30.58565,139.29383,-1
-30.56713,139.15176,-1
-31.89132,140.10697,-1
-32.83857,136.00706,-1
-32.56119,135.29099,-1
-31.30971,138.63641,-1
-30.63466,139.21629,-1
-32.42583,135.32168,-1
-30.57059,139.43805,-1
-30.57059,139.43805,-1
-31.89132,140.10697,-1
-31.25665,138.61794,-1
-31.51449,138.89288,-1
-30.57287,139.02978,-1
-30.63466,139.21629,-1
-31.93913,140.07646,-1
-30.57059,139.43805,-1
-31.95932,140.21708,-1
-30.2225,139.1948,-1
-31.25665,138.61794,-1
-31.41843,138.69938,-1
-32.13008,139.9733,-1
-32.55918,135.67903,-1
-32.16531,135.73148,-1
-30.56713,139.15176,-1
-31.95932,140.21708,-1
-31.81458,140.5805,-1
-31.25665,138.61794,-1
-31.41843,138.69938,-1
-30.57287,139.02978,-1
-32.16531,135.73148,-1
-32.16531,135.73148,-1
-30.6284,139.26987,-1
-31.09558,138.80977,-1
-32.24841,139.89648,-1
-31.95932,140.21708,-1
-31.41843,138.69938,-1
-32.07696,140.64811,-1
-32.16531,135.73148,-1
-32.04769,140.61185,-1
-30.56713,139.15176,-1
-31.09558,138.80977,-1
-32.24841,139.89648,-1
-30.57059,139.43805,-1
-31.41843,138.69938,-1
-31.9447,140.10804,-1
-32.16531,135.73148,-1
-31.94711,140.09851,-1
-32.81773,136.02469,-1
-30.63853,139.41151,-1
-32.04769,140.61185,-1
-31.19393,138.85184,-1
-31.41843,138.69938,-1
-31.9447,140.10804,-1
-32.16531,135.73148,-1
-29.65867,135.2724,-1
-31.19393,138.85184,-1
-30.28785,139.23461,-1
-32.09853,140.28086,-1
-30.60685,139.44425,-1
-31.42838,138.68149,-1
-31.9447,140.10804,-1
-32.06263,140.6347,-1
-30.43271,139.24936,-1
-30.2225,139.1948,-1
-32.13008,139.9733,-1
-32.16531,135.73148,-1
-32.06352,140.38349,-1
-30.57507,139.03971,-1
-34.08344,140.12016,-1
-32.06263,140.6347,-1
-31.97043,140.07294,-1
-31.9149,140.11234,-1
-31.95822,140.24853,-1
-32.16531,135.73148,-1
-30.56713,139.15176,-1
-30.57507,139.03971,-1
-31.41843,138.69938,-1
-32.06263,140.6347,-1
-31.97043,140.07294,-1
-31.81458,140.5805,-1
-31.95822,140.24853,-1
-30.57776,139.18602,-1
-30.56713,139.15176,-1
-31.9447,140.10804,-1
-30.57507,139.03971,-1
-32.04057,140.01994,-1
-31.97043,140.07294,-1
-31.9149,140.11234,-1
-31.95822,140.24853,-1
-30.58998,139.19156,-1
-30.56713,139.15176,-1
-32.04479,140.15779,-1
-30.57287,139.02978,-1
-32.1087,140.70205,-1
-30.57287,139.02978,-1
-31.9149,140.11234,-1
-31.95822,140.24853,-1
-32.70857,135.68125,-1
-30.56713,139.15176,-1
-31.9447,140.10804,-1
-31.51755,138.79831,-1
-31.42277,138.71693,-1
-30.57287,139.02978,-1
-31.9149,140.11234,-1
-30.60285,139.06133,-1
-32.02252,140.23427,-1
-30.47,139.4708,-1
-30.45867,139.24492,-1
-31.7602,140.58125,-1
-30.3808,139.28146,-1
-32.0239,140.00767,-1
-31.81458,140.5805,-1
-30.28785,139.23461,-1
-32.01605,139.99695,-1
-30.47,139.4708,-1
-32.81282,136.03268,-1
-31.22272,138.85166,-1
-31.363,138.57732,-1
-32.08415,140.66861,-1
-31.93712,140.13697,-1
-30.2382,139.17837,-1
-30.35993,139.25153,-1
-31.97043,140.07294,-1
-32.81282,136.03268,-1
-31.42372,138.69047,-1
-31.12778,138.62336,-1
-32.20633,139.88752,-1
-31.93712,140.13697,-1
-31.19041,138.60693,-1
-32.67827,135.66408,-1
-31.97043,140.07294,-1
-32.81282,136.03268,-1
-31.30971,138.63641,-1
-31.29987,138.80077,-1
-30.58023,139.44017,-1
-32.13586,139.98462,-1
-32.01766,140.10333,-1
-32.06263,140.6347,-1
-31.97043,140.07294,-1
-32.81282,136.03268,-1
-30.22218,139.21058,-1
-30.56713,139.15176,-1
-30.60062,139.09646,-1
-31.94242,140.14959,-1
-32.01766,140.10333,-1
-31.93913,140.07646,-1
-31.97043,140.07294,-1
-31.90665,140.31037,-1
-31.17699,138.79607,-1
-32.09605,140.29804,-1
-31.82945,140.58042,-1
-31.93712,140.13697,-1
-32.01766,140.10333,-1
-31.93913,140.07646,-1
-30.28785,139.23461,-1
-32.81282,136.03268,-1
-32.11803,139.90748,-1
-30.3808,139.28146,-1
-32.14408,135.82943,-1
-31.93712,140.13697,-1
-30.60285,139.06133,-1
-31.93913,140.07646,-1
-31.95822,140.24853,-1
-31.97043,140.07294,-1
-32.03823,140.59436,-1
-31.46631,138.88626,-1
-31.90647,140.08169,-1
-31.98898,140.07293,-1
-32.01766,140.10333,-1
-31.12778,138.62336,-1
-31.97043,140.07294,-1
-31.97043,140.07294,-1
-32.04769,140.61185,-1
-32.83857,136.00706,-1
-31.90647,140.08169,-1
-31.98898,140.07293,-1
-32.01766,140.10333,-1
-31.30971,138.63641,-1
-31.97043,140.07294,-1
-31.99233,139.97452,-1
-30.58023,139.44017,-1
-32.83857,136.00706,-1
-32.01766,140.10333,-1
-32.00192,140.19357,-1
-30.28785,139.23461,-1
-30.57141,139.02958,-1
-31.97043,140.07294,-1
-30.53948,139.3414,-1
-30.63466,139.21629,-1
-30.49975,138.86218,-1
-31.249,138.66629,-1
-32.00192,140.19357,-1
-32.13008,139.9733,-1
-32.01381,140.20794,-1
-31.97043,140.07294,-1
-32.04057,140.01994,-1
-34.62272,139.39843,-1
-31.25665,138.61794,-1
-32.13008,139.9733,-1
-32.00192,140.19357,-1
-32.13008,139.9733,-1
-32.04479,140.15779,-1
-32.26049,139.89231,-1
-30.3808,139.28146,-1
-30.60285,139.06133,-1
-30.62817,139.28099,-1
-32.13008,139.9733,-1
-31.98898,140.07293,-1
-31.95822,140.24853,-1
-31.41843,138.69938,-1
-32.13008,139.9733,-1
-30.3808,139.28146,-1
-30.60285,139.06133,-1
-30.57059,139.43805,-1
-32.47729,136.01967,-1
-32.12212,140.24163,-1
-30.53948,139.3414,-1
-32.13586,139.98462,-1
-31.89132,140.10697,-1
-31.97043,140.07294,-1
-31.09558,138.80977,-1
-32.02855,140.11382,-1
-32.13008,139.9733,-1
-31.18081,138.85181,-1
-32.20633,139.88752,-1
-31.7602,140.58125,-1
-31.89132,140.10697,-1
-31.97043,140.07294,-1
-31.09558,138.80977,-1
-32.02855,140.11382,-1
-32.01766,140.10333,-1
-31.18081,138.85181,-1
-30.29557,139.25796,-1
-32.66761,135.63741,-1
-31.89132,140.10697,-1
-31.97043,140.07294,-1
-31.18081,138.85181,-1
-31.89132,140.10697,-1
-30.28785,139.23461,-1
-31.18081,138.85181,-1
-31.28491,138.68186,-1
-32.66761,135.63741,-1
-32.0239,140.00767,-1
-31.97043,140.07294,-1
-31.97043,140.07294,-1
-32.0239,140.00767,-1
-30.28785,139.23461,-1
-32.01617,139.96597,-1
-30.37351,139.25568,-1
-31.7602,140.58125,-1
-32.02855,140.11382,-1
-31.97043,140.07294,-1
-31.97043,140.07294,-1
-31.7464,140.58144,-1
-32.13008,139.9733,-1
-32.01617,139.96597,-1
-31.2403,138.86417,-1
-32.81282,136.03268,-1
-32.08415,140.66861,-1
-31.97043,140.07294,-1
-31.19393,138.85184,-1
-31.89132,140.10697,-1
-32.13008,139.9733,-1
-32.12212,140.24163,-1
-32.12212,140.24163,-1
-32.49122,135.57572,-1
-30.5771,139.12071,-1
-31.97043,140.07294,-1
-30.57059,139.43805,-1
-30.54181,138.42244,-1
-30.28785,139.23461,-1
-30.60685,139.44425,-1
-31.97043,140.07294,-1
-30.57287,139.02978,-1
-31.97043,140.07294,-1
-31.89132,140.10697,-1
-30.62817,139.28099,-1
-32.67827,135.66408,-1
-32.68943,135.68208,-1
-30.37351,139.25568,-1
-32.01617,139.96597,-1
-30.57287,139.02978,-1
-31.97043,140.07294,-1
-32.08415,140.66861,-1
-31.30971,138.63641,-1
-31.9149,140.11234,-1
-31.35111,138.81901,-1
-30.4665,139.21277,-1
-32.01617,139.96597,-1
-32.81282,136.03268,-1
-31.99233,139.97452,-1
-31.94711,140.09851,-1
-32.07696,140.64811,-1
-31.9149,140.11234,-1
-32.15813,135.78438,-1
-32.12212,140.24163,-1
-32.01617,139.96597,-1
-32.81282,136.03268,-1
-31.97043,140.07294,-1
-32.02855,140.11382,-1
-30.27894,139.21692,-1
-32.03605,140.60469,-1
-30.44844,139.2879,-1
-33.57847,138.9505,-1
-31.97043,140.07294,-1
-31.15354,138.5733,-1
-31.97043,140.07294,-1
-32.02855,140.11382,-1
-32.07696,140.64811,-1
-32.03605,140.60469,-1
-31.30592,138.81767,-1
-31.97043,140.07294,-1
-31.97043,140.07294,-1
-30.56897,139.14247,-1
-31.97043,140.07294,-1
-32.02855,140.11382,-1
-32.07696,140.64811,-1
-32.17293,135.80111,-1
-32.49122,135.57572,-1
-31.97043,140.07294,-1
-31.97043,140.07294,-1
-32.81282,136.03268,-1
-31.97043,140.07294,-1
-31.89132,140.10697,-1
-32.01766,140.10333,-1
-30.4579,138.82477,-1
-32.01605,139.99695,-1
-31.97043,140.07294,-1
-31.97043,140.07294,-1
-31.9447,140.10804,-1
-31.97043,140.07294,-1
-31.89132,140.10697,-1
-32.01766,140.10333,-1
-30.9784,138.52079,-1
-32.11602,139.92868,-1
-31.97043,140.07294,-1
-31.97043,140.07294,-1
-31.9447,140.10804,-1
-31.97043,140.07294,-1
-32.06263,140.6347,-1
-30.28785,139.23461,-1
-32.03469,139.94971,-1
-32.38927,134.85616,-1
-31.97043,140.07294,-1
-31.7687,140.57335,-1
-31.94242,140.14959,-1
-31.97043,140.07294,-1
-32.06263,140.6347,-1
-31.13167,138.63704,-1
-30.58998,139.19156,-1
-32.74946,135.92873,-1
-32.26049,139.89231,-1
-31.97043,140.07294,-1
-31.94242,140.14959,-1
-32.26049,139.89231,-1
-31.42766,138.67016,-1
-31.13167,138.63704,-1
-31.21269,138.64617,-1
-31.42372,138.69047,-1
-30.70254,139.40956,-1
-31.97043,140.07294,-1
-31.30971,138.63641,-1
-31.97043,140.07294,-1
-30.63466,139.21629,-1
-31.13167,138.63704,-1
-32.27012,139.878,-1
-31.96441,140.24526,-1
-30.63466,139.21629,-1
-31.97043,140.07294,-1
-31.94242,140.14959,-1
-31.97043,140.07294,-1
-30.63466,139.21629,-1
-32.12212,140.24163,-1
-30.28785,139.23461,-1
-30.55432,139.40243,-1
-32.06263,140.6347,-1
-31.97043,140.07294,-1
-30.953,138.52719,-1
-31.97043,140.07294,-1
-30.63466,139.21629,-1
-31.29987,138.80077,-1
-32.01766,140.10333,-1
-31.32741,138.62961,-1
-32.06263,140.6347,-1
-32.02855,140.11382,-1
-30.57692,139.01214,-1
-31.97043,140.07294,-1
-30.63466,139.21629,-1
-31.97043,140.07294,-1
-32.01766,140.10333,-1
-31.32741,138.62961,-1
-30.32467,138.6984,-1
-30.35654,139.24176,-1
-30.57141,139.02958,-1
-31.97043,140.07294,-1
-32.16531,135.73148,-1
-31.97043,140.07294,-1
-30.60685,139.44425,-1
-31.32741,138.62961,-1
-31.96375,140.35639,-1
-32.09853,140.28086,-1
-31.9447,140.10804,-1
-31.97043,140.07294,-1
-30.56713,139.15176,-1
-31.97043,140.07294,-1
-32.01766,140.10333,-1
-32.06352,140.38349,-1
-30.63128,139.22797,-1
-30.35654,139.24176,-1
-31.9447,140.10804,-1
-30.2382,139.17837,-1
-33.46639,138.88964,-1
-31.42277,138.71693,-1
-32.01766,140.10333,-1
-31.29987,138.80077,-1
-30.43271,139.24936,-1
-32.16531,135.73148,-1
-31.42752,138.70385,-1
-31.95932,140.21708,-1
-31.41854,138.55821,-1
-30.58023,139.44017,-1
-32.01766,140.10333,-1
-31.9447,140.10804,-1
-32.12212,140.24163,-1
-31.30971,138.63641,-1
-30.57068,139.17858,-1
-31.19393,138.85184,-1
-30.70254,139.40956,-1
-30.58023,139.44017,-1
-31.09558,138.80977,-1
-30.46789,139.26423,-1
-30.60685,139.44425,-1
-32.66712,135.55277,-1
-32.27012,139.878,-1
-30.58023,139.44017,-1
-32.11726,139.93883,-1
-32.01766,140.10333,-1
-32.17673,140.04821,-1
-31.9447,140.10804,-1
-31.97043,140.07294,-1
-31.19393,138.85184,-1
-32.01894,140.05876,-1
-32.16814,135.71269,-1
-32.17673,140.04821,-1
-32.04057,140.01994,-1
-32.17673,140.04821,-1
-31.9447,140.10804,-1
-32.42583,135.32168,-1
-32.55902,135.66237,-1
-32.19341,139.88593,-1
-32.16814,135.71269,-1
-32.17673,140.04821,-1
-30.3808,139.28146,-1
-31.20211,138.64023,-1
-32.00192,140.19357,-1
-31.96375,140.35639,-1
-31.42277,138.71693,-1
-32.19341,139.88593,-1
-32.02365,140.58502,-1
-32.17673,140.04821,-1
-31.90647,140.08169,-1
-31.20211,138.64023,-1
-32.00192,140.19357,-1
-32.1087,140.70205,-1
-32.11803,139.90748,-1
-32.15813,135.78438,-1
-32.03469,139.94971,-1
-32.11726,139.93883,-1
-31.90647,140.08169,-1
-32.04769,140.61185,-1
-32.00192,140.19357,-1
-32.16531,135.73148,-1
-31.90647,140.08169,-1
-32.27012,139.878,-1
-32.03469,139.94971,-1
-32.17449,135.82355,-1
-31.90647,140.08169,-1
-31.20211,138.64023,-1
-32.19341,139.88593,-1
-31.93913,140.07646,-1
-30.57287,139.02978,-1
-31.81458,140.5805,-1
-30.58998,139.19156,-1
-32.83857,136.00706,-1
-31.90647,140.08169,-1
-32.81773,136.02469,-1
-31.9149,140.11234,-1
-30.41324,139.42035,-1
-32.07696,140.64811,-1
-31.81458,140.5805,-1
-30.58998,139.19156,-1
-31.95932,140.21708,-1
-32.14408,135.82943,-1
-31.97513,140.22166,-1
-32.8296,136.01562,-1
-32.03913,140.0662,-1
-30.57141,139.02958,-1
-31.99557,139.96871,-1
-30.45673,139.23424,-1
-31.94711,140.09851,-1
-32.14408,135.82943,-1
-30.26399,139.13772,-1
-31.11052,138.83013,-1
-32.11726,139.93883,-1
-32.04479,140.15779,-1
-31.99557,139.96871,-1
-30.45673,139.23424,-1
-31.19041,138.60693,-1
-30.57287,139.02978,-1
-32.68114,135.65373,-1
-31.99557,139.96871,-1
-32.16531,135.73148,-1
-31.9447,140.10804,-1
-32.00192,140.19357,-1
-32.03469,139.94971,-1
-31.95822,140.24853,-1
-32.06263,140.6347,-1
-32.04479,140.15779,-1
-32.19341,139.88593,-1
-32.67827,135.66408,-1
-32.04479,140.15779,-1
-31.26462,138.62397,-1
-32.03469,139.94971,-1
-31.95822,140.24853,-1
-32.06352,140.38349,-1
-30.26399,139.13772,-1
-32.15813,135.78438,-1
-31.98417,140.20935,-1
-31.9447,140.10804,-1
-31.03837,138.60712,-1
-31.27987,138.78087,-1
-32.13008,139.9733,-1
-30.56713,139.15176,-1
-31.9447,140.10804,-1
-32.01605,139.99695,-1
-31.07094,138.62597,-1
-30.63087,139.25743,-1
-32.01605,139.99695,-1
-31.27987,138.78087,-1
-30.3808,139.28146,-1
-31.25665,138.61794,-1
-30.44844,139.2879,-1
-32.01605,139.99695,-1
-31.89132,140.10697,-1
-31.9447,140.10804,-1
-32.50044,135.53513,-1
-30.35525,139.22657,-1
-32.1087,140.70205,-1
-31.95932,140.21708,-1
-30.44844,139.2879,-1
-32.01894,140.05876,-1
-30.2225,139.1948,-1
-30.57507,139.03971,-1
-32.01605,139.99695,-1
-31.92278,140.13646,-1
-31.31553,138.71753,-1
-32.83857,136.00706,-1
-31.9447,140.10804,-1
-32.01894,140.05876,-1
-30.2225,139.1948,-1
-32.67889,135.79029,-1
-32.01605,139.99695,-1
-32.04894,140.16198,-1
-30.3808,139.28146,-1
-31.19393,138.85184,-1
-30.28325,139.22601,-1
-31.99557,139.96871,-1
-32.0239,140.00767,-1
-31.25665,138.61794,-1
-30.44786,139.23481,-1
-31.94711,140.09851,-1
-32.09605,140.29804,-1
-30.56713,139.15176,-1
-30.57287,139.02978,-1
-32.00192,140.19357,-1
-32.02855,140.11382,-1
-32.64445,135.46244,-1
-31.96441,140.24526,-1
-32.13803,140.01077,-1
-30.63511,139.33055,-1
-32.06352,140.38349,-1
-32.07696,140.64811,-1
-32.00192,140.19357,-1
-30.63466,139.21629,-1
-32.23913,139.88736,-1
-31.93712,140.13697,-1
-31.9447,140.10804,-1
-31.97043,140.07294,-1
-31.96441,140.24526,-1
-31.30971,138.63641,-1
-32.00192,140.19357,-1
-30.63466,139.21629,-1
-32.01381,140.20794,-1
-32.14408,135.82943,-1
-31.9447,140.10804,-1
-31.97043,140.07294,-1
-32.16734,135.76572,-1
-31.42838,138.68149,-1
-31.14556,138.84542,-1
-31.93913,140.07646,-1
-31.19393,138.85184,-1
-32.11803,139.90748,-1
-32.06263,140.6347,-1
-31.29987,138.80077,-1
-31.7602,140.58125,-1
-32.22871,139.8797,-1
-31.14556,138.84542,-1
-31.93913,140.07646,-1
-31.19393,138.85184,-1
-30.57287,139.02978,-1
-32.50044,135.53513,-1
-31.97043,140.07294,-1
-31.32741,138.62961,-1
-31.97043,140.07294,-1
-32.15813,135.78438,-1
-30.3808,139.28146,-1
-31.82945,140.58042,-1
-31.03837,138.60712,-1
-32.1087,140.70205,-1
-32.26049,139.89231,-1
-31.93712,140.13697,-1
-31.97043,140.07294,-1
-32.01605,139.99695,-1
-32.09605,140.29804,-1
-30.56713,139.15176,-1
-31.37217,138.57393,-1
-30.58724,138.9968,-1
-32.26049,139.89231,-1
-31.21037,138.8548,-1
-31.97043,140.07294,-1
-32.01605,139.99695,-1
-32.55902,135.66237,-1
-32.11636,139.9174,-1
-32.01605,139.99695,-1
-32.67733,135.64294,-1
-31.9149,140.11234,-1
-31.21037,138.8548,-1
-31.95822,140.24853,-1
-32.01605,139.99695,-1
-31.96375,140.35639,-1
-32.27012,139.878,-1
-32.01605,139.99695,-1
-31.95932,140.21708,-1
-30.57164,139.1326,-1
-30.57771,139.02168,-1
-31.95822,140.24853,-1
-32.01605,139.99695,-1
-31.7464,140.58144,-1
-32.03469,139.94971,-1
-31.9513,140.23902,-1
-30.24483,139.19729,-1
-32.20633,139.88752,-1
-32.02855,140.11382,-1
-31.90647,140.08169,-1
-32.01605,139.99695,-1
-32.16531,135.73148,-1
-32.03469,139.94971,-1
-32.67222,135.54316,-1
-30.58023,139.44017,-1
-32.64445,135.46244,-1
-32.02855,140.11382,-1
-31.90647,140.08169,-1
-31.14556,138.84542,-1
-30.58023,139.44017,-1
-32.00192,140.19357,-1
-31.7464,140.58144,-1
-32.0239,140.00767,-1
-32.54089,135.50708,-1
-32.02848,139.95754,-1
-31.37217,138.57393,-1
-32.15813,135.78438,-1
-30.57164,139.1326,-1
-32.00192,140.19357,-1
-32.01605,139.99695,-1
-30.39353,139.24595,-1
-30.57164,139.1326,-1
-32.02848,139.95754,-1
-31.90647,140.08169,-1
-31.9447,140.10804,-1
-30.57164,139.1326,-1
-32.00192,140.19357,-1
-31.94711,140.09851,-1
-30.40201,139.24102,-1
-30.60685,139.44425,-1
-32.83857,136.00706,-1
-31.90647,140.08169,-1
-31.9447,140.10804,-1
-31.89132,140.10697,-1
-32.00192,140.19357,-1
-31.99557,139.96871,-1
-32.67827,135.66408,-1
-32.04769,140.61185,-1
-31.98417,140.20935,-1
-31.90647,140.08169,-1
-31.9447,140.10804,-1
-32.02855,140.11382,-1
-32.00192,140.19357,-1
-31.99557,139.96871,-1
-32.01381,140.20794,-1
-32.16531,135.73148,-1
-32.16531,135.73148,-1
-31.97043,140.07294,-1
-32.04416,140.15145,-1
-32.02855,140.11382,-1
-31.7687,140.57335,-1
-31.96441,140.24526,-1
-32.67733,135.64294,-1
-30.57164,139.1326,-1
-31.98417,140.20935,-1
-31.99233,139.97452,-1
-31.27156,138.63179,-1
-32.01766,140.10333,-1
-32.02848,139.95754,-1
-30.471,139.248,-1
-32.50044,135.53513,-1
-30.57164,139.1326,-1
-32.09853,140.28086,-1
-31.93712,140.13697,-1
-30.57776,139.18602,-1
-31.28491,138.68186,-1
-31.7602,140.58125,-1
-31.93712,140.13697,-1
-30.2225,139.1948,-1
-30.57164,139.1326,-1
-30.24483,139.19729,-1
-31.93712,140.13697,-1
-30.57776,139.18602,-1
-31.98744,139.89427,-1
-32.02855,140.11382,-1
-32.15813,135.78438,-1
-32.02252,140.23427,-1
-31.88422,140.30267,-1
-31.25665,138.61794,-1
-30.55432,139.40243,-1
-31.26462,138.62397,-1
-30.28785,139.23461,-1
-32.02855,140.11382,-1
-32.15813,135.78438,-1
-32.11954,139.94507,-1
-32.54089,135.50708,-1
-30.37351,139.25568,-1
-30.65502,139.33416,-1
-30.44786,139.23481,-1
-31.13167,138.63704,-1
-32.8296,136.01562,-1
-32.15813,135.78438,-1
-31.97766,140.40018,-1
-30.57164,139.1326,-1
-31.97043,140.07294,-1
-33.51106,138.9896,-1
-30.44786,139.23481,-1
-31.30971,138.63641,-1
-32.15064,140.26781,-1
-32.15813,135.78438,-1
-31.97766,140.40018,-1
-30.89527,132.18132,-1
-31.97043,140.07294,-1
-30.63128,139.22797,-1
-30.31852,139.21714,-1
-30.47347,138.83221,-1
-31.29987,138.80077,-1
-30.44844,139.2879,-1
-31.92278,140.13646,-1
-31.18081,138.85181,-1
-31.97043,140.07294,-1
-31.27156,138.63179,-1
-31.92278,140.13646,-1
-32.59212,135.79686,-1
-32.15064,140.26781,-1
-30.44844,139.2879,-1
-32.83359,136.21044,-1
-32.01617,139.96597,-1
-31.97043,140.07294,-1
-31.9447,140.10804,-1
-31.92278,140.13646,-1
-30.4182,139.22798,-1
-31.29987,138.80077,-1
-32.15813,135.78438,-1
-32.54089,135.50708,-1
-32.01766,140.10333,-1
-31.97043,140.07294,-1
-31.9447,140.10804,-1
-30.35993,139.25153,-1
-30.58023,139.44017,-1
-31.25665,138.61794,-1
-31.96441,140.24526,-1
-30.32705,138.71155,-1
-32.01766,140.10333,-1
-31.97043,140.07294,-1
-31.9447,140.10804,-1
-30.55432,139.40243,-1
-32.09853,140.28086,-1
-31.97043,140.07294,-1
-31.96441,140.24526,-1
-32.00786,139.96369,-1
-31.80007,140.57441,-1
-31.97043,140.07294,-1
-32.03913,140.0662,-1
-31.50403,138.79393,-1
-32.07696,140.64811,-1
-31.97043,140.07294,-1
-31.29987,138.80077,-1
-32.16531,135.73148,-1
-30.28785,139.23461,-1
-31.97043,140.07294,-1
-31.9447,140.10804,-1
-30.46789,139.26423,-1
-30.41324,139.42035,-1
-31.97043,140.07294,-1
-30.64348,139.38444,-1
-32.13683,140.23552,-1
-30.28785,139.23461,-1
-31.97043,140.07294,-1
-32.49122,135.57572,-1
-31.93712,140.13697,-1
-32.13008,139.9733,-1
-31.97043,140.07294,-1
-31.90647,140.08169,-1
-32.04416,140.15145,-1
-29.51388,134.57494,-1
-31.99233,139.97452,-1
-32.49122,135.57572,-1
-31.93712,140.13697,-1
-32.04479,140.15779,-1
-31.97043,140.07294,-1
-30.22218,139.21058,-1
-31.25665,138.61794,-1
-31.9447,140.10804,-1
-31.0924,138.79146,-1
-32.00192,140.19357,-1
-31.93712,140.13697,-1
-31.97513,140.22166,-1
-31.97043,140.07294,-1
-30.22218,139.21058,-1
-32.5812,135.73128,-1
-32.15813,135.78438,-1
-31.97043,140.07294,-1
-32.00192,140.19357,-1
-31.31846,138.63381,-1
-31.9447,140.10804,-1
-31.97043,140.07294,-1
-31.90647,140.08169,-1
-31.93913,140.07646,-1
-31.94242,140.14959,-1
-31.97043,140.07294,-1
-32.00192,140.19357,-1
-31.97779,139.8942,-1
-31.9447,140.10804,-1
-31.97043,140.07294,-1
-31.97043,140.07294,-1
-32.02848,139.95754,-1
-31.94242,140.14959,-1
-31.97043,140.07294,-1
-32.00192,140.19357,-1
-31.94242,140.14959,-1
-31.9447,140.10804,-1
-31.99233,139.97452,-1
-31.97043,140.07294,-1
-32.02848,139.95754,-1
-31.30971,138.63641,-1
-31.97043,140.07294,-1
-32.8296,136.01562,-1
-31.30971,138.63641,-1
-32.66057,135.64662,-1
-30.0105,135.13519,-1
-31.97043,140.07294,-1
-31.15354,138.5733,-1
-31.97779,139.8942,-1
-31.99233,139.97452,-1
-31.99557,139.96871,-1
-30.57068,139.17858,-1
-32.04479,140.15779,-1
-31.97043,140.07294,-1
-31.97043,140.07294,-1
-31.38939,138.56765,-1
-31.30971,138.63641,-1
-31.20211,138.64023,-1
-32.15813,135.78438,-1
-32.49122,135.57572,-1
-31.41843,138.69938,-1
-31.97043,140.07294,-1
-31.97043,140.07294,-1
-32.04769,140.61185,-1
-32.16814,135.71269,-1
-32.16531,135.73148,-1
-32.15813,135.78438,-1
-32.49122,135.57572,-1
-32.04479,140.15779,-1
-31.0924,138.79146,-1
-31.97043,140.07294,-1
-32.24841,139.89648,-1
-32.16814,135.71269,-1
-32.16531,135.73148,-1
-31.99557,139.96871,-1
-31.90647,140.08169,-1
-30.25301,139.14025,-1
-31.97043,140.07294,-1
-31.97043,140.07294,-1
-32.04769,140.61185,-1
-32.16814,135.71269,-1
-31.7602,140.58125,-1
-31.30592,138.81767,-1
-31.37217,138.57393,-1
-31.9447,140.10804,-1
-31.97043,140.07294,-1
-31.97043,140.07294,-1
-32.24841,139.89648,-1
-32.16814,135.71269,-1
-31.42372,138.69047,-1
-32.50044,135.53513,-1
-31.90647,140.08169,-1
-30.37418,138.74963,-1
-31.97043,140.07294,-1
-30.59135,139.03227,-1
-32.24841,139.89648,-1
-32.48895,135.55501,-1
-32.20633,139.88752,-1
-32.50044,135.53513,-1
-32.04479,140.15779,-1
-32.81282,136.03268,-1
-31.97043,140.07294,-1
-31.97043,140.07294,-1
-31.88422,140.30267,-1
-32.11636,139.9174,-1
-30.56713,139.15176,-1
-31.26462,138.62397,-1
-30.25301,139.14025,-1
-32.81282,136.03268,-1
-31.97043,140.07294,-1
-30.58023,139.44017,-1
-31.88422,140.30267,-1
-30.57141,139.02958,-1
-30.56713,139.15176,-1
-32.01605,139.99695,-1
-31.9447,140.10804,-1
-32.15813,135.78438,-1
-32.02855,140.11382,-1
-31.30971,138.63641,-1
-32.04769,140.61185,-1
-32.271,139.85723,-1
-32.06352,140.38349,-1
-32.01605,139.99695,-1
-31.9447,140.10804,-1
-32.15813,135.78438,-1
-32.02855,140.11382,-1
-31.30971,138.63641,-1
-31.19221,138.62305,-1
-31.9149,140.11234,-1
-32.06352,140.38349,-1
-32.01605,139.99695,-1
-30.63132,139.24215,-1
-32.15813,135.78438,-1
-32.16814,135.71269,-1
-32.09853,140.28086,-1
-31.94711,140.09851,-1
-31.9149,140.11234,-1
-30.56713,139.15176,-1
-31.29987,138.80077,-1
-30.63132,139.24215,-1
-32.15813,135.78438,-1
-32.16814,135.71269,-1
-31.9149,140.11234,-1
-30.48964,138.85563,-1
-31.9149,140.11234,-1
-31.82945,140.58042,-1
-31.29987,138.80077,-1
-32.04479,140.15779,-1
-32.15813,135.78438,-1
-32.16814,135.71269,-1
-31.9149,140.11234,-1
-31.82945,140.58042,-1
-31.93712,140.13697,-1
-31.19393,138.85184,-1
-31.7602,140.58125,-1
-32.04479,140.15779,-1
-30.44844,139.2879,-1
-32.03605,140.60469,-1
-31.9149,140.11234,-1
-31.82945,140.58042,-1
-31.93712,140.13697,-1
-32.06352,140.38349,-1
-30.64348,139.38444,-1
-31.9447,140.10804,-1
-30.44844,139.2879,-1
-32.03605,140.60469,-1
-31.11052,138.83013,-1
-32.01616,139.89849,-1
-31.04477,138.55939,-1
-31.37217,138.57393,-1
-31.29987,138.80077,-1
-32.66761,135.63741,-1
-32.81282,136.03268,-1
-31.16588,138.58662,-1
-30.56897,139.14247,-1
-32.00192,140.19357,-1
-31.31846,138.63381,-1
-32.00786,139.96369,-1
-30.98377,137.2186,-1
-31.30057,138.63594,-1
-32.81282,136.03268,-1
-32.15064,140.26781,-1
-32.0239,140.00767,-1
-31.93913,140.07646,-1
-31.93712,140.13697,-1
-32.13008,139.9733,-1
-31.94711,140.09851,-1
-30.63511,139.33055,-1
-32.59212,135.79686,-1
-32.03605,140.60469,-1
-30.39353,139.24595,-1
-32.16531,135.73148,-1
-31.32741,138.62961,-1
-31.29987,138.80077,-1
-31.92278,140.13646,-1
-33.2921,137.31143,-1
-31.94242,140.14959,-1
-32.03605,140.60469,-1
-32.13683,140.23552,-1
-32.16531,135.73148,-1
-31.32741,138.62961,-1
-31.04477,138.55939,-1
-31.92278,140.13646,-1
-31.94242,140.14959,-1
-31.9447,140.10804,-1
-32.24841,139.89648,-1
-30.9784,138.52079,-1
-31.89132,140.10697,-1
-32.03823,140.59436,-1
-30.57771,139.02168,-1
-30.35993,139.25153,-1
-31.97779,139.8942,-1
-31.9447,140.10804,-1
-32.03605,140.60469,-1
-31.9513,140.23902,-1
-31.89132,140.10697,-1
-32.50044,135.53513,-1
-32.11803,139.90748,-1
-31.92278,140.13646,-1
-31.94242,140.14959,-1
-31.30971,138.63641,-1
-32.09605,140.29804,-1
-31.2878,138.82819,-1
-31.89132,140.10697,-1
-31.9447,140.10804,-1
-31.7687,140.57335,-1
-30.35993,139.25153,-1
-30.22218,139.21058,-1
-31.97779,139.8942,-1
-32.67733,135.64294,-1
-32.02424,140.42206,-1
-32.03823,140.59436,-1
-31.9447,140.10804,-1
-31.90647,140.08169,-1
-32.02855,140.11382,-1
-31.97167,140.23407,-1
-31.96441,140.24526,-1
-32.67733,135.64294,-1
-32.02424,140.42206,-1
-32.03823,140.59436,-1
-31.9447,140.10804,-1
-31.93712,140.13697,-1
-32.02855,140.11382,-1
-30.58998,139.19156,-1
-32.15813,135.78438,-1
-32.01381,140.20794,-1
-31.27987,138.78087,-1
-30.22218,139.21058,-1
-31.9447,140.10804,-1
-31.93712,140.13697,-1
-31.94711,140.09851,-1
-32.02424,140.42206,-1
-32.00192,140.19357,-1
-32.01381,140.20794,-1
-32.03469,139.94971,-1
-31.90647,140.08169,-1
-32.49122,135.57572,-1
-31.93712,140.13697,-1
-31.94711,140.09851,-1
-32.02424,140.42206,-1
-32.19341,139.88593,-1
-30.63466,139.21629,-1
-32.03469,139.94971,-1
-32.49122,135.57572,-1
-31.9447,140.10804,-1
-31.96441,140.24526,-1
-31.97766,140.40018,-1
-32.02424,140.42206,-1
-32.00192,140.19357,-1
-32.12173,140.3012,-1
-32.03469,139.94971,-1
-31.90647,140.08169,-1
-31.0924,138.79146,-1
-31.96441,140.24526,-1
-31.97766,140.40018,-1
-32.03913,140.0662,-1
-31.99557,139.96871,-1
-32.59668,135.7681,-1
-32.06263,140.6347,-1
-32.06352,140.38349,-1
-32.27012,139.878,-1
-31.93712,140.13697,-1
-32.11954,139.94507,-1
-32.74946,135.92873,-1
-32.15813,135.78438,-1
-32.50044,135.53513,-1
-30.45673,139.23424,-1
-32.01381,140.20794,-1
-32.00192,140.19357,-1
-31.93712,140.13697,-1
-32.67997,135.53375,-1
-32.67733,135.64294,-1
-32.00192,140.19357,-1
-31.82945,140.58042,-1
-30.45673,139.23424,-1
-31.9447,140.10804,-1
-32.15813,135.78438,-1
-30.57164,139.1326,-1
-32.11954,139.94507,-1
-32.03469,139.94971,-1
-32.50044,135.53513,-1
-32.00324,140.0755,-1
-30.45673,139.23424,-1
-31.02147,138.57068,-1
-31.99557,139.96871,-1
-30.57164,139.1326,-1
-32.13683,140.23552,-1
-32.50044,135.53513,-1
-31.30971,138.63641,-1
-32.15064,140.26781,-1
-30.58998,139.19156,-1
-31.7602,140.58125,-1
-32.27012,139.878,-1
-30.57164,139.1326,-1
-32.13683,140.23552,-1
-32.16814,135.71269,-1
-30.55432,139.40243,-1
-32.11954,139.94507,-1
-32.06263,140.6347,-1
-31.7602,140.58125,-1
-30.99296,137.21789,-1
-30.58023,139.44017,-1
-32.13683,140.23552,-1
-32.03469,139.94971,-1
-31.7602,140.58125,-1
-31.22272,138.85166,-1
-31.18784,138.80104,-1
-30.54851,139.383,-1
-32.01605,139.99695,-1
-30.58023,139.44017,-1
-30.35525,139.22657,-1
-32.16814,135.71269,-1
-31.9447,140.10804,-1
-31.97167,140.23407,-1
-31.18784,138.80104,-1
-31.7602,140.58125,-1
-32.01605,139.99695,-1
-32.14408,135.82943,-1
-32.65246,135.47097,-1
-32.16814,135.71269,-1
-31.9447,140.10804,-1
-32.59212,135.79686,-1
-31.97766,140.40018,-1
-31.7602,140.58125,-1
-32.01605,139.99695,-1
-31.96441,140.24526,-1
-32.01894,140.05876,-1
-32.16814,135.71269,-1
-31.9447,140.10804,-1
-32.84041,136.19829,-1
-32.67997,135.53375,-1
-30.28785,139.23461,-1
-32.01605,139.99695,-1
-31.96441,140.24526,-1
-32.01605,139.99695,-1
-30.45673,139.23424,-1
-31.50403,138.79393,-1
-31.95932,140.21708,-1
-30.55432,139.40243,-1
-30.28785,139.23461,-1
-32.11602,139.92868,-1
-32.1128,140.30289,-1
-32.01605,139.99695,-1
-31.99835,139.89093,-1
-31.51449,138.89288,-1
-31.97779,139.8942,-1
-32.00786,139.96369,-1
-32.01766,140.10333,-1
-31.27156,138.63179,-1
-30.57692,139.01214,-1
-32.01605,139.99695,-1
-32.03469,139.94971,-1
-30.57507,139.03971,-1
-31.7602,140.58125,-1
-32.00786,139.96369,-1
-32.01766,140.10333,-1
-30.44786,139.23481,-1
-32.00786,139.96369,-1
-31.14556,138.84542,-1
-32.16814,135.71269,-1
-30.57507,139.03971,-1
-30.57771,139.02168,-1
-32.50044,135.53513,-1
-32.01381,140.20794,-1
-31.26462,138.62397,-1
-30.60062,139.09646,-1
-32.01605,139.99695,-1
-30.45673,139.23424,-1
-30.57287,139.02978,-1
-32.13586,139.98462,-1
-30.45673,139.23424,-1
-31.13167,138.63704,-1
-32.01605,139.99695,-1
-31.30057,138.63594,-1
-34.57334,139.35945,-1
-32.16814,135.71269,-1
-31.0924,138.79146,-1
-31.7602,140.58125,-1
-32.271,139.85723,-1
-32.04479,140.15779,-1
-31.26462,138.62397,-1
-30.22218,139.21058,-1
-31.7602,140.58125,-1
-32.03469,139.94971,-1
-31.94711,140.09851,-1
-31.30971,138.63641,-1
-32.16814,135.71269,-1
-31.89739,140.30736,-1
-30.44786,139.23481,-1
-31.89132,140.10697,-1
-30.57287,139.02978,-1
-32.06263,140.6347,-1
-31.94711,140.09851,-1
-31.22272,138.85166,-1
-32.16779,140.04031,-1
-32.07696,140.64811,-1
-32.00192,140.19357,-1
-31.89132,140.10697,-1
-31.02147,138.57068,-1
-32.02855,140.11382,-1
-31.7464,140.58144,-1
-31.97779,139.8942,-1
-32.03605,140.60469,-1
-30.29581,139.23612,-1
-32.00192,140.19357,-1
-31.89132,140.10697,-1
-31.22272,138.85166,-1
-32.02855,140.11382,-1
-31.28491,138.68186,-1
-31.98417,140.20935,-1
-32.64445,135.46244,-1
-32.07696,140.64811,-1
-32.14408,135.82943,-1
-31.29831,138.82298,-1
-31.97779,139.8942,-1
-32.02252,140.23427,-1
-32.04416,140.15145,-1
-31.98417,140.20935,-1
-32.64445,135.46244,-1
-31.29085,138.63354,-1
-30.57287,139.02978,-1
-31.22352,138.81034,-1
-31.0924,138.79146,-1
-31.92278,140.13646,-1
-31.9149,140.11234,-1
-32.04769,140.61185,-1
-31.19221,138.62305,-1
-32.01617,139.96597,-1
-32.41626,135.31987,-1
-32.11636,139.9174,-1
-31.0924,138.79146,-1
-32.02855,140.11382,-1
-31.29987,138.80077,-1
-32.09853,140.28086,-1
-32.16531,135.73148,-1
-32.01617,139.96597,-1
-32.14408,135.82943,-1
-31.14556,138.84542,-1
-31.9149,140.11234,-1
-32.02855,140.11382,-1
-31.29987,138.80077,-1
-32.16531,135.73148,-1
-32.24841,139.89648,-1
-32.01766,140.10333,-1
-32.14408,135.82943,-1
-32.01605,139.99695,-1
-31.9149,140.11234,-1
-32.02855,140.11382,-1
-31.9149,140.11234,-1
-30.57141,139.02958,-1
-32.16531,135.73148,-1
-32.60244,135.75927,-1
-30.57287,139.02978,-1
-32.01605,139.99695,-1
-31.82945,140.58042,-1
-31.9149,140.11234,-1
-32.19341,139.88593,-1
-31.98417,140.20935,-1
-31.3424,138.82226,-1
-32.20633,139.88752,-1
-32.11803,139.90748,-1
-32.01605,139.99695,-1
-31.82945,140.58042,-1
-30.60685,139.44425,-1
-32.27012,139.878,-1
-30.43988,139.24189,-1
-31.42277,138.71693,-1
-31.26723,137.49045,-1
-32.11803,139.90748,-1
-32.04769,140.61185,-1
-31.82945,140.58042,-1
-31.97779,139.8942,-1
-32.15813,135.78438,-1
-32.16531,135.73148,-1
-30.57141,139.02958,-1
-30.63132,139.24215,-1
-32.59668,135.7681,-1
-32.00192,140.19357,-1
-32.11803,139.90748,-1
-31.19221,138.62305,-1
-32.01605,139.99695,-1
-30.58935,139.44188,-1
-31.96375,140.35639,-1
-30.63087,139.25743,-1
-31.42277,138.71693,-1
-32.00192,140.19357,-1
-32.14408,135.82943,-1
-31.95932,140.21708,-1
-32.01605,139.99695,-1
-32.09853,140.28086,-1
-32.09853,140.28086,-1
-32.04479,140.15779,-1
-31.89132,140.10697,-1
-32.00192,140.19357,-1
-32.04479,140.15779,-1
-32.04769,140.61185,-1
-32.00192,140.19357,-1
-31.96375,140.35639,-1
-30.57141,139.02958,-1
-31.9447,140.10804,-1
-31.89132,140.10697,-1
-32.00192,140.19357,-1
-32.01381,140.20794,-1
-32.24841,139.89648,-1
-32.01605,139.99695,-1
-31.95932,140.21708,-1
-32.04769,140.61185,-1
-31.30971,138.63641,-1
-31.46631,138.88626,-1
-32.00192,140.19357,-1
-31.9447,140.10804,-1
-31.25665,138.61794,-1
-32.01605,139.99695,-1
-31.95932,140.21708,-1
-30.57141,139.02958,-1
-31.30971,138.63641,-1
-32.15064,140.26781,-1
-32.00192,140.19357,-1
-31.9447,140.10804,-1
-30.99399,138.51361,-1
-32.01605,139.99695,-1
-32.27012,139.878,-1
-32.17673,140.04821,-1
-31.37796,138.77268,-1
-32.01617,139.96597,-1
-32.00192,140.19357,-1
-32.01381,140.20794,-1
-32.1128,140.30289,-1
-31.30971,138.63641,-1
-32.19341,139.88593,-1
-31.94711,140.09851,-1
-32.11803,139.90748,-1
-32.06352,140.38349,-1
-30.57771,139.02168,-1
-32.01381,140.20794,-1
-32.13008,139.9733,-1
-30.54851,139.383,-1
-32.19341,139.88593,-1
-31.30834,138.79906,-1
-31.10191,138.8227,-1
-32.06352,140.38349,-1
-32.69726,138.85847,-1
-30.58023,139.44017,-1
-31.43901,138.72753,-1
-31.7602,140.58125,-1
-30.57068,139.17858,-1
-31.94711,140.09851,-1
-30.4432,138.78801,-1
-31.29987,138.80077,-1
-32.15513,135.81663,-1
-31.93712,140.13697,-1
-31.93913,140.07646,-1
-30.57771,139.02168,-1
-31.90647,140.08169,-1
-30.44844,139.2879,-1
-31.97779,139.8942,-1
-32.01617,139.96597,-1
-31.30592,138.81767,-1
-32.01605,139.99695,-1
-32.67971,135.67585,-1
-30.57771,139.02168,-1
-32.07696,140.64811,-1
-30.63466,139.21629,-1
-31.30971,138.63641,-1
-31.82945,140.58042,-1
-32.49493,135.54825,-1
-32.65832,135.4804,-1
-32.00324,140.0755,-1
-32.01381,140.20794,-1
-31.90647,140.08169,-1
-32.01381,140.20794,-1
-31.42838,138.68149,-1
-31.18081,138.85181,-1
-32.74946,135.92873,-1
-31.9149,140.11234,-1
-32.00324,140.0755,-1
-31.96441,140.24526,-1
-31.51449,138.89288,-1
-31.21269,138.64617,-1
-31.30971,138.63641,-1
-32.27012,139.878,-1
-31.27987,138.78087,-1
-31.9149,140.11234,-1
-32.11726,139.93883,-1
-31.96441,140.24526,-1
-32.15813,135.78438,-1
-32.15064,140.26781,-1
-31.89739,140.30736,-1
-32.27012,139.878,-1
-31.26462,138.62397,-1
-31.9149,140.11234,-1
-32.00324,140.0755,-1
-31.96441,140.24526,-1
-32.15813,135.78438,-1
-32.67971,135.67585,-1
-30.22218,139.21058,-1
-32.16774,135.74962,-1
-32.07214,140.36635,-1
-30.46789,139.26423,-1
-32.00192,140.19357,-1
-30.64348,139.38444,-1
-31.99557,139.96871,-1
-32.00324,140.0755,-1
-31.95932,140.21708,-1
-30.56713,139.15176,-1
-30.57776,139.18602,-1
-31.42911,138.72748,-1
-32.13008,139.9733,-1
-31.27576,138.67841,-1
-31.30592,138.81767,-1
-32.00324,140.0755,-1
-31.363,138.57732,-1
-30.24483,139.19729,-1
-32.04769,140.61185,-1
-31.29987,138.80077,-1
-31.93913,140.07646,-1
-32.15513,135.81663,-1
-30.57141,139.02958,-1
-32.00324,140.0755,-1
-30.44844,139.2879,-1
-31.7602,140.58125,-1
-31.03837,138.60712,-1
-30.3808,139.28146,-1
-31.93913,140.07646,-1
-32.15513,135.81663,-1
-30.57141,139.02958,-1
-31.11052,138.83013,-1
-32.15813,135.78438,-1
-31.7602,140.58125,-1
-30.57151,139.03592,-1
-31.96375,140.35639,-1
-31.7687,140.57335,-1
-31.95822,140.24853,-1
-31.90647,140.08169,-1
-31.11052,138.83013,-1
-32.15813,135.78438,-1
-30.56713,139.15176,-1
-32.01605,139.99695,-1
-30.57771,139.02168,-1
-32.00192,140.19357,-1
-30.3808,139.28146,-1
-32.81282,136.03268,-1
-32.00324,140.0755,-1
-32.15813,135.78438,-1
-32.20633,139.88752,-1
-32.01605,139.99695,-1
-30.57771,139.02168,-1
-30.2382,139.17837,-1
-30.41324,139.42035,-1
-31.99557,139.96871,-1
-32.15064,140.26781,-1
-30.44619,139.29817,-1
-32.20633,139.88752,-1
-30.35525,139.22657,-1
-32.13586,139.98462,-1
-31.93913,140.07646,-1
-31.97043,140.07294,-1
-31.18784,138.80104,-1
-32.15064,140.26781,-1
-32.15813,135.78438,-1
-32.01381,140.20794,-1
-32.50044,135.53513,-1
-32.66712,135.55277,-1
-32.11726,139.93883,-1
-31.97043,140.07294,-1
-30.2225,139.1948,-1
-32.15064,140.26781,-1
-32.15813,135.78438,-1
-30.63466,139.21629,-1
-32.1128,140.30289,-1
-32.13008,139.9733,-1
-32.11726,139.93883,-1
-31.97043,140.07294,-1
-30.2225,139.1948,-1
-32.02855,140.11382,-1
-33.97874,139.17165,-1
-30.63466,139.21629,-1
-32.83624,138.32208,-1
-31.30971,138.63641,-1
-32.15064,140.26781,-1
-31.97043,140.07294,-1
-30.2225,139.1948,-1
-32.03605,140.60469,-1
-31.09281,138.77103,-1
-32.01381,140.20794,-1
-30.57776,139.18602,-1
-30.63511,139.33055,-1
-32.15064,140.26781,-1
-32.11803,139.90748,-1
-30.2225,139.1948,-1
-32.03605,140.60469,-1
-31.9149,140.11234,-1
-30.63466,139.21629,-1
-31.92353,140.07315,-1
-31.97043,140.07294,-1
-32.15064,140.26781,-1
-32.11803,139.90748,-1
-32.06263,140.6347,-1
-31.36477,138.76404,-1
-32.01894,140.05876,-1
-32.03605,140.60469,-1
-31.92353,140.07315,-1
-31.97043,140.07294,-1
-32.03605,140.60469,-1
-32.14408,135.82943,-1
-31.42752,138.70385,-1
-31.92278,140.13646,-1
-32.00192,140.19357,-1
-30.63466,139.21629,-1
-31.92353,140.07315,-1
-31.97043,140.07294,-1
-31.29831,138.82298,-1
-32.01605,139.99695,-1
-31.90647,140.08169,-1
-31.92278,140.13646,-1
-32.00192,140.19357,-1
-31.9513,140.23902,-1
-31.92353,140.07315,-1
-31.97043,140.07294,-1
-31.20211,138.64023,-1
-32.01605,139.99695,-1
-31.9447,140.10804,-1
-31.92278,140.13646,-1
-32.15813,135.78438,-1
-32.04416,140.15145,-1
-32.15513,135.81663,-1
-31.99233,139.97452,-1
-32.01381,140.20794,-1
-32.01605,139.99695,-1
-31.9447,140.10804,-1
-32.54089,135.50708,-1
-32.01605,139.99695,-1
-32.04416,140.15145,-1
-32.00192,140.19357,-1
-32.78142,135.92618,-1
-31.20211,138.64023,-1
-30.57141,139.02958,-1
-31.9447,140.10804,-1
-31.30592,138.81767,-1
-32.01605,139.99695,-1
-30.35993,139.25153,-1
-32.00192,140.19357,-1
-31.97043,140.07294,-1
-30.44844,139.2879,-1
-32.15513,135.81663,-1
-30.57692,139.01214,-1
-32.15294,140.29065,-1
-32.01605,139.99695,-1
-30.35525,139.22657,-1
-32.01894,140.05876,-1
-31.97043,140.07294,-1
-30.44844,139.2879,-1
-31.99557,139.96871,-1
-31.9447,140.10804,-1
-30.9784,138.52079,-1
-32.01605,139.99695,-1
-32.04894,140.16198,-1
-31.9149,140.11234,-1
-31.97043,140.07294,-1
-32.67827,135.66408,-1
-32.00192,140.19357,-1
-31.9447,140.10804,-1
-31.93913,140.07646,-1
-32.01605,139.99695,-1
-31.33843,138.79173,-1
-31.11052,138.83013,-1
-31.97043,140.07294,-1
-32.01381,140.20794,-1
-31.9149,140.11234,-1
-31.27156,138.63179,-1
-31.93913,140.07646,-1
-31.30592,138.81767,-1
-32.01605,139.99695,-1
-31.11052,138.83013,-1
-31.97043,140.07294,-1
-31.19393,138.85184,-1
-31.9149,140.11234,-1
-32.01605,139.99695,-1
-31.93913,140.07646,-1
-31.30592,138.81767,-1
-32.01605,139.99695,-1
-32.01894,140.05876,-1
-31.97043,140.07294,-1
-32.16531,135.73148,-1
-31.11052,138.83013,-1
-32.59008,135.77629,-1
-30.57059,139.43805,-1
-31.04477,138.55939,-1
-32.00192,140.19357,-1
-32.19341,139.88593,-1
-31.97043,140.07294,-1
-32.16531,135.73148,-1
-31.9149,140.11234,-1
-32.01605,139.99695,-1
-32.1128,140.30289,-1
-31.93712,140.13697,-1
-31.7464,140.58144,-1
-31.9149,140.11234,-1
-31.97043,140.07294,-1
-32.05761,140.6207,-1
-31.9149,140.11234,-1
-32.01605,139.99695,-1
-30.57059,139.43805,-1
-32.74946,135.92873,-1
-31.7464,140.58144,-1
-32.00192,140.19357,-1
-31.97043,140.07294,-1
-31.7687,140.57335,-1
-32.01894,140.05876,-1
-32.01605,139.99695,-1
-31.98744,139.89427,-1
-31.96441,140.24526,-1
-31.03837,138.60712,-1
-31.9149,140.11234,-1
-32.26049,139.89231,-1
-32.00192,140.19357,-1
-31.9149,140.11234,-1
-32.01605,139.99695,-1
-32.00324,140.0755,-1
-31.9149,140.11234,-1
-31.7602,140.58125,-1
-31.99557,139.96871,-1
-32.26049,139.89231,-1
-32.00192,140.19357,-1
-32.20633,139.88752,-1
-32.01605,139.99695,-1
-31.43901,138.72753,-1
-32.15813,135.78438,-1
-32.03469,139.94971,-1
-31.99557,139.96871,-1
-31.30057,138.63594,-1
-32.67733,135.64294,-1
-32.66761,135.63741,-1
-32.15813,135.78438,-1
-30.2225,139.1948,-1
-32.00192,140.19357,-1
-30.45673,139.23424,-1
-31.99557,139.96871,-1
-32.81282,136.03268,-1
-32.54089,135.50708,-1
-31.22272,138.85166,-1
-32.15813,135.78438,-1
-32.67997,135.53375,-1
-32.00192,140.19357,-1
-30.45673,139.23424,-1
-32.8296,136.01562,-1
-32.81282,136.03268,-1
-30.63065,139.20097,-1
-31.90647,140.08169,-1
-31.00529,138.52477,-1
-32.02855,140.11382,-1
-32.00192,140.19357,-1
-30.58998,139.19156,-1
-32.15813,135.78438,-1
-32.81282,136.03268,-1
-32.1128,140.30289,-1
-31.90647,140.08169,-1
-31.14556,138.84542,-1
-30.39353,139.24595,-1
-31.9149,140.11234,-1
-30.43988,139.24189,-1
-32.15813,135.78438,-1
-30.22218,139.21058,-1
-32.81282,136.03268,-1
-31.37217,138.57393,-1
-31.00529,138.52477,-1
-32.1087,140.70205,-1
-31.99557,139.96871,-1
-32.03469,139.94971,-1
-32.01605,139.99695,-1
-30.22218,139.21058,-1
-32.81282,136.03268,-1
-32.01381,140.20794,-1
-32.15813,135.78438,-1
-30.22218,139.21058,-1
-31.99557,139.96871,-1
-30.58998,139.19156,-1
-31.00529,138.52477,-1
-31.51449,138.89288,-1
-30.22218,139.21058,-1
-32.66057,135.64662,-1
-32.01605,139.99695,-1
-30.28785,139.23461,-1
-31.9149,140.11234,-1
-31.12293,138.83601,-1
-32.01894,140.05876,-1
-31.41843,138.69938,-1
-31.19221,138.62305,-1
-31.30971,138.63641,-1
-32.01605,139.99695,-1
-30.28785,139.23461,-1
-31.9149,140.11234,-1
-32.67733,135.64294,-1
-32.15813,135.78438,-1
-31.41843,138.69938,-1
-30.58023,139.44017,-1
-30.57141,139.02958,-1
-32.01605,139.99695,-1
-30.57287,139.02978,-1
-32.01894,140.05876,-1
-32.14232,140.30733,-1
-32.02855,140.11382,-1
-31.41843,138.69938,-1
-32.16531,135.73148,-1
-31.97043,140.07294,-1
-32.01605,139.99695,-1
-30.57287,139.02978,-1
-32.27012,139.878,-1
-32.02252,140.23427,-1
-30.35525,139.22657,-1
-31.9447,140.10804,-1
-32.16531,135.73148,-1
-31.97043,140.07294,-1
-32.01605,139.99695,-1
-31.30971,138.63641,-1
-32.15813,135.78438,-1
-30.2225,139.1948,-1
-31.9513,140.23902,-1
-32.15813,135.78438,-1
-30.57141,139.02958,-1
-31.90647,140.08169,-1
-32.01605,139.99695,-1
-31.98898,140.07293,-1
-31.9149,140.11234,-1
-32.02252,140.23427,-1
-31.9513,140.23902,-1
-32.15813,135.78438,-1
-31.98417,140.20935,-1
-31.16686,138.63181,-1
-32.01605,139.99695,-1
-31.98898,140.07293,-1
-32.15813,135.78438,-1
-32.02252,140.23427,-1
-31.9513,140.23902,-1
-32.15813,135.78438,-1
-31.98417,140.20935,-1
-32.50044,135.53513,-1
-32.01605,139.99695,-1
-31.98898,140.07293,-1
-32.15813,135.78438,-1
-31.9149,140.11234,-1
-30.52131,138.43335,-1
-32.15813,135.78438,-1
-31.98417,140.20935,-1
-32.16814,135.71269,-1
-32.15813,135.78438,-1
-31.98898,140.07293,-1
-32.01605,139.99695,-1
-31.9149,140.11234,-1
-30.39353,139.24595,-1
-32.15813,135.78438,-1
-31.29831,138.82298,-1
-32.15064,140.26781,-1
-30.4665,139.21277,-1
-31.98898,140.07293,-1
-32.01605,139.99695,-1
-31.9149,140.11234,-1
-32.02252,140.23427,-1
-31.42372,138.69047,-1
-30.43988,139.24189,-1
-32.15064,140.26781,-1
-31.27987,138.78087,-1
-31.98898,140.07293,-1
-32.01605,139.99695,-1
-31.9149,140.11234,-1
-32.02424,140.42206,-1
-32.02855,140.11382,-1
-30.63466,139.21629,-1
-32.15064,140.26781,-1
-31.33843,138.79173,-1
-32.27012,139.878,-1
-31.9149,140.11234,-1
-31.9149,140.11234,-1
-32.02424,140.42206,-1
-32.02424,140.42206,-1
-31.2512,138.86706,-1
-32.15064,140.26781,-1
-32.67733,135.64294,-1
-31.19041,138.60693,-1
-31.30592,138.81767,-1
-32.49122,135.57572,-1
-30.38333,139.25126,-1
-30.38333,139.25126,-1
-31.36477,138.76404,-1
-32.15064,140.26781,-1
-32.67733,135.64294,-1
-31.30971,138.63641,-1
-31.96441,140.24526,-1
-31.90647,140.08169,-1
-32.02855,140.11382,-1
-30.42975,138.38373,-1
-31.18081,138.85181,-1
-32.67971,135.67585,-1
-32.14232,140.30733,-1
-31.98898,140.07293,-1
-31.96441,140.24526,-1
-31.90647,140.08169,-1
-32.02855,140.11382,-1
-32.15064,140.26781,-1
-30.23893,139.14126,-1
-32.00324,140.0755,-1
-32.14232,140.30733,-1
-31.98898,140.07293,-1
-31.93712,140.13697,-1
-31.90647,140.08169,-1
-32.02252,140.23427,-1
-32.15064,140.26781,-1
-32.15064,140.26781,-1
-32.16814,135.71269,-1
-32.67222,135.54316,-1
-32.27012,139.878,-1
-31.96441,140.24526,-1
-31.90647,140.08169,-1
-32.02252,140.23427,-1
-32.15064,140.26781,-1
-31.36477,138.76404,-1
-32.16814,135.71269,-1
-31.7464,140.58144,-1
-32.12212,140.24163,-1
-31.29987,138.80077,-1
-32.81282,136.03268,-1
-33.97999,139.66724,-1
-32.15064,140.26781,-1
-32.15064,140.26781,-1
-32.12089,139.95696,-1
-32.13803,140.01077,-1
-32.0366,140.11358,-1
-31.29987,138.80077,-1
-31.90647,140.08169,-1
-30.38333,139.25126,-1
-32.03605,140.60469,-1
-31.19393,138.85184,-1
-32.06263,140.6347,-1
-32.02424,140.42206,-1
-31.9513,140.23902,-1
-31.96441,140.24526,-1
-32.01381,140.20794,-1
-30.62847,139.29575,-1
-31.07094,138.62597,-1
-32.53153,135.5113,-1
-32.48805,135.5698,-1
-32.02424,140.42206,-1
-32.01766,140.10333,-1
-31.96441,140.24526,-1
-30.57141,139.02958,-1
-31.97766,140.40018,-1
-32.00324,140.0755,-1
-32.01617,139.96597,-1
-30.58998,139.19156,-1
-30.35525,139.22657,-1
-32.01766,140.10333,-1
-30.57287,139.02978,-1
-32.01381,140.20794,-1
-32.8404,136.18055,-1
-32.02855,140.11382,-1
-31.29987,138.80077,-1
-31.92278,140.13646,-1
-32.02424,140.42206,-1
-32.26049,139.89231,-1
-30.57507,139.03971,-1
-30.57141,139.02958,-1
-32.50044,135.53513,-1
-32.02855,140.11382,-1
-32.01617,139.96597,-1
-32.00786,139.96369,-1
-30.38333,139.25126,-1
-32.06835,140.64648,-1
-30.60062,139.09646,-1
-32.81282,136.03268,-1
-32.12089,139.95696,-1
-30.45591,139.28145,-1
-30.57287,139.02978,-1
-30.31852,139.21714,-1
-32.02424,140.42206,-1
-31.37796,138.77268,-1
-30.57287,139.02978,-1
-30.57141,139.02958,-1
-32.16814,135.71269,-1
-31.96375,140.35639,-1
-31.98898,140.07293,-1
-31.97766,140.40018,-1
-32.02424,140.42206,-1
-30.2225,139.1948,-1
-30.57141,139.02958,-1
-30.57776,139.18602,-1
-32.16814,135.71269,-1
-30.57141,139.02958,-1
-31.98898,140.07293,-1
-32.02252,140.23427,-1
-32.74946,135.92873,-1
-31.98898,140.07293,-1
-31.11052,138.83013,-1
-31.9149,140.11234,-1
-32.67733,135.64294,-1
-30.57141,139.02958,-1
-31.97513,140.22166,-1
-32.02252,140.23427,-1
-30.35525,139.22657,-1
-31.98898,140.07293,-1
-31.9447,140.10804,-1
-32.01894,140.05876,-1
-32.67733,135.64294,-1
-31.97779,139.8942,-1
-32.01766,140.10333,-1
-32.00324,140.0755,-1
-31.92278,140.13646,-1
-31.98898,140.07293,-1
-31.9447,140.10804,-1
-32.01894,140.05876,-1
-32.67733,135.64294,-1
-30.44844,139.2879,-1
-30.57771,139.02168,-1
-32.03605,140.60469,-1
-30.35993,139.25153,-1
-31.98898,140.07293,-1
-31.9447,140.10804,-1
-32.01894,140.05876,-1
-32.13683,140.23552,-1
-30.44844,139.2879,-1
-30.2225,139.1948,-1
-32.03605,140.60469,-1
-29.50009,134.56456,-1
-31.98898,140.07293,-1
-30.35993,139.25153,-1
-32.01894,140.05876,-1
-32.14232,140.30733,-1
-30.44844,139.2879,-1
-31.13167,138.63704,-1
-31.21269,138.64617,-1
-31.51755,138.83068,-1
-31.98898,140.07293,-1
-30.55432,139.40243,-1
-32.14232,140.30733,-1
-32.14232,140.30733,-1
-32.00192,140.19357,-1
-31.98898,140.07293,-1
-32.11726,139.93883,-1
-31.92278,140.13646,-1
-30.57287,139.02978,-1
-32.13803,140.01077,-1
-30.38333,139.25126,-1
-32.67733,135.64294,-1
-32.00192,140.19357,-1
-31.98898,140.07293,-1
-30.40201,139.24102,-1
-31.92278,140.13646,-1
-32.01766,140.10333,-1
-31.92278,140.13646,-1
-32.13683,140.23552,-1
-31.92278,140.13646,-1
-31.93913,140.07646,-1
-31.98898,140.07293,-1
-32.24841,139.89648,-1
-31.92278,140.13646,-1
-32.01766,140.10333,-1
-31.9513,140.23902,-1
-32.81514,136.23003,-1
-31.92278,140.13646,-1
-31.93913,140.07646,-1
-31.98898,140.07293,-1
-31.95932,140.21708,-1
-31.92278,140.13646,-1
-31.7464,140.58144,-1
-31.9513,140.23902,-1
-32.0239,140.00767,-1
-30.35993,139.25153,-1
-30.2382,139.17837,-1
-31.98898,140.07293,-1
-31.95932,140.21708,-1
-31.92278,140.13646,-1
-32.07696,140.64811,-1
-32.54089,135.50708,-1
-31.51755,138.83068,-1
-32.03605,140.60469,-1
-32.13008,139.9733,-1
-31.98898,140.07293,-1
-31.98417,140.20935,-1
-31.9447,140.10804,-1
-31.30057,138.63594,-1
-32.11602,139.92868,-1
-32.15372,140.2553,-1
-31.21269,138.64617,-1
-32.13008,139.9733,-1
-31.13167,138.63704,-1
-31.98417,140.20935,-1
-32.49122,135.57572,-1
-30.57507,139.03971,-1
-32.11602,139.92868,-1
-30.60285,139.06133,-1
-31.11052,138.83013,-1
-32.00192,140.19357,-1
-30.2225,139.1948,-1
-32.24841,139.89648,-1
-31.9447,140.10804,-1
-32.00192,140.19357,-1
-32.49122,135.57572,-1
-30.47,139.4708,-1
-32.13683,140.23552,-1
-31.93913,140.07646,-1
-32.59668,135.7681,-1
-31.98417,140.20935,-1
-32.02855,140.11382,-1
-32.01894,140.05876,-1
-32.69878,135.68049,-1
-31.25665,138.61794,-1
-32.67971,135.67585,-1
-31.93913,140.07646,-1
-31.42277,138.71693,-1
-32.24841,139.89648,-1
-30.38333,139.25126,-1
-31.27987,138.78087,-1
-32.15513,135.81663,-1
-31.28491,138.68186,-1
-30.58724,138.9968,-1
-32.00192,140.19357,-1
-31.82945,140.58042,-1
-30.4182,139.22798,-1
-31.92278,140.13646,-1
-32.00192,140.19357,-1
-32.02855,140.11382,-1
-30.37351,139.25568,-1
-31.89739,140.30736,-1
-32.00192,140.19357,-1
-31.82945,140.58042,-1
-30.57141,139.02958,-1
-32.26049,139.89231,-1
-31.27987,138.78087,-1
-32.02855,140.11382,-1
-30.37351,139.25568,-1
-32.00324,140.0755,-1
-32.00324,140.0755,-1
-31.82945,140.58042,-1
-30.57141,139.02958,-1
-32.26049,139.89231,-1
-31.27987,138.78087,-1
-30.4665,139.21277,-1
-31.97043,140.07294,-1
-32.00324,140.0755,-1
-32.00324,140.0755,-1
-31.82945,140.58042,-1
-32.04769,140.61185,-1
-32.26049,139.89231,-1
-30.44786,139.23481,-1
-32.02855,140.11382,-1
-31.97043,140.07294,-1
-32.00324,140.0755,-1
-31.11052,138.83013,-1
-31.7602,140.58125,-1
-30.4182,139.22798,-1
-32.26049,139.89231,-1
-32.01605,139.99695,-1
-32.02424,140.42206,-1
-31.25665,138.61794,-1
-32.00324,140.0755,-1
-31.18784,138.80104,-1
-31.7602,140.58125,-1
-30.57141,139.02958,-1
-32.15813,135.78438,-1
-32.01605,139.99695,-1
-32.16814,135.71269,-1
-31.95822,140.24853,-1
-31.21269,138.64617,-1
-32.03469,139.94971,-1
-32.12212,140.24163,-1
-32.09853,140.28086,-1
-32.06835,140.64648,-1
-32.04769,140.61185,-1
-32.06263,140.6347,-1
-31.9447,140.10804,-1
-30.40201,139.24102,-1
-30.45673,139.23424,-1
-32.27012,139.878,-1
-32.17293,135.80111,-1
-30.70848,139.42183,-1
-30.57151,139.03592,-1
-31.97043,140.07294,-1
-31.9447,140.10804,-1
-32.00192,140.19357,-1
-30.57141,139.02958,-1
-31.28891,137.44218,-1
-32.00192,140.19357,-1
-32.81282,136.03268,-1
-32.01605,139.99695,-1
-31.97043,140.07294,-1
-32.02855,140.11382,-1
-32.00192,140.19357,-1
-31.17135,138.78534,-1
-32.01766,140.10333,-1
-32.1128,140.30289,-1
-32.15513,135.81663,-1
-32.01605,139.99695,-1
-31.97043,140.07294,-1
-30.35993,139.25153,-1
-32.00192,140.19357,-1
-32.16531,135.73148,-1
-32.01766,140.10333,-1
-31.82945,140.58042,-1
-31.9149,140.11234,-1
-33.32576,140.71043,-1
-31.97043,140.07294,-1
-31.97167,140.23407,-1
-32.15064,140.26781,-1
-32.16531,135.73148,-1
-32.148,139.98404,-1
-31.93913,140.07646,-1
-31.9149,140.11234,-1
-32.04769,140.61185,-1
-30.57287,139.02978,-1
-32.02855,140.11382,-1
-32.00324,140.0755,-1
-32.16531,135.73148,-1
-31.40687,138.56207,-1
-32.00192,140.19357,-1
-32.01894,140.05876,-1
-30.57151,139.03592,-1
-31.30971,138.63641,-1
-32.02855,140.11382,-1
-32.00324,140.0755,-1
-32.16531,135.73148,-1
-30.28785,139.23461,-1
-32.00192,140.19357,-1
-31.11052,138.83013,-1
-32.04769,140.61185,-1
-30.28785,139.23461,-1
-32.02424,140.42206,-1
-32.17673,140.04821,-1
-30.48964,138.85563,-1
-31.98898,140.07293,-1
-32.1128,140.30289,-1
-31.81458,140.5805,-1
-32.04769,140.61185,-1
-32.0366,140.11358,-1
-32.02424,140.42206,-1
-30.44844,139.2879,-1
-32.01381,140.20794,-1
-31.98898,140.07293,-1
-32.13008,139.9733,-1
-32.19341,139.88593,-1
-32.01605,139.99695,-1
-30.62847,139.29575,-1
-32.02424,140.42206,-1
-32.01381,140.20794,-1
-31.94711,140.09851,-1
-31.98898,140.07293,-1
-31.97779,139.8942,-1
-32.19341,139.88593,-1
-32.01605,139.99695,-1
-31.41843,138.69938,-1
-32.02424,140.42206,-1
-32.05761,140.6207,-1
-32.17673,140.04821,-1
-31.98898,140.07293,-1
-31.10191,138.8227,-1
-31.31553,138.71753,-1
-32.01605,139.99695,-1
-30.27894,139.21692,-1
-32.02424,140.42206,-1
-31.07094,138.62597,-1
-32.16814,135.71269,-1
-31.98898,140.07293,-1
-30.60685,139.44425,-1
-32.01894,140.05876,-1
-32.01605,139.99695,-1
-32.59212,135.79686,-1
-32.02855,140.11382,-1
-32.11726,139.93883,-1
-32.16814,135.71269,-1
-31.98898,140.07293,-1
-31.94711,140.09851,-1
-31.99557,139.96871,-1
-32.01605,139.99695,-1
-31.41843,138.69938,-1
-31.9447,140.10804,-1
-30.45591,139.28145,-1
-32.16814,135.71269,-1
-30.28785,139.23461,-1
-31.94711,140.09851,-1
-32.19341,139.88593,-1
-32.01605,139.99695,-1
-30.2225,139.1948,-1
-31.93913,140.07646,-1
-31.95932,140.21708,-1
-32.16814,135.71269,-1
-31.97043,140.07294,-1
-31.20211,138.64023,-1
-32.38374,134.8717,-1
-30.57164,139.1326,-1
-32.09853,140.28086,-1
-31.93913,140.07646,-1
-31.95932,140.21708,-1
-31.12293,138.83601,-1
-31.97043,140.07294,-1
-31.94711,140.09851,-1
-30.55432,139.40243,-1
-31.99557,139.96871,-1
-30.47,139.4708,-1
-32.00192,140.19357,-1
-31.82945,140.58042,-1
-31.37796,138.77268,-1
-31.99233,139.97452,-1
-32.17673,140.04821,-1
-31.96441,140.24526,-1
-31.99557,139.96871,-1
-30.47,139.4708,-1
-32.00192,140.19357,-1
-31.93913,140.07646,-1
-32.1087,140.70205,-1
-31.97043,140.07294,-1
-31.29831,138.82298,-1
-31.32741,138.62961,-1
-32.00786,139.96369,-1
-30.57141,139.02958,-1
-32.24841,139.89648,-1
-30.57059,139.43805,-1
-32.02855,140.11382,-1
-31.97043,140.07294,-1
-32.64445,135.46244,-1
-31.22272,138.85166,-1
-32.11803,139.90748,-1
-32.59212,135.79686,-1
-33.03428,137.18267,-1
-31.93913,140.07646,-1
-32.02855,140.11382,-1
-31.97043,140.07294,-1
-30.99399,138.51361,-1
-31.30971,138.63641,-1
-32.11803,139.90748,-1
-30.56897,139.14247,-1
-31.98417,140.20935,-1
-31.93712,140.13697,-1
-32.67827,135.66408,-1
-31.97043,140.07294,-1
-32.01381,140.20794,-1
-31.97779,139.8942,-1
-31.99557,139.96871,-1
-32.01381,140.20794,-1
-30.24483,139.19729,-1
-31.93712,140.13697,-1
-30.63466,139.21629,-1
-31.97043,140.07294,-1
-32.67827,135.66408,-1
-30.30449,139.22846,-1
-30.58023,139.44017,-1
-31.97043,140.07294,-1
-32.24841,139.89648,-1
-30.44786,139.23481,-1
-32.01381,140.20794,-1
-31.97043,140.07294,-1
-30.63466,139.21629,-1
-30.58023,139.44017,-1
-30.58023,139.44017,-1
-31.97043,140.07294,-1
-32.83857,136.00706,-1
-32.19341,139.88593,-1
-30.57059,139.43805,-1
-31.97043,140.07294,-1
-31.94711,140.09851,-1
-32.04479,140.15779,-1
-30.40166,138.7784,-1
-31.97043,140.07294,-1
-31.10191,138.8227,-1
-30.57776,139.18602,-1
-32.02848,139.95754,-1
-31.97043,140.07294,-1
-30.35993,139.25153,-1
-31.41843,138.69938,-1
-32.09853,140.28086,-1
-31.97043,140.07294,-1
-31.97779,139.8942,-1
-31.93712,140.13697,-1
-32.00192,140.19357,-1
-31.98898,140.07293,-1
-30.35993,139.25153,-1
-31.41843,138.69938,-1
-32.66057,135.64662,-1
-31.97043,140.07294,-1
-31.97779,139.8942,-1
-31.93712,140.13697,-1
-32.00192,140.19357,-1
-31.98898,140.07293,-1
-30.35993,139.25153,-1
-31.9447,140.10804,-1
-32.01381,140.20794,-1
-31.97043,140.07294,-1
-31.97779,139.8942,-1
-32.38374,134.8717,-1
-31.07094,138.62597,-1
-31.98898,140.07293,-1
-32.54089,135.50708,-1
-32.01381,140.20794,-1
-32.01381,140.20794,-1
-31.99233,139.97452,-1
-32.02855,140.11382,-1
-31.04477,138.55939,-1
-32.00324,140.0755,-1
-31.98898,140.07293,-1
-32.02855,140.11382,-1
-31.9447,140.10804,-1
-32.01381,140.20794,-1
-31.97043,140.07294,-1
-32.02855,140.11382,-1
-31.93712,140.13697,-1
-30.70254,139.40956,-1
-31.98898,140.07293,-1
-31.19393,138.85184,-1
-31.51755,138.79831,-1
-30.35525,139.22657,-1
-31.97043,140.07294,-1
-32.16814,135.71269,-1
-32.67827,135.66408,-1
-32.11726,139.93883,-1
-31.98898,140.07293,-1
-30.54558,139.37279,-1
-30.64348,139.38444,-1
-30.44786,139.23481,-1
-31.97043,140.07294,-1
-32.16814,135.71269,-1
-30.63466,139.21629,-1
-32.67889,135.79029,-1
-31.98898,140.07293,-1
-32.11726,139.93883,-1
-31.93712,140.13697,-1
-31.21269,138.64617,-1
-31.97043,140.07294,-1
-32.0239,140.00767,-1
-32.67827,135.66408,-1
-32.09605,140.29804,-1
-31.98898,140.07293,-1
-30.24483,139.19729,-1
-31.30971,138.63641,-1
-31.21269,138.64617,-1
-31.99233,139.97452,-1
-32.0239,140.00767,-1
-32.67827,135.66408,-1
-32.67733,135.64294,-1
-32.11602,139.92868,-1
-32.67733,135.64294,-1
-31.30971,138.63641,-1
-31.98898,140.07293,-1
-31.78477,140.57344,-1
-31.92278,140.13646,-1
-32.01605,139.99695,-1
-32.67733,135.64294,-1
-31.98898,140.07293,-1
-31.51368,138.84579,-1
-30.57287,139.02978,-1
-31.98898,140.07293,-1
-32.26049,139.89231,-1
-32.50044,135.53513,-1
-32.01605,139.99695,-1
-31.7464,140.58144,-1
-31.98898,140.07293,-1
-32.02424,140.42206,-1
-31.94711,140.09851,-1
-31.98898,140.07293,-1
-32.26049,139.89231,-1
-30.29728,134.76252,-1
-32.16531,135.73148,-1
-30.39353,139.24595,-1
-31.27156,138.63179,-1
-32.02424,140.42206,-1
-32.17449,135.82355,-1
-31.98898,140.07293,-1
-31.9513,140.23902,-1
-32.16814,135.71269,-1
-32.16531,135.73148,-1
-32.16814,135.71269,-1
-31.98898,140.07293,-1
-32.02424,140.42206,-1
-30.35654,139.24176,-1
-31.98898,140.07293,-1
-31.80007,140.57441,-1
-32.16814,135.71269,-1
-30.47945,138.84324,-1
-31.29887,137.48213,-1
-31.98898,140.07293,-1
-32.02424,140.42206,-1
-30.39353,139.24595,-1
-31.98898,140.07293,-1
-31.94242,140.14959,-1
-32.16814,135.71269,-1
-31.9447,140.10804,-1
-32.03469,139.94971,-1
-31.98898,140.07293,-1
-32.02424,140.42206,-1
-30.39353,139.24595,-1
-31.98898,140.07293,-1
-32.19341,139.88593,-1
-32.16814,135.71269,-1
-31.50403,138.79393,-1
-30.58998,139.19156,-1
-31.98898,140.07293,-1
-32.03469,139.94971,-1
-32.13683,140.23552,-1
-31.98898,140.07293,-1
-32.15813,135.78438,-1
-32.16814,135.71269,-1
-31.9447,140.10804,-1
-32.03469,139.94971,-1
-31.98898,140.07293,-1
-30.58998,139.19156,-1
-32.04479,140.15779,-1
-31.98898,140.07293,-1
-32.15813,135.78438,-1
-32.16814,135.71269,-1
-31.9447,140.10804,-1
-31.89132,140.10697,-1
-31.98898,140.07293,-1
-32.67971,135.67585,-1
-31.29831,138.82298,-1
-31.98898,140.07293,-1
-32.15813,135.78438,-1
-30.40166,138.7784,-1
-31.9447,140.10804,-1
-31.89132,140.10697,-1
-31.98898,140.07293,-1
-32.03469,139.94971,-1
-30.22218,139.21058,-1
-31.98898,140.07293,-1
-32.15813,135.78438,-1
-32.16814,135.71269,-1
-32.8404,136.18055,-1
-30.40201,139.24102,-1
-31.98898,140.07293,-1
-32.03469,139.94971,-1
-32.59668,135.7681,-1
-31.98898,140.07293,-1
-32.15813,135.78438,-1
-32.1128,140.30289,-1
-32.16814,135.71269,-1
-32.16779,140.04031,-1
-31.98898,140.07293,-1
-30.39353,139.24595,-1
-31.20211,138.64023,-1
-31.98898,140.07293,-1
-32.19341,139.88593,-1
-32.67971,135.67585,-1
-32.16814,135.71269,-1
-31.04477,138.55939,-1
-31.98898,140.07293,-1
-32.16531,135.73148,-1
-32.03913,140.0662,-1
-31.98898,140.07293,-1
-31.90647,140.08169,-1
-31.16588,138.58662,-1
-32.16814,135.71269,-1
-32.83857,136.00706,-1
-31.98898,140.07293,-1
-32.05761,140.6207,-1
-31.96375,140.35639,-1
-31.98898,140.07293,-1
-31.90647,140.08169,-1
-31.11052,138.83013,-1
-32.16814,135.71269,-1
-32.83857,136.00706,-1
-31.98898,140.07293,-1
-31.32056,138.708,-1
-32.00192,140.19357,-1
-31.98898,140.07293,-1
-30.57068,139.17858,-1
-32.13008,139.9733,-1
-31.18784,138.80104,-1
-31.29831,138.82298,-1
-32.11602,139.92868,-1
-32.01616,139.89849,-1
-32.00192,140.19357,-1
-31.98898,140.07293,-1
-32.81282,136.03268,-1
-31.36477,138.76404,-1
-30.58998,139.19156,-1
-32.11636,139.9174,-1
-31.98898,140.07293,-1
-30.51293,138.91817,-1
-32.00192,140.19357,-1
-31.98898,140.07293,-1
-32.81282,136.03268,-1
-31.93913,140.07646,-1
-32.03469,139.94971,-1
-32.27012,139.878,-1
-31.98898,140.07293,-1
-32.02855,140.11382,-1
-32.16814,135.71269,-1
-31.98898,140.07293,-1
-31.99557,139.96871,-1
-32.09465,140.31365,-1
-31.2403,138.86417,-1
-32.26049,139.89231,-1
-30.45577,139.28118,-1
-30.44786,139.23481,-1
-32.03469,139.94971,-1
-31.98898,140.07293,-1
-31.99557,139.96871,-1
-32.67827,135.66408,-1
-32.17449,135.82355,-1
-32.26049,139.89231,-1
-32.67733,135.64294,-1
-32.11636,139.9174,-1
-32.03469,139.94971,-1
-31.92353,140.07315,-1
-31.42752,138.70385,-1
-31.94711,140.09851,-1
-32.59668,135.7681,-1
-32.59668,135.7681,-1
-31.98898,140.07293,-1
-30.57776,139.18602,-1
-32.00324,140.0755,-1
-31.92353,140.07315,-1
-32.07696,140.64811,-1
-32.17673,140.04821,-1
-31.82945,140.58042,-1
-32.25489,139.84934,-1
-31.29987,138.80077,-1
-32.04057,140.01994,-1
-32.00324,140.0755,-1
-31.92353,140.07315,-1
-31.90647,140.08169,-1
-30.151,137.932,-1
-31.09558,138.80977,-1
-31.18081,138.85181,-1
-30.35993,139.25153,-1
-31.97043,140.07294,-1
-31.21269,138.64617,-1
-31.92353,140.07315,-1
-31.98898,140.07293,-1
-31.249,138.66629,-1
-31.98898,140.07293,-1
-31.18081,138.85181,-1
-32.00786,139.96369,-1
-31.97043,140.07294,-1
-32.48895,135.55501,-1
-31.51449,138.89288,-1
-31.98898,140.07293,-1
-32.59212,135.79686,-1
-31.98898,140.07293,-1
-32.15064,140.26781,-1
-32.16734,135.76572,-1
-31.97043,140.07294,-1
-32.00324,140.0755,-1
-31.51449,138.89288,-1
-31.98898,140.07293,-1
-32.16531,135.73148,-1
-31.98898,140.07293,-1
-31.29987,138.80077,-1
-32.16734,135.76572,-1
-31.97043,140.07294,-1
-32.00324,140.0755,-1
-31.51449,138.89288,-1
-31.98898,140.07293,-1
-30.40201,139.24102,-1
-31.98898,140.07293,-1
-31.29987,138.80077,-1
-31.35111,138.81901,-1
-31.97043,140.07294,-1
-32.00324,140.0755,-1
-32.81282,136.03268,-1
-31.98898,140.07293,-1
-32.17293,135.80111,-1
-31.98898,140.07293,-1
-31.98898,140.07293,-1
-32.06263,140.6347,-1
-31.97043,140.07294,-1
-31.07094,138.62597,-1
-32.04479,140.15779,-1
-31.98898,140.07293,-1
-31.07094,138.62597,-1
-31.98898,140.07293,-1
-31.98898,140.07293,-1
-30.57771,139.02168,-1
-31.97043,140.07294,-1
-32.00324,140.0755,-1
-30.30449,139.22846,-1
-31.98898,140.07293,-1
-31.11052,138.83013,-1
-31.98898,140.07293,-1
-31.98898,140.07293,-1
-30.57771,139.02168,-1
-31.97043,140.07294,-1
-30.35525,139.22657,-1
-34.36535,139.56033,-1
-31.98898,140.07293,-1
-31.16686,138.63181,-1
-31.98898,140.07293,-1
-31.98898,140.07293,-1
-31.13167,138.63704,-1
-31.97043,140.07294,-1
-32.01605,139.99695,-1
-31.98898,140.07293,-1
-31.98898,140.07293,-1
-32.15064,140.26781,-1
-31.98898,140.07293,-1
-31.30971,138.63641,-1
-30.35525,139.22657,-1
-31.97043,140.07294,-1
-32.04769,140.61185,-1
-32.67733,135.64294,-1
-31.98898,140.07293,-1
-32.15064,140.26781,-1
-31.98898,140.07293,-1
-31.30971,138.63641,-1
-31.50403,138.79393,-1
-31.97043,140.07294,-1
-32.01605,139.99695,-1
-31.98898,140.07293,-1
-31.98898,140.07293,-1
-32.15064,140.26781,-1
-31.98898,140.07293,-1
-30.4665,139.21277,-1
-32.12089,139.95696,-1
-31.89132,140.10697,-1
-31.92353,140.07315,-1
-31.98898,140.07293,-1
-31.98898,140.07293,-1
-32.15064,140.26781,-1
-31.98898,140.07293,-1
-31.98898,140.07293,-1
-32.38927,134.85616,-1
-31.89132,140.10697,-1
-31.92353,140.07315,-1
-31.98898,140.07293,-1
-31.98898,140.07293,-1
-32.15064,140.26781,-1
-31.98898,140.07293,-1
-31.98898,140.07293,-1
-30.57771,139.02168,-1
-30.22218,139.21058,-1
-31.92353,140.07315,-1
-31.98898,140.07293,-1
-31.98898,140.07293,-1
-32.03469,139.94971,-1
-31.98898,140.07293,-1
-31.98898,140.07293,-1
-32.11803,139.90748,-1
-31.89132,140.10697,-1
-32.01605,139.99695,-1
-32.67733,135.64294,-1
-31.98898,140.07293,-1
-32.03469,139.94971,-1
-31.98898,140.07293,-1
-30.57287,139.02978,-1
-31.32741,138.62961,-1
-30.22218,139.21058,-1
-30.4579,138.82477,-1
-32.67733,135.64294,-1
-31.98898,140.07293,-1
-32.00324,140.0755,-1
-31.98898,140.07293,-1
-31.98898,140.07293,-1
-30.35525,139.22657,-1
-31.89132,140.10697,-1
-31.29085,138.63354,-1
-32.67733,135.64294,-1
-31.98898,140.07293,-1
-32.00324,140.0755,-1
-31.98898,140.07293,-1
-31.98898,140.07293,-1
-31.03837,138.60712,-1
-31.25665,138.61794,-1
-33.33285,138.87764,-1
-31.98898,140.07293,-1
-31.98898,140.07293,-1
-31.21269,138.64617,-1
-31.98898,140.07293,-1
-31.98898,140.07293,-1
-30.57507,139.03971,-1
-30.56713,139.15176,-1
-31.7464,140.58144,-1
-32.09605,140.29804,-1
-31.98898,140.07293,-1
-31.01814,138.54259,-1
-31.98898,140.07293,-1
-31.30971,138.63641,-1
-30.58023,139.44017,-1
-30.56713,139.15176,-1
-31.41843,138.69938,-1
-30.56713,139.15176,-1
-31.98898,140.07293,-1
-31.19393,138.85184,-1
-31.98898,140.07293,-1
-32.01766,140.10333,-1
-32.00324,140.0755,-1
-32.06835,140.64648,-1
-32.01381,140.20794,-1
-31.18081,138.85181,-1
-31.98898,140.07293,-1
-31.19393,138.85184,-1
-31.98898,140.07293,-1
-31.98898,140.07293,-1
-30.57141,139.02958,-1
-32.15372,140.2553,-1
-30.953,138.52719,-1
-32.01617,139.96597,-1
-31.98898,140.07293,-1
-32.06352,140.38349,-1
-32.07696,140.64811,-1
-31.98898,140.07293,-1
-32.06263,140.6347,-1
-32.0366,140.11358,-1
-30.62847,139.29575,-1
-31.29987,138.80077,-1
-31.98898,140.07293,-1
-32.49122,135.57572,-1
-32.19341,139.88593,-1
-31.98898,140.07293,-1
-32.09853,140.28086,-1
-32.15372,140.2553,-1
-30.62847,139.29575,-1
-32.15064,140.26781,-1
-31.98898,140.07293,-1
-31.95822,140.24853,-1
-31.18784,138.80104,-1
-31.98898,140.07293,-1
-30.57771,139.02168,-1
-31.29085,138.63354,-1
-32.66057,135.64662,-1
-32.15064,140.26781,-1
-31.98898,140.07293,-1
-31.33479,138.58721,-1
-31.90647,140.08169,-1
-31.30971,138.63641,-1
-30.2225,139.1948,-1
-30.56713,139.15176,-1
-30.56897,139.14247,-1
-30.56713,139.15176,-1
-30.28785,139.23461,-1
-32.15813,135.78438,-1
-31.90647,140.08169,-1
-31.98898,140.07293,-1
-32.1128,140.30289,-1
-32.81773,136.02469,-1
-30.57771,139.02168,-1
-31.97043,140.07294,-1
-31.95822,140.24853,-1
-31.89739,140.30736,-1
-32.81282,136.03268,-1
-31.98898,140.07293,-1
-30.57771,139.02168,-1
-31.19393,138.85184,-1
-31.51755,138.79831,-1
-31.99233,139.97452,-1
-32.66057,135.64662,-1
-30.57507,139.03971,-1
-31.95822,140.24853,-1
-31.98898,140.07293,-1
-30.56713,139.15176,-1
-30.29557,139.25796,-1
-30.2225,139.1948,-1
-31.97043,140.07294,-1
-31.94242,140.14959,-1
-32.22871,139.8797,-1
-32.19341,139.88593,-1
-31.98898,140.07293,-1
-30.60062,139.09646,-1
-32.12212,140.24163,-1
-32.68114,135.65373,-1
-32.12212,140.24163,-1
-31.95822,140.24853,-1
-32.00324,140.0755,-1
-32.19341,139.88593,-1
-31.98898,140.07293,-1
-31.89132,140.10697,-1
-32.12212,140.24163,-1
-32.06263,140.6347,-1
-31.99233,139.97452,-1
-30.63511,139.33055,-1
-32.00324,140.0755,-1
-32.15813,135.78438,-1
-31.98898,140.07293,-1
-31.89132,140.10697,-1
-32.12212,140.24163,-1
-31.95822,140.24853,-1
-32.12212,140.24163,-1
-31.25665,138.61794,-1
-31.90647,140.08169,-1
-32.81282,136.03268,-1
-31.98898,140.07293,-1
-31.89132,140.10697,-1
-32.12212,140.24163,-1
-30.28785,139.23461,-1
-31.97043,140.07294,-1
-30.56713,139.15176,-1
-31.90647,140.08169,-1
-32.01381,140.20794,-1
-31.30971,138.63641,-1
-31.89132,140.10697,-1
-32.12212,140.24163,-1
-31.98898,140.07293,-1
-31.97043,140.07294,-1
-32.59668,135.7681,-1
-32.01605,139.99695,-1
-32.09853,140.28086,-1
-32.49122,135.57572,-1
-31.97043,140.07294,-1
-31.7602,140.58125,-1
-31.98898,140.07293,-1
-31.99233,139.97452,-1
-32.12173,140.3012,-1
-30.57151,139.03592,-1
-31.90647,140.08169,-1
-32.49122,135.57572,-1
-31.97043,140.07294,-1
-31.7602,140.58125,-1
-31.98898,140.07293,-1
-32.00192,140.19357,-1
-32.11636,139.9174,-1
-30.35525,139.22657,-1
-31.90647,140.08169,-1
-32.49122,135.57572,-1
-31.97043,140.07294,-1
-31.7602,140.58125,-1
-31.98898,140.07293,-1
-32.00192,140.19357,-1
-30.56713,139.15176,-1
-32.01605,139.99695,-1
-32.81282,136.03268,-1
-31.51755,138.79831,-1
-32.27012,139.878,-1
-31.7602,140.58125,-1
-31.98898,140.07293,-1
-32.00192,140.19357,-1
-31.04477,138.55939,-1
-32.01605,139.99695,-1
-31.42752,138.70385,-1
-32.19341,139.88593,-1
-30.47347,138.83221,-1
-31.7602,140.58125,-1
-31.98898,140.07293,-1
-31.89132,140.10697,-1
-31.29831,138.82298,-1
-32.19341,139.88593,-1
-32.04479,140.15779,-1
-32.19341,139.88593,-1
-31.89132,140.10697,-1
-31.29987,138.80077,-1
-31.98898,140.07293,-1
-31.89132,140.10697,-1
-32.15064,140.26781,-1
-31.99557,139.96871,-1
-31.46631,138.88626,-1
-31.37805,138.75491,-1
-31.89132,140.10697,-1
-31.99557,139.96871,-1
-31.98898,140.07293,-1
-31.89132,140.10697,-1
-31.82945,140.58042,-1
-31.09558,138.80977,-1
-32.01617,139.96597,-1
-32.19341,139.88593,-1
-31.89132,140.10697,-1
-32.11803,139.90748,-1
-30.57287,139.02978,-1
-31.89132,140.10697,-1
-32.00192,140.19357,-1
-31.98898,140.07293,-1
-31.29987,138.80077,-1
-32.15813,135.78438,-1
-32.83857,136.00706,-1
-31.7687,140.57335,-1
-31.30971,138.63641,-1
-31.89132,140.10697,-1
-32.00192,140.19357,-1
-31.98898,140.07293,-1
-31.29987,138.80077,-1
-31.90647,140.08169,-1
-32.11636,139.9174,-1
-31.7687,140.57335,-1
-30.28785,139.23461,-1
-32.02848,139.95754,-1
-32.00192,140.19357,-1
-31.98898,140.07293,-1
-31.18081,138.85181,-1
-30.57164,139.1326,-1
-31.7602,140.58125,-1
-31.99557,139.96871,-1
-32.01766,140.10333,-1
-32.02855,140.11382,-1
-32.03605,140.60469,-1
-31.98898,140.07293,-1
-32.53153,135.5113,-1
-30.35993,139.25153,-1
-31.7602,140.58125,-1
-30.57164,139.1326,-1
-30.55796,139.4122,-1
-32.02855,140.11382,-1
-31.07094,138.62597,-1
-30.28785,139.23461,-1
-32.15064,140.26781,-1
-30.57164,139.1326,-1
-31.19393,138.85184,-1
-31.29987,138.80077,-1
-31.95822,140.24853,-1
-32.02855,140.11382,-1
-32.00324,140.0755,-1
-31.18784,138.80104,-1
-32.15064,140.26781,-1
-30.57776,139.18602,-1
-30.57507,139.03971,-1
-33.72902,140.70304,-1
-31.95822,140.24853,-1
-31.97779,139.8942,-1
-32.00324,140.0755,-1
-30.70848,139.42183,-1
-31.18081,138.85181,-1
-32.00786,139.96369,-1
-30.57507,139.03971,-1
-30.9784,138.52079,-1
-30.64348,139.38444,-1
-31.99233,139.97452,-1
-31.21269,138.64617,-1
-31.90647,140.08169,-1
-31.89132,140.10697,-1
-30.57164,139.1326,-1
-31.93712,140.13697,-1
-31.30971,138.63641,-1
-30.35993,139.25153,-1
-32.11636,139.9174,-1
-30.41324,139.42035,-1
-31.90647,140.08169,-1
-31.89132,140.10697,-1
-32.00786,139.96369,-1
-31.95822,140.24853,-1
-30.28785,139.23461,-1
-30.57164,139.1326,-1
-31.97043,140.07294,-1
-32.03605,140.60469,-1
-31.90647,140.08169,-1
-31.89132,140.10697,-1
-32.1128,140.30289,-1
-32.07696,140.64811,-1
-32.47729,136.01967,-1
-30.57164,139.1326,-1
-31.97043,140.07294,-1
-32.00324,140.0755,-1
-31.90647,140.08169,-1
-32.53153,135.5113,-1
-31.29987,138.80077,-1
-32.06835,140.64648,-1
-30.28785,139.23461,-1
-30.57164,139.1326,-1
-31.99233,139.97452,-1
-32.00324,140.0755,-1
-32.15813,135.78438,-1
-32.15064,140.26781,-1
-31.29987,138.80077,-1
-32.04769,140.61185,-1
-30.28785,139.23461,-1
-30.57164,139.1326,-1
-31.19393,138.85184,-1
-32.00324,140.0755,-1
-32.04479,140.15779,-1
-32.15064,140.26781,-1
-31.93712,140.13697,-1
-32.04769,140.61185,-1
-31.30971,138.63641,-1
-30.57164,139.1326,-1
-32.38374,134.8717,-1
-31.07094,138.62597,-1
-31.26462,138.62397,-1
-32.12212,140.24163,-1
-31.93712,140.13697,-1
-30.57151,139.03592,-1
-31.30971,138.63641,-1
-31.29987,138.80077,-1
-31.7602,140.58125,-1
-32.00324,140.0755,-1
-30.57164,139.1326,-1
-32.12212,140.24163,-1
-31.04477,138.55939,-1
-32.01605,139.99695,-1
-31.90647,140.08169,-1
-31.29987,138.80077,-1
-31.97779,139.8942,-1
-31.21269,138.64617,-1
-30.57164,139.1326,-1
-30.34195,138.72606,-1
-32.52907,136.01964,-1
-32.01605,139.99695,-1
-31.94242,140.14959,-1
-31.29987,138.80077,-1
-32.59668,135.7681,-1
-31.21269,138.64617,-1
-30.57164,139.1326,-1
-32.12212,140.24163,-1
-32.00192,140.19357,-1
-31.97779,139.8942,-1
-31.30057,138.63594,-1
-32.13008,139.9733,-1
-31.04477,138.55939,-1
-32.03605,140.60469,-1
-31.29987,138.80077,-1
-32.12212,140.24163,-1
-32.00192,140.19357,-1
-31.7602,140.58125,-1
-32.53913,136.02409,-1
-32.00786,139.96369,-1
-31.95932,140.21708,-1
-32.03605,140.60469,-1
-31.99557,139.96871,-1
-32.00324,140.0755,-1
-32.01894,140.05876,-1
-30.44844,139.2879,-1
-31.90647,140.08169,-1
-32.00786,139.96369,-1
-32.148,139.98404,-1
-32.03469,139.94971,-1
-30.57776,139.18602,-1
-32.00324,140.0755,-1
-30.57164,139.1326,-1
-31.95822,140.24853,-1
-31.90647,140.08169,-1
-32.83359,136.21044,-1
-31.98898,140.07293,-1
-32.01381,140.20794,-1
-32.00192,140.19357,-1
-30.57507,139.03971,-1
-30.57164,139.1326,-1
-31.98898,140.07293,-1
-31.90647,140.08169,-1
-32.1128,140.30289,-1
-31.98898,140.07293,-1
-32.17673,140.04821,-1
-32.00192,140.19357,-1
-30.46789,139.26423,-1
-30.57164,139.1326,-1
-30.57164,139.1326,-1
-31.90647,140.08169,-1
-32.11803,139.90748,-1
-32.67997,135.53375,-1
-31.31526,137.40776,-1
-32.01894,140.05876,-1
-31.9513,140.23902,-1
-32.01894,140.05876,-1
-30.9784,138.52079,-1
-30.2225,139.1948,-1
-32.11803,139.90748,-1
-32.19341,139.88593,-1
-32.02855,140.11382,-1
-32.07214,140.36635,-1
-31.9513,140.23902,-1
-32.01605,139.99695,-1
-31.93712,140.13697,-1
-32.06263,140.6347,-1
-32.11803,139.90748,-1
-32.19341,139.88593,-1
-32.02855,140.11382,-1
-32.12089,139.95696,-1
-32.26049,139.89231,-1
-33.74191,140.72306,-1
-32.1128,140.30289,-1
-32.1087,140.70205,-1
-32.14408,135.82943,-1
-32.15813,135.78438,-1
-32.02855,140.11382,-1
-32.15513,135.81663,-1
-32.06835,140.64648,-1
-32.15513,135.81663,-1
-32.52907,136.01964,-1
-32.01381,140.20794,-1
-32.14408,135.82943,-1
-30.47,139.4708,-1
-32.08415,140.66861,-1
-32.00786,139.96369,-1
-30.4579,138.82477,-1
-31.26462,138.62397,-1
-31.7687,140.57335,-1
-32.01381,140.20794,-1
-32.49122,135.57572,-1
-31.95822,140.24853,-1
-32.49122,135.57572,-1
-31.97779,139.8942,-1
-31.78477,140.57344,-1
-32.74946,135.92873,-1
-31.90647,140.08169,-1
-31.41843,138.69938,-1
-32.06835,140.64648,-1
-31.98898,140.07293,-1
-32.81282,136.03268,-1
-32.51501,136.01992,-1
-30.9784,138.52079,-1
-32.07214,140.36635,-1
-32.66761,135.63741,-1
-31.41843,138.69938,-1
-32.19341,139.88593,-1
-31.96441,140.24526,-1
-32.66761,135.63741,-1
-32.04769,140.61185,-1
-30.57287,139.02978,-1
-32.01605,139.99695,-1
-32.06835,140.64648,-1
-32.01381,140.20794,-1
-32.15813,135.78438,-1
-31.04477,138.55939,-1
-32.66761,135.63741,-1
-31.21269,138.64617,-1
-31.30971,138.63641,-1
-32.01605,139.99695,-1
-32.19341,139.88593,-1
-32.68114,135.65373,-1
-32.15813,135.78438,-1
-31.93712,140.13697,-1
-32.39807,135.31769,-1
-31.98898,140.07293,-1
-30.28785,139.23461,-1
-32.01605,139.99695,-1
-32.00324,140.0755,-1
-30.47,139.4708,-1
-31.90647,140.08169,-1
-31.93712,140.13697,-1
-31.41843,138.69938,-1
-31.98898,140.07293,-1
-30.28785,139.23461,-1
-30.57151,139.03592,-1
-31.90647,140.08169,-1
-30.47,139.4708,-1
-31.96441,140.24526,-1
-31.50403,138.79393,-1
-32.04479,140.15779,-1
-31.98898,140.07293,-1
-31.30971,138.63641,-1
-30.57771,139.02168,-1
-32.01894,140.05876,-1
-32.01381,140.20794,-1
-32.00192,140.19357,-1
-31.92353,140.07315,-1
-32.49122,135.57572,-1
-31.98898,140.07293,-1
-32.47729,136.01967,-1
-30.57771,139.02168,-1
-32.00192,140.19357,-1
-32.06263,140.6347,-1
-32.00192,140.19357,-1
-31.92353,140.07315,-1
-32.01894,140.05876,-1
-30.44844,139.2879,-1
-31.30971,138.63641,-1
-30.58023,139.44017,-1
-32.00192,140.19357,-1
-30.57141,139.02958,-1
-32.00192,140.19357,-1
-31.7602,140.58125,-1
-30.35525,139.22657,-1
-31.98898,140.07293,-1
-30.28785,139.23461,-1
-31.94242,140.14959,-1
-32.15513,135.81663,-1
-32.06263,140.6347,-1
-32.00192,140.19357,-1
-30.22218,139.21058,-1
-30.44786,139.23481,-1
-31.98898,140.07293,-1
-30.57141,139.02958,-1
-31.94242,140.14959,-1
-32.74946,135.92873,-1
-32.01381,140.20794,-1
-32.01894,140.05876,-1
-30.57507,139.03971,-1
-32.59008,135.77629,-1
-31.98898,140.07293,-1
-32.01381,140.20794,-1
-31.94242,140.14959,-1
-32.01605,139.99695,-1
-32.01766,140.10333,-1
-30.31526,139.22839,-1
-32.00324,140.0755,-1
-30.35525,139.22657,-1
-31.98898,140.07293,-1
-32.01381,140.20794,-1
-31.95822,140.24853,-1
-32.01605,139.99695,-1
-32.01766,140.10333,-1
-32.01381,140.20794,-1
-30.46789,139.26423,-1
-31.90647,140.08169,-1
-31.98898,140.07293,-1
-32.01381,140.20794,-1
-31.95822,140.24853,-1
-32.01605,139.99695,-1
-30.55796,139.4122,-1
-30.58023,139.44017,-1
-32.49122,135.57572,-1
-31.90647,140.08169,-1
-31.98898,140.07293,-1
-32.68114,135.65373,-1
-30.58023,139.44017,-1
-32.04769,140.61185,-1
-30.55796,139.4122,-1
-31.95822,140.24853,-1
-32.03469,139.94971,-1
-31.90647,140.08169,-1
-31.98898,140.07293,-1
-32.09853,140.28086,-1
-30.2225,139.1948,-1
-32.01605,139.99695,-1
-32.01766,140.10333,-1
-32.15513,135.81663,-1
-32.03469,139.94971,-1
-32.01894,140.05876,-1
-31.98898,140.07293,-1
-30.56897,139.14247,-1
-32.50044,135.53513,-1
-31.14556,138.84542,-1
-31.09558,138.80977,-1
-30.57771,139.02168,-1
-32.03469,139.94971,-1
-30.57164,139.1326,-1
-31.21269,138.64617,-1
-31.95822,140.24853,-1
-31.03837,138.60712,-1
-31.92353,140.07315,-1
-31.09558,138.80977,-1
-31.93712,140.13697,-1
-32.02424,140.42206,-1
-32.1128,140.30289,-1
-31.98898,140.07293,-1
-31.95822,140.24853,-1
-32.59008,135.77629,-1
-32.03469,139.94971,-1
-32.01766,140.10333,-1
-31.93712,140.13697,-1
-32.02424,140.42206,-1
-32.1128,140.30289,-1
-31.98898,140.07293,-1
-32.07696,140.64811,-1
-32.59008,135.77629,-1
-32.02252,140.23427,-1
-31.32741,138.62961,-1
-30.57287,139.02978,-1
-32.02424,140.42206,-1
-30.64348,139.38444,-1
-31.98898,140.07293,-1
-32.15813,135.78438,-1
-32.50044,135.53513,-1
-31.97766,140.40018,-1
-30.57771,139.02168,-1
-32.01766,140.10333,-1
-31.97766,140.40018,-1
-32.00192,140.19357,-1
-31.98898,140.07293,-1
-32.15813,135.78438,-1
-30.44844,139.2879,-1
-32.02424,140.42206,-1
-32.26049,139.89231,-1
-32.01766,140.10333,-1
-32.03469,139.94971,-1
-32.00192,140.19357,-1
-31.98898,140.07293,-1
-31.51755,138.79831,-1
-30.44844,139.2879,-1
-30.38333,139.25126,-1
-32.26049,139.89231,-1
-32.148,139.98404,-1
-32.03469,139.94971,-1
-32.00192,140.19357,-1
-31.98898,140.07293,-1
-32.04479,140.15779,-1
-30.44844,139.2879,-1
-30.57164,139.1326,-1
-31.78477,140.57344,-1
-32.27012,139.878,-1
-32.03469,139.94971,-1
-32.67997,135.53375,-1
-31.98898,140.07293,-1
-33.54942,141.00251,-1
-31.98898,140.07293,-1
-30.57164,139.1326,-1
-29.88577,133.58241,-1
-31.98898,140.07293,-1
-32.03469,139.94971,-1
-32.13803,140.01077,-1
-31.98898,140.07293,-1
-30.2225,139.1948,-1
-31.98898,140.07293,-1
-31.29085,138.63354,-1
-31.03837,138.60712,-1
-31.98898,140.07293,-1
-32.02252,140.23427,-1
-31.92353,140.07315,-1
-31.98898,140.07293,-1
-30.29581,139.23612,-1
-31.98898,140.07293,-1
-30.56713,139.15176,-1
-31.00529,138.52477,-1
-31.98898,140.07293,-1
-32.02855,140.11382,-1
-32.01605,139.99695,-1
-31.98898,140.07293,-1
-30.57771,139.02168,-1
-31.98898,140.07293,-1
-30.56713,139.15176,-1
-31.27576,138.67841,-1
-31.98898,140.07293,-1
-32.02424,140.42206,-1
-32.01605,139.99695,-1
-31.98898,140.07293,-1
-32.03469,139.94971,-1
-31.98898,140.07293,-1
-30.56713,139.15176,-1
-31.26462,138.62397,-1
-31.98898,140.07293,-1
-31.97766,140.40018,-1
-32.01605,139.99695,-1
-31.98898,140.07293,-1
-32.02424,140.42206,-1
-31.98898,140.07293,-1
-30.56713,139.15176,-1
-31.26462,138.62397,-1
-31.98898,140.07293,-1
-32.13683,140.23552,-1
-32.01605,139.99695,-1
-31.30971,138.63641,-1
-32.02424,140.42206,-1
-31.98898,140.07293,-1
-31.29987,138.80077,-1
-31.98898,140.07293,-1
-31.98898,140.07293,-1
-32.02855,140.11382,-1
-32.01605,139.99695,-1
-30.28785,139.23461,-1
-32.02855,140.11382,-1
-31.98898,140.07293,-1
-32.17449,135.82355,-1
-31.98898,140.07293,-1
-31.98898,140.07293,-1
-32.02424,140.42206,-1
-32.01605,139.99695,-1
-30.2225,139.1948,-1
-32.02855,140.11382,-1
-31.98898,140.07293,-1
-32.17449,135.82355,-1
-31.98898,140.07293,-1
-31.98898,140.07293,-1
-32.16814,135.71269,-1
-32.04769,140.61185,-1
-30.29581,139.23612,-1
-32.02424,140.42206,-1
-31.98898,140.07293,-1
-31.98417,140.20935,-1
-31.98898,140.07293,-1
-31.98898,140.07293,-1
-32.16814,135.71269,-1
-31.92353,140.07315,-1
-31.37796,138.77268,-1
-32.02424,140.42206,-1
-31.98898,140.07293,-1
-31.98417,140.20935,-1
-31.98898,140.07293,-1
-31.98898,140.07293,-1
-32.16814,135.71269,-1
-32.01605,139.99695,-1
-30.58023,139.44017,-1
-32.02252,140.23427,-1
-31.98898,140.07293,-1
-31.9149,140.11234,-1
-31.98898,140.07293,-1
-31.98898,140.07293,-1
-32.16814,135.71269,-1
-31.92353,140.07315,-1
-32.01381,140.20794,-1
-32.02855,140.11382,-1
-31.98898,140.07293,-1
-31.9149,140.11234,-1
-31.98898,140.07293,-1
-31.98898,140.07293,-1
-30.57059,139.43805,-1
-31.92353,140.07315,-1
-31.41843,138.69938,-1
-32.67997,135.53375,-1
-31.98898,140.07293,-1
-31.9149,140.11234,-1
-31.98898,140.07293,-1
-31.98898,140.07293,-1
-30.4579,138.82477,-1
-31.92353,140.07315,-1
-32.06263,140.6347,-1
-30.38333,139.25126,-1
-32.01605,139.99695,-1
-32.148,139.98404,-1
-31.98898,140.07293,-1
-32.148,139.98404,-1
-30.63466,139.21629,-1
-31.92353,140.07315,-1
-32.09853,140.28086,-1
-30.35993,139.25153,-1
-31.98898,140.07293,-1
-32.09853,140.28086,-1
-31.98898,140.07293,-1
-32.01766,140.10333,-1
-30.45673,139.23424,-1
-31.14556,138.84542,-1
-32.68114,135.65373,-1
-32.16774,135.74962,-1
-31.98898,140.07293,-1
-31.98417,140.20935,-1
-31.98898,140.07293,-1
-31.3424,138.82226,-1
-30.58998,139.19156,-1
-31.12293,138.83601,-1
-30.27894,139.21692,-1
-32.00786,139.96369,-1
-31.98898,140.07293,-1
-30.22218,139.21058,-1
-31.98898,140.07293,-1
-31.82945,140.58042,-1
-31.9513,140.23902,-1
-32.14408,135.82943,-1
-32.06263,140.6347,-1
-31.0569,138.55257,-1
-31.98898,140.07293,-1
-30.00012,135.13734,-1
-31.98898,140.07293,-1
-31.82945,140.58042,-1
-30.63466,139.21629,-1
-32.11803,139.90748,-1
-32.06263,140.6347,-1
-32.00786,139.96369,-1
-31.98898,140.07293,-1
-32.12212,140.24163,-1
-31.98898,140.07293,-1
-30.45673,139.23424,-1
-32.09465,140.31365,-1
-31.93712,140.13697,-1
-30.63132,139.24215,-1
-32.13683,140.23552,-1
-31.98898,140.07293,-1
-31.78477,140.57344,-1
-31.98898,140.07293,-1
-32.03469,139.94971,-1
-30.45673,139.23424,-1
-31.93712,140.13697,-1
-30.57141,139.02958,-1
-30.61951,139.32306,-1
-31.98898,140.07293,-1
-31.78477,140.57344,-1
-31.98898,140.07293,-1
-32.06263,140.6347,-1
-31.29085,138.63354,-1
-31.93712,140.13697,-1
-32.01381,140.20794,-1
-32.94888,136.26176,-1
-31.92353,140.07315,-1
-32.04205,140.42399,-1
-31.98898,140.07293,-1
-32.03469,139.94971,-1
-31.7602,140.58125,-1
-30.35993,139.25153,-1
-31.41843,138.69938,-1
-32.67971,135.67585,-1
-31.14556,138.84542,-1
-34.34614,139.52405,-1
-31.98898,140.07293,-1
-30.29557,139.25796,-1
-31.7602,140.58125,-1
-30.57771,139.02168,-1
-31.98898,140.07293,-1
-30.55432,139.40243,-1
-32.01605,139.99695,-1
-32.59668,135.7681,-1
-31.98898,140.07293,-1
-32.82852,136.11229,-1
-31.7602,140.58125,-1
-31.96441,140.24526,-1
-31.98898,140.07293,-1
-31.07094,138.62597,-1
-32.01605,139.99695,-1
-32.03605,140.60469,-1
-31.98898,140.07293,-1
-31.20211,138.64023,-1
-31.7602,140.58125,-1
-31.96441,140.24526,-1
-31.98898,140.07293,-1
-30.51296,138.87574,-1
-31.92353,140.07315,-1
-32.03605,140.60469,-1
-31.98898,140.07293,-1
-32.17673,140.04821,-1
-31.7602,140.58125,-1
-31.96441,140.24526,-1
-31.98898,140.07293,-1
-32.21876,139.8835,-1
-31.92353,140.07315,-1
-30.63466,139.21629,-1
-31.42277,138.71693,-1
-32.23913,139.88736,-1
-30.46789,139.26423,-1
-30.44844,139.2879,-1
-31.98898,140.07293,-1
-32.15064,140.26781,-1
-32.12089,139.95696,-1
-30.39353,139.24595,-1
-31.89132,140.10697,-1
-30.63466,139.21629,-1
-32.02365,140.58502,-1
-30.44844,139.2879,-1
-30.28785,139.23461,-1
-32.15064,140.26781,-1
-31.92353,140.07315,-1
-32.17673,140.04821,-1
-31.89132,140.10697,-1
-30.63466,139.21629,-1
-31.92353,140.07315,-1
-30.44844,139.2879,-1
-30.47347,138.83221,-1
-30.54558,139.37279,-1
-31.99557,139.96871,-1
-31.94711,140.09851,-1
-31.16479,138.84889,-1
-31.94711,140.09851,-1
-32.67889,135.79029,-1
-30.44844,139.2879,-1
-31.0924,138.79146,-1
-31.36031,138.7753,-1
-31.90647,140.08169,-1
-32.06263,140.6347,-1
-31.27987,138.78087,-1
-31.42372,138.69047,-1
-30.23893,139.14126,-1
-30.44844,139.2879,-1
-31.97043,140.07294,-1
-30.35993,139.25153,-1
-31.30592,138.81767,-1
-32.23913,139.88736,-1
-32.15513,135.81663,-1
-31.89132,140.10697,-1
-31.92353,140.07315,-1
-31.7687,140.57335,-1
-31.97043,140.07294,-1
-31.7602,140.58125,-1
-32.15813,135.78438,-1
-32.06263,140.6347,-1
-31.15578,137.43073,-1
-31.89132,140.10697,-1
-31.92353,140.07315,-1
-32.04479,140.15779,-1
-31.97043,140.07294,-1
-31.7602,140.58125,-1
-32.15813,135.78438,-1
-30.4665,139.21277,-1
-31.0924,138.79146,-1
-31.89132,140.10697,-1
-31.92353,140.07315,-1
-31.98898,140.07293,-1
-31.97043,140.07294,-1
-32.15294,140.29065,-1
-32.15813,135.78438,-1
-30.4665,139.21277,-1
-31.97043,140.07294,-1
-31.89132,140.10697,-1
-32.04057,140.01994,-1
-31.98898,140.07293,-1
-31.97043,140.07294,-1
-32.14232,140.30733,-1
-32.15813,135.78438,-1
-32.49693,136.01963,-1
-31.97043,140.07294,-1
-31.89132,140.10697,-1
-32.67889,135.79029,-1
-31.98898,140.07293,-1
-31.97043,140.07294,-1
-31.07094,138.62597,-1
-31.90647,140.08169,-1
-30.48964,138.85563,-1
-31.97043,140.07294,-1
-31.89132,140.10697,-1
-31.89132,140.10697,-1
-31.98898,140.07293,-1
-31.0924,138.79146,-1
-32.67971,135.67585,-1
-31.90647,140.08169,-1
-30.55432,139.40243,-1
-31.99233,139.97452,-1
-31.89132,140.10697,-1
-31.45248,138.88758,-1
-31.98898,140.07293,-1
-31.97043,140.07294,-1
-31.98898,140.07293,-1
-31.98898,140.07293,-1
-31.16479,138.84889,-1
-30.38333,139.25126,-1
-32.0366,140.11358,-1
-30.22218,139.21058,-1
-31.98898,140.07293,-1
-31.97043,140.07294,-1
-31.98898,140.07293,-1
-31.98898,140.07293,-1
-32.16814,135.71269,-1
-31.2512,138.86706,-1
-30.56713,139.15176,-1
-30.22218,139.21058,-1
-32.67733,135.64294,-1
-31.97043,140.07294,-1
-31.98898,140.07293,-1
-31.98898,140.07293,-1
-32.16814,135.71269,-1
-32.15064,140.26781,-1
-31.97043,140.07294,-1
-30.60285,139.06133,-1
-31.98898,140.07293,-1
-31.99233,139.97452,-1
-31.98898,140.07293,-1
-32.01766,140.10333,-1
-32.16814,135.71269,-1
-32.15064,140.26781,-1
-31.97043,140.07294,-1
-30.56713,139.15176,-1
-31.98898,140.07293,-1
-31.97043,140.07294,-1
-31.98898,140.07293,-1
-32.07696,140.64811,-1
-31.28347,137.46496,-1
-32.01617,139.96597,-1
-31.95932,140.21708,-1
-30.55064,139.25385,-1
-31.98898,140.07293,-1
-31.29987,138.80077,-1
-31.98898,140.07293,-1
-32.19341,139.88593,-1
-32.16814,135.71269,-1
-32.01617,139.96597,-1
-32.68943,135.68208,-1
-31.29987,138.80077,-1
-31.98898,140.07293,-1
-30.57164,139.1326,-1
-31.98898,140.07293,-1
-31.42752,138.70385,-1
-32.15064,140.26781,-1
-32.53153,135.5113,-1
-32.01766,140.10333,-1
-32.15064,140.26781,-1
-31.98898,140.07293,-1
-30.57164,139.1326,-1
-31.98898,140.07293,-1
-32.1087,140.70205,-1
-32.15064,140.26781,-1
-32.53153,135.5113,-1
-32.67733,135.64294,-1
-30.59135,139.03227,-1
-31.98898,140.07293,-1
-30.57164,139.1326,-1
-31.98898,140.07293,-1
-32.09853,140.28086,-1
-32.15064,140.26781,-1
-31.29987,138.80077,-1
-31.97779,139.8942,-1
-30.47347,138.83221,-1
-31.98898,140.07293,-1
-30.57164,139.1326,-1
-31.98898,140.07293,-1
-31.82945,140.58042,-1
-31.12293,138.83601,-1
-32.09605,140.29804,-1
-32.00192,140.19357,-1
-31.07094,138.62597,-1
-31.98898,140.07293,-1
-31.93712,140.13697,-1
-31.98898,140.07293,-1
-31.82945,140.58042,-1
-31.21269,138.64617,-1
-31.36477,138.76404,-1
-31.27987,138.78087,-1
-32.8296,136.01562,-1
-31.98898,140.07293,-1
-31.93712,140.13697,-1
-32.01605,139.99695,-1
-31.7464,140.58144,-1
-32.15813,135.78438,-1
-32.15064,140.26781,-1
-31.27987,138.78087,-1
-31.21037,138.8548,-1
-31.98898,140.07293,-1
-31.04477,138.55939,-1
-31.36477,138.76404,-1
-30.47,139.4708,-1
-30.27894,139.21692,-1
-30.39353,139.24595,-1
-32.15294,140.29065,-1
-31.81458,140.5805,-1
-31.98898,140.07293,-1
-31.93712,140.13697,-1
-31.12293,138.83601,-1
-31.97043,140.07294,-1
-32.06263,140.6347,-1
-30.2225,139.1948,-1
-31.7602,140.58125,-1
-31.82945,140.58042,-1
-31.98898,140.07293,-1
-32.8194,136.21062,-1
-30.58998,139.19156,-1
-31.97043,140.07294,-1
-30.57141,139.02958,-1
-32.67997,135.53375,-1
-32.00324,140.0755,-1
-31.82945,140.58042,-1
-32.67733,135.64294,-1
-31.98898,140.07293,-1
-31.9149,140.11234,-1
-30.47347,138.83221,-1
-30.57141,139.02958,-1
-32.67889,135.79029,-1
-31.98898,140.07293,-1
-31.82945,140.58042,-1
-32.07214,140.36635,-1
-31.98898,140.07293,-1
-31.98744,139.89427,-1
-31.97043,140.07294,-1
-30.56897,139.14247,-1
-32.67827,135.66408,-1
-31.98898,140.07293,-1
-31.29987,138.80077,-1
-31.93712,140.13697,-1
-31.98898,140.07293,-1
-31.9149,140.11234,-1
-32.01381,140.20794,-1
-32.01381,140.20794,-1
-30.63466,139.21629,-1
-31.98898,140.07293,-1
-31.22352,138.81034,-1
-31.93712,140.13697,-1
-31.98898,140.07293,-1
-30.57141,139.02958,-1
-30.57141,139.02958,-1
-32.06263,140.6347,-1
-32.01381,140.20794,-1
-32.00324,140.0755,-1
-30.151,137.932,-1
-32.50044,135.53513,-1
-31.98898,140.07293,-1
-31.19393,138.85184,-1
-32.1087,140.70205,-1
-31.90647,140.08169,-1
-32.21876,139.8835,-1
-32.00324,140.0755,-1
-30.4182,139.22798,-1
-31.92353,140.07315,-1
-30.57287,139.02978,-1
-30.28785,139.23461,-1
-32.01381,140.20794,-1
-31.90647,140.08169,-1
-30.63128,139.22797,-1
-32.00324,140.0755,-1
-31.38939,138.56765,-1
-32.07214,140.36635,-1
-32.15813,135.78438,-1
-32.12212,140.24163,-1
-32.09853,140.28086,-1
-31.90647,140.08169,-1
-31.97043,140.07294,-1
-32.49122,135.57572,-1
-31.21269,138.64617,-1
-31.7602,140.58125,-1
-32.1128,140.30289,-1
-32.17673,140.04821,-1
-30.953,138.52719,-1
-31.94242,140.14959,-1
-31.98898,140.07293,-1
-31.96441,140.24526,-1
-32.15064,140.26781,-1
-30.35993,139.25153,-1
-31.98898,140.07293,-1
-32.67889,135.79029,-1
-32.06263,140.6347,-1
-30.27894,139.21692,-1
-31.98898,140.07293,-1
-32.16734,135.76572,-1
-31.95551,140.27603,-1
-31.7602,140.58125,-1
-31.98898,140.07293,-1
-31.89132,140.10697,-1
-30.57141,139.02958,-1
-32.81282,136.03268,-1
-31.98898,140.07293,-1
-32.00192,140.19357,-1
-32.04205,140.42399,-1
-31.51755,138.83068,-1
-31.98898,140.07293,-1
-30.28785,139.23461,-1
-32.06263,140.6347,-1
-31.18784,138.80104,-1
-31.2512,138.86706,-1
-32.01894,140.05876,-1
-31.99835,139.89093,-1
-30.35993,139.25153,-1
-31.98898,140.07293,-1
-32.27012,139.878,-1
-32.12212,140.24163,-1
-30.45673,139.23424,-1
-32.83857,136.00706,-1
-31.99557,139.96871,-1
-31.51368,138.84579,-1
-31.7602,140.58125,-1
-31.98898,140.07293,-1
-31.92353,140.07315,-1
-31.7602,140.58125,-1
-30.58998,139.19156,-1
-32.83857,136.00706,-1
-32.07214,140.36635,-1
-31.07094,138.62597,-1
-31.7602,140.58125,-1
-31.98898,140.07293,-1
-32.12212,140.24163,-1
-31.7602,140.58125,-1
-32.03469,139.94971,-1
-31.95932,140.21708,-1
-32.00192,140.19357,-1
-30.46789,139.26423,-1
-32.13683,140.23552,-1
-32.11803,139.90748,-1
-32.67889,135.79029,-1
-31.42277,138.71693,-1
-32.02424,140.42206,-1
-31.9513,140.23902,-1
-31.95551,140.27603,-1
-30.53948,139.3414,-1
-32.02252,140.23427,-1
-32.14408,135.82943,-1
-31.92353,140.07315,-1
-30.57771,139.02168,-1
-32.02424,140.42206,-1
-30.9784,138.52079,-1
-31.95551,140.27603,-1
-30.35525,139.22657,-1
-32.13683,140.23552,-1
-31.90647,140.08169,-1
-31.92353,140.07315,-1
-32.11803,139.90748,-1
-32.11954,139.94507,-1
-32.1087,140.70205,-1
-30.45673,139.23424,-1
-32.13803,140.01077,-1
-32.13683,140.23552,-1
-31.90647,140.08169,-1
-32.04057,140.01994,-1
-32.14408,135.82943,-1
-32.02424,140.42206,-1
-32.09853,140.28086,-1
-31.18784,138.80104,-1
-32.00786,139.96369,-1
-31.97766,140.40018,-1
-31.95822,140.24853,-1
-30.28785,139.23461,-1
-31.97043,140.07294,-1
-30.38333,139.25126,-1
-30.56897,139.14247,-1
-30.59528,139.10353,-1
-32.17792,135.84164,-1
-32.11954,139.94507,-1
-31.97043,140.07294,-1
-31.89132,140.10697,-1
-31.97043,140.07294,-1
-31.7602,140.58125,-1
-32.06263,140.6347,-1
-30.63466,139.21629,-1
-32.17792,135.84164,-1
-31.93712,140.13697,-1
-31.97043,140.07294,-1
-32.50726,135.52731,-1
-31.97043,140.07294,-1
-30.44844,139.2879,-1
-31.99557,139.96871,-1
-31.16588,138.58662,-1
-32.74946,135.92873,-1
-32.00786,139.96369,-1
-30.59135,139.03227,-1
-31.92353,140.07315,-1
-31.97043,140.07294,-1
-30.44844,139.2879,-1
-31.90647,140.08169,-1
-30.44844,139.2879,-1
-32.00192,140.19357,-1
-30.57068,139.17858,-1
-30.64348,139.38444,-1
-31.92353,140.07315,-1
-31.97043,140.07294,-1
-30.44844,139.2879,-1
-32.04479,140.15779,-1
-30.44844,139.2879,-1
-32.01894,140.05876,-1
-32.00324,140.0755,-1
-30.65502,139.33416,-1
-30.57164,139.1326,-1
-31.99233,139.97452,-1
-31.16588,138.58662,-1
-32.04479,140.15779,-1
-30.44844,139.2879,-1
-32.49122,135.57572,-1
-32.03469,139.94971,-1
-30.64348,139.38444,-1
-30.60685,139.44425,-1
-31.99233,139.97452,-1
-30.58935,139.44188,-1
-32.04479,140.15779,-1
-32.01605,139.99695,-1
-31.99557,139.96871,-1
-32.03469,139.94971,-1
-31.96441,140.24526,-1
-30.57164,139.1326,-1
-31.97043,140.07294,-1
-31.0924,138.79146,-1
-32.04479,140.15779,-1
-30.3808,139.28146,-1
-31.99557,139.96871,-1
-32.03469,139.94971,-1
-32.67733,135.64294,-1
-30.22218,139.21058,-1
-31.97043,140.07294,-1
-32.16814,135.71269,-1
-31.96441,140.24526,-1
-30.3808,139.28146,-1
-31.30592,138.81767,-1
-32.02424,140.42206,-1
-32.00192,140.19357,-1
-30.57164,139.1326,-1
-30.37351,139.25568,-1
-32.16814,135.71269,-1
-31.27156,138.63179,-1
-30.3808,139.28146,-1
-30.57507,139.03971,-1
-32.02424,140.42206,-1
-32.00192,140.19357,-1
-30.57164,139.1326,-1
-30.37351,139.25568,-1
-30.35525,139.22657,-1
-32.00192,140.19357,-1
-31.21269,138.64617,-1
-30.57771,139.02168,-1
-32.02424,140.42206,-1
-32.00192,140.19357,-1
-30.57164,139.1326,-1
-31.97043,140.07294,-1
-30.35525,139.22657,-1
-32.00192,140.19357,-1
-32.78142,135.92618,-1
-31.97513,140.22166,-1
-30.53948,139.3414,-1
-32.02855,140.11382,-1
-30.22218,139.21058,-1
-31.97043,140.07294,-1
-31.95932,140.21708,-1
-32.00192,140.19357,-1
-32.15372,140.2553,-1
-31.34566,138.80836,-1
-32.02855,140.11382,-1
-32.13683,140.23552,-1
-30.22218,139.21058,-1
-31.99233,139.97452,-1
-32.83857,136.00706,-1
-32.01894,140.05876,-1
-31.9513,140.23902,-1
-32.81282,136.03268,-1
-32.02855,140.11382,-1
-32.03469,139.94971,-1
-31.31553,138.71747,-1
-32.14408,135.82943,-1
-31.95932,140.21708,-1
-32.15813,135.78438,-1
-30.45673,139.23424,-1
-30.27894,139.21692,-1
-31.97766,140.40018,-1
-32.03469,139.94971,-1
-32.1128,140.30289,-1
-30.57771,139.02168,-1
-31.78477,140.57344,-1
-32.81282,136.03268,-1
-30.45673,139.23424,-1
-30.57771,139.02168,-1
-32.13683,140.23552,-1
-32.02424,140.42206,-1
-31.19393,138.85184,-1
-32.14408,135.82943,-1
-31.96375,140.35639,-1
-32.19341,139.88593,-1
-31.98898,140.07293,-1
-32.14408,135.82943,-1
-32.02855,140.11382,-1
-30.38333,139.25126,-1
-30.4665,139.21277,-1
-32.14408,135.82943,-1
-32.02365,140.58502,-1
-32.19341,139.88593,-1
-31.98898,140.07293,-1
-31.90647,140.08169,-1
-32.02424,140.42206,-1
-30.38333,139.25126,-1
-32.04769,140.61185,-1
-32.00324,140.0755,-1
-31.81458,140.5805,-1
-31.97513,140.22166,-1
-31.98898,140.07293,-1
-31.90647,140.08169,-1
-32.11954,139.94507,-1
-30.58935,139.44188,-1
-32.148,139.98404,-1
-30.64348,139.38444,-1
-30.28785,139.23461,-1
-32.37149,134.90272,-1
-31.98898,140.07293,-1
-31.90647,140.08169,-1
-31.7602,140.58125,-1
-32.16531,135.73148,-1
-31.98417,140.20935,-1
-31.96441,140.24526,-1
-30.99399,138.51361,-1
-32.1087,140.70205,-1
-31.98898,140.07293,-1
-31.94242,140.14959,-1
-31.37217,138.57393,-1
-31.93913,140.07646,-1
-31.98417,140.20935,-1
-31.96441,140.24526,-1
-32.67889,135.79029,-1
-32.06835,140.64648,-1
-31.98898,140.07293,-1
-32.15064,140.26781,-1
-31.32741,138.62961,-1
-31.93913,140.07646,-1
-31.98417,140.20935,-1
-31.16479,138.84889,-1
-30.28785,139.23461,-1
-30.57068,139.17858,-1
-32.01605,139.99695,-1
-31.11052,138.83013,-1
-31.51755,138.79831,-1
-31.36477,138.76404,-1
-31.98417,140.20935,-1
-31.94242,140.14959,-1
-31.92353,140.07315,-1
-31.90647,140.08169,-1
-32.11954,139.94507,-1
-31.93913,140.07646,-1
-30.57771,139.02168,-1
-30.39353,139.24595,-1
-32.24841,139.89648,-1
-31.94242,140.14959,-1
-31.42838,138.68149,-1
-32.04479,140.15779,-1
-32.67997,135.53375,-1
-31.93913,140.07646,-1
-31.18081,138.85181,-1
-30.63466,139.21629,-1
-32.24841,139.89648,-1
-31.94242,140.14959,-1
-32.12212,140.24163,-1
-31.88422,140.30267,-1
-31.98898,140.07293,-1
-31.93913,140.07646,-1
-32.16814,135.71269,-1
-30.63466,139.21629,-1
-32.04769,140.61185,-1
-32.81282,136.03268,-1
-31.92353,140.07315,-1
-30.35525,139.22657,-1
-31.98898,140.07293,-1
-31.93913,140.07646,-1
-30.54558,139.37279,-1
-30.63466,139.21629,-1
-32.04769,140.61185,-1
-32.04479,140.15779,-1
-31.92353,140.07315,-1
-31.14556,138.84542,-1
-31.98898,140.07293,-1
-30.57287,139.02978,-1
-30.54558,139.37279,-1
-31.16686,138.63181,-1
-31.19393,138.85184,-1
-31.90665,140.31037,-1
-31.92353,140.07315,-1
-32.01605,139.99695,-1
-31.98898,140.07293,-1
-31.19041,138.60693,-1
-32.15064,140.26781,-1
-31.07094,138.62597,-1
-30.54558,139.37279,-1
-32.04479,140.15779,-1
-31.42838,138.68149,-1
-32.04769,140.61185,-1
-31.98898,140.07293,-1
-31.98898,140.07293,-1
-32.15372,140.2553,-1
-31.82945,140.58042,-1
-32.17449,135.82355,-1
-31.34566,138.80836,-1
-30.28785,139.23461,-1
-32.01605,139.99695,-1
-31.98898,140.07293,-1
-31.98898,140.07293,-1
-30.58998,139.19156,-1
-30.52359,138.42277,-1
-30.25301,139.14025,-1
-32.81282,136.03268,-1
-31.92353,140.07315,-1
-32.01605,139.99695,-1
-31.98898,140.07293,-1
-31.98898,140.07293,-1
-32.16774,135.74962,-1
-31.98744,139.89427,-1
-31.82945,140.58042,-1
-31.98898,140.07293,-1
-31.92353,140.07315,-1
-32.01605,139.99695,-1
-31.98898,140.07293,-1
-31.98898,140.07293,-1
-32.16814,135.71269,-1
-32.12089,139.95696,-1
-31.28848,138.79781,-1
-31.98898,140.07293,-1
-32.67889,135.79029,-1
-32.77511,135.95542,-1
-31.98898,140.07293,-1
-31.98898,140.07293,-1
-30.57059,139.43805,-1
-31.0924,138.79146,-1
-32.08415,140.66861,-1
-31.98898,140.07293,-1
-31.89132,140.10697,-1
-32.01605,139.99695,-1
-31.98898,140.07293,-1
-30.2225,139.1948,-1
-32.17449,135.82355,-1
-32.59668,135.7681,-1
-31.28848,138.79781,-1
-31.98898,140.07293,-1
-31.89132,140.10697,-1
-32.01605,139.99695,-1
-31.98898,140.07293,-1
-31.19041,138.60693,-1
-31.18081,138.85181,-1
-30.40201,139.24102,-1
-31.89132,140.10697,-1
-31.98898,140.07293,-1
-31.92353,140.07315,-1
-32.01605,139.99695,-1
-31.98898,140.07293,-1
-31.28848,138.79781,-1
-32.01617,139.96597,-1
-30.41324,139.42035,-1
-31.89132,140.10697,-1
-31.37796,138.77268,-1
-31.92353,140.07315,-1
-31.92353,140.07315,-1
-31.98898,140.07293,-1
-31.31553,138.71753,-1
-32.15064,140.26781,-1
-32.12672,139.96354,-1
-30.47945,138.84324,-1
-32.83857,136.00706,-1
-31.92353,140.07315,-1
-32.04416,140.15145,-1
-31.98898,140.07293,-1
-31.97043,140.07294,-1
-32.15064,140.26781,-1
-30.62847,139.29575,-1
-30.45673,139.23424,-1
-32.0239,140.00767,-1
-32.27012,139.878,-1
-31.95822,140.24853,-1
-32.01605,139.99695,-1
-31.97043,140.07294,-1
-31.16479,138.84889,-1
-32.53153,135.5113,-1
-30.63466,139.21629,-1
-30.39353,139.24595,-1
-32.67889,135.79029,-1
-31.95822,140.24853,-1
-31.98898,140.07293,-1
-31.97043,140.07294,-1
-31.16479,138.84889,-1
-30.38333,139.25126,-1
-30.63466,139.21629,-1
-30.9784,138.52079,-1
-32.06263,140.6347,-1
-30.57771,139.02168,-1
-31.98898,140.07293,-1
-31.97043,140.07294,-1
-32.02424,140.42206,-1
-32.02424,140.42206,-1
-31.9513,140.23902,-1
-30.9784,138.52079,-1
-31.94711,140.09851,-1
-31.95822,140.24853,-1
-31.98898,140.07293,-1
-33.59369,141.00254,-1
-30.53948,139.3414,-1
-30.35525,139.22657,-1
-31.94711,140.09851,-1
-30.9784,138.52079,-1
-32.67827,135.66408,-1
-31.95822,140.24853,-1
-31.98898,140.07293,-1
-30.63466,139.21629,-1
-31.16588,138.58662,-1
-32.01617,139.96597,-1
-32.17673,140.04821,-1
-32.51501,136.01992,-1
-31.51449,138.89288,-1
-30.57771,139.02168,-1
-31.98898,140.07293,-1
-31.78477,140.57344,-1
-32.59668,135.7681,-1
-32.01617,139.96597,-1
-30.39353,139.24595,-1
-32.00324,140.0755,-1
-31.01814,138.54259,-1
-31.13167,138.63704,-1
-31.98898,140.07293,-1
-31.98417,140.20935,-1
-31.93913,140.07646,-1
-31.29987,138.80077,-1
-31.94711,140.09851,-1
-31.7602,140.58125,-1
-30.3808,139.28146,-1
-32.00192,140.19357,-1
-31.12293,138.83601,-1
-30.4665,139.21277,-1
-31.93913,140.07646,-1
-32.67827,135.66408,-1
-31.95932,140.21708,-1
-32.01894,140.05876,-1
-30.46789,139.26423,-1
-32.01894,140.05876,-1
-31.92353,140.07315,-1
-30.22218,139.21058,-1
-31.93913,140.07646,-1
-30.62817,139.28099,-1
-32.17673,140.04821,-1
-30.35993,139.25153,-1
-30.46789,139.26423,-1
-32.00192,140.19357,-1
-31.92353,140.07315,-1
-30.22218,139.21058,-1
-30.45985,139.24518,-1
-32.67827,135.66408,-1
-31.94711,140.09851,-1
-32.15294,140.29065,-1
-32.03605,140.60469,-1
-32.00192,140.19357,-1
-32.16814,135.71269,-1
-31.98417,140.20935,-1
-32.16531,135.73148,-1
-31.27156,138.63179,-1
-32.23913,139.88736,-1
-30.35993,139.25153,-1
-34.62227,139.3167,-1
-32.00192,140.19357,-1
-31.0924,138.79146,-1
-31.9149,140.11234,-1
-32.11726,139.93883,-1
-31.27156,138.63179,-1
-31.11052,138.83013,-1
-32.00192,140.19357,-1
-30.58023,139.44017,-1
-32.01894,140.05876,-1
-32.03605,140.60469,-1
-31.9149,140.11234,-1
-32.11726,139.93883,-1
-30.35654,139.24176,-1
-32.17293,135.80111,-1
-30.63466,139.21629,-1
-30.29581,139.23612,-1
-32.07214,140.36635,-1
-34.65818,139.49177,-1
-31.9149,140.11234,-1
-30.4579,138.82477,-1
-31.92353,140.07315,-1
-31.30834,138.79906,-1
-30.63466,139.21629,-1
-31.94242,140.14959,-1
-32.00192,140.19357,-1
-32.59668,135.7681,-1
-31.9149,140.11234,-1
-32.59668,135.7681,-1
-31.92353,140.07315,-1
-32.16531,135.73148,-1
-30.44844,139.2879,-1
-31.94242,140.14959,-1
-32.01894,140.05876,-1
-32.03605,140.60469,-1
-32.06263,140.6347,-1
-30.45673,139.23424,-1
-31.92353,140.07315,-1
-31.20211,138.64023,-1
-30.44844,139.2879,-1
-30.63511,139.33055,-1
-30.95183,137.19056,-1
-32.11602,139.92868,-1
-32.17673,140.04821,-1
-30.63466,139.21629,-1
-31.92353,140.07315,-1
-30.39353,139.24595,-1
-30.44844,139.2879,-1
-30.43988,139.24189,-1
-32.00192,140.19357,-1
-31.27156,138.63179,-1
-32.67827,135.66408,-1
-30.45673,139.23424,-1
-31.92353,140.07315,-1
-32.16531,135.73148,-1
-32.12212,140.24163,-1
-31.9149,140.11234,-1
-32.00192,140.19357,-1
-31.89132,140.10697,-1
-31.38071,138.57162,-1
-30.45673,139.23424,-1
-31.7602,140.58125,-1
-31.30834,138.79906,-1
-32.12212,140.24163,-1
-31.9149,140.11234,-1
-32.01894,140.05876,-1
-31.89132,140.10697,-1
-32.03605,140.60469,-1
-30.63466,139.21629,-1
-32.67997,135.53375,-1
-30.4579,138.82477,-1
-31.97766,140.40018,-1
-30.57692,139.01214,-1
-32.50044,135.53513,-1
-31.95932,140.21708,-1
-32.16531,135.73148,-1
-30.45673,139.23424,-1
-31.98898,140.07293,-1
-30.48964,138.85563,-1
-32.03469,139.94971,-1
-30.57059,139.43805,-1
-31.98898,140.07293,-1
-31.89132,140.10697,-1
-30.41324,139.42035,-1
-30.57059,139.43805,-1
-31.9149,140.11234,-1
-31.28108,138.63362,-1
-32.02855,140.11382,-1
-32.16531,135.73148,-1
-31.98898,140.07293,-1
-31.92353,140.07315,-1
-30.57164,139.1326,-1
-31.97779,139.8942,-1
-31.9149,140.11234,-1
-32.15064,140.26781,-1
-32.03469,139.94971,-1
-32.16531,135.73148,-1
-31.98898,140.07293,-1
-31.92353,140.07315,-1
-30.57164,139.1326,-1
-32.67789,135.51816,-1
-31.9149,140.11234,-1
-31.28491,138.68186,-1
-32.03469,139.94971,-1
-31.93913,140.07646,-1
-31.98898,140.07293,-1
-31.92353,140.07315,-1
-30.45673,139.23424,-1
-30.63466,139.21629,-1
-30.57141,139.02958,-1
-31.42752,138.70385,-1
-32.03469,139.94971,-1
-31.93913,140.07646,-1
-31.98898,140.07293,-1
-31.92353,140.07315,-1
-30.9784,138.52079,-1
-31.94711,140.09851,-1
-31.9149,140.11234,-1
-30.27894,139.21692,-1
-32.02252,140.23427,-1
-31.07094,138.62597,-1
-31.98898,140.07293,-1
-31.9149,140.11234,-1
-31.93913,140.07646,-1
-31.92353,140.07315,-1
-31.9149,140.11234,-1
-30.28785,139.23461,-1
-32.03469,139.94971,-1
-31.93913,140.07646,-1
-31.21269,138.64617,-1
-31.9149,140.11234,-1
-31.25665,138.61794,-1
-31.92353,140.07315,-1
-31.9149,140.11234,-1
-32.26049,139.89231,-1
-32.02855,140.11382,-1
-31.93913,140.07646,-1
-31.92353,140.07315,-1
-31.88422,140.30267,-1
-31.25665,138.61794,-1
-32.04057,140.01994,-1
-31.9149,140.11234,-1
-32.26049,139.89231,-1
-32.02855,140.11382,-1
-31.98898,140.07293,-1
-31.92353,140.07315,-1
-32.04769,140.61185,-1
-30.28785,139.23461,-1
-31.45248,138.88758,-1
-31.97766,140.40018,-1
-30.28785,139.23461,-1
-32.02424,140.42206,-1
-31.98898,140.07293,-1
-31.92353,140.07315,-1
-31.93913,140.07646,-1
-32.27012,139.878,-1
-31.95932,140.21708,-1
-32.11954,139.94507,-1
-32.01766,140.10333,-1
-32.02252,140.23427,-1
-31.98898,140.07293,-1
-31.92353,140.07315,-1
-31.93913,140.07646,-1
-32.27012,139.878,-1
-32.06263,140.6347,-1
-31.9149,140.11234,-1
-31.09558,138.80977,-1
-32.02848,139.95754,-1
-31.98898,140.07293,-1
-31.21269,138.64617,-1
-31.93913,140.07646,-1
-31.89132,140.10697,-1
-32.23913,139.88736,-1
-31.9149,140.11234,-1
-31.19041,138.60693,-1
-30.22218,139.21058,-1
-31.98898,140.07293,-1
-31.98898,140.07293,-1
-30.35525,139.22657,-1
-31.01814,138.54259,-1
-32.06263,140.6347,-1
-32.64445,135.46244,-1
-31.51449,138.89288,-1
-30.45591,139.28145,-1
-32.26049,139.89231,-1
-31.98898,140.07293,-1
-30.35525,139.22657,-1
-30.35525,139.22657,-1
-32.23913,139.88736,-1
-31.89132,140.10697,-1
-30.31526,139.22839,-1
-31.93913,140.07646,-1
-32.26049,139.89231,-1
-31.98898,140.07293,-1
-31.07094,138.62597,-1
-32.83857,136.00706,-1
-32.64445,135.46244,-1
-33.99006,139.17177,-1
-32.16814,135.71269,-1
-30.9784,138.52079,-1
-31.98898,140.07293,-1
-31.98898,140.07293,-1
-31.9149,140.11234,-1
-30.70848,139.42183,-1
-32.64445,135.46244,-1
-31.92353,140.07315,-1
-32.1128,140.30289,-1
-30.9784,138.52079,-1
-31.98898,140.07293,-1
-31.98898,140.07293,-1
-30.57059,139.43805,-1
-30.48964,138.85563,-1
-31.92353,140.07315,-1
-31.92353,140.07315,-1
-32.01617,139.96597,-1
-31.89132,140.10697,-1
-31.30971,138.63641,-1
-32.12089,139.95696,-1
-32.03469,139.94971,-1
-30.63466,139.21629,-1
-32.67827,135.66408,-1
-31.89132,140.10697,-1
-32.01617,139.96597,-1
-31.92353,140.07315,-1
-32.01766,140.10333,-1
-32.12089,139.95696,-1
-31.34758,138.78931,-1
-30.63466,139.21629,-1
-32.64445,135.46244,-1
-32.64445,135.46244,-1
-31.98898,140.07293,-1
-31.89132,140.10697,-1
-32.01766,140.10333,-1
-30.35525,139.22657,-1
-32.02424,140.42206,-1
-30.28785,139.23461,-1
-30.28785,139.23461,-1
-31.95932,140.21708,-1
-31.98898,140.07293,-1
-31.89132,140.10697,-1
-32.81282,136.03268,-1
-31.50403,138.79393,-1
-30.38333,139.25126,-1
-31.92353,140.07315,-1
-31.92353,140.07315,-1
-32.12212,140.24163,-1
-31.98898,140.07293,-1
-32.67827,135.66408,-1
-31.98898,140.07293,-1
-29.86579,133.56007,-1
-32.02252,140.23427,-1
-31.92353,140.07315,-1
-31.92353,140.07315,-1
-32.12212,140.24163,-1
-31.98898,140.07293,-1
-31.89132,140.10697,-1
-31.98898,140.07293,-1
-32.69431,138.93935,-1
-32.02252,140.23427,-1
-32.64445,135.46244,-1
-32.04769,140.61185,-1
-32.12212,140.24163,-1
-31.98898,140.07293,-1
-32.67889,135.79029,-1
-31.98898,140.07293,-1
-30.3808,139.28146,-1
-32.02252,140.23427,-1
-32.12212,140.24163,-1
-30.22218,139.21058,-1
-32.12212,140.24163,-1
-31.98898,140.07293,-1
-31.89132,140.10697,-1
-30.2225,139.1948,-1
-32.51501,136.01992,-1
-32.02855,140.11382,-1
-31.88422,140.30267,-1
-32.04205,140.42399,-1
-30.44844,139.2879,-1
-31.98898,140.07293,-1
-32.12212,140.24163,-1
-32.81282,136.03268,-1
-32.01605,139.99695,-1
-30.38333,139.25126,-1
-32.04769,140.61185,-1
-32.1128,140.30289,-1
-32.12212,140.24163,-1
-31.98898,140.07293,-1
-31.92353,140.07315,-1
-32.81773,136.02469,-1
-30.44844,139.2879,-1
-31.97766,140.40018,-1
-31.9149,140.11234,-1
-32.02848,139.95754,-1
-32.07696,140.64811,-1
-31.93913,140.07646,-1
-31.92353,140.07315,-1
-32.15064,140.26781,-1
-30.35525,139.22657,-1
-31.97766,140.40018,-1
-32.67889,135.79029,-1
-32.67889,135.79029,-1
-30.27894,139.21692,-1
-30.9784,138.52079,-1
-31.92353,140.07315,-1
-32.15064,140.26781,-1
-30.35525,139.22657,-1
-31.97766,140.40018,-1
-31.89132,140.10697,-1
-31.89132,140.10697,-1
-32.16774,135.74962,-1
-31.93913,140.07646,-1
-32.67889,135.79029,-1
-30.89512,132.18194,-1
-31.98898,140.07293,-1
-31.97766,140.40018,-1
-30.57068,139.17858,-1
-31.89132,140.10697,-1
-32.16814,135.71269,-1
-31.93913,140.07646,-1
-31.51449,138.89288,-1
-30.35654,139.24176,-1
-31.98898,140.07293,-1
-32.13683,140.23552,-1
-32.0239,140.00767,-1
-31.89132,140.10697,-1
-32.16814,135.71269,-1
-32.16814,135.71269,-1
-31.51449,138.89288,-1
-30.35654,139.24176,-1
-31.98898,140.07293,-1
-32.13683,140.23552,-1
-32.12212,140.24163,-1
-32.12212,140.24163,-1
-32.16814,135.71269,-1
-31.12293,138.83601,-1
-31.36477,138.76404,-1
-31.3424,138.82226,-1
-31.92353,140.07315,-1
-32.03469,139.94971,-1
-32.12212,140.24163,-1
-31.89132,140.10697,-1
-32.16814,135.71269,-1
-32.67733,135.64294,-1
-32.15064,140.26781,-1
-32.26049,139.89231,-1
-31.92353,140.07315,-1
-32.03469,139.94971,-1
-31.98898,140.07293,-1
-31.89132,140.10697,-1
-30.22218,139.21058,-1
-32.67733,135.64294,-1
-32.15064,140.26781,-1
-31.2512,138.86706,-1
-31.92353,140.07315,-1
-32.03469,139.94971,-1
-31.98898,140.07293,-1
-31.89132,140.10697,-1
-32.03823,140.59436,-1
-32.67733,135.64294,-1
-30.59135,139.03227,-1
-30.57771,139.02168,-1
-31.92353,140.07315,-1
-31.96045,139.90686,-1
-32.06835,140.64648,-1
-31.89132,140.10697,-1
-31.36477,138.76404,-1
-32.67733,135.64294,-1
-32.8296,136.01562,-1
-31.19041,138.60693,-1
-31.92353,140.07315,-1
-32.02424,140.42206,-1
-31.30971,138.63641,-1
-32.12212,140.24163,-1
-30.59135,139.03227,-1
-30.47347,138.83221,-1
-31.81458,140.5805,-1
-32.47729,136.01967,-1
-31.98898,140.07293,-1
-32.02424,140.42206,-1
-32.01766,140.10333,-1
-32.67889,135.79029,-1
-31.12778,138.62336,-1
-31.10191,138.8227,-1
-31.9149,140.11234,-1
-32.01617,139.96597,-1
-31.98898,140.07293,-1
-30.28785,139.23461,-1
-32.01766,140.10333,-1
-31.89132,140.10697,-1
-32.06263,140.6347,-1
-31.29085,138.63354,-1
-31.9149,140.11234,-1
-31.18081,138.85181,-1
-31.98898,140.07293,-1
-31.92353,140.07315,-1
-31.98898,140.07293,-1
-32.12212,140.24163,-1
-30.28785,139.23461,-1
-30.57507,139.03971,-1
-30.57059,139.43805,-1
-32.12212,140.24163,-1
-32.67733,135.64294,-1
-31.89132,140.10697,-1
-31.98898,140.07293,-1
-31.29987,138.80077,-1
-31.89132,140.10697,-1
-30.37351,139.25568,-1
-31.07094,138.62597,-1
-30.3808,139.28146,-1
-31.31846,138.63381,-1
-31.89132,140.10697,-1
-31.98898,140.07293,-1
-31.42372,138.69047,-1
-31.92353,140.07315,-1
-30.28785,139.23461,-1
-31.9149,140.11234,-1
-31.51755,138.79831,-1
-31.93712,140.13697,-1
-32.12212,140.24163,-1
-31.98898,140.07293,-1
-31.42277,138.71693,-1
-32.03913,140.0662,-1
-30.62847,139.29575,-1
-30.57141,139.02958,-1
-30.28785,139.23461,-1
-31.96441,140.24526,-1
-31.89132,140.10697,-1
-31.98898,140.07293,-1
-31.9149,140.11234,-1
-30.62817,139.28099,-1
-31.99557,139.96871,-1
-30.4665,139.21277,-1
-31.98898,140.07293,-1
-31.93712,140.13697,-1
-31.89132,140.10697,-1
-31.98898,140.07293,-1
-31.9149,140.11234,-1
-30.28785,139.23461,-1
-32.15813,135.78438,-1
-30.32705,138.71155,-1
-31.98898,140.07293,-1
-30.44619,139.29817,-1
-31.92353,140.07315,-1
-31.98898,140.07293,-1
-31.9149,140.11234,-1
-31.92353,140.07315,-1
-30.56713,139.15176,-1
-30.22218,139.21058,-1
-32.26049,139.89231,-1
-31.93712,140.13697,-1
-31.25665,138.61794,-1
-31.30971,138.63641,-1
-31.9149,140.11234,-1
-31.92353,140.07315,-1
-31.02147,138.57068,-1
-32.148,139.98404,-1
-32.26049,139.89231,-1
-31.9149,140.11234,-1
-31.92353,140.07315,-1
-31.98898,140.07293,-1
-31.9149,140.11234,-1
-31.92353,140.07315,-1
-30.56713,139.15176,-1
-32.04769,140.61185,-1
-30.60285,139.06133,-1
-31.9149,140.11234,-1
-32.67889,135.79029,-1
-31.98898,140.07293,-1
-31.9149,140.11234,-1
-32.03913,140.0662,-1
-30.56713,139.15176,-1
-31.98417,140.20935,-1
-31.30971,138.63641,-1
-31.9149,140.11234,-1
-32.67827,135.66408,-1
-31.98898,140.07293,-1
-31.81458,140.5805,-1
-31.89132,140.10697,-1
-30.56713,139.15176,-1
-31.19221,138.62305,-1
-32.81282,136.03268,-1
-31.98744,139.89427,-1
-34.65044,139.38125,-1
-31.98898,140.07293,-1
-31.81458,140.5805,-1
-31.89132,140.10697,-1
-30.63853,139.41151,-1
-30.22218,139.21058,-1
-30.28785,139.23461,-1
-30.6301,139.31042,-1
-31.19393,138.85184,-1
-31.98898,140.07293,-1
-31.9149,140.11234,-1
-31.89132,140.10697,-1
-31.12778,138.62336,-1
-30.54558,139.37279,-1
-32.26049,139.89231,-1
-31.9149,140.11234,-1
-31.98417,140.20935,-1
-31.98898,140.07293,-1
-31.9149,140.11234,-1
-32.12212,140.24163,-1
-32.0239,140.00767,-1
-32.15372,140.2553,-1
-31.98898,140.07293,-1
-31.9149,140.11234,-1
-31.98417,140.20935,-1
-30.60285,139.06133,-1
-32.03469,139.94971,-1
-32.12212,140.24163,-1
-32.0239,140.00767,-1
-30.57059,139.43805,-1
-31.98898,140.07293,-1
-30.57059,139.43805,-1
-30.22218,139.21058,-1
-31.30971,138.63641,-1
-32.03469,139.94971,-1
-32.148,139.98404,-1
-32.0239,140.00767,-1
-31.363,138.57732,-1
-32.81282,136.03268,-1
-32.13683,140.23552,-1
-31.98417,140.20935,-1
-31.30971,138.63641,-1
-32.02855,140.11382,-1
-30.22218,139.21058,-1
-31.22352,138.81034,-1
-31.07094,138.62597,-1
-31.80007,140.57441,-1
-32.12173,140.3012,-1
-32.16814,135.71269,-1
-31.98898,140.07293,-1
-32.02424,140.42206,-1
-32.24841,139.89648,-1
-30.3808,139.28146,-1
-31.07094,138.62597,-1
-31.29085,138.63354,-1
-32.02855,140.11382,-1
-32.15064,140.26781,-1
-31.98898,140.07293,-1
-32.14232,140.30733,-1
-32.24841,139.89648,-1
-30.44844,139.2879,-1
-32.14232,140.30733,-1
-32.26049,139.89231,-1
-32.02855,140.11382,-1
-32.16814,135.71269,-1
-31.98898,140.07293,-1
-30.35654,139.24176,-1
-32.24841,139.89648,-1
-30.43271,139.24936,-1
-30.51296,138.87574,-1
-31.41843,138.69938,-1
-32.03469,139.94971,-1
-30.54907,139.269,-1
-31.30971,138.63641,-1
-32.81459,136.1039,-1
-32.09853,140.28086,-1
-30.44844,139.2879,-1
-31.2512,138.86706,-1
-31.41843,138.69938,-1
-32.03469,139.94971,-1
-31.9149,140.11234,-1
-31.30971,138.63641,-1
-31.24111,137.47483,-1
-30.22218,139.21058,-1
-32.12212,140.24163,-1
-31.16479,138.84889,-1
-31.26462,138.62397,-1
-32.03469,139.94971,-1
-30.22218,139.21058,-1
-32.81282,136.03268,-1
-30.63466,139.21629,-1
-30.54558,139.37279,-1
-31.97779,139.8942,-1
-31.16479,138.84889,-1
-32.15813,135.78438,-1
-32.13683,140.23552,-1
-30.47347,138.83221,-1
-30.28785,139.23461,-1
-32.81773,136.02469,-1
-30.58998,139.19156,-1
-31.98898,140.07293,-1
-32.02855,140.11382,-1
-31.95822,140.24853,-1
-32.03469,139.94971,-1
-31.98417,140.20935,-1
-30.28785,139.23461,-1
-32.20633,139.88752,-1
-30.45673,139.23424,-1
-31.98898,140.07293,-1
-32.02424,140.42206,-1
-30.29581,139.23612,-1
-32.02855,140.11382,-1
-31.19393,138.85184,-1
-32.88355,136.15411,-1
-30.32705,138.71155,-1
-30.45673,139.23424,-1
-31.98898,140.07293,-1
-30.38333,139.25126,-1
-32.59008,135.77629,-1
-32.02424,140.42206,-1
-31.98417,140.20935,-1
-31.26462,138.62397,-1
-32.0239,140.00767,-1
-30.45673,139.23424,-1
-32.01766,140.10333,-1
-32.02855,140.11382,-1
-30.46299,139.27401,-1
-32.02252,140.23427,-1
-31.19221,138.62305,-1
-31.95822,140.24853,-1
-30.57164,139.1326,-1
-30.63466,139.21629,-1
-32.01766,140.10333,-1
-32.02855,140.11382,-1
-31.98898,140.07293,-1
-32.03469,139.94971,-1
-32.09853,140.28086,-1
-31.26462,138.62397,-1
-30.57164,139.1326,-1
-30.63466,139.21629,-1
-32.01766,140.10333,-1
-30.63466,139.21629,-1
-31.98898,140.07293,-1
-30.35993,139.25153,-1
-31.96375,140.35639,-1
-32.07696,140.64811,-1
-30.56713,139.15176,-1
-31.9513,140.23902,-1
-31.98898,140.07293,-1
-30.39353,139.24595,-1
-31.97043,140.07294,-1
-30.35993,139.25153,-1
-30.57164,139.1326,-1
-31.99557,139.96871,-1
-30.56713,139.15176,-1
-30.45673,139.23424,-1
-31.98898,140.07293,-1
-32.00786,139.96369,-1
-31.97043,140.07294,-1
-32.67997,135.53375,-1
-30.57164,139.1326,-1
-31.99557,139.96871,-1
-30.3808,139.28146,-1
-30.63466,139.21629,-1
-31.30971,138.63641,-1
-30.46789,139.26423,-1
-31.97043,140.07294,-1
-32.15064,140.26781,-1
-30.57164,139.1326,-1
-30.62847,139.29575,-1
-30.3808,139.28146,-1
-30.22218,139.21058,-1
-32.81282,136.03268,-1
-30.46789,139.26423,-1
-31.99233,139.97452,-1
-32.15064,140.26781,-1
-32.02848,139.95754,-1
-32.15813,135.78438,-1
-31.19221,138.62305,-1
-32.02848,139.95754,-1
-31.98898,140.07293,-1
-31.363,138.57732,-1
-31.99233,139.97452,-1
-32.15064,140.26781,-1
-32.67158,135.50774,-1
-32.15813,135.78438,-1
-31.37796,138.77268,-1
-32.1128,140.30289,-1
-31.98898,140.07293,-1
-31.01814,138.54259,-1
-32.59008,135.77629,-1
-32.15064,140.26781,-1
-31.78477,140.57344,-1
-32.15813,135.78438,-1
-32.67971,135.67585,-1
-31.51449,138.89288,-1
-31.09558,138.80977,-1
-32.65246,135.47097,-1
-31.97043,140.07294,-1
-30.63466,139.21629,-1
-32.16531,135.73148,-1
-32.15813,135.78438,-1
-32.14232,140.30733,-1
-31.29987,138.80077,-1
-31.90665,140.31037,-1
-31.81458,140.5805,-1
-31.97043,140.07294,-1
-31.93913,140.07646,-1
-31.93913,140.07646,-1
-31.97043,140.07294,-1
-30.38333,139.25126,-1
-30.63853,139.41151,-1
-32.81282,136.03268,-1
-31.21037,138.8548,-1
-31.97043,140.07294,-1
-31.93913,140.07646,-1
-30.9784,138.52079,-1
-31.97043,140.07294,-1
-30.39353,139.24595,-1
-30.56713,139.15176,-1
-31.98898,140.07293,-1
-30.56713,139.15176,-1
-31.97043,140.07294,-1
-32.16531,135.73148,-1
-31.93913,140.07646,-1
-31.97043,140.07294,-1
-31.07094,138.62597,-1
-30.56713,139.15176,-1
-32.06835,140.64648,-1
-30.56713,139.15176,-1
-31.97043,140.07294,-1
-31.26648,138.67525,-1
-32.11726,139.93883,-1
-31.99233,139.97452,-1
-31.07094,138.62597,-1
-30.56713,139.15176,-1
-31.98898,140.07293,-1
-32.1128,140.30289,-1
-31.97043,140.07294,-1
-32.16531,135.73148,-1
-31.07094,138.62597,-1
-31.97043,140.07294,-1
-30.39353,139.24595,-1
-30.56713,139.15176,-1
-31.98898,140.07293,-1
-32.04205,140.42399,-1
-31.97043,140.07294,-1
-30.47945,138.84324,-1
-30.57141,139.02958,-1
-31.97043,140.07294,-1
-30.63466,139.21629,-1
-33.23225,137.36107,-1
-31.98898,140.07293,-1
-32.67827,135.66408,-1
-31.97043,140.07294,-1
-32.82852,136.11229,-1
-32.01766,140.10333,-1
-31.97043,140.07294,-1
-30.63466,139.21629,-1
-31.29987,138.80077,-1
-31.98898,140.07293,-1
-32.06263,140.6347,-1
-32.07696,140.64811,-1
-30.58998,139.19156,-1
-32.01766,140.10333,-1
-31.97043,140.07294,-1
-30.9784,138.52079,-1
-30.60685,139.44425,-1
-31.98898,140.07293,-1
-31.94711,140.09851,-1
-31.99557,139.96871,-1
-30.58998,139.19156,-1
-31.98898,140.07293,-1
-31.97043,140.07294,-1
-31.88422,140.30267,-1
-30.57164,139.1326,-1
-31.98898,140.07293,-1
-32.06263,140.6347,-1
-30.27894,139.21692,-1
-30.57059,139.43805,-1
-31.98898,140.07293,-1
-31.97043,140.07294,-1
-31.98417,140.20935,-1
-30.57164,139.1326,-1
-31.98898,140.07293,-1
-32.67827,135.66408,-1
-31.97043,140.07294,-1
-32.09853,140.28086,-1
-31.98898,140.07293,-1
-31.99233,139.97452,-1
-30.4665,139.21277,-1
-30.57164,139.1326,-1
-31.98898,140.07293,-1
-31.96375,140.35639,-1
-31.97043,140.07294,-1
-30.22218,139.21058,-1
-31.98898,140.07293,-1
-31.42766,138.67016,-1
-31.51755,138.79831,-1
-31.98898,140.07293,-1
-32.17673,140.04821,-1
-31.97043,140.07294,-1
-30.22218,139.21058,-1
-31.98898,140.07293,-1
-31.93913,140.07646,-1
-32.26049,139.89231,-1
-31.98898,140.07293,-1
-32.06263,140.6347,-1
-31.97043,140.07294,-1
-32.03823,140.59436,-1
-32.81282,136.03268,-1
-31.93913,140.07646,-1
-30.57771,139.02168,-1
-31.98898,140.07293,-1
-30.57164,139.1326,-1
-31.97043,140.07294,-1
-31.98417,140.20935,-1
-32.01766,140.10333,-1
-31.93913,140.07646,-1
-31.95822,140.24853,-1
-31.98898,140.07293,-1
-32.03605,140.60469,-1
-31.97043,140.07294,-1
-31.98417,140.20935,-1
-32.47729,136.01967,-1
-31.93913,140.07646,-1
-32.19341,139.88593,-1
-31.98898,140.07293,-1
-32.03605,140.60469,-1
-31.97043,140.07294,-1
-31.88422,140.30267,-1
-30.2225,139.1948,-1
-32.03605,140.60469,-1
-30.63132,139.24215,-1
-31.98898,140.07293,-1
-32.03605,140.60469,-1
-32.66057,135.64662,-1
-30.54558,139.37279,-1
-31.78477,140.57344,-1
-32.03605,140.60469,-1
-30.58565,139.29383,-1
-32.47729,136.01967,-1
-32.03605,140.60469,-1
-32.09853,140.28086,-1
-31.98898,140.07293,-1
-32.04769,140.61185,-1
-31.99557,139.96871,-1
-30.57771,139.02168,-1
-31.18784,138.80104,-1
-32.03823,140.59436,-1
-31.98898,140.07293,-1
-31.41843,138.69938,-1
-30.57287,139.02978,-1
-30.53948,139.3414,-1
-31.36477,138.76404,-1
-31.98417,140.20935,-1
-31.98898,140.07293,-1
-32.15813,135.78438,-1
-30.57287,139.02978,-1
-31.2512,138.86706,-1
-32.15064,140.26781,-1
-31.98417,140.20935,-1
-31.98898,140.07293,-1
-31.41843,138.69938,-1
-31.98898,140.07293,-1
-30.28785,139.23461,-1
-32.15064,140.26781,-1
-30.57059,139.43805,-1
-30.60285,139.06133,-1
-32.97342,137.59054,-1
-31.98898,140.07293,-1
-32.66057,135.64662,-1
-31.51368,138.84579,-1
-30.57059,139.43805,-1
-30.57287,139.02978,-1
-30.29581,139.23612,-1
-31.98898,140.07293,-1
-31.97043,140.07294,-1
-32.16814,135.71269,-1
-32.01616,139.89849,-1
-31.98898,140.07293,-1
-32.19341,139.88593,-1
-31.97779,139.8942,-1
-31.97043,140.07294,-1
-32.16814,135.71269,-1
-32.03605,140.60469,-1
-31.98898,140.07293,-1
-30.44844,139.2879,-1
-31.98898,140.07293,-1
-31.97043,140.07294,-1
-32.16814,135.71269,-1
-32.11726,139.93883,-1
-32.26049,139.89231,-1
-30.44844,139.2879,-1
-31.98898,140.07293,-1
-31.99233,139.97452,-1
-32.01766,140.10333,-1
-32.03605,140.60469,-1
-30.2225,139.1948,-1
-32.15064,140.26781,-1
-32.26049,139.89231,-1
-32.15813,135.78438,-1
-31.98898,140.07293,-1
-30.40201,139.24102,-1
-31.98898,140.07293,-1
-32.15064,140.26781,-1
-31.98898,140.07293,-1
-32.19341,139.88593,-1
-31.98898,140.07293,-1
-32.03605,140.60469,-1
-31.30971,138.63641,-1
-32.15064,140.26781,-1
-31.98898,140.07293,-1
-30.57692,139.01214,-1
-31.98898,140.07293,-1
-30.40201,139.24102,-1
-32.81282,136.03268,-1
-32.15064,140.26781,-1
-31.98898,140.07293,-1
-31.97043,140.07294,-1
-31.98898,140.07293,-1
-32.03605,140.60469,-1
-31.98898,140.07293,-1
-32.11636,139.9174,-1
-31.98898,140.07293,-1
-31.97043,140.07294,-1
-32.26049,139.89231,-1
-31.93913,140.07646,-1
-31.98898,140.07293,-1
-31.31553,138.71753,-1
-31.98898,140.07293,-1
-31.97043,140.07294,-1
-32.01766,140.10333,-1
-31.93913,140.07646,-1
-31.98898,140.07293,-1
-30.57164,139.1326,-1
-32.81282,136.03268,-1
-31.99233,139.97452,-1
-31.98898,140.07293,-1
-30.45591,139.28145,-1
-30.2225,139.1948,-1
-30.57164,139.1326,-1
-32.01766,140.10333,-1
-30.52882,138.91296,-1
-30.60285,139.06133,-1
-31.93913,140.07646,-1
-30.63511,139.33055,-1
-32.02848,139.95754,-1
-31.98898,140.07293,-1
-31.41843,138.69938,-1
-32.01766,140.10333,-1
-32.16531,135.73148,-1
-30.27894,139.21692,-1
-30.23893,139.14126,-1
-31.98898,140.07293,-1
-31.37217,138.57393,-1
-31.98898,140.07293,-1
-32.16531,135.73148,-1
-31.97043,140.07294,-1
-31.98898,140.07293,-1
-31.98898,140.07293,-1
-31.26462,138.62397,-1
-31.98898,140.07293,-1
-31.93913,140.07646,-1
-31.97043,140.07294,-1
-31.98898,140.07293,-1
-31.30971,138.63641,-1
-31.97043,140.07294,-1
-31.30971,138.63641,-1
-31.93913,140.07646,-1
-31.97043,140.07294,-1
-31.98898,140.07293,-1
-31.98898,140.07293,-1
-31.97043,140.07294,-1
-32.01766,140.10333,-1
-31.93913,140.07646,-1
-31.30592,138.81767,-1
-31.98898,140.07293,-1
-32.81282,136.03268,-1
-31.97043,140.07294,-1
-31.98898,140.07293,-1
-31.25665,138.61794,-1
-32.15813,135.78438,-1
-31.98898,140.07293,-1
-31.98898,140.07293,-1
-31.97043,140.07294,-1
-31.98898,140.07293,-1
-32.67889,135.79029,-1
-30.57692,139.01214,-1
-31.98898,140.07293,-1
-31.98898,140.07293,-1
-31.98898,140.07293,-1
-34.08343,140.12018,-1
-31.97043,140.07294,-1
-31.98898,140.07293,-1
-30.57287,139.02978,-1
-31.98898,140.07293,-1
-32.06263,140.6347,-1
-31.97043,140.07294,-1
-31.98898,140.07293,-1
-30.28785,139.23461,-1
-31.30971,138.63641,-1
-32.06263,140.6347,-1
-31.97043,140.07294,-1
-31.98898,140.07293,-1
-30.28785,139.23461,-1
-31.98898,140.07293,-1
-31.94711,140.09851,-1
-31.97043,140.07294,-1
-31.98898,140.07293,-1
-32.26049,139.89231,-1
-31.98898,140.07293,-1
-32.17673,140.04821,-1
-31.97043,140.07294,-1
-31.98898,140.07293,-1
-31.94242,140.14959,-1
-31.98898,140.07293,-1
-31.92353,140.07315,-1
-31.97043,140.07294,-1
-31.98898,140.07293,-1
-31.98898,140.07293,-1
-31.98898,140.07293,-1
-31.92353,140.07315,-1
-31.97043,140.07294,-1
-31.98898,140.07293,-1
-31.97043,140.07294,-1
-31.98898,140.07293,-1
-34.07014,139.18737,-1
-30.57692,139.01214,-1
-31.98898,140.07293,-1
-31.97043,140.07294,-1
-31.98898,140.07293,-1
-31.42838,138.68149,-1
-31.98898,140.07293,-1
-31.09558,138.80977,-1
-31.97043,140.07294,-1
-31.98898,140.07293,-1
-31.89132,140.10697,-1
-30.2225,139.1948,-1
-31.98898,140.07293,-1
-31.97043,140.07294,-1
-31.30971,138.63641,-1
-31.95932,140.21708,-1
-32.26049,139.89231,-1
-32.81282,136.03268,-1
-31.97043,140.07294,-1
-31.80007,140.57441,-1
-32.67827,135.66408,-1
-30.57771,139.02168,-1
-31.98898,140.07293,-1
-31.97043,140.07294,-1
-31.98898,140.07293,-1
-31.92353,140.07315,-1
-30.57771,139.02168,-1
-31.98898,140.07293,-1
-31.97043,140.07294,-1
-31.98898,140.07293,-1
-32.67889,135.79029,-1
-30.53948,139.3414,-1
-31.98898,140.07293,-1
-30.29557,139.25796,-1
-32.26049,139.89231,-1
-31.92353,140.07315,-1
-30.56897,139.14247,-1
-31.98898,140.07293,-1
-30.57507,139.03971,-1
-31.30971,138.63641,-1
-32.64445,135.46244,-1
-30.3808,139.28146,-1
-31.98898,140.07293,-1
-31.30592,138.81767,-1
-32.01766,140.10333,-1
-31.89132,140.10697,-1
-32.04057,140.01994,-1
-31.95822,140.24853,-1
-31.97043,140.07294,-1
-31.98898,140.07293,-1
-30.28785,139.23461,-1
-31.37217,138.57393,-1
-31.98898,140.07293,-1
-31.97043,140.07294,-1
-31.3424,138.82226,-1
-31.98417,140.20935,-1
-31.26462,138.62397,-1
-31.98898,140.07293,-1
-31.97043,140.07294,-1
-31.19041,138.60693,-1
-30.63466,139.21629,-1
-32.15813,135.78438,-1
-31.98898,140.07293,-1
-31.97043,140.07294,-1
-31.19041,138.60693,-1
-30.63466,139.21629,-1
-32.19341,139.88593,-1
-31.98898,140.07293,-1
-31.97043,140.07294,-1
-30.56897,139.14247,-1
-30.63466,139.21629,-1
-30.37351,139.25568,-1
-31.98898,140.07293,-1
-31.31553,138.71753,-1
-31.42752,138.70385,-1
-31.46631,138.88626,-1
-30.3808,139.28146,-1
-31.98898,140.07293,-1
-30.57507,139.03971,-1
-32.0239,140.00767,-1
-31.29987,138.80077,-1
-30.63511,139.33055,-1
-30.2225,139.1948,-1
-31.26462,138.62397,-1
-32.12212,140.24163,-1
-30.56713,139.15176,-1
-30.56713,139.15176,-1
-31.90665,140.31037,-1
-32.15813,135.78438,-1
-31.90665,140.31037,-1
-30.56713,139.15176,-1
-30.56713,139.15176,-1
-30.57287,139.02978,-1
-32.15813,135.78438,-1
-31.31553,138.71747,-1
-30.56713,139.15176,-1
-30.56713,139.15176,-1
-30.60285,139.06133,-1
-32.19341,139.88593,-1
-31.42372,138.69047,-1
-30.22218,139.21058,-1
-30.56713,139.15176,-1
-31.95822,140.24853,-1
-32.19341,139.88593,-1
-32.49693,136.01963,-1
-32.03823,140.59436,-1
-32.1128,140.30289,-1
-32.06835,140.64648,-1
-32.49693,136.01963,-1
-31.42372,138.69047,-1
-32.1128,140.30289,-1
-32.26049,139.89231,-1
-32.12089,139.95696,-1
-32.01617,139.96597,-1
-32.02848,139.95754,-1
-32.47729,136.01967,-1
-31.99557,139.96871,-1
-32.01617,139.96597,-1
-32.15064,140.26781,-1
-31.97043,140.07294,-1
-31.94242,140.14959,-1
-32.1128,140.30289,-1
-32.15064,140.26781,-1
-31.97043,140.07294,-1
-32.26049,139.89231,-1
-32.1128,140.30289,-1
-32.15064,140.26781,-1
-31.97043,140.07294,-1
-31.98898,140.07293,-1
-30.22218,139.21058,-1
-30.47347,138.83221,-1
-30.63132,139.24215,-1
-30.27894,139.21692,-1
-30.57164,139.1326,-1
-32.15064,140.26781,-1
-31.97043,140.07294,-1
-32.07696,140.64811,-1
-30.60062,139.09646,-1
-32.15064,140.26781,-1
-32.19341,139.88593,-1
-32.07696,140.64811,-1
-32.14232,140.30733,-1
-33.0535,137.32927,-1
-31.97043,140.07294,-1
-31.26462,138.62397,-1
-30.57059,139.43805,-1
-30.4182,139.22798,-1
-31.97043,140.07294,-1
-32.01766,140.10333,-1
-30.9784,138.52079,-1
-31.51449,138.89288,-1
-31.99233,139.97452,-1
-31.98898,140.07293,-1
-31.80007,140.57441,-1
-32.01617,139.96597,-1
-31.99233,139.97452,-1
-31.98898,140.07293,-1
-32.01766,140.10333,-1
-32.01617,139.96597,-1
-30.26399,139.13772,-1
-31.98898,140.07293,-1
-31.20211,138.64023,-1
-29.85796,133.61733,-1
-31.26462,138.62397,-1
-30.2225,139.1948,-1
-32.24841,139.89648,-1
-31.29085,138.63354,-1
-31.99557,139.96871,-1
-30.57771,139.02168,-1
-31.95822,140.24853,-1
-32.12212,140.24163,-1
-32.12212,140.24163,-1
-32.05761,140.6207,-1
-31.95822,140.24853,-1
-30.62817,139.28099,-1
-32.12212,140.24163,-1
-30.29581,139.23612,-1
-30.35654,139.24176,-1
-31.94711,140.09851,-1
-30.57771,139.02168,-1
-31.97043,140.07294,-1
-31.29887,137.48213,-1
-31.29085,138.63354,-1
-30.57771,139.02168,-1
-31.97043,140.07294,-1
-31.45248,138.88758,-1
-31.20211,138.64023,-1
-30.59135,139.03227,-1
-31.97043,140.07294,-1
-32.16814,135.71269,-1
-32.09465,140.31365,-1
-31.80007,140.57441,-1
-31.97043,140.07294,-1
-32.16814,135.71269,-1
-32.06263,140.6347,-1
-32.01766,140.10333,-1
-31.97043,140.07294,-1
-32.64445,135.46244,-1
-32.06263,140.6347,-1
-32.01766,140.10333,-1
-31.97043,140.07294,-1
-32.03913,140.0662,-1
-32.06263,140.6347,-1
-31.41843,138.69938,-1
-31.89132,140.10697,-1
-32.06263,140.6347,-1
-31.26462,138.62397,-1
-31.31553,138.71747,-1
-32.06263,140.6347,-1
-32.19341,139.88593,-1
-30.56713,139.15176,-1
-30.70848,139.42183,-1
-30.57507,139.03971,-1
-32.0239,140.00767,-1
-32.06263,140.6347,-1
-31.41843,138.69938,-1
-31.12778,138.62336,-1
-32.06263,140.6347,-1
-32.19341,139.88593,-1
-32.13586,139.98462,-1
-32.17673,140.04821,-1
-32.19341,139.88593,-1
-32.13586,139.98462,-1
-32.02848,139.95754,-1
-32.04057,140.01994,-1
-32.01766,140.10333,-1
-32.12212,140.24163,-1
-32.01766,140.10333,-1
-30.44844,139.2879,-1
-32.01766,140.10333,-1
-32.12212,140.24163,-1
-32.01766,140.10333,-1
-32.12212,140.24163,-1
-31.95822,140.24853,-1
-31.98898,140.07293,-1
-30.28785,139.23461,-1
-31.98898,140.07293,-1
-32.12212,140.24163,-1
-31.98898,140.07293,-1
-30.44844,139.2879,-1
-31.98898,140.07293,-1
-30.44844,139.2879,-1
-31.95822,140.24853,-1
-30.44844,139.2879,-1
-32.66057,135.64662,-1
-31.98898,140.07293,-1
-31.41843,138.69938,-1
-31.98898,140.07293,-1
-31.41843,138.69938,-1
-31.98898,140.07293,-1
-32.01766,140.10333,-1
-31.98898,140.07293,-1
-32.08415,140.66861,-1
-31.98898,140.07293,-1
-30.60285,139.06133,-1
-32.26049,139.89231,-1
-31.26462,138.62397,-1
-30.57287,139.02978,-1
-31.98898,140.07293,-1
-31.98898,140.07293,-1
-32.81282,136.03268,-1
-31.98898,140.07293,-1
-31.98898,140.07293,-1
-31.98898,140.07293,-1
-31.98898,140.07293,-1
-31.98898,140.07293,-1
-31.98898,140.07293,-1
-31.98898,140.07293,-1
-31.98898,140.07293,-1
-31.98898,140.07293,-1
-31.98898,140.07293,-1
-31.98898,140.07293,-1
-31.98898,140.07293,-1
-31.98898,140.07293,-1
-31.41843,138.69938,-1
-32.15813,135.78438,-1
-32.15813,135.78438,-1
-32.15813,135.78438,-1
-29.88619,133.60093,-1
-31.97043,140.07294,-1
-31.97043,140.07294,-1
-31.97043,140.07294,-1
-31.97043,140.07294,-1
-32.15064,140.26781,-1
-31.36477,138.76404,-1
-31.12778,138.62336,-1
-31.97043,140.07294,-1
-31.97043,140.07294,-1
-31.97043,140.07294,-1
-31.97043,140.07294,-1
-31.97043,140.07294,-1
-31.97779,139.8942,-1
-32.05761,140.6207,-1
-31.98898,140.07293,-1
-31.98898,140.07293,-1
-31.98898,140.07293,-1
-31.98898,140.07293,-1
-31.98898,140.07293,-1
-31.09558,138.80977,-1
-31.98898,140.07293,-1
-31.98898,140.07293,-1
-31.98898,140.07293,-1
-31.51755,138.79831,-1
-32.26049,139.89231,-1
-31.94242,140.14959,-1
-31.30971,138.63641,-1
-31.30971,138.63641,-1
-32.15813,135.78438,-1
-30.63511,139.33055,-1
-30.63132,139.24215,-1
-31.98898,140.07293,-1
-31.98898,140.07293,-1
-31.98898,140.07293,-1
-30.57507,139.03971,-1
-32.19341,139.88593,-1
-31.97043,140.07294,-1
-34.203123,142.570636,-1
-32.117083,141.806939,-1
-34.207977,142.66964,-1
-34.225213,142.697633,-1
-34.268306,142.593394,-1
-34.268306,142.593394,-1
-34.203123,142.570636,-1
-34.187242,142.57241,-1
-34.176213,142.493598,-1
-34.274575,142.755431,-1
-34.190346,142.538691,-1
-34.225213,142.697633,-1
-34.114969,142.541881,-1
-34.114969,142.541881,-1
-29.066002,141.718674,-1
-34.187242,142.57241,-1
-34.176213,142.493598,-1
-34.274575,142.755431,-1
-34.225213,142.697633,-1
-34.225213,142.697633,-1
-34.274575,142.755431,-1
-32.117083,141.806939,-1
-34.225213,142.697633,-1
-31.925613,141.38827,-1
-34.174134,142.461354,-1
-34.274575,142.755431,-1
-34.225213,142.697633,-1
-34.225213,142.697633,-1
-34.225213,142.697633,-1
-29.749444,149.570917,-1
-34.225213,142.697633,-1
-30.629556,143.621214,-1
-34.225213,142.697633,-1
-34.274575,142.755431,-1
-34.225213,142.697633,-1
-34.175096,142.525958,-1
-34.225213,142.697633,-1
-34.225213,142.697633,-1
-34.225213,142.697633,-1
-34.172009,142.445383,-1
-34.225213,142.697633,-1
-34.274575,142.755431,-1
-34.225213,142.697633,-1
-34.172009,142.445383,-1
-34.225213,142.697633,-1
-34.225213,142.697633,-1
-34.172009,142.445383,-1
-34.172009,142.445383,-1
-34.225213,142.697633,-1
-34.291852,142.390416,-1
-34.225213,142.697633,-1
-34.274375,142.770862,-1
-34.225213,142.697633,-1
-34.176213,142.493598,-1
-32.117083,141.806939,-1
-34.225213,142.697633,-1
-34.190346,142.538691,-1
-34.114969,142.541881,-1
-33.452721,142.178092,-1
-34.176213,142.493598,-1
-34.225213,142.697633,-1
-34.225213,142.697633,-1
-34.274575,142.755431,-1
-29.227076,145.16692,-1
-34.227044,142.761917,-1
-34.175096,142.525958,-1
-29.227076,145.16692,-1
-34.187444,142.541696,-1
-34.225213,142.697633,-1
-30.351064,143.169414,-1
-34.227044,142.761917,-1
-34.190771,142.506502,-1
-34.274575,142.755431,-1
-34.176213,142.493598,-1
-29.240288,141.905197,-1
-34.174134,142.461354,-1
-34.225213,142.697633,-1
-34.201959,142.596441,-1
-34.274575,142.755431,-1
-34.187444,142.541696,-1
-34.274575,142.755431,-1
-34.176213,142.493598,-1
-34.174134,142.461354,-1
-34.176213,142.493598,-1
-34.225213,142.697633,-1
-34.174134,142.461354,-1
-34.195838,142.513264,-1
-34.201959,142.596441,-1
-34.274575,142.755431,-1
-34.225213,142.697633,-1
-34.174134,142.461354,-1
-34.002363,141.856725,-1
-34.175096,142.525958,-1
-34.201959,142.596441,-1
-30.378013,144.664411,-1
-34.201959,142.596441,-1
-34.274575,142.755431,-1
-34.225213,142.697633,-1
-34.274575,142.755431,-1
-32.117083,141.806939,-1
-34.274575,142.755431,-1
-34.274375,142.770862,-1
-34.245274,142.703813,-1
-32.264668,142.308214,-1
-34.274575,142.755431,-1
-34.225213,142.697633,-1
-34.274575,142.755431,-1
-34.176213,142.493598,-1
-34.274575,142.755431,-1
-34.225213,142.697633,-1
-34.187242,142.57241,-1
-34.174134,142.461354,-1
-29.411052,149.83428,-1
-34.225213,142.697633,-1
-34.172009,142.445383,-1
-34.18317,142.671716,-1
-34.274575,142.755431,-1
-34.174134,142.461354,-1
-34.172009,142.445383,-1
-34.174134,142.461354,-1
-34.174134,142.461354,-1
-34.225213,142.697633,-1
-34.237407,142.502357,-1
-34.172009,142.445383,-1
-34.214312,142.556567,-1
-34.174134,142.461354,-1
-34.207977,142.66964,-1
-34.201959,142.596441,-1
-34.174134,142.461354,-1
-34.201959,142.596441,-1
-34.274575,142.755431,-1
-34.274575,142.755431,-1
-34.274575,142.755431,-1
-34.174134,142.461354,-1
-34.172009,142.445383,-1
-34.175023,142.477417,-1
-34.201959,142.596441,-1
-34.274375,142.770862,-1
-34.274575,142.755431,-1
-34.274575,142.755431,-1
-34.174134,142.461354,-1
-34.174134,142.461354,-1
-34.274575,142.755431,-1
-34.258853,142.685906,-1
-30.611107,149.145876,-1
-34.201959,142.596441,-1
-34.274575,142.755431,-1
-34.274575,142.755431,-1
-34.174134,142.461354,-1
-29.227076,145.16692,-1
-34.174134,142.461354,-1
-33.203762,141.166712,-1
-31.943094,141.468883,-1
-34.175023,142.477417,-1
-34.187242,142.57241,-1
-34.172009,142.445383,-1
-34.274375,142.770862,-1
-34.274575,142.755431,-1
-34.201959,142.596441,-1
-34.063574,141.868279,-1
-34.201959,142.596441,-1
-34.191368,142.567815,-1
-34.063574,141.868279,-1
-32.117083,141.806939,-1
-34.174134,142.461354,-1
-34.175096,142.525958,-1
-34.274375,142.770862,-1
-34.305122,142.565355,-1
-29.212724,145.173389,-1
-34.191368,142.567815,-1
-34.176213,142.493598,-1
-29.240372,145.154114,-1
-34.176213,142.493598,-1
-34.227044,142.761917,-1
-34.201959,142.596441,-1
-34.225213,142.697633,-1
-34.187444,142.541696,-1
-34.175023,142.477417,-1
-34.274575,142.755431,-1
-34.274575,142.755431,-1
-32.529196,151.8958,-1
-34.258853,142.685906,-1
-34.174134,142.461354,-1
-34.226575,142.745668,-1
-34.187242,142.57241,-1
-34.191368,142.567815,-1
-34.207977,142.66964,-1
-34.274575,142.755431,-1
-34.245274,142.703813,-1
-34.194636,142.490128,-1
-34.198266,142.516867,-1
-34.197751,142.581219,-1
-34.684349,145.074509,-1
-34.274575,142.755431,-1
-32.367622,141.491262,-1
-34.274575,142.755431,-1
-34.176213,142.493598,-1
-34.271269,142.680676,-1
-34.174134,142.461354,-1
-34.127654,142.546284,-1
-34.176213,142.493598,-1
-34.274575,142.755431,-1
-30.520311,149.332659,-1
-34.274375,142.770862,-1
-34.201959,142.596441,-1
-29.267583,145.263004,-1
-34.201959,142.596441,-1
-34.274575,142.755431,-1
-32.367622,141.491262,-1
-34.274575,142.755431,-1
-34.274375,142.770862,-1
-30.089261,145.941307,-1
-31.497452,145.820825,-1
-34.191368,142.567815,-1
-34.191368,142.567815,-1
-34.274575,142.755431,-1
-32.367622,141.491262,-1
-34.274575,142.755431,-1
-32.367622,141.491262,-1
-34.201959,142.596441,-1
-31.497452,145.820825,-1
-34.266629,142.743319,-1
-34.266629,142.743319,-1
-34.274575,142.755431,-1
-34.175023,142.477417,-1
-34.274575,142.755431,-1
-34.28425,142.680502,-1
-29.212724,145.173389,-1
-34.258853,142.685906,-1
-34.266629,142.743319,-1
-34.266629,142.743319,-1
-30.524776,149.325343,-1
-34.506245,144.847923,-1
-34.274575,142.755431,-1
-30.611107,149.145876,-1
-34.174134,142.461354,-1
-34.271269,142.680676,-1
-34.266629,142.743319,-1
-34.266629,142.743319,-1
-34.225213,142.697633,-1
-31.408527,145.842053,-1
-34.271269,142.680676,-1
-30.611107,149.145876,-1
-34.201959,142.596441,-1
-34.266629,142.743319,-1
-34.226138,142.729422,-1
-34.266629,142.743319,-1
-34.225213,142.697633,-1
-34.258853,142.685906,-1
-34.22658,142.71351,-1
-34.201959,142.596441,-1
-34.245274,142.703813,-1
-34.266629,142.743319,-1
-34.266629,142.743319,-1
-34.266629,142.743319,-1
-34.225213,142.697633,-1
-34.266629,142.743319,-1
-34.271269,142.680676,-1
-34.166916,142.224898,-1
-32.08711,142.08811,-1
-34.226138,142.729422,-1
-34.266629,142.743319,-1
-34.258853,142.685906,-1
-34.225213,142.697633,-1
-34.266629,142.743319,-1
-34.271269,142.680676,-1
-34.191368,142.567815,-1
-34.176213,142.493598,-1
-34.266629,142.743319,-1
-34.266629,142.743319,-1
-34.271269,142.680676,-1
-34.225213,142.697633,-1
-34.266629,142.743319,-1
-34.194636,142.490128,-1
-34.174134,142.461354,-1
-34.274575,142.755431,-1
-34.266629,142.743319,-1
-34.271269,142.680676,-1
-34.266629,142.743319,-1
-33.3833,142.5667,-1
-34.291294,142.569536,-1
-34.226138,142.729422,-1
-34.18317,142.671716,-1
-34.176213,142.493598,-1
-33.339391,142.186277,-1
-34.274575,142.755431,-1
-34.266629,142.743319,-1
-34.198266,142.516867,-1
-34.266629,142.743319,-1
-34.266629,142.743319,-1
-34.271269,142.680676,-1
-30.69753,142.607232,-1
-34.258853,142.685906,-1
-32.117083,141.806939,-1
-34.172009,142.445383,-1
-34.22658,142.71351,-1
-33.987081,141.448901,-1
-34.266629,142.743319,-1
-34.258853,142.685906,-1
-34.226575,142.745668,-1
-33.885806,141.787668,-1
-32.117083,141.806939,-1
-34.191368,142.567815,-1
-34.274575,142.755431,-1
-34.258853,142.685906,-1
-34.266629,142.743319,-1
-34.258853,142.685906,-1
-32.286616,148.540788,-1
-34.198266,142.516867,-1
-34.172009,142.445383,-1
-34.274575,142.755431,-1
-34.274575,142.755431,-1
-29.271775,142.024433,-1
-34.266629,142.743319,-1
-34.266629,142.743319,-1
-34.226575,142.745668,-1
-34.246106,142.685183,-1
-34.274575,142.755431,-1
-34.260905,142.72966,-1
-34.181246,142.55569,-1
-34.198266,142.516867,-1
-34.266629,142.743319,-1
-34.271269,142.680676,-1
-31.913933,141.356233,-1
-32.692449,151.58681,-1
-34.227044,142.761917,-1
-34.176213,142.493598,-1
-34.176213,142.493598,-1
-30.611107,149.145876,-1
-34.271269,142.680676,-1
-34.266629,142.743319,-1
-31.729483,147.854722,-1
-34.181246,142.55569,-1
-31.162719,142.40028,-1
-34.28425,142.680502,-1
-34.191368,142.567815,-1
-34.274575,142.755431,-1
-34.271269,142.680676,-1
-34.266629,142.743319,-1
-34.225213,142.697633,-1
-34.226575,142.745668,-1
-34.260905,142.72966,-1
-34.176213,142.493598,-1
-34.266629,142.743319,-1
-34.274575,142.755431,-1
-33.589762,150.187233,-1
-34.266629,142.743319,-1
-34.209472,142.638321,-1
-34.225213,142.697633,-1
-30.69753,142.607232,-1
-32.096436,148.054563,-1
-34.266629,142.743319,-1
-34.274575,142.755431,-1
-34.225213,142.697633,-1
-34.176213,142.493598,-1
-34.225213,142.697633,-1
-30.655961,151.512471,-1
-34.225213,142.697633,-1
-34.225213,142.697633,-1
-34.266629,142.743319,-1
-34.274575,142.755431,-1
-34.225213,142.697633,-1
-34.187242,142.57241,-1
-31.913933,141.356233,-1
-34.225213,142.697633,-1
-34.225213,142.697633,-1
-34.225213,142.697633,-1
-34.266629,142.743319,-1
-34.274575,142.755431,-1
-34.225213,142.697633,-1
-34.191368,142.567815,-1
-34.246106,142.685183,-1
-34.225213,142.697633,-1
-34.225213,142.697633,-1
-34.191368,142.567815,-1
-34.266629,142.743319,-1
-34.22658,142.71351,-1
-34.191368,142.567815,-1
-34.175023,142.477417,-1
-34.274575,142.755431,-1
-34.225213,142.697633,-1
-34.191368,142.567815,-1
-34.225213,142.697633,-1
-34.266629,142.743319,-1
-32.367622,141.491262,-1
-34.174134,142.461354,-1
-34.175023,142.477417,-1
-34.274575,142.755431,-1
-34.055951,141.365573,-1
-34.274575,142.755431,-1
-34.225213,142.697633,-1
-34.011,141.542,-1
-34.274575,142.755431,-1
-34.174134,142.461354,-1
-36.481453,150.039047,-1
-34.274575,142.755431,-1
-34.225213,142.697633,-1
-34.274575,142.755431,-1
-34.260905,142.72966,-1
-34.266629,142.743319,-1
-34.274575,142.755431,-1
-34.175096,142.525958,-1
-34.274575,142.755431,-1
-34.225213,142.697633,-1
-34.274575,142.755431,-1
-34.214912,142.489023,-1
-34.209472,142.638321,-1
-34.271269,142.680676,-1
-29.514463,142.282364,-1
-34.175096,142.525958,-1
-34.274575,142.755431,-1
-34.274575,142.755431,-1
-34.274575,142.755431,-1
-34.271269,142.680676,-1
-34.225213,142.697633,-1
-34.266629,142.743319,-1
-32.264668,142.308214,-1
-34.175096,142.525958,-1
-34.274575,142.755431,-1
-34.274575,142.755431,-1
-34.274575,142.755431,-1
-34.225213,142.697633,-1
-34.225213,142.697633,-1
-34.266629,142.743319,-1
-31.913933,141.356233,-1
-34.190771,142.506502,-1
-34.191368,142.567815,-1
-34.274575,142.755431,-1
-34.274575,142.755431,-1
-34.225213,142.697633,-1
-34.225213,142.697633,-1
-34.274575,142.755431,-1
-34.226575,142.745668,-1
-34.225213,142.697633,-1
-34.152008,142.559481,-1
-34.274575,142.755431,-1
-34.274575,142.755431,-1
-34.225213,142.697633,-1
-34.209472,142.638321,-1
-34.274575,142.755431,-1
-34.225213,142.697633,-1
-34.225213,142.697633,-1
-34.219829,142.666498,-1
-34.225213,142.697633,-1
-34.274575,142.755431,-1
-29.207358,145.255123,-1
-34.274575,142.755431,-1
-32.117083,141.806939,-1
-34.225213,142.697633,-1
-34.225213,142.697633,-1
-31.864009,141.432983,-1
-34.225213,142.697633,-1
-33.597534,141.662689,-1
-34.226575,142.745668,-1
-34.191368,142.567815,-1
-34.291294,142.569536,-1
-34.225213,142.697633,-1
-34.225213,142.697633,-1
-34.219829,142.666498,-1
-34.225213,142.697633,-1
-34.225213,142.697633,-1
-31.913933,141.356233,-1
-34.191368,142.567815,-1
-34.291294,142.569536,-1
-34.225213,142.697633,-1
-34.227044,142.761917,-1
-34.277097,142.786439,-1
-34.227937,142.794417,-1
-34.225213,142.697633,-1
-31.729483,147.854722,-1
-34.274575,142.755431,-1
-34.226575,142.745668,-1
-34.225213,142.697633,-1
-34.227937,142.794417,-1
-34.277097,142.786439,-1
-34.227937,142.794417,-1
-34.209472,142.638321,-1
-31.729483,147.854722,-1
-34.274575,142.755431,-1
-34.226575,142.745668,-1
-30.524776,149.325343,-1
-34.197751,142.581219,-1
-31.162719,142.40028,-1
-29.227076,145.16692,-1
-34.225213,142.697633,-1
-34.225213,142.697633,-1
-34.274575,142.755431,-1
-34.226575,142.745668,-1
-33.343296,142.196614,-1
-34.219829,142.666498,-1
-29.17684,142.386295,-1
-29.212724,145.173389,-1
-34.195523,142.669137,-1
-34.209472,142.638321,-1
-34.274575,142.755431,-1
-34.260905,142.72966,-1
-34.274575,142.755431,-1
-34.197751,142.581219,-1
-29.271775,142.024433,-1
-34.175096,142.525958,-1
-34.207258,146.110621,-1
-34.225213,142.697633,-1
-34.226575,142.745668,-1
-34.260905,142.72966,-1
-34.274575,142.755431,-1
-34.190771,142.506502,-1
-34.191487,142.555893,-1
-34.271269,142.680676,-1
-34.274575,142.755431,-1
-34.225213,142.697633,-1
-34.260905,142.72966,-1
-34.209472,142.638321,-1
-34.225213,142.697633,-1
-31.889594,141.256598,-1
-34.227937,142.794417,-1
-34.271269,142.680676,-1
-34.274575,142.755431,-1
-34.225213,142.697633,-1
-34.226575,142.745668,-1
-34.225213,142.697633,-1
-31.352054,141.944271,-1
-34.268306,142.593394,-1
-34.114969,142.541881,-1
-33.466672,142.186739,-1
-34.225213,142.697633,-1
-34.225213,142.697633,-1
-34.260905,142.72966,-1
-34.225213,142.697633,-1
-34.225213,142.697633,-1
-34.114969,142.541881,-1
-32.117083,141.806939,-1
-34.194636,142.490128,-1
-34.227937,142.794417,-1
-34.225213,142.697633,-1
-34.277097,142.786439,-1
-34.225213,142.697633,-1
-34.225213,142.697633,-1
-32.117083,141.806939,-1
-34.227937,142.794417,-1
-34.226138,142.729422,-1
-34.114969,142.541881,-1
-34.274575,142.755431,-1
-34.608348,144.45769,-1
-34.225213,142.697633,-1
-34.225213,142.697633,-1
-34.28011,146.0455,-1
-34.225213,142.697633,-1
-34.266629,142.743319,-1
-34.260905,142.72966,-1
-34.187242,142.57241,-1
-34.277097,142.786439,-1
-34.225213,142.697633,-1
-34.225213,142.697633,-1
-34.209472,142.638321,-1
-34.225213,142.697633,-1
-31.729483,147.854722,-1
-34.226575,142.745668,-1
-34.195523,142.669137,-1
-29.466425,142.244438,-1
-34.225213,142.697633,-1
-34.225213,142.697633,-1
-34.277097,142.786439,-1
-34.225213,142.697633,-1
-34.174134,142.461354,-1
-34.260905,142.72966,-1
-34.274575,142.755431,-1
-34.274575,142.755431,-1
-34.225213,142.697633,-1
-34.002363,141.856725,-1
-34.214613,142.543157,-1
-34.225213,142.697633,-1
-34.174134,142.461354,-1
-34.225213,142.697633,-1
-34.274575,142.755431,-1
-34.225213,142.697633,-1
-31.876686,152.594011,-1
-34.22658,142.71351,-1
-34.191368,142.567815,-1
-34.225213,142.697633,-1
-34.246106,142.685183,-1
-34.225213,142.697633,-1
-34.274575,142.755431,-1
-34.305122,142.565355,-1
-34.225213,142.697633,-1
-34.198266,142.516867,-1
-34.191368,142.567815,-1
-34.209472,142.638321,-1
-33.182101,141.166635,-1
-34.225213,142.697633,-1
-34.274575,142.755431,-1
-34.227937,142.794417,-1
-34.192008,142.542675,-1
-34.225213,142.697633,-1
-31.913933,141.356233,-1
-34.209472,142.638321,-1
-34.274575,142.755431,-1
-34.197751,142.581219,-1
-31.889461,152.444452,-1
-29.207358,145.255123,-1
-34.192008,142.542675,-1
-34.225213,142.697633,-1
-34.127654,142.546284,-1
-34.248815,142.571316,-1
-34.274575,142.755431,-1
-34.197751,142.581219,-1
-34.277097,142.786439,-1
-32.278585,148.581762,-1
-34.225213,142.697633,-1
-34.209472,142.638321,-1
-34.227937,142.794417,-1
-34.225213,142.697633,-1
-34.274575,142.755431,-1
-34.197751,142.581219,-1
-34.152008,142.559481,-1
-34.226575,142.745668,-1
-34.274575,142.755431,-1
-34.195977,142.532563,-1
-34.225213,142.697633,-1
-34.225213,142.697633,-1
-34.274575,142.755431,-1
-33.986586,144.907953,-1
-32.117083,141.806939,-1
-34.246106,142.685183,-1
-34.22658,142.71351,-1
-34.225213,142.697633,-1
-34.225213,142.697633,-1
-33.65731,141.372299,-1
-34.274575,142.755431,-1
-34.277097,142.786439,-1
-29.386504,142.468353,-1
-29.227076,145.16692,-1
-34.224236,142.674409,-1
-34.225213,142.697633,-1
-34.226575,142.745668,-1
-34.28425,142.680502,-1
-34.274575,142.755431,-1
-34.207896,142.610772,-1
-34.172009,142.445383,-1
-34.172009,142.445383,-1
-34.444396,148.721461,-1
-34.209472,142.638321,-1
-34.225213,142.697633,-1
-30.524776,149.325343,-1
-34.174134,142.461354,-1
-34.277097,142.786439,-1
-34.172009,142.445383,-1
-34.219829,142.666498,-1
-34.226575,142.745668,-1
-34.0896,141.7336,-1
-34.127654,142.546284,-1
-34.195523,142.669137,-1
-34.174134,142.461354,-1
-34.277097,142.786439,-1
-34.277097,142.786439,-1
-29.227076,145.16692,-1
-29.191433,145.054429,-1
-34.271269,142.680676,-1
-34.260905,142.72966,-1
-34.225213,142.697633,-1
-34.174134,142.461354,-1
-34.227538,142.778166,-1
-34.277097,142.786439,-1
-34.274375,142.770862,-1
-34.197751,142.581219,-1
-34.259358,142.557311,-1
-34.274575,142.755431,-1
-34.225213,142.697633,-1
-34.175023,142.477417,-1
-34.268306,142.593394,-1
-34.277097,142.786439,-1
-34.127654,142.546284,-1
-34.197751,142.581219,-1
-34.225213,142.697633,-1
-34.225213,142.697633,-1
-34.225213,142.697633,-1
-34.175023,142.477417,-1
-34.197751,142.581219,-1
-34.277097,142.786439,-1
-34.152008,142.559481,-1
-34.152008,142.559481,-1
-34.246106,142.685183,-1
-34.209472,142.638321,-1
-34.225213,142.697633,-1
-34.226138,142.729422,-1
-34.227937,142.794417,-1
-34.277097,142.786439,-1
-34.191487,142.555893,-1
-34.197751,142.581219,-1
-34.225521,142.681705,-1
-34.225213,142.697633,-1
-34.225213,142.697633,-1
-34.266629,142.743319,-1
-34.203656,142.583332,-1
-34.277097,142.786439,-1
-34.201959,142.596441,-1
-34.227937,142.794417,-1
-34.225521,142.681705,-1
-34.225213,142.697633,-1
-34.055951,141.365573,-1
-34.266629,142.743319,-1
-34.225521,142.681705,-1
-34.277097,142.786439,-1
-34.201959,142.596441,-1
-34.191487,142.555893,-1
-34.274375,142.770862,-1
-34.225213,142.697633,-1
-33.62856,150.726571,-1
-34.266629,142.743319,-1
-34.219829,142.666498,-1
-34.127654,142.546284,-1
-34.190346,142.538691,-1
-34.260905,142.72966,-1
-29.227076,145.16692,-1
-34.274575,142.755431,-1
-34.195523,142.669137,-1
-34.266629,142.743319,-1
-34.172009,142.445383,-1
-34.127654,142.546284,-1
-31.880881,141.286456,-1
-34.277097,142.786439,-1
-31.864009,141.432983,-1
-34.274575,142.755431,-1
-34.274575,142.755431,-1
-34.271269,142.680676,-1
-34.055824,141.134609,-1
-34.274575,142.755431,-1
-34.201959,142.596441,-1
-34.277097,142.786439,-1
-31.515,142.2437,-1
-34.274575,142.755431,-1
-34.274575,142.755431,-1
-29.267583,145.263004,-1
-34.274375,142.770862,-1
-34.274575,142.755431,-1
-34.3906,142.4264,-1
-34.277097,142.786439,-1
-34.127654,142.546284,-1
-34.274575,142.755431,-1
-34.28425,142.680502,-1
-34.28425,142.680502,-1
-31.939547,141.465761,-1
-34.274575,142.755431,-1
-34.197751,142.581219,-1
-34.277097,142.786439,-1
-34.277097,142.786439,-1
-34.274575,142.755431,-1
-34.277097,142.786439,-1
-34.28425,142.680502,-1
-34.268306,142.593394,-1
-34.274375,142.770862,-1
-34.227937,142.794417,-1
-34.227937,142.794417,-1
-34.277097,142.786439,-1
-34.192008,142.542675,-1
-34.277097,142.786439,-1
-34.407089,146.261111,-1
-34.268306,142.593394,-1
-34.226575,142.745668,-1
-33.516296,150.896454,-1
-34.227044,142.761917,-1
-29.437597,142.014079,-1
-29.41234,142.265794,-1
-34.277097,142.786439,-1
-31.941785,141.420822,-1
-34.268306,142.593394,-1
-34.219829,142.666498,-1
-34.190771,142.506502,-1
-34.219829,142.666498,-1
-34.248413,142.529826,-1
-34.198266,142.516867,-1
-34.209472,142.638321,-1
-33.458015,142.180907,-1
-34.0896,141.7336,-1
-34.219829,142.666498,-1
-34.219829,142.666498,-1
-31.936989,141.519838,-1
-34.225521,142.681705,-1
-34.225213,142.697633,-1
-33.484356,150.149929,-1
-34.197751,142.581219,-1
-34.219829,142.666498,-1
-34.197751,142.581219,-1
-33.203774,141.153803,-1
-34.152008,142.559481,-1
-34.260905,142.72966,-1
-34.198266,142.516867,-1
-34.172009,142.445383,-1
-30.654444,148.707778,-1
-31.723031,141.235787,-1
-34.197751,142.581219,-1
-34.277097,142.786439,-1
-34.197751,142.581219,-1
-34.260905,142.72966,-1
-30.917103,148.982969,-1
-30.316208,145.426806,-1
-34.280746,142.801882,-1
-34.274575,142.755431,-1
-30.121359,145.423272,-1
-34.277097,142.786439,-1
-34.197751,142.581219,-1
-34.209472,142.638321,-1
-34.225213,142.697633,-1
-34.274575,142.755431,-1
-34.011,141.542,-1
-34.274575,142.755431,-1
-34.227937,142.794417,-1
-34.227937,142.794417,-1
-34.219829,142.666498,-1
-34.225213,142.697633,-1
-34.225213,142.697633,-1
-34.174134,142.461354,-1
-34.277097,142.786439,-1
-34.201959,142.596441,-1
-34.260905,142.72966,-1
-31.864009,141.432983,-1
-34.214429,142.653384,-1
-34.209472,142.638321,-1
-32.25491,141.40953,-1
-34.174134,142.461354,-1
-34.277097,142.786439,-1
-34.201959,142.596441,-1
-34.260905,142.72966,-1
-34.213906,142.570185,-1
-34.203123,142.570636,-1
-34.055951,141.365573,-1
-33.676533,141.364639,-1
-34.225213,142.697633,-1
-34.277097,142.786439,-1
-34.175096,142.525958,-1
-34.260905,142.72966,-1
-34.225213,142.697633,-1
-34.190346,142.538691,-1
-31.265789,144.2846,-1
-34.274575,142.755431,-1
-34.225213,142.697633,-1
-34.277097,142.786439,-1
-34.214963,142.50224,-1
-31.572522,147.112037,-1
-34.225213,142.697633,-1
-34.191487,142.555893,-1
-34.260905,142.72966,-1
-34.190702,142.51933,-1
-34.174134,142.461354,-1
-34.225213,142.697633,-1
-34.208707,142.622304,-1
-29.207358,145.255123,-1
-34.225213,142.697633,-1
-31.936989,141.519838,-1
-34.260905,142.72966,-1
-34.225213,142.697633,-1
-34.22658,142.71351,-1
-34.18317,142.671716,-1
-34.274575,142.755431,-1
-34.201959,142.596441,-1
-34.225213,142.697633,-1
-34.274375,142.770862,-1
-34.260905,142.72966,-1
-30.089636,145.936921,-1
-34.22658,142.71351,-1
-34.227538,142.778166,-1
-34.274575,142.755431,-1
-34.176213,142.493598,-1
-34.225213,142.697633,-1
-34.1085,141.9175,-1
-34.219829,142.666498,-1
-34.213906,142.570185,-1
-34.22658,142.71351,-1
-34.22658,142.71351,-1
-31.162719,142.40028,-1
-30.611107,149.145876,-1
-34.225213,142.697633,-1
-29.237987,145.1674,-1
-34.197751,142.581219,-1
-34.226575,142.745668,-1
-34.227937,142.794417,-1
-34.227937,142.794417,-1
-34.225213,142.697633,-1
-34.225521,142.681705,-1
-34.172009,142.445383,-1
-31.0797,142.4601,-1
-34.197751,142.581219,-1
-29.271775,142.024433,-1
-34.227937,142.794417,-1
-34.260905,142.72966,-1
-34.225213,142.697633,-1
-34.172009,142.445383,-1
-34.214963,142.50224,-1
-34.175808,142.50974,-1
-34.197751,142.581219,-1
-34.213906,142.570185,-1
-34.174134,142.461354,-1
-34.190771,142.506502,-1
-34.225213,142.697633,-1
-34.203123,142.570636,-1
-34.175096,142.525958,-1
-34.201959,142.596441,-1
-34.277097,142.786439,-1
-31.486808,141.834816,-1
-31.5667,143.3667,-1
-34.214963,142.50224,-1
-34.444528,147.530054,-1
-31.698035,143.634382,-1
-34.175023,142.477417,-1
-34.225213,142.697633,-1
-34.224236,142.674409,-1
-34.172009,142.445383,-1
-31.698035,143.634382,-1
-34.297842,142.290679,-1
-34.230133,142.679004,-1
-34.234263,142.249163,-1
-34.237194,142.691576,-1
-34.237194,142.691576,-1
-34.226575,142.745668,-1
-34.227044,142.761917,-1
-34.175096,142.525958,-1
-34.291294,142.569536,-1
-34.230133,142.679004,-1
-34.174134,142.461354,-1
-34.237194,142.691576,-1
-34.230133,142.679004,-1
-34.226575,142.745668,-1
-34.191487,142.555893,-1
-35.473546,145.326092,-1
-34.225213,142.697633,-1
-34.174134,142.461354,-1
-34.174134,142.461354,-1
-34.226138,142.729422,-1
-34.274575,142.755431,-1
-32.1764,150.896427,-1
-32.386528,142.278091,-1
-34.175023,142.477417,-1
-34.225213,142.697633,-1
-34.174134,142.461354,-1
-34.274575,142.755431,-1
-34.230133,142.679004,-1
-34.237194,142.691576,-1
-31.566581,142.373136,-1
-34.219829,142.666498,-1
-34.172009,142.445383,-1
-30.524776,149.325343,-1
-34.174134,142.461354,-1
-34.175023,142.477417,-1
-34.274575,142.755431,-1
-34.230133,142.679004,-1
-34.176213,142.493598,-1
-32.286181,150.894322,-1
-34.274575,142.755431,-1
-34.207896,142.610772,-1
-34.174134,142.461354,-1
-34.274575,142.755431,-1
-34.266629,142.743319,-1
-34.237194,142.691576,-1
-34.176213,142.493598,-1
-34.225521,142.681705,-1
-34.274575,142.755431,-1
-32.11699,142.82442,-1
-34.175023,142.477417,-1
-34.274575,142.755431,-1
-29.803951,151.14288,-1
-34.237194,142.691576,-1
-34.176213,142.493598,-1
-34.268306,142.593394,-1
-34.274575,142.755431,-1
-34.260905,142.72966,-1
-34.237194,142.691576,-1
-31.729483,147.854722,-1
-34.237194,142.691576,-1
-34.274575,142.755431,-1
-34.225213,142.697633,-1
-34.175808,142.50974,-1
-34.274575,142.755431,-1
-34.260905,142.72966,-1
-34.237194,142.691576,-1
-34.209472,142.638321,-1
-34.274575,142.755431,-1
-34.274575,142.755431,-1
-34.225213,142.697633,-1
-34.259358,142.557311,-1
-34.274575,142.755431,-1
-34.201959,142.596441,-1
-34.225213,142.697633,-1
-34.209472,142.638321,-1
-34.237194,142.691576,-1
-34.258853,142.685906,-1
-34.225213,142.697633,-1
-34.190771,142.506502,-1
-34.274575,142.755431,-1
-34.201959,142.596441,-1
-33.637383,141.391769,-1
-34.175023,142.477417,-1
-34.097559,142.035444,-1
-34.225213,142.697633,-1
-34.225213,142.697633,-1
-34.768006,143.967739,-1
-34.274575,142.755431,-1
-34.175096,142.525958,-1
-34.225213,142.697633,-1
-34.225213,142.697633,-1
-34.266629,142.743319,-1
-34.225213,142.697633,-1
-34.174134,142.461354,-1
-34.172009,142.445383,-1
-34.219829,142.666498,-1
-34.175096,142.525958,-1
-34.225213,142.697633,-1
-34.175023,142.477417,-1
-34.266629,142.743319,-1
-34.225213,142.697633,-1
-34.195523,142.669137,-1
-33.575508,141.266846,-1
-29.40267,142.435662,-1
-30.504188,146.575103,-1
-34.225213,142.697633,-1
-34.271269,142.680676,-1
-34.271269,142.680676,-1
-34.089195,141.734938,-1
-31.952509,141.464709,-1
-34.201959,142.596441,-1
-34.172009,142.445383,-1
-31.723031,141.235787,-1
-34.225213,142.697633,-1
-29.212724,145.173389,-1
-34.175096,142.525958,-1
-34.175023,142.477417,-1
-34.198266,142.516867,-1
-34.274575,142.755431,-1
-34.225521,142.681705,-1
-34.172009,142.445383,-1
-34.225213,142.697633,-1
-34.230133,142.679004,-1
-34.175096,142.525958,-1
-34.175096,142.525958,-1
-34.237194,142.691576,-1
-34.175023,142.477417,-1
-34.225521,142.681705,-1
-34.227044,142.761917,-1
-34.225213,142.697633,-1
-34.274575,142.755431,-1
-34.274575,142.755431,-1
-32.367622,141.491262,-1
-34.237194,142.691576,-1
-34.274575,142.755431,-1
-30.344812,142.079933,-1
-34.1526,142.0902,-1
-34.225213,142.697633,-1
-34.237194,142.691576,-1
-34.274575,142.755431,-1
-32.367622,141.491262,-1
-34.225213,142.697633,-1
-34.274575,142.755431,-1
-31.936989,141.519838,-1
-31.698035,143.634382,-1
-34.274575,142.755431,-1
-34.230133,142.679004,-1
-34.274575,142.755431,-1
-34.266629,142.743319,-1
-34.266629,142.743319,-1
-34.274575,142.755431,-1
-34.172009,142.445383,-1
-34.225213,142.697633,-1
-34.266629,142.743319,-1
-34.237194,142.691576,-1
-34.271269,142.680676,-1
-34.266629,142.743319,-1
-34.237194,142.691576,-1
-34.274575,142.755431,-1
-34.172009,142.445383,-1
-34.174134,142.461354,-1
-34.266629,142.743319,-1
-34.237194,142.691576,-1
-34.225213,142.697633,-1
-34.274575,142.755431,-1
-34.274575,142.755431,-1
-34.274575,142.755431,-1
-34.172009,142.445383,-1
-34.174134,142.461354,-1
-34.266629,142.743319,-1
-31.988238,141.465144,-1
-34.274575,142.755431,-1
-34.175023,142.477417,-1
-31.729483,147.854722,-1
-34.274575,142.755431,-1
-34.181246,142.55569,-1
-34.174134,142.461354,-1
-34.266629,142.743319,-1
-34.266629,142.743319,-1
-34.274575,142.755431,-1
-34.175023,142.477417,-1
-34.237194,142.691576,-1
-34.274575,142.755431,-1
-34.274575,142.755431,-1
-34.174134,142.461354,-1
-34.266629,142.743319,-1
-34.266629,142.743319,-1
-34.274575,142.755431,-1
-31.729483,147.854722,-1
-34.237194,142.691576,-1
-34.274575,142.755431,-1
-34.277097,142.786439,-1
-32.278176,142.33342,-1
-34.225213,142.697633,-1
-34.274575,142.755431,-1
-34.274575,142.755431,-1
-34.258853,142.685906,-1
-34.237194,142.691576,-1
-34.274575,142.755431,-1
-34.277097,142.786439,-1
-29.227076,145.16692,-1
-34.225213,142.697633,-1
-31.162719,142.40028,-1
-34.174134,142.461354,-1
-29.227076,145.16692,-1
-32.264668,142.308214,-1
-34.176213,142.493598,-1
-34.209472,142.638321,-1
-34.214312,142.556567,-1
-35.263898,145.285184,-1
-34.225213,142.697633,-1
-32.264668,142.308214,-1
-34.225213,142.697633,-1
-34.187444,142.541696,-1
-33.471796,142.18471,-1
-34.277097,142.786439,-1
-34.225521,142.681705,-1
-34.207896,142.610772,-1
-34.225213,142.697633,-1
-34.230133,142.679004,-1
-34.266629,142.743319,-1
-34.172009,142.445383,-1
-31.729483,147.854722,-1
-34.207896,142.610772,-1
-34.114969,142.541881,-1
-34.237194,142.691576,-1
-34.237194,142.691576,-1
-34.230133,142.679004,-1
-34.209472,142.638321,-1
-30.24073,144.60704,-1
-29.198472,145.16278,-1
-34.197751,142.581219,-1
-34.191487,142.555893,-1
-34.237194,142.691576,-1
-34.237194,142.691576,-1
-34.274575,142.755431,-1
-34.198266,142.516867,-1
-34.266629,142.743319,-1
-31.955654,141.455725,-1
-34.226575,142.745668,-1
-32.117083,141.806939,-1
-34.274575,142.755431,-1
-34.237194,142.691576,-1
-34.226138,142.729422,-1
-34.230133,142.679004,-1
-34.226138,142.729422,-1
-34.237194,142.691576,-1
-34.197751,142.581219,-1
-34.22658,142.71351,-1
-34.274575,142.755431,-1
-34.237194,142.691576,-1
-34.225213,142.697633,-1
-34.095196,142.008036,-1
-34.226138,142.729422,-1
-34.237194,142.691576,-1
-34.226575,142.745668,-1
-34.22658,142.71351,-1
-34.237194,142.691576,-1
-34.281833,142.557773,-1
-34.225213,142.697633,-1
-34.274575,142.755431,-1
-34.266629,142.743319,-1
-34.237194,142.691576,-1
-34.197751,142.581219,-1
-31.497452,145.820825,-1
-34.274575,142.755431,-1
-34.225213,142.697633,-1
-34.225213,142.697633,-1
-34.274575,142.755431,-1
-34.266629,142.743319,-1
-34.175096,142.525958,-1
-34.277097,142.786439,-1
-34.172009,142.445383,-1
-34.274575,142.755431,-1
-34.237194,142.691576,-1
-34.225213,142.697633,-1
-30.611107,149.145876,-1
-34.266629,142.743319,-1
-34.175096,142.525958,-1
-34.277097,142.786439,-1
-34.274575,142.755431,-1
-34.274575,142.755431,-1
-34.237194,142.691576,-1
-34.225213,142.697633,-1
-34.274575,142.755431,-1
-34.274575,142.755431,-1
-34.225213,142.697633,-1
-34.277097,142.786439,-1
-34.274575,142.755431,-1
-34.274575,142.755431,-1
-34.225213,142.697633,-1
-34.266629,142.743319,-1
-34.209472,142.638321,-1
-34.266629,142.743319,-1
-34.225213,142.697633,-1
-34.277097,142.786439,-1
-34.274575,142.755431,-1
-34.237194,142.691576,-1
-34.225213,142.697633,-1
-34.266629,142.743319,-1
-34.214669,143.534471,-1
-34.266629,142.743319,-1
-34.225213,142.697633,-1
-34.175096,142.525958,-1
-34.175023,142.477417,-1
-34.237194,142.691576,-1
-34.225213,142.697633,-1
-34.266629,142.743319,-1
-34.230133,142.679004,-1
-29.227076,145.16692,-1
-34.225213,142.697633,-1
-34.225213,142.697633,-1
-34.237194,142.691576,-1
-34.237194,142.691576,-1
-34.225213,142.697633,-1
-34.237194,142.691576,-1
-34.230133,142.679004,-1
-34.175096,142.525958,-1
-34.175023,142.477417,-1
-34.271269,142.680676,-1
-34.237194,142.691576,-1
-34.237194,142.691576,-1
-34.225213,142.697633,-1
-34.237194,142.691576,-1
-34.207977,142.66964,-1
-34.195523,142.669137,-1
-34.225213,142.697633,-1
-34.230133,142.679004,-1
-34.274575,142.755431,-1
-34.237194,142.691576,-1
-34.225213,142.697633,-1
-34.230133,142.679004,-1
-34.226138,142.729422,-1
-34.259358,142.557311,-1
-34.225213,142.697633,-1
-34.237194,142.691576,-1
-34.274375,142.770862,-1
-34.207977,142.66964,-1
-34.225213,142.697633,-1
-34.209472,142.638321,-1
-34.266629,142.743319,-1
-34.274575,142.755431,-1
-34.225213,142.697633,-1
-34.274575,142.755431,-1
-34.271269,142.680676,-1
-34.237194,142.691576,-1
-34.214312,142.556567,-1
-34.237194,142.691576,-1
-34.266629,142.743319,-1
-33.982835,142.393012,-1
-34.230133,142.679004,-1
-34.237194,142.691576,-1
-34.274575,142.755431,-1
-34.237194,142.691576,-1
-31.162719,142.40028,-1
-34.207977,142.66964,-1
-34.237194,142.691576,-1
-34.259358,142.557311,-1
-34.230133,142.679004,-1
-34.230133,142.679004,-1
-34.274575,142.755431,-1
-33.9763,141.2841,-1
-34.266629,142.743319,-1
-30.705397,143.635717,-1
-34.266629,142.743319,-1
-34.237194,142.691576,-1
-34.174134,142.461354,-1
-34.237194,142.691576,-1
-34.198266,142.516867,-1
-34.237194,142.691576,-1
-34.266629,142.743319,-1
-34.259358,142.557311,-1
-34.266629,142.743319,-1
-34.225213,142.697633,-1
-34.174134,142.461354,-1
-34.237194,142.691576,-1
-34.259358,142.557311,-1
-34.209472,142.638321,-1
-34.246106,142.685183,-1
-34.127654,142.546284,-1
-34.266629,142.743319,-1
-34.225213,142.697633,-1
-34.225213,142.697633,-1
-34.237194,142.691576,-1
-34.237194,142.691576,-1
-33.402387,142.25522,-1
-34.230133,142.679004,-1
-30.524776,149.325343,-1
-34.266629,142.743319,-1
-34.225213,142.697633,-1
-34.274575,142.755431,-1
-34.225213,142.697633,-1
-34.237194,142.691576,-1
-31.552696,147.176969,-1
-30.524776,149.325343,-1
-34.237194,142.691576,-1
-34.225213,142.697633,-1
-34.174134,142.461354,-1
-34.274575,142.755431,-1
-34.225213,142.697633,-1
-34.237194,142.691576,-1
-34.246106,142.685183,-1
-34.225213,142.697633,-1
-34.237194,142.691576,-1
-34.225213,142.697633,-1
-34.174134,142.461354,-1
-34.274575,142.755431,-1
-34.225213,142.697633,-1
-34.237194,142.691576,-1
-34.175023,142.477417,-1
-34.225213,142.697633,-1
-34.237194,142.691576,-1
-34.225213,142.697633,-1
-33.987081,141.448901,-1
-34.274575,142.755431,-1
-34.225213,142.697633,-1
-34.237194,142.691576,-1
-34.266629,142.743319,-1
-34.225213,142.697633,-1
-34.237194,142.691576,-1
-34.225213,142.697633,-1
-33.633518,141.378433,-1
-34.266629,142.743319,-1
-34.225213,142.697633,-1
-34.22658,142.71351,-1
-34.226575,142.745668,-1
-34.225213,142.697633,-1
-34.237194,142.691576,-1
-34.225213,142.697633,-1
-34.201959,142.596441,-1
-34.266629,142.743319,-1
-34.225213,142.697633,-1
-31.698035,143.634382,-1
-34.197751,142.581219,-1
-34.225213,142.697633,-1
-34.237194,142.691576,-1
-34.291294,142.569536,-1
-33.476715,142.19188,-1
-34.266629,142.743319,-1
-34.225213,142.697633,-1
-31.698035,143.634382,-1
-34.197751,142.581219,-1
-34.225213,142.697633,-1
-29.803951,151.14288,-1
-34.237194,142.691576,-1
-34.274575,142.755431,-1
-34.237194,142.691576,-1
-34.237194,142.691576,-1
-34.274575,142.755431,-1
-34.187242,142.57241,-1
-34.266629,142.743319,-1
-34.195802,142.56861,-1
-34.237194,142.691576,-1
-34.28011,146.0455,-1
-34.237194,142.691576,-1
-34.225213,142.697633,-1
-34.274575,142.755431,-1
-34.197751,142.581219,-1
-34.266629,142.743319,-1
-34.32391,142.39603,-1
-34.237194,142.691576,-1
-34.175023,142.477417,-1
-34.266629,142.743319,-1
-34.225213,142.697633,-1
-34.274575,142.755431,-1
-34.115327,142.056118,-1
-34.266629,142.743319,-1
-30.906671,143.05216,-1
-34.237194,142.691576,-1
-34.230133,142.679004,-1
-34.266629,142.743319,-1
-34.225213,142.697633,-1
-34.194636,142.490128,-1
-34.226575,142.745668,-1
-34.266629,142.743319,-1
-34.164292,142.562492,-1
-34.237194,142.691576,-1
-34.2937,142.2836,-1
-34.266629,142.743319,-1
-34.225213,142.697633,-1
-31.729483,147.854722,-1
-34.226575,142.745668,-1
-34.192008,142.542675,-1
-34.277097,142.786439,-1
-34.266629,142.743319,-1
-30.524776,149.325343,-1
-34.266629,142.743319,-1
-34.266629,142.743319,-1
-34.230133,142.679004,-1
-34.226575,142.745668,-1
-34.237194,142.691576,-1
-34.209472,142.638321,-1
-34.266629,142.743319,-1
-34.227538,142.778166,-1
-34.237194,142.691576,-1
-34.266629,142.743319,-1
-32.264668,142.308214,-1
-34.152008,142.559481,-1
-34.237194,142.691576,-1
-34.152008,142.559481,-1
-34.225213,142.697633,-1
-34.266629,142.743319,-1
-34.274575,142.755431,-1
-34.175096,142.525958,-1
-33.987081,141.448901,-1
-35.088114,150.649632,-1
-34.237194,142.691576,-1
-34.197751,142.581219,-1
-34.225213,142.697633,-1
-34.266629,142.743319,-1
-34.230133,142.679004,-1
-30.906677,143.05216,-1
-29.212724,145.173389,-1
-34.226575,142.745668,-1
-34.207977,142.66964,-1
-34.160148,142.189305,-1
-31.086384,141.703096,-1
-34.266629,142.743319,-1
-29.227076,145.16692,-1
-34.237194,142.691576,-1
-34.051726,141.847545,-1
-34.197751,142.581219,-1
-34.266629,142.743319,-1
-30.51228,149.334224,-1
-34.266629,142.743319,-1
-29.267583,145.263004,-1
-34.198266,142.516867,-1
-34.237194,142.691576,-1
-34.237194,142.691576,-1
-34.266629,142.743319,-1
-34.237194,142.691576,-1
-34.277097,142.786439,-1
-34.207896,142.610772,-1
-34.175023,142.477417,-1
-34.225213,142.697633,-1
-34.209472,142.638321,-1
-34.266629,142.743319,-1
-34.266629,142.743319,-1
-34.237194,142.691576,-1
-34.277097,142.786439,-1
-34.127654,142.546284,-1
-34.274575,142.755431,-1
-34.225213,142.697633,-1
-34.209472,142.638321,-1
-34.237194,142.691576,-1
-34.266629,142.743319,-1
-34.209472,142.638321,-1
-34.277097,142.786439,-1
-34.266629,142.743319,-1
-34.274575,142.755431,-1
-34.208707,142.622304,-1
-34.209472,142.638321,-1
-34.266629,142.743319,-1
-34.266629,142.743319,-1
-34.237194,142.691576,-1
-34.197751,142.581219,-1
-34.195523,142.669137,-1
-34.237194,142.691576,-1
-34.230133,142.679004,-1
-34.175023,142.477417,-1
-34.266629,142.743319,-1
-34.266629,142.743319,-1
-34.266629,142.743319,-1
-34.191487,142.555893,-1
-34.139807,142.552935,-1
-34.209472,142.638321,-1
-34.237194,142.691576,-1
-34.198266,142.516867,-1
-34.266629,142.743319,-1
-34.266629,142.743319,-1
-34.237194,142.691576,-1
-34.201959,142.596441,-1
-34.181246,142.55569,-1
-34.237194,142.691576,-1
-34.230133,142.679004,-1
-34.237194,142.691576,-1
-34.266629,142.743319,-1
-34.266629,142.743319,-1
-34.246106,142.685183,-1
-29.212724,145.173389,-1
-34.277097,142.786439,-1
-30.509723,149.408227,-1
-34.266629,142.743319,-1
-34.237194,142.691576,-1
-29.227076,145.16692,-1
-34.266629,142.743319,-1
-29.7386,141.8844,-1
-34.176213,142.493598,-1
-34.209472,142.638321,-1
-34.230133,142.679004,-1
-34.266629,142.743319,-1
-34.237194,142.691576,-1
-34.181246,142.55569,-1
-34.164292,142.562492,-1
-29.267583,145.263004,-1
-34.191368,142.567815,-1
-34.164292,142.562492,-1
-34.207977,142.66964,-1
-34.266629,142.743319,-1
-34.209472,142.638321,-1
-34.266629,142.743319,-1
-34.277097,142.786439,-1
-34.195802,142.56861,-1
-34.201959,142.596441,-1
-34.226575,142.745668,-1
-34.28011,146.0455,-1
-34.266629,142.743319,-1
-34.237194,142.691576,-1
-34.230133,142.679004,-1
-34.277097,142.786439,-1
-34.209472,142.638321,-1
-34.175096,142.525958,-1
-34.226575,142.745668,-1
-34.259358,142.557311,-1
-34.266629,142.743319,-1
-34.209472,142.638321,-1
-34.181246,142.55569,-1
-34.207977,142.66964,-1
-34.237194,142.691576,-1
-34.174134,142.461354,-1
-34.270666,142.530442,-1
-34.277097,142.786439,-1
-31.566581,142.373136,-1
-34.209472,142.638321,-1
-34.127654,142.546284,-1
-34.225213,142.697633,-1
-34.225213,142.697633,-1
-32.238065,148.64728,-1
-34.280746,142.801882,-1
-34.226575,142.745668,-1
-34.266629,142.743319,-1
-34.237194,142.691576,-1
-34.237194,142.691576,-1
-34.237194,142.691576,-1
-34.225213,142.697633,-1
-34.274575,142.755431,-1
-34.197751,142.581219,-1
-34.207896,142.610772,-1
-29.306949,145.272952,-1
-34.237194,142.691576,-1
-34.237194,142.691576,-1
-31.399147,143.172368,-1
-34.225213,142.697633,-1
-34.274575,142.755431,-1
-34.2879,142.28,-1
-33.705237,150.705241,-1
-34.266629,142.743319,-1
-34.266629,142.743319,-1
-34.225213,142.697633,-1
-34.225213,142.697633,-1
-34.225213,142.697633,-1
-34.266629,142.743319,-1
-32.265034,148.089798,-1
-34.209472,142.638321,-1
-34.266629,142.743319,-1
-34.266629,142.743319,-1
-34.225213,142.697633,-1
-31.936989,141.519838,-1
-34.127654,142.546284,-1
-34.266629,142.743319,-1
-34.225521,142.681705,-1
-29.666422,147.634182,-1
-34.266629,142.743319,-1
-34.266629,142.743319,-1
-34.225213,142.697633,-1
-34.277097,142.786439,-1
-34.277097,142.786439,-1
-34.230133,142.679004,-1
-34.226575,142.745668,-1
-34.127654,142.546284,-1
-34.266629,142.743319,-1
-34.266629,142.743319,-1
-34.225213,142.697633,-1
-34.277097,142.786439,-1
-34.277097,142.786439,-1
-34.266629,142.743319,-1
-34.277097,142.786439,-1
-34.197751,142.581219,-1
-34.207896,142.610772,-1
-31.913933,141.356233,-1
-34.225213,142.697633,-1
-34.277097,142.786439,-1
-34.197751,142.581219,-1
-34.266629,142.743319,-1
-34.277097,142.786439,-1
-34.305122,142.565355,-1
-34.051726,141.847545,-1
-34.274575,142.755431,-1
-34.225213,142.697633,-1
-34.277097,142.786439,-1
-34.219829,142.666498,-1
-34.266629,142.743319,-1
-34.197751,142.581219,-1
-34.225213,142.697633,-1
-34.195523,142.669137,-1
-34.274575,142.755431,-1
-34.225213,142.697633,-1
-34.277097,142.786439,-1
-34.219829,142.666498,-1
-34.266629,142.743319,-1
-30.141467,142.955081,-1
-34.225213,142.697633,-1
-29.800489,151.059947,-1
-34.237194,142.691576,-1
-34.225213,142.697633,-1
-34.224236,142.674409,-1
-34.164292,142.562492,-1
-34.266629,142.743319,-1
-34.197751,142.581219,-1
-34.225213,142.697633,-1
-31.093,150.9323,-1
-34.237194,142.691576,-1
-34.225213,142.697633,-1
-34.227937,142.794417,-1
-34.2032,142.48886,-1
-34.266629,142.743319,-1
-34.277097,142.786439,-1
-35.007523,145.743103,-1
-33.392804,142.241353,-1
-34.274575,142.755431,-1
-34.225213,142.697633,-1
-32.587875,149.561342,-1
-34.277097,142.786439,-1
-34.274575,142.755431,-1
-32.14277,141.881201,-1
-30.815245,141.130382,-1
-34.277097,142.786439,-1
-34.230133,142.679004,-1
-34.225213,142.697633,-1
-34.181246,142.55569,-1
-34.190702,142.51933,-1
-34.274575,142.755431,-1
-34.201959,142.596441,-1
-34.277097,142.786439,-1
-34.181246,142.55569,-1
-34.266629,142.743319,-1
-34.225213,142.697633,-1
-30.850099,141.142687,-1
-34.2032,142.48886,-1
-34.258853,142.685906,-1
-33.386549,142.256197,-1
-34.277097,142.786439,-1
-34.226575,142.745668,-1
-34.274575,142.755431,-1
-34.225213,142.697633,-1
-29.212724,145.173389,-1
-31.337435,142.740536,-1
-34.187444,142.541696,-1
-33.609062,141.687164,-1
-34.277097,142.786439,-1
-34.219829,142.666498,-1
-34.274575,142.755431,-1
-34.225213,142.697633,-1
-33.576027,148.663016,-1
-34.277097,142.786439,-1
-34.230133,142.679004,-1
-34.174134,142.461354,-1
-34.225521,142.681705,-1
-29.430467,147.976962,-1
-34.266629,142.743319,-1
-29.227076,145.16692,-1
-34.717022,145.137527,-1
-34.277097,142.786439,-1
-34.230133,142.679004,-1
-34.213906,142.570185,-1
-34.055951,141.365573,-1
-34.197751,142.581219,-1
-34.266629,142.743319,-1
-29.227076,145.16692,-1
-34.209472,142.638321,-1
-34.277097,142.786439,-1
-28.869137,149.171417,-1
-32.335123,141.458276,-1
-33.591064,141.598022,-1
-34.277097,142.786439,-1
-34.230133,142.679004,-1
-34.274575,142.755431,-1
-34.266629,142.743319,-1
-34.277097,142.786439,-1
-34.237194,142.691576,-1
-34.225521,142.681705,-1
-30.524776,149.325343,-1
-34.226575,142.745668,-1
-34.274575,142.755431,-1
-34.266629,142.743319,-1
-34.266629,142.743319,-1
-34.277097,142.786439,-1
-34.237194,142.691576,-1
-34.227937,142.794417,-1
-34.165243,142.433627,-1
-34.245576,142.685235,-1
-34.225213,142.697633,-1
-34.266629,142.743319,-1
-34.266629,142.743319,-1
-34.280746,142.801882,-1
-34.237194,142.691576,-1
-34.227937,142.794417,-1
-34.277097,142.786439,-1
-34.245576,142.685235,-1
-34.225213,142.697633,-1
-34.266629,142.743319,-1
-34.266629,142.743319,-1
-34.207896,142.610772,-1
-34.258853,142.685906,-1
-34.277097,142.786439,-1
-34.266629,142.743319,-1
-29.257464,145.195417,-1
-34.225213,142.697633,-1
-34.274575,142.755431,-1
-34.266629,142.743319,-1
-34.245576,142.685235,-1
-34.258853,142.685906,-1
-34.174134,142.461354,-1
-34.266629,142.743319,-1
-34.277097,142.786439,-1
-34.225213,142.697633,-1
-34.266629,142.743319,-1
-34.266629,142.743319,-1
-29.666422,147.634182,-1
-34.230133,142.679004,-1
-34.174579,142.542184,-1
-34.266629,142.743319,-1
-34.181246,142.55569,-1
-34.225213,142.697633,-1
-30.716548,148.880664,-1
-34.266629,142.743319,-1
-34.224236,142.674409,-1
-34.175023,142.477417,-1
-34.174579,142.542184,-1
-30.524776,149.325343,-1
-34.226575,142.745668,-1
-34.280746,142.801882,-1
-34.207896,142.610772,-1
-34.266629,142.743319,-1
-34.213906,142.570185,-1
-33.34718,142.224736,-1
-34.260905,142.72966,-1
-34.277097,142.786439,-1
-34.226575,142.745668,-1
-34.277097,142.786439,-1
-34.237194,142.691576,-1
-34.201959,142.596441,-1
-34.224236,142.674409,-1
-34.174134,142.461354,-1
-34.187242,142.57241,-1
-34.225521,142.681705,-1
-34.209472,142.638321,-1
-34.277097,142.786439,-1
-34.266629,142.743319,-1
-34.201959,142.596441,-1
-34.213906,142.570185,-1
-34.174134,142.461354,-1
-34.201959,142.596441,-1
-34.174134,142.461354,-1
-34.225521,142.681705,-1
-34.277097,142.786439,-1
-34.266629,142.743319,-1
-34.201959,142.596441,-1
-34.219829,142.666498,-1
-34.174134,142.461354,-1
-34.201959,142.596441,-1
-34.174134,142.461354,-1
-34.227937,142.794417,-1
-34.277097,142.786439,-1
-34.152008,142.559481,-1
-34.174134,142.461354,-1
-33.211947,141.166921,-1
-34.274575,142.755431,-1
-34.237194,142.691576,-1
-32.117083,141.806939,-1
-31.941785,141.420822,-1
-34.277097,142.786439,-1
-31.019049,142.264648,-1
-34.258853,142.685906,-1
-34.225521,142.681705,-1
-34.274575,142.755431,-1
-34.237194,142.691576,-1
-34.174134,142.461354,-1
-32.117083,141.806939,-1
-34.277097,142.786439,-1
-31.490987,145.834613,-1
-34.174134,142.461354,-1
-34.219829,142.666498,-1
-34.274575,142.755431,-1
-34.187242,142.57241,-1
-34.174134,142.461354,-1
-34.219829,142.666498,-1
-33.213616,141.128176,-1
-34.164292,142.562492,-1
-31.698035,143.634382,-1
-34.175096,142.525958,-1
-34.175023,142.477417,-1
-34.237194,142.691576,-1
-34.175808,142.50974,-1
-34.114969,142.541881,-1
-34.195838,142.513264,-1
-29.238291,145.188712,-1
-34.174134,142.461354,-1
-34.190346,142.538691,-1
-34.266629,142.743319,-1
-34.187242,142.57241,-1
-34.277097,142.786439,-1
-34.175808,142.50974,-1
-34.190346,142.538691,-1
-34.245576,142.685235,-1
-34.175096,142.525958,-1
-34.114969,142.541881,-1
-34.266629,142.743319,-1
-34.195838,142.513264,-1
-34.277097,142.786439,-1
-30.520311,149.332659,-1
-34.226575,142.745668,-1
-34.207977,142.66964,-1
-34.175096,142.525958,-1
-34.174134,142.461354,-1
-34.266629,142.743319,-1
-34.214312,142.556567,-1
-34.175096,142.525958,-1
-34.201959,142.596441,-1
-34.225521,142.681705,-1
-34.219829,142.666498,-1
-34.187242,142.57241,-1
-34.174134,142.461354,-1
-34.266629,142.743319,-1
-34.258853,142.685906,-1
-34.219829,142.666498,-1
-34.201959,142.596441,-1
-34.197751,142.581219,-1
-34.277097,142.786439,-1
-34.353144,146.025065,-1
-34.227044,142.761917,-1
-34.266629,142.743319,-1
-34.266629,142.743319,-1
-29.370938,142.262799,-1
-33.345535,142.187005,-1
-34.224236,142.674409,-1
-34.277097,142.786439,-1
-34.078424,141.903726,-1
-34.201959,142.596441,-1
-34.266629,142.743319,-1
-34.266629,142.743319,-1
-34.227044,142.761917,-1
-34.201959,142.596441,-1
-34.213906,142.570185,-1
-31.936989,141.519838,-1
-34.195838,142.513264,-1
-34.214312,142.556567,-1
-29.066006,147.058559,-1
-34.266629,142.743319,-1
-34.174579,142.542184,-1
-34.227044,142.761917,-1
-34.227937,142.794417,-1
-34.277097,142.786439,-1
-34.174579,142.542184,-1
-34.277097,142.786439,-1
-34.187242,142.57241,-1
-34.266629,142.743319,-1
-34.078424,141.903726,-1
-34.353144,146.025065,-1
-34.187242,142.57241,-1
-34.187242,142.57241,-1
-34.18317,142.671716,-1
-34.277097,142.786439,-1
-31.013943,149.045165,-1
-34.266629,142.743319,-1
-34.274375,142.770862,-1
-34.174134,142.461354,-1
-33.369747,147.999156,-1
-33.848,141.4036,-1
-34.207977,142.66964,-1
-34.277097,142.786439,-1
-34.237194,142.691576,-1
-34.266629,142.743319,-1
-34.201959,142.596441,-1
-34.174134,142.461354,-1
-34.245576,142.685235,-1
-34.281833,142.557773,-1
-34.224236,142.674409,-1
-34.277097,142.786439,-1
-34.201959,142.596441,-1
-34.266629,142.743319,-1
-34.277097,142.786439,-1
-34.174134,142.461354,-1
-34.219829,142.666498,-1
-34.181246,142.55569,-1
-34.277097,142.786439,-1
-34.174579,142.542184,-1
-34.201959,142.596441,-1
-34.266629,142.743319,-1
-34.225521,142.681705,-1
-34.174134,142.461354,-1
-34.226138,142.729422,-1
-34.207896,142.610772,-1
-34.277097,142.786439,-1
-32.563883,148.946661,-1
-34.021,141.895,-1
-34.266629,142.743319,-1
-34.219829,142.666498,-1
-34.174134,142.461354,-1
-34.266629,142.743319,-1
-34.187242,142.57241,-1
-31.936989,141.519838,-1
-34.18317,142.671716,-1
-34.225521,142.681705,-1
-34.266629,142.743319,-1
-34.174134,142.461354,-1
-34.28425,142.680502,-1
-34.266629,142.743319,-1
-33.396803,142.248162,-1
-34.20431,142.543494,-1
-35.11336,144.58425,-1
-34.187444,142.541696,-1
-34.175023,142.477417,-1
-34.28425,142.680502,-1
-34.175096,142.525958,-1
-34.266629,142.743319,-1
-34.280746,142.801882,-1
-34.225521,142.681705,-1
-34.219829,142.666498,-1
-34.201959,142.596441,-1
-34.258853,142.685906,-1
-34.230574,142.24869,-1
-34.203656,142.583332,-1
-34.266629,142.743319,-1
-31.507483,145.827719,-1
-34.225521,142.681705,-1
-31.892985,141.598526,-1
-34.175023,142.477417,-1
-34.237194,142.691576,-1
-34.260905,142.72966,-1
-35.303326,145.069411,-1
-34.266629,142.743319,-1
-34.219829,142.666498,-1
-34.225521,142.681705,-1
-29.480652,142.234206,-1
-34.095196,142.008036,-1
-34.237194,142.691576,-1
-34.245274,142.703813,-1
-34.277097,142.786439,-1
-34.266629,142.743319,-1
-34.280746,142.801882,-1
-34.011,141.542,-1
-34.172009,142.445383,-1
-34.219829,142.666498,-1
-34.174134,142.461354,-1
-29.367648,146.45044,-1
-34.277097,142.786439,-1
-34.266629,142.743319,-1
-34.18317,142.671716,-1
-34.181246,142.55569,-1
-34.260905,142.72966,-1
-34.237194,142.691576,-1
-34.174134,142.461354,-1
-34.191368,142.567815,-1
-34.277097,142.786439,-1
-34.266629,142.743319,-1
-34.225521,142.681705,-1
-34.268306,142.593394,-1
-34.201959,142.596441,-1
-34.237194,142.691576,-1
-34.175096,142.525958,-1
-34.201959,142.596441,-1
-34.224236,142.674409,-1
-34.230133,142.679004,-1
-34.225521,142.681705,-1
-34.225521,142.681705,-1
-34.266629,142.743319,-1
-34.237194,142.691576,-1
-34.174134,142.461354,-1
-34.176213,142.493598,-1
-34.224236,142.674409,-1
-34.175023,142.477417,-1
-31.936989,141.519838,-1
-34.227044,142.761917,-1
-34.266629,142.743319,-1
-34.237194,142.691576,-1
-34.201959,142.596441,-1
-34.225521,142.681705,-1
-34.219829,142.666498,-1
-34.201959,142.596441,-1
-33.394646,142.243862,-1
-34.114969,142.541881,-1
-34.266629,142.743319,-1
-34.266629,142.743319,-1
-34.201959,142.596441,-1
-34.201959,142.596441,-1
-33.7234,143.0566,-1
-34.274375,142.770862,-1
-34.258853,142.685906,-1
-34.277097,142.786439,-1
-34.266629,142.743319,-1
-34.174134,142.461354,-1
-34.201959,142.596441,-1
-34.266629,142.743319,-1
-34.172009,142.445383,-1
-34.194636,142.490128,-1
-34.214312,142.556567,-1
-34.230133,142.679004,-1
-34.266629,142.743319,-1
-33.352383,142.193288,-1
-33.401238,142.261838,-1
-34.266629,142.743319,-1
-34.266629,142.743319,-1
-34.266629,142.743319,-1
-34.175096,142.525958,-1
-34.174134,142.461354,-1
-34.175023,142.477417,-1
-30.574234,149.130333,-1
-30.497168,149.332433,-1
-34.266629,142.743319,-1
-34.266629,142.743319,-1
-34.274575,142.755431,-1
-34.213906,142.570185,-1
-34.174134,142.461354,-1
-34.201959,142.596441,-1
-33.200105,141.136211,-1
-35.33907,146.274675,-1
-34.266629,142.743319,-1
-34.266629,142.743319,-1
-34.274575,142.755431,-1
-34.213906,142.570185,-1
-34.274375,142.770862,-1
-34.201959,142.596441,-1
-34.258853,142.685906,-1
-34.213906,142.570185,-1
-34.266629,142.743319,-1
-34.266629,142.743319,-1
-34.266629,142.743319,-1
-34.201959,142.596441,-1
-30.175001,143.928108,-1
-34.274375,142.770862,-1
-34.174134,142.461354,-1
-34.172009,142.445383,-1
-34.266629,142.743319,-1
-34.266629,142.743319,-1
-34.274575,142.755431,-1
-34.201959,142.596441,-1
-34.172009,142.445383,-1
-34.174134,142.461354,-1
-34.114969,142.541881,-1
-34.172009,142.445383,-1
-31.423519,145.820963,-1
-34.201959,142.596441,-1
-34.266629,142.743319,-1
-34.214312,142.556567,-1
-34.172009,142.445383,-1
-34.174134,142.461354,-1
-34.175096,142.525958,-1
-34.274575,142.755431,-1
-34.237194,142.691576,-1
-34.201959,142.596441,-1
-34.266629,142.743319,-1
-34.213906,142.570185,-1
-34.174134,142.461354,-1
-34.174134,142.461354,-1
-31.936989,141.519838,-1
-34.274575,142.755431,-1
-34.237194,142.691576,-1
-34.175023,142.477417,-1
-34.174134,142.461354,-1
-34.175023,142.477417,-1
-34.176213,142.493598,-1
-34.237194,142.691576,-1
-34.245274,142.703813,-1
-34.266629,142.743319,-1
-34.258853,142.685906,-1
-34.274375,142.770862,-1
-34.174134,142.461354,-1
-34.266629,142.743319,-1
-34.237194,142.691576,-1
-34.237194,142.691576,-1
-34.626577,146.333012,-1
-34.266629,142.743319,-1
-34.175023,142.477417,-1
-34.201959,142.596441,-1
-34.174134,142.461354,-1
-34.266629,142.743319,-1
-34.237194,142.691576,-1
-34.187242,142.57241,-1
-34.280746,142.801882,-1
-34.266629,142.743319,-1
-34.174134,142.461354,-1
-34.201959,142.596441,-1
-34.174134,142.461354,-1
-34.266629,142.743319,-1
-34.230133,142.679004,-1
-34.187242,142.57241,-1
-34.245576,142.685235,-1
-34.266629,142.743319,-1
-32.056653,141.19193,-1
-34.191368,142.567815,-1
-29.212724,145.173389,-1
-34.266629,142.743319,-1
-34.237194,142.691576,-1
-34.230574,142.24869,-1
-34.277097,142.786439,-1
-34.194636,142.490128,-1
-34.174134,142.461354,-1
-34.201959,142.596441,-1
-34.191368,142.567815,-1
-34.266629,142.743319,-1
-34.237194,142.691576,-1
-34.190346,142.538691,-1
-34.277097,142.786439,-1
-34.174134,142.461354,-1
-34.174134,142.461354,-1
-34.268306,142.593394,-1
-34.258853,142.685906,-1
-34.271269,142.680676,-1
-34.22658,142.71351,-1
-34.237194,142.691576,-1
-34.277097,142.786439,-1
-34.174134,142.461354,-1
-34.175096,142.525958,-1
-34.237194,142.691576,-1
-33.398808,142.262136,-1
-34.274575,142.755431,-1
-34.174134,142.461354,-1
-34.268306,142.593394,-1
-34.277097,142.786439,-1
-34.274575,142.755431,-1
-34.260905,142.72966,-1
-34.237194,142.691576,-1
-34.266629,142.743319,-1
-34.237194,142.691576,-1
-34.174134,142.461354,-1
-34.274375,142.770862,-1
-33.598659,141.703812,-1
-34.266629,142.743319,-1
-34.271269,142.680676,-1
-34.268306,142.593394,-1
-34.266629,142.743319,-1
-34.237194,142.691576,-1
-31.502431,145.825667,-1
-34.274575,142.755431,-1
-29.318644,142.212616,-1
-34.266629,142.743319,-1
-34.186248,144.523733,-1
-34.175096,142.525958,-1
-34.266629,142.743319,-1
-34.237194,142.691576,-1
-34.258853,142.685906,-1
-34.274575,142.755431,-1
-31.033251,149.050606,-1
-34.274575,142.755431,-1
-34.187444,142.541696,-1
-34.174134,142.461354,-1
-34.226138,142.729422,-1
-34.237194,142.691576,-1
-34.795921,145.187225,-1
-34.266629,142.743319,-1
-34.260905,142.72966,-1
-34.274575,142.755431,-1
-34.089195,141.734938,-1
-34.174134,142.461354,-1
-34.266629,142.743319,-1
-34.237194,142.691576,-1
-34.274575,142.755431,-1
-34.266629,142.743319,-1
-34.176213,142.493598,-1
-30.491182,149.308234,-1
-34.575,142.7451,-1
-34.174134,142.461354,-1
-34.259358,142.557311,-1
-34.174134,142.461354,-1
-34.274575,142.755431,-1
-34.230133,142.679004,-1
-34.226138,142.729422,-1
-34.266629,142.743319,-1
-34.201959,142.596441,-1
-34.187444,142.541696,-1
-34.259358,142.557311,-1
-34.174134,142.461354,-1
-34.230133,142.679004,-1
-34.274575,142.755431,-1
-34.198266,142.516867,-1
-34.266629,142.743319,-1
-34.187242,142.57241,-1
-34.260905,142.72966,-1
-34.271269,142.680676,-1
-34.271269,142.680676,-1
-34.266629,142.743319,-1
-34.174134,142.461354,-1
-34.191368,142.567815,-1
-34.237194,142.691576,-1
-34.174579,142.542184,-1
-34.174134,142.461354,-1
-34.266629,142.743319,-1
-34.271269,142.680676,-1
-34.266629,142.743319,-1
-31.206418,150.316157,-1
-34.266629,142.743319,-1
-34.271269,142.680676,-1
-34.237194,142.691576,-1
-34.271269,142.680676,-1
-31.742899,142.439082,-1
-29.212724,145.173389,-1
-34.266629,142.743319,-1
-34.258853,142.685906,-1
-34.266629,142.743319,-1
-34.246106,142.685183,-1
-34.237194,142.691576,-1
-34.274575,142.755431,-1
-34.174134,142.461354,-1
-34.201959,142.596441,-1
-34.266629,142.743319,-1
-34.191368,142.567815,-1
-34.260905,142.72966,-1
-34.246106,142.685183,-1
-34.237194,142.691576,-1
-34.271269,142.680676,-1
-34.237194,142.691576,-1
-34.271269,142.680676,-1
-34.274575,142.755431,-1
-34.260905,142.72966,-1
-32.264668,142.308214,-1
-34.246106,142.685183,-1
-34.266629,142.743319,-1
-34.266629,142.743319,-1
-34.237194,142.691576,-1
-34.213765,142.598012,-1
-34.175023,142.477417,-1
-34.237194,142.691576,-1
-30.611107,149.145876,-1
-34.237194,142.691576,-1
-34.230133,142.679004,-1
-34.271269,142.680676,-1
-34.237194,142.691576,-1
-34.227044,142.761917,-1
-34.260905,142.72966,-1
-34.2032,142.48886,-1
-30.809575,143.755947,-1
-34.237194,142.691576,-1
-34.266629,142.743319,-1
-31.698035,143.634382,-1
-34.237194,142.691576,-1
-33.987081,141.448901,-1
-34.260905,142.72966,-1
-29.212724,145.173389,-1
-34.258853,142.685906,-1
-34.237194,142.691576,-1
-34.274575,142.755431,-1
-34.174134,142.461354,-1
-34.237194,142.691576,-1
-34.260905,142.72966,-1
-34.237194,142.691576,-1
-34.266629,142.743319,-1
-34.258853,142.685906,-1
-34.28425,142.680502,-1
-34.274575,142.755431,-1
-34.174134,142.461354,-1
-34.237194,142.691576,-1
-34.277097,142.786439,-1
-34.237194,142.691576,-1
-34.266629,142.743319,-1
-34.245707,146.029175,-1
-34.266629,142.743319,-1
-31.988238,141.465144,-1
-34.174134,142.461354,-1
-34.191368,142.567815,-1
-34.190346,142.538691,-1
-34.237194,142.691576,-1
-34.266629,142.743319,-1
-29.252571,145.228944,-1
-30.524776,149.325343,-1
-34.174134,142.461354,-1
-34.174134,142.461354,-1
-33.672749,141.323624,-1
-34.245576,142.685235,-1
-34.187242,142.57241,-1
-34.266629,142.743319,-1
-34.259358,142.557311,-1
-34.266629,142.743319,-1
-34.174134,142.461354,-1
-34.237194,142.691576,-1
-34.237194,142.691576,-1
-32.117083,141.806939,-1
-34.187242,142.57241,-1
-34.266629,142.743319,-1
-34.174134,142.461354,-1
-34.266629,142.743319,-1
-34.274575,142.755431,-1
-34.237194,142.691576,-1
-34.237194,142.691576,-1
-34.181246,142.55569,-1
-34.176213,142.493598,-1
-34.266629,142.743319,-1
-30.432386,145.728714,-1
-34.266629,142.743319,-1
-34.274575,142.755431,-1
-34.237194,142.691576,-1
-33.3833,142.2557,-1
-34.201959,142.596441,-1
-34.175023,142.477417,-1
-34.266629,142.743319,-1
-34.237194,142.691576,-1
-34.172009,142.445383,-1
-34.274575,142.755431,-1
-34.237194,142.691576,-1
-34.266629,142.743319,-1
-34.266629,142.743319,-1
-34.175023,142.477417,-1
-34.266629,142.743319,-1
-29.516266,142.286011,-1
-34.260905,142.72966,-1
-34.274575,142.755431,-1
-34.237194,142.691576,-1
-34.266629,142.743319,-1
-34.266629,142.743319,-1
-34.237194,142.691576,-1
-34.266629,142.743319,-1
-34.226575,142.745668,-1
-34.174134,142.461354,-1
-34.266629,142.743319,-1
-34.237194,142.691576,-1
-30.524776,149.325343,-1
-34.174134,142.461354,-1
-34.237194,142.691576,-1
-34.266629,142.743319,-1
-34.266629,142.743319,-1
-34.190346,142.538691,-1
-34.266629,142.743319,-1
-34.237194,142.691576,-1
-34.175941,142.557915,-1
-34.274575,142.755431,-1
-34.237194,142.691576,-1
-34.266629,142.743319,-1
-34.237194,142.691576,-1
-34.176213,142.493598,-1
-34.176213,142.493598,-1
-29.384162,142.413006,-1
-34.268306,142.593394,-1
-29.267583,145.263004,-1
-34.237194,142.691576,-1
-34.226138,142.729422,-1
-34.192008,142.542675,-1
-34.230133,142.679004,-1
-34.237194,142.691576,-1
-34.274575,142.755431,-1
-34.201959,142.596441,-1
-34.174134,142.461354,-1
-34.237194,142.691576,-1
-34.174134,142.461354,-1
-34.203141,142.556406,-1
-29.267583,145.263004,-1
-34.237194,142.691576,-1
-34.266629,142.743319,-1
-34.201959,142.596441,-1
-34.172009,142.445383,-1
-34.237194,142.691576,-1
-34.237194,142.691576,-1
-34.237194,142.691576,-1
-34.260905,142.72966,-1
-34.22658,142.71351,-1
-34.266629,142.743319,-1
-34.114969,142.541881,-1
-34.201959,142.596441,-1
-34.237194,142.691576,-1
-34.237194,142.691576,-1
-34.260905,142.72966,-1
-30.879475,147.400803,-1
-34.174134,142.461354,-1
-34.230133,142.679004,-1
-34.274375,142.770862,-1
-34.237194,142.691576,-1
-34.237194,142.691576,-1
-29.410623,142.399312,-1
-34.198266,142.516867,-1
-34.271269,142.680676,-1
-34.174134,142.461354,-1
-34.271269,142.680676,-1
-34.291852,142.390416,-1
-34.230133,142.679004,-1
-34.237194,142.691576,-1
-34.176213,142.493598,-1
-34.266629,142.743319,-1
-34.127654,142.546284,-1
-34.174134,142.461354,-1
-34.237194,142.691576,-1
-34.260905,142.72966,-1
-34.175023,142.477417,-1
-34.266629,142.743319,-1
-30.491182,149.308234,-1
-32.241479,148.722844,-1
-34.127654,142.546284,-1
-34.174134,142.461354,-1
-34.174134,142.461354,-1
-31.033484,142.226593,-1
-34.266629,142.743319,-1
-34.260905,142.72966,-1
-34.237194,142.691576,-1
-34.209472,142.638321,-1
-34.174134,142.461354,-1
-31.729483,147.854722,-1
-34.174134,142.461354,-1
-34.260905,142.72966,-1
-34.266629,142.743319,-1
-34.207896,142.610772,-1
-34.237194,142.691576,-1
-33.476887,142.188998,-1
-34.174134,142.461354,-1
-34.237194,142.691576,-1
-34.266629,142.743319,-1
-31.013943,149.045165,-1
-34.266629,142.743319,-1
-34.209472,142.638321,-1
-34.237194,142.691576,-1
-33.9763,141.2841,-1
-34.2032,142.48886,-1
-34.266629,142.743319,-1
-34.266629,142.743319,-1
-35.599367,145.311047,-1
-34.266629,142.743319,-1
-34.209472,142.638321,-1
-34.237194,142.691576,-1
-34.277097,142.786439,-1
-29.434741,147.983356,-1
-34.266629,142.743319,-1
-34.266629,142.743319,-1
-34.165243,142.433627,-1
-34.237194,142.691576,-1
-34.209472,142.638321,-1
-34.174134,142.461354,-1
-34.277097,142.786439,-1
-34.226138,142.729422,-1
-34.266629,142.743319,-1
-34.266629,142.743319,-1
-34.175023,142.477417,-1
-34.165243,142.433627,-1
-34.297842,142.290679,-1
-34.174134,142.461354,-1
-34.277097,142.786439,-1
-34.266629,142.743319,-1
-34.139807,142.552935,-1
-34.266629,142.743319,-1
-34.195838,142.513264,-1
-34.175096,142.525958,-1
-34.266629,142.743319,-1
-34.174134,142.461354,-1
-34.277097,142.786439,-1
-34.266629,142.743319,-1
-34.245274,142.703813,-1
-34.266629,142.743319,-1
-34.187242,142.57241,-1
-34.201959,142.596441,-1
-34.266629,142.743319,-1
-34.266629,142.743319,-1
-34.209472,142.638321,-1
-34.193228,142.509853,-1
-34.174134,142.461354,-1
-34.226138,142.729422,-1
-34.203748,142.502215,-1
-34.191368,142.567815,-1
-34.266629,142.743319,-1
-34.266629,142.743319,-1
-34.209472,142.638321,-1
-34.266629,142.743319,-1
-34.174134,142.461354,-1
-34.266629,142.743319,-1
-34.201959,142.596441,-1
-34.187444,142.541696,-1
-34.198266,142.516867,-1
-34.266629,142.743319,-1
-34.277097,142.786439,-1
-34.266629,142.743319,-1
-34.174134,142.461354,-1
-34.237194,142.691576,-1
-34.201959,142.596441,-1
-31.729483,147.854722,-1
-34.266629,142.743319,-1
-34.266629,142.743319,-1
-34.277097,142.786439,-1
-34.266629,142.743319,-1
-34.174134,142.461354,-1
-34.237194,142.691576,-1
-34.201959,142.596441,-1
-34.191368,142.567815,-1
-34.230133,142.679004,-1
-34.266629,142.743319,-1
-34.277097,142.786439,-1
-34.266629,142.743319,-1
-34.230133,142.679004,-1
-34.176213,142.493598,-1
-34.172009,142.445383,-1
-31.729483,147.854722,-1
-34.237194,142.691576,-1
-34.266629,142.743319,-1
-34.277097,142.786439,-1
-34.226138,142.729422,-1
-34.266629,142.743319,-1
-34.0944,142.0401,-1
-34.174134,142.461354,-1
-34.260905,142.72966,-1
-34.237288,142.597461,-1
-34.266629,142.743319,-1
-34.224236,142.674409,-1
-34.237194,142.691576,-1
-34.274575,142.755431,-1
-34.237194,142.691576,-1
-34.237194,142.691576,-1
-32.047856,141.115764,-1
-33.350125,142.228732,-1
-34.266629,142.743319,-1
-34.224236,142.674409,-1
-34.237194,142.691576,-1
-34.266629,142.743319,-1
-34.258853,142.685906,-1
-34.191368,142.567815,-1
-34.174134,142.461354,-1
-34.207896,142.610772,-1
-34.260905,142.72966,-1
-34.226575,142.745668,-1
-34.237194,142.691576,-1
-34.881221,144.84909,-1
-34.258853,142.685906,-1
-34.260905,142.72966,-1
-32.264668,142.308214,-1
-34.207896,142.610772,-1
-34.139807,142.552935,-1
-34.226575,142.745668,-1
-34.127654,142.546284,-1
-34.164292,142.562492,-1
-34.237194,142.691576,-1
-34.260905,142.72966,-1
-34.209472,142.638321,-1
-34.127654,142.546284,-1
-34.237194,142.691576,-1
-29.227076,145.16692,-1
-34.277097,142.786439,-1
-34.237194,142.691576,-1
-34.237194,142.691576,-1
-34.237194,142.691576,-1
-34.266629,142.743319,-1
-34.277097,142.786439,-1
-34.237194,142.691576,-1
-34.277097,142.786439,-1
-34.277097,142.786439,-1
-34.237194,142.691576,-1
-34.266629,142.743319,-1
-34.237194,142.691576,-1
-34.266629,142.743319,-1
-34.277097,142.786439,-1
-34.230133,142.679004,-1
-34.277097,142.786439,-1
-34.226575,142.745668,-1
-34.237194,142.691576,-1
-34.271269,142.680676,-1
-29.212724,145.173389,-1
-34.258853,142.685906,-1
-34.277097,142.786439,-1
-34.237194,142.691576,-1
-34.174579,142.542184,-1
-31.5667,143.3667,-1
-34.225521,142.681705,-1
-34.237194,142.691576,-1
-34.258853,142.685906,-1
-34.266629,142.743319,-1
-34.266629,142.743319,-1
-34.260905,142.72966,-1
-34.277097,142.786439,-1
-34.197751,142.581219,-1
-34.191368,142.567815,-1
-31.729483,147.854722,-1
-34.28425,142.680502,-1
-34.260905,142.72966,-1
-34.266629,142.743319,-1
-33.597195,141.659393,-1
-34.224236,142.674409,-1
-34.139807,142.552935,-1
-34.260905,142.72966,-1
-34.164292,142.562492,-1
-34.207896,142.610772,-1
-34.174134,142.461354,-1
-34.266629,142.743319,-1
-34.174134,142.461354,-1
-34.227937,142.794417,-1
-29.227076,145.16692,-1
-34.277097,142.786439,-1
-34.277097,142.786439,-1
-34.277097,142.786439,-1
-34.258853,142.685906,-1
-34.630641,144.234651,-1
-34.174134,142.461354,-1
-34.305122,142.565355,-1
-34.277097,142.786439,-1
-34.248071,142.543658,-1
-34.277097,142.786439,-1
-34.277097,142.786439,-1
-34.258853,142.685906,-1
-34.207896,142.610772,-1
-34.237194,142.691576,-1
-34.175941,142.557915,-1
-34.277097,142.786439,-1
-34.277097,142.786439,-1
-34.277097,142.786439,-1
-34.277097,142.786439,-1
-34.274575,142.755431,-1
-34.230133,142.679004,-1
-34.237194,142.691576,-1
-34.021,141.895,-1
-34.195838,142.513264,-1
-34.277097,142.786439,-1
-34.277097,142.786439,-1
-34.226575,142.745668,-1
-34.274575,142.755431,-1
-34.194636,142.490128,-1
-34.246106,142.685183,-1
-34.219829,142.666498,-1
-34.195838,142.513264,-1
-34.227937,142.794417,-1
-34.277097,142.786439,-1
-34.207896,142.610772,-1
-34.266629,142.743319,-1
-34.194636,142.490128,-1
-34.237194,142.691576,-1
-34.195838,142.513264,-1
-34.227937,142.794417,-1
-34.207977,142.66964,-1
-34.227937,142.794417,-1
-30.524776,149.325343,-1
-34.266629,142.743319,-1
-34.230133,142.679004,-1
-34.237194,142.691576,-1
-34.197751,142.581219,-1
-29.227076,145.16692,-1
-34.277097,142.786439,-1
-34.227937,142.794417,-1
-34.277097,142.786439,-1
-34.266629,142.743319,-1
-34.230133,142.679004,-1
-34.237194,142.691576,-1
-34.197751,142.581219,-1
-34.219829,142.666498,-1
-34.277097,142.786439,-1
-29.078221,147.0146,-1
-34.266629,142.743319,-1
-34.176213,142.493598,-1
-34.160148,142.189305,-1
-34.127654,142.546284,-1
-34.201959,142.596441,-1
-34.219829,142.666498,-1
-29.271775,142.024433,-1
-34.28011,146.0455,-1
-34.226138,142.729422,-1
-34.237194,142.691576,-1
-34.174579,142.542184,-1
-34.213906,142.570185,-1
-34.201959,142.596441,-1
-34.201959,142.596441,-1
-34.224236,142.674409,-1
-34.198266,142.516867,-1
-34.226138,142.729422,-1
-34.237194,142.691576,-1
-34.174579,142.542184,-1
-34.114969,142.541881,-1
-34.201959,142.596441,-1
-34.245576,142.685235,-1
-34.226575,142.745668,-1
-34.209472,142.638321,-1
-34.226575,142.745668,-1
-34.237194,142.691576,-1
-34.226575,142.745668,-1
-34.277097,142.786439,-1
-34.174134,142.461354,-1
-34.277097,142.786439,-1
-34.226575,142.745668,-1
-34.266629,142.743319,-1
-34.241269,150.59422,-1
-34.266629,142.743319,-1
-34.226575,142.745668,-1
-34.277097,142.786439,-1
-34.175941,142.557915,-1
-34.277097,142.786439,-1
-34.164292,142.562492,-1
-34.266629,142.743319,-1
-34.127654,142.546284,-1
-34.237194,142.691576,-1
-29.227076,145.16692,-1
-34.277097,142.786439,-1
-34.191368,142.567815,-1
-34.277097,142.786439,-1
-29.207358,145.255123,-1
-34.266629,142.743319,-1
-31.35933,141.617216,-1
-34.237194,142.691576,-1
-34.277097,142.786439,-1
-34.277097,142.786439,-1
-29.207358,145.255123,-1
-34.191487,142.555893,-1
-34.266629,142.743319,-1
-34.259358,142.557311,-1
-34.277097,142.786439,-1
-34.271269,142.680676,-1
-34.197751,142.581219,-1
-29.227076,145.16692,-1
-30.524011,151.63818,-1
-34.175941,142.557915,-1
-34.277097,142.786439,-1
-30.524776,149.325343,-1
-34.277097,142.786439,-1
-34.195977,142.532563,-1
-29.227076,145.16692,-1
-34.277097,142.786439,-1
-34.114969,142.541881,-1
-34.277097,142.786439,-1
-34.011,141.542,-1
-34.164292,142.562492,-1
-34.227937,142.794417,-1
-34.226138,142.729422,-1
-34.197751,142.581219,-1
-34.277097,142.786439,-1
-34.114969,142.541881,-1
-34.277097,142.786439,-1
-35.127253,146.654655,-1
-34.277097,142.786439,-1
-29.271775,142.024433,-1
-34.266629,142.743319,-1
-34.207977,142.66964,-1
-34.277097,142.786439,-1
-34.190771,142.506502,-1
-34.174579,142.542184,-1
-34.260905,142.72966,-1
-34.193548,142.512951,-1
-34.280746,142.801882,-1
-34.266629,142.743319,-1
-33.3833,142.5667,-1
-34.277097,142.786439,-1
-34.226575,142.745668,-1
-34.277097,142.786439,-1
-34.266629,142.743319,-1
-34.174579,142.542184,-1
-34.224236,142.674409,-1
-31.736484,143.536419,-1
-34.224236,142.674409,-1
-34.277097,142.786439,-1
-34.164292,142.562492,-1
-34.227044,142.761917,-1
-34.266629,142.743319,-1
-34.127654,142.546284,-1
-34.289014,142.29873,-1
-34.277097,142.786439,-1
-29.271775,142.024433,-1
-34.114969,142.541881,-1
-32.117083,141.806939,-1
-33.396831,142.267699,-1
-34.266629,142.743319,-1
-34.224236,142.674409,-1
-34.284138,142.269794,-1
-34.277097,142.786439,-1
-34.174579,142.542184,-1
-34.277097,142.786439,-1
-34.225521,142.681705,-1
-34.224236,142.674409,-1
-34.266629,142.743319,-1
-34.245576,142.685235,-1
-34.284138,142.269794,-1
-34.277097,142.786439,-1
-34.279345,142.531046,-1
-31.084007,149.095223,-1
-34.225521,142.681705,-1
-34.201959,142.596441,-1
-34.226138,142.729422,-1
-34.139807,142.552935,-1
-34.198266,142.516867,-1
-34.277097,142.786439,-1
-34.114969,142.541881,-1
-34.227044,142.761917,-1
-34.225521,142.681705,-1
-34.277097,142.786439,-1
-29.238234,145.15848,-1
-34.277097,142.786439,-1
-34.237194,142.691576,-1
-30.585608,149.130248,-1
-34.197751,142.581219,-1
-34.226575,142.745668,-1
-34.227937,142.794417,-1
-34.201959,142.596441,-1
-34.227937,142.794417,-1
-34.174579,142.542184,-1
-34.237194,142.691576,-1
-32.393913,142.393239,-1
-34.219829,142.666498,-1
-34.127654,142.546284,-1
-34.219829,142.666498,-1
-34.201959,142.596441,-1
-29.437642,142.014028,-1
-34.248815,142.571316,-1
-34.226138,142.729422,-1
-34.197751,142.581219,-1
-34.219829,142.666498,-1
-31.913933,141.356233,-1
-34.191368,142.567815,-1
-34.236649,142.543273,-1
-34.277097,142.786439,-1
-34.152008,142.559481,-1
-34.266629,142.743319,-1
-34.190771,142.506502,-1
-34.201959,142.596441,-1
-34.174579,142.542184,-1
-34.201959,142.596441,-1
-34.225521,142.681705,-1
-34.3906,142.4264,-1
-29.794949,141.916772,-1
-34.291852,142.390416,-1
-34.248759,142.59771,-1
-34.201959,142.596441,-1
-34.226575,142.745668,-1
-34.201959,142.596441,-1
-34.114969,142.541881,-1
-34.213906,142.570185,-1
-34.22658,142.71351,-1
-30.574234,149.130333,-1
-34.435442,145.458524,-1
-33.11766,151.49111,-1
-34.209472,142.638321,-1
-34.191368,142.567815,-1
-34.214429,142.653384,-1
-34.190771,142.506502,-1
-30.497771,149.332078,-1
-34.191487,142.555893,-1
-34.277097,142.786439,-1
-30.475987,149.207284,-1
-34.209472,142.638321,-1
-34.201959,142.596441,-1
-34.174134,142.461354,-1
-34.175941,142.557915,-1
-34.225521,142.681705,-1
-34.188032,142.516069,-1
-34.197751,142.581219,-1
-34.227044,142.761917,-1
-34.190771,142.506502,-1
-34.174134,142.461354,-1
-34.22658,142.71351,-1
-34.225521,142.681705,-1
-34.209472,142.638321,-1
-34.245274,142.703813,-1
-34.227044,142.761917,-1
-34.197751,142.581219,-1
-34.174134,142.461354,-1
-34.201959,142.596441,-1
-34.224236,142.674409,-1
-34.209472,142.638321,-1
-34.114969,142.541881,-1
-29.227076,145.16692,-1
-34.277097,142.786439,-1
-34.174134,142.461354,-1
-34.201959,142.596441,-1
-34.181246,142.55569,-1
-34.226575,142.745668,-1
-34.195838,142.513264,-1
-34.190771,142.506502,-1
-34.277097,142.786439,-1
-34.174134,142.461354,-1
-34.181246,142.55569,-1
-34.245576,142.685235,-1
-34.139807,142.552935,-1
-34.268306,142.593394,-1
-31.484008,144.552717,-1
-34.152008,142.559481,-1
-34.227937,142.794417,-1
-34.245576,142.685235,-1
-34.266629,142.743319,-1
-34.277097,142.786439,-1
-31.922933,141.375968,-1
-34.291852,142.390416,-1
-34.181246,142.55569,-1
-34.201959,142.596441,-1
-32.8997,144.3004,-1
-34.277097,142.786439,-1
-30.121798,147.948959,-1
-30.848472,143.799522,-1
-34.175941,142.557915,-1
-34.201959,142.596441,-1
-34.277097,142.786439,-1
-31.913933,141.356233,-1
-34.274375,142.770862,-1
-34.277097,142.786439,-1
-34.201959,142.596441,-1
-34.201959,142.596441,-1
-34.277097,142.786439,-1
-34.174579,142.542184,-1
-34.277097,142.786439,-1
-34.175941,142.557915,-1
-34.201959,142.596441,-1
-29.430467,147.976962,-1
-34.245576,142.685235,-1
-34.227937,142.794417,-1
-34.214429,142.653384,-1
-34.227937,142.794417,-1
-34.201959,142.596441,-1
-34.227937,142.794417,-1
-34.175941,142.557915,-1
-34.227937,142.794417,-1
-34.291852,142.390416,-1
-34.227937,142.794417,-1
-29.198472,145.16278,-1
-34.195838,142.513264,-1
-34.174134,142.461354,-1
-34.277097,142.786439,-1
-34.114969,142.541881,-1
-33.391808,142.251585,-1
-34.227937,142.794417,-1
-34.201959,142.596441,-1
-34.174134,142.461354,-1
-34.277097,142.786439,-1
-34.114969,142.541881,-1
-34.201959,142.596441,-1
-34.197751,142.581219,-1
-34.176213,142.493598,-1
-34.174134,142.461354,-1
-34.277097,142.786439,-1
-34.174579,142.542184,-1
-34.201959,142.596441,-1
-34.227937,142.794417,-1
-34.176213,142.493598,-1
-34.227937,142.794417,-1
-34.213906,142.570185,-1
-34.224236,142.674409,-1
-30.574234,149.130333,-1
-34.227937,142.794417,-1
-34.174134,142.461354,-1
-34.227937,142.794417,-1
-34.227937,142.794417,-1
-34.224236,142.674409,-1
-34.227937,142.794417,-1
-34.245274,142.703813,-1
-34.174134,142.461354,-1
-34.227937,142.794417,-1
-34.219829,142.666498,-1
-34.201959,142.596441,-1
-34.181246,142.55569,-1
-34.174134,142.461354,-1
-34.174134,142.461354,-1
-31.892985,141.598526,-1
-34.176213,142.493598,-1
-34.201959,142.596441,-1
-34.219829,142.666498,-1
-34.174134,142.461354,-1
-34.174134,142.461354,-1
-34.195838,142.513264,-1
-34.176213,142.493598,-1
-34.201959,142.596441,-1
-30.871811,149.032612,-1
-34.174134,142.461354,-1
-34.201959,142.596441,-1
-34.22658,142.71351,-1
-34.191368,142.567815,-1
-33.396496,142.246448,-1
-34.268306,142.593394,-1
-34.176213,142.493598,-1
-34.22658,142.71351,-1
-34.174134,142.461354,-1
-33.211947,141.166921,-1
-34.201959,142.596441,-1
-34.227937,142.794417,-1
-34.174134,142.461354,-1
-34.174134,142.461354,-1
-34.201959,142.596441,-1
-34.227937,142.794417,-1
-34.174134,142.461354,-1
-34.245576,142.685235,-1
-34.201959,142.596441,-1
-34.225521,142.681705,-1
-34.191368,142.567815,-1
-34.201959,142.596441,-1
-34.201959,142.596441,-1
-34.175941,142.557915,-1
-34.114969,142.541881,-1
-34.176213,142.493598,-1
-33.340257,142.189018,-1
-34.268306,142.593394,-1
-34.191368,142.567815,-1
-34.174134,142.461354,-1
-34.201959,142.596441,-1
-34.174134,142.461354,-1
