"dataResourceUid","images","dcterms:modified","dcterms:language","dcterms:license","rightsHolder","dcterms:accessRights","dcterms:bibliographicCitation","references","institutionID","collectionID","datasetID","institutionCode","collectionCode","datasetName","ownerInstitutionCode","basisOfRecord","informationWithheld","dataGeneralizations","dynamicProperties","occurrenceID","catalogNumber","recordNumber","recordedBy","individualCount","organismQuantity","organismQuantityType","sex","lifeStage","reproductiveCondition","behavior","establishmentMeans","occurrenceStatus","preparations","disposition","associatedMedia","associatedReferences","associatedSequences","associatedTaxa","otherCatalogNumbers","occurrenceRemarks","organismID","organismName","organismScope","associatedOccurrences","associatedOrganisms","previousIdentifications","organismRemarks","materialSampleID","eventID","parentEventID","fieldNumber","eventDate","eventTime","startDayOfYear","endDayOfYear","year","month","day","verbatimEventDate","habitat","samplingProtocol","samplingEffort","sampleSizeValue","sampleSizeUnit","fieldNotes","eventRemarks","locationID","higherGeographyID","higherGeography","continent","waterBody","islandGroup","island","country","countryCode","stateProvince","county","municipality","locality","verbatimLocality","minimumElevationInMeters","maximumElevationInMeters","verbatimElevation","minimumDepthInMeters","maximumDepthInMeters","verbatimDepth","minimumDistanceAboveSurfaceInMeters","maximumDistanceAboveSurfaceInMeters","locationAccordingTo","locationRemarks","decimalLatitude","decimalLongitude","geodeticDatum","coordinateUncertaintyInMeters","coordinatePrecision","pointRadiusSpatialFit","verbatimCoordinates","verbatimLatitude","verbatimLongitude","verbatimCoordinateSystem","verbatimSRS","footprintWKT","footprintSRS","footprintSpatialFit","georeferencedBy","georeferencedDate","georeferenceProtocol","georeferenceSources","georeferenceVerificationStatus","georeferenceRemarks","geologicalContextID","earliestEonOrLowestEonothem","latestEonOrHighestEonothem","earliestEraOrLowestErathem","latestEraOrHighestErathem","earliestPeriodOrLowestSystem","latestPeriodOrHighestSystem","earliestEpochOrLowestSeries","latestEpochOrHighestSeries","earliestAgeOrLowestStage","latestAgeOrHighestStage","lowestBiostratigraphicZone","highestBiostratigraphicZone","lithostratigraphicTerms","group","formation","member","bed","identificationID","identificationQualifier","typeStatus","identifiedBy","dateIdentified","identificationReferences","identificationVerificationStatus","identificationRemarks","taxonID","scientificNameID","acceptedNameUsageID","parentNameUsageID","originalNameUsageID","nameAccordingToID","namePublishedInID","taxonConceptID","raw_scientificName","scientificName","acceptedNameUsage","parentNameUsage","originalNameUsage","nameAccordingTo","namePublishedIn","namePublishedInYear","higherClassification","kingdom","phylum","class","order","family","genus","subgenus","specificEpithet","infraspecificEpithet","taxonRank","verbatimTaxonRank","scientificNameAuthorship","vernacularName","nomenclaturalCode","taxonomicStatus","nomenclaturalStatus","taxonRemarks","measurementDeterminedDate","recordedByID","identifiedByID","videos","species","relationshipAccordingTo","subfamily","resourceRelationshipID","eventType","measurementRemarks","measurementValue","relationshipRemarks","resourceID","relationshipEstablishedDate","superfamily","identifierRole","relationshipOfResource","measurementMethod","identifier","provenance","sounds","recordID","rights","source","measurementID","measurementType","measurementUnit","measurementDeterminedBy","measurementAccuracy","degreeOfEstablishment","relatedResourceID","images","dcterms:type"
"dr1097","","2022-10-24","","CC-BY 4.0 (Int)","","","","","","","c83ee307-f721-5958-a610-b38b730fbe7a","","","Victorian Biodiversity Atlas flora records (unrestricted) for sites with high spatial accuracy","","HUMAN_OBSERVATION","","","","4336929","4336929","","Staff Others (non departmental)","1","","","","","","","","PRESENT","","","","","","","","","","","","b2b9ca3e-e6f4-4707-9c58-8961520d60a6","","","","","","","","1928-01-01T00:00:00Z","","1","1","1928","1","1","","","General observations","","","","","","528674","","","","","","","Australia","AU","Victoria","","","5' BLOCK CONTAINING KOORKAB","","60.0","60.0","","","","","","","","","-34.79017","143.1263","EPSG:4326","4500.0","","","","","","","","","","","","","","","","","","","","","","","","","","","","","","","","","","","","","","","","","","","","","","","","","","https://biodiversity.org.au/afd/taxa/61403a2b-8537-46e1-91cf-672d02be62b3","Leporillus apicalis","Leporillus apicalis","","","","","","","","Animalia","Chordata","Mammalia","Rodentia","Muridae","Leporillus","","","","species","","(Gould, 1853)","Lesser Stick-nest Rat","","","","","","","","","Leporillus apicalis","","","","","","","","","","","","","","","","","699577d4-fe62-4efa-8317-1f7381be9a8e","","","","","","","","","","","Event"
"dr1097","","2022-10-24","","CC-BY 4.0 (Int)","","","","","","","c83ee307-f721-5958-a610-b38b730fbe7a","","","Victorian Biodiversity Atlas flora records (unrestricted) for sites with high spatial accuracy","","HUMAN_OBSERVATION","","","","4336927","4336927","","Staff Others (non departmental)","1","","","","","","","","PRESENT","","","","","","","","","","","","0dd8d2aa-f934-4bc3-99c5-7c8064df4050","","","","","","","","1856-01-01T00:00:00Z","","1","1","1856","1","1","","","General observations","","","","","","528673","","","","","","","Australia","AU","New South Wales","","","Bottle bend","","40.0","40.0","","","","","","","","","-34.2485","142.33463","EPSG:4326","9000.0","","","","","","","","","","","","","","","","","","","","","","","","","","","","","","","","","","","","","","","","","","","","","","","","","","https://biodiversity.org.au/afd/taxa/61403a2b-8537-46e1-91cf-672d02be62b3","Leporillus apicalis","Leporillus apicalis","","","","","","","","Animalia","Chordata","Mammalia","Rodentia","Muridae","Leporillus","","","","species","","(Gould, 1853)","Lesser Stick-nest Rat","","","","","","","","","Leporillus apicalis","","","","","","","","","","","","","","","","","ca00e7b1-8f18-4879-b8d2-44a22299d4cb","","","","","","","","","","","Event"
"dr1097","","2022-10-24","","CC-BY 4.0 (Int)","","","","","","","c83ee307-f721-5958-a610-b38b730fbe7a","","","Victorian Biodiversity Atlas flora records (unrestricted) for sites with high spatial accuracy","","HUMAN_OBSERVATION","","","","4336924","4336924","","Staff Others (non departmental)","1","","","","","","","","PRESENT","","","","","","","","","","","","f3e6ef3a-dd93-4b94-89e5-4a1dead43539|fb30a1ed-2cb1-44cc-b7a6-3d6875104840|d508c100-e4ff-4c04-b8f6-177252602716|ca00e7b1-8f18-4879-b8d2-44a22299d4cb","","","","","","","","1856-01-01T00:00:00Z","","1","1","1856","1","1","","","General observations","","","","","","528673","","","","","","","Australia","AU","New South Wales","","","Bottle bend","","40.0","40.0","","","","","","","","","-34.2485","142.33463","EPSG:4326","9000.0","","","","","","","","","","","","","","","","","","","","","","","","","","","","","","","","","","","","","","","","","","","","","","","","","","https://biodiversity.org.au/afd/taxa/61403a2b-8537-46e1-91cf-672d02be62b3","Leporillus apicalis","Leporillus apicalis","","","","","","","","Animalia","Chordata","Mammalia","Rodentia","Muridae","Leporillus","","","","species","","(Gould, 1853)","Lesser Stick-nest Rat","","","","","","","","","Leporillus apicalis","","","","","","","","","","","","","","","","","0dd8d2aa-f934-4bc3-99c5-7c8064df4050","","","","","","","","","","","Event"
"dr1097","","2022-10-24","","CC-BY 4.0 (Int)","","","","","","","c83ee307-f721-5958-a610-b38b730fbe7a","","","Victorian Biodiversity Atlas flora records (unrestricted) for sites with high spatial accuracy","","HUMAN_OBSERVATION","","","","4336930","4336930","","Not Supplied","3","","","","","","","","PRESENT","","","","","","","","","","","","699577d4-fe62-4efa-8317-1f7381be9a8e","","","","","","","","1928-01-01T00:00:00Z","","1","1","1928","1","1","","","General observations","","","","","","528674","","","","","","","Australia","AU","Victoria","","","5' BLOCK CONTAINING KOORKAB","","60.0","60.0","","","","","","","","","-34.79017","143.1263","EPSG:4326","4500.0","","","","","","","","","","","","","","","","","","","","","","","","","","","","","","","","","","","","","","","","","","","","","","","","","","https://biodiversity.org.au/afd/taxa/61403a2b-8537-46e1-91cf-672d02be62b3","Leporillus apicalis","Leporillus apicalis","","","","","","","","Animalia","Chordata","Mammalia","Rodentia","Muridae","Leporillus","","","","species","","(Gould, 1853)","Lesser Stick-nest Rat","","","","","","","","","Leporillus apicalis","","","","","","","","","","","","","","","","","b2b9ca3e-e6f4-4707-9c58-8961520d60a6","","","","","","","","","","","Event"
"dr1097","","2022-10-24","","CC-BY 4.0 (Int)","","","","","","","c83ee307-f721-5958-a610-b38b730fbe7a","","","Victorian Biodiversity Atlas flora records (unrestricted) for sites with high spatial accuracy","","HUMAN_OBSERVATION","","","","4336928","4336928","","Staff Others (non departmental)","3","","","","","","","","PRESENT","","","","","","","","","","","","0dd8d2aa-f934-4bc3-99c5-7c8064df4050","","","","","","","","1856-01-01T00:00:00Z","","1","1","1856","1","1","","","General observations","","","","","","528673","","","","","","","Australia","AU","New South Wales","","","Bottle bend","","40.0","40.0","","","","","","","","","-34.2485","142.33463","EPSG:4326","9000.0","","","","","","","","","","","","","","","","","","","","","","","","","","","","","","","","","","","","","","","","","","","","","","","","","","https://biodiversity.org.au/afd/taxa/61403a2b-8537-46e1-91cf-672d02be62b3","Leporillus apicalis","Leporillus apicalis","","","","","","","","Animalia","Chordata","Mammalia","Rodentia","Muridae","Leporillus","","","","species","","(Gould, 1853)","Lesser Stick-nest Rat","","","","","","","","","Leporillus apicalis","","","","","","","","","","","","","","","","","f3e6ef3a-dd93-4b94-89e5-4a1dead43539","","","","","","","","","","","Event"
"dr1097","","2022-10-24","","CC-BY 4.0 (Int)","","","","","","","c83ee307-f721-5958-a610-b38b730fbe7a","","","Victorian Biodiversity Atlas flora records (unrestricted) for sites with high spatial accuracy","","HUMAN_OBSERVATION","","","","4336925","4336925","","Staff Others (non departmental)","13","","","","","","","","PRESENT","","","","","","","","","","","","0dd8d2aa-f934-4bc3-99c5-7c8064df4050","","","","","","","","1856-01-01T00:00:00Z","","1","1","1856","1","1","","","General observations","","","","","","528673","","","","","","","Australia","AU","New South Wales","","","Bottle bend","","40.0","40.0","","","","","","","","","-34.2485","142.33463","EPSG:4326","9000.0","","","","","","","","","","","","","","","","","","","","","","","","","","","","","","","","","","","","","","","","","","","","","","","","","","https://biodiversity.org.au/afd/taxa/61403a2b-8537-46e1-91cf-672d02be62b3","Leporillus apicalis","Leporillus apicalis","","","","","","","","Animalia","Chordata","Mammalia","Rodentia","Muridae","Leporillus","","","","species","","(Gould, 1853)","Lesser Stick-nest Rat","","","","","","","","","Leporillus apicalis","","","","","","","","","","","","","","","","","fb30a1ed-2cb1-44cc-b7a6-3d6875104840","","","","","","","","","","","Event"
"dr1097","","2022-10-24","","CC-BY 4.0 (Int)","","","","","","","c83ee307-f721-5958-a610-b38b730fbe7a","","","Victorian Biodiversity Atlas flora records (unrestricted) for sites with high spatial accuracy","","HUMAN_OBSERVATION","","","","4336931","4336931","","Staff Others (non departmental)","","","","","","","","","PRESENT","","","","","","","","","","","","","","","","","","","","1856-01-01T00:00:00Z","","1","1","1856","1","1","","","General observations","","","","","","528673","","","","","","","Australia","AU","New South Wales","","","Bottle bend","","40.0","40.0","","","","","","","","","-34.2485","142.33463","EPSG:4326","9000.0","","","","","","","","","","","","","","","","","","","","","","","","","","","","","","","","","","","","","","","","","","","","","","","","","","https://biodiversity.org.au/afd/taxa/0aa74239-0832-4a47-8bcb-959fc021f485","Leporillus conditor","Leporillus conditor","","","","","","","","Animalia","Chordata","Mammalia","Rodentia","Muridae","Leporillus","","","","species","","(Sturt, 1848)","Greater Stick-nest Rat","","","","","","","","","Leporillus conditor","","","","","","","","","","","","","","","","","7ac7f308-f42f-436c-8eee-5b70ba14466d","","","","","","","","","","","Event"
"dr1097","","2022-10-24","","CC-BY 4.0 (Int)","","","","","","","c83ee307-f721-5958-a610-b38b730fbe7a","","","Victorian Biodiversity Atlas flora records (unrestricted) for sites with high spatial accuracy","","HUMAN_OBSERVATION","","","","4336926","4336926","","Staff Others (non departmental)","5","","","","","","","","PRESENT","","","","","","","","","","","","0dd8d2aa-f934-4bc3-99c5-7c8064df4050","","","","","","","","1856-01-01T00:00:00Z","","1","1","1856","1","1","","","General observations","","","","","","528673","","","","","","","Australia","AU","New South Wales","","","Bottle bend","","40.0","40.0","","","","","","","","","-34.2485","142.33463","EPSG:4326","9000.0","","","","","","","","","","","","","","","","","","","","","","","","","","","","","","","","","","","","","","","","","","","","","","","","","","https://biodiversity.org.au/afd/taxa/61403a2b-8537-46e1-91cf-672d02be62b3","Leporillus apicalis","Leporillus apicalis","","","","","","","","Animalia","Chordata","Mammalia","Rodentia","Muridae","Leporillus","","","","species","","(Gould, 1853)","Lesser Stick-nest Rat","","","","","","","","","Leporillus apicalis","","","","","","","","","","","","","","","","","d508c100-e4ff-4c04-b8f6-177252602716","","","","","","","","","","","Event"
"dr340","","","","CC-BY 3.0 (Au)","","","","","","","","AM","Mammalogy","","","PRESERVED_SPECIMEN","","","{""dcterms:type"":""PhysicalObject"",""dcterms:modified"":""2015/5/20""}","urn:lsid:ozcam.taxonomy.org.au:AM:Mammalogy:M.3058","M.3058","","Le Souef, A S","","","","FEMALE","","","","","PRESENT","","","","","","","ecatalogue.irn:4024030 | urn:catalog:AM:Mammalogy:M.3058","","","","","","","","","","urn:australianmuseum.net.au:Events:4004543","","","1921-07-01T00:00:00Z","","182","182","1921","7","1","","","","","","","","","","","","","","","","Australia","AU","South Australia","","","","FISHER TRANS AUST RAILWAY","","","","","","","","","","ecatalogue.LocCollectionEventLocal: ""Australia, South Australia, FISHER TRANS AUST RAILWAY (30° 33' S, 130° 58' E) 01/07/1921 - 01/07/1921, Accession"";","-30.55","130.966","EPSG:4326","","0.001","","","30° 33' S","130° 58' E","","","","","","","","","","","","","","","","","","","","","","","","","","","","","","","","","","","","","","","","","","","","","https://biodiversity.org.au/afd/taxa/0aa74239-0832-4a47-8bcb-959fc021f485","Leporillus conditor (Sturt, 1848)","Leporillus conditor","Leporillus conditor (Sturt, 1848)","","","(Sturt, 1848)","","","","Animalia","Chordata","Mammalia","Rodentia","Muridae","Leporillus","","conditor","","species","","(Sturt, 1848)","Greater Stick-nest Rat","","","","","","","","","Leporillus conditor","","","","","","","","","","","","","","","Published dataset","","a765a904-3e71-486f-b720-661135b02633","","","","","","","","","","",""
"dr340","","","","CC-BY 3.0 (Au)","","","","","","","","AM","Mammalogy","","","PRESERVED_SPECIMEN","","","{""dcterms:type"":""PhysicalObject"",""dcterms:modified"":""2015/6/12""}","urn:lsid:ozcam.taxonomy.org.au:AM:Mammalogy:S.1879","S.1879","","TROUGHTON AND J H WRIGHT","","","","","","","","","PRESENT","","","","","","","ecatalogue.irn:4040738 | urn:catalog:AM:Mammalogy:S.1879","","","","","","","","","","urn:australianmuseum.net.au:Events:4005179","","","","","","","1921","","","","","","","","","","","","","","","","","","Australia","AU","South Australia","","","","FISHER E W LINE","","","","","","","","","","ecatalogue.LocCollectionEventLocal: ""Australia, South Australia, FISHER E W LINE (30° 33' S, 130° 58' E) 1921 - 1921, Field Collected - Terrestrial"";","-30.55","130.966","EPSG:4326","","0.001","","","30° 33' S","130° 58' E","","","","","","","","","","","","","","","","","","","","","","","","","","","","","","","","","","","","","","","","","","","","","https://biodiversity.org.au/afd/taxa/0aa74239-0832-4a47-8bcb-959fc021f485","Leporillus conditor (Sturt, 1848)","Leporillus conditor","Leporillus conditor (Sturt, 1848)","","","(Sturt, 1848)","","","","Animalia","Chordata","Mammalia","Rodentia","Muridae","Leporillus","","conditor","","species","","(Sturt, 1848)","Greater Stick-nest Rat","","","","","","","","","Leporillus conditor","","","","","","","","","","","","","","","Published dataset","","2df1e3e8-be53-4e32-9e5c-42b3391cb110","","","","","","","","","","",""
"dr340","","","","CC-BY 3.0 (Au)","","","","","","","","AM","Mammalogy","","","PRESERVED_SPECIMEN","","","{""dcterms:type"":""PhysicalObject"",""dcterms:modified"":""2015/5/20""}","urn:lsid:ozcam.taxonomy.org.au:AM:Mammalogy:M.3070","M.3070","","LE G TROUGHTON J WRIGHT","","","","FEMALE","","","","","PRESENT","","","","","","","ecatalogue.irn:4024164 | urn:catalog:AM:Mammalogy:M.3070","","","","","76d8dace-a263-47e4-b3cc-6e2c04b37634","","","","","urn:australianmuseum.net.au:Events:4009821","","","1921-10-24T00:00:00Z","","297","297","1921","10","24","","","","","","","","","","","","","","","","Australia","AU","South Australia","","","","9 MLS WEST OF OOLDEA TRANS LINE","","","","","","","","","","ecatalogue.LocCollectionEventLocal: ""Australia, South Australia, 9 MLS WEST OF OOLDEA TRANS LINE (30° 27' S, 131° 41' E) 24/10/1921 - 24/10/1921, Field Collected - Terrestrial"";","-30.45","131.683","EPSG:4326","","0.001","","","30° 27' S","131° 41' E","","","","","","","","","","","","","","","","","","","","","","","","","","","","","","","","","","","","","","","","","","","","","https://biodiversity.org.au/afd/taxa/0aa74239-0832-4a47-8bcb-959fc021f485","Leporillus conditor (Sturt, 1848)","Leporillus conditor","Leporillus conditor (Sturt, 1848)","","","(Sturt, 1848)","","","","Animalia","Chordata","Mammalia","Rodentia","Muridae","Leporillus","","conditor","","species","","(Sturt, 1848)","Greater Stick-nest Rat","","","","","","","","","Leporillus conditor","","","","","","","","","","","","","","","Published dataset","","c7dcc5e5-dda2-4a8d-b757-b21582b2f107","","","","","","","","","","",""
"dr340","","","","CC-BY 3.0 (Au)","","","","","","","","AM","Mammalogy","","","PRESERVED_SPECIMEN","","","{""dcterms:type"":""PhysicalObject"",""dcterms:modified"":""2015/5/20""}","urn:lsid:ozcam.taxonomy.org.au:AM:Mammalogy:M.3064","M.3064","","LE G TROUGHTON J WRIGHT","","","","MALE","","","","","PRESENT","","","","","","","ecatalogue.irn:4024097 | urn:catalog:AM:Mammalogy:M.3064","","","","","5ba3fd33-77e6-4659-910d-a3a7032a87f3","","","","","urn:australianmuseum.net.au:Events:4009819","","","1921-10-12T00:00:00Z","","285","285","1921","10","12","","","","","","","","","","","","","","","","Australia","AU","South Australia","","","","9 MLS WEST OF OOLDEA TRANS LINE","","","","","","","","","","ecatalogue.LocCollectionEventLocal: ""Australia, South Australia, 9 MLS WEST OF OOLDEA TRANS LINE (30° 27' S, 131° 41' E) 12/10/1921 - 12/10/1921, Field Collected - Terrestrial"";","-30.45","131.683","EPSG:4326","","0.001","","","30° 27' S","131° 41' E","","","","","","","","","","","","","","","","","","","","","","","","","","","","","","","","","","","","","","","","","","","","","https://biodiversity.org.au/afd/taxa/0aa74239-0832-4a47-8bcb-959fc021f485","Leporillus conditor (Sturt, 1848)","Leporillus conditor","Leporillus conditor (Sturt, 1848)","","","(Sturt, 1848)","","","","Animalia","Chordata","Mammalia","Rodentia","Muridae","Leporillus","","conditor","","species","","(Sturt, 1848)","Greater Stick-nest Rat","","","","","","","","","Leporillus conditor","","","","","","","","","","","","","","","Published dataset","","dedd6507-6f2d-4d8c-859a-597ce0a5823d","","","","","","","","","","",""
"dr340","","","","CC-BY 3.0 (Au)","","","","","","","","AM","Mammalogy","","","PRESERVED_SPECIMEN","","","{""dcterms:type"":""PhysicalObject"",""dcterms:modified"":""2015/5/20""}","urn:lsid:ozcam.taxonomy.org.au:AM:Mammalogy:M.3061","M.3061","","Jones, F. W.","","","","MALE","","","","","PRESENT","","","","","","","ecatalogue.irn:4024064 | urn:catalog:AM:Mammalogy:M.3061","","","","","48c4a794-1a8f-4583-a9bd-8b07d237594e","","","","","urn:australianmuseum.net.au:Events:4001160","","","1922-05-24T00:00:00Z","","144","144","1922","5","24","","","","","","","","","","","","","","","","Australia","AU","South Australia","","","","Franklins Island Nuyts Archipelago.","","","","","","","","","","ecatalogue.LocCollectionEventLocal: ""Australia, South Australia, Franklins Island Nuyts Archipelago. (32° 27' S, 133° 40' E) 24/05/1922 - 24/05/1922, Accession"";","-32.45","133.666","EPSG:4326","","0.001","","","32° 27' S","133° 40' E","","","","","","","","","","","","","","","","","","","","","","","","","","","","","","","","","Godthelp, H","2000-11","","","","","","","","","","","https://biodiversity.org.au/afd/taxa/0aa74239-0832-4a47-8bcb-959fc021f485","Leporillus conditor (Sturt, 1848)","Leporillus conditor","Leporillus conditor (Sturt, 1848)","","","(Sturt, 1848)","","","","Animalia","Chordata","Mammalia","Rodentia","Muridae","Leporillus","","conditor","","species","","(Sturt, 1848)","Greater Stick-nest Rat","","","","","","","","","Leporillus conditor","","","","","","","","","","","","","","","Published dataset","","bb2b9a3e-4cb6-4c67-bf18-37b907716367","","","","","","","","","","",""
"dr340","","","","CC-BY 3.0 (Au)","","","","","","","","AM","Mammalogy","","","PRESERVED_SPECIMEN","","","{""dcterms:type"":""PhysicalObject"",""dcterms:modified"":""2015/6/12""}","urn:lsid:ozcam.taxonomy.org.au:AM:Mammalogy:S.1645","S.1645","","Le G Troughton, J Wright","","","","","","","","","PRESENT","","","","","","","ecatalogue.irn:4040576 | urn:catalog:AM:Mammalogy:S.1645","","","","","","","","","","urn:australianmuseum.net.au:Events:4012018","","","1923-12-28T00:00:00Z","","362","362","1923","12","28","","","","","","","","","","","","","","","","Australia","AU","South Australia","","","","Fisher Nullarbor Plain.","","","","","","","","","","ecatalogue.LocCollectionEventLocal: ""Australia, South Australia, Fisher Nullarbor Plain. (30° 33' S, 130° 58' E) 28/12/1923 - 28/12/1923, Field Collected - Terrestrial"";","-30.55","130.966","EPSG:4326","","0.001","","","30° 33' S","130° 58' E","","","","","","","","","","","","","","","","","","","","","","","","","","","","","","","","","Godthelp, H","2000-11","","","","","","","","","","","https://biodiversity.org.au/afd/taxa/0aa74239-0832-4a47-8bcb-959fc021f485","Leporillus conditor (Sturt, 1848)","Leporillus conditor","Leporillus conditor (Sturt, 1848)","","","(Sturt, 1848)","","","","Animalia","Chordata","Mammalia","Rodentia","Muridae","Leporillus","","conditor","","species","","(Sturt, 1848)","Greater Stick-nest Rat","","","","","","","","","Leporillus conditor","","","","","","","","","","","","","","","Published dataset","","e55540ab-613f-434d-8a47-b7a8b8496fdb","","","","","","","","","","",""
"dr340","","","","CC-BY 3.0 (Au)","","","","","","","","AM","Mammalogy","","","PRESERVED_SPECIMEN","","","{""dcterms:type"":""PhysicalObject"",""dcterms:modified"":""2015/5/20""}","urn:lsid:ozcam.taxonomy.org.au:AM:Mammalogy:M.3065","M.3065","","Le G Troughton, J Wright","","","","MALE","","","","","PRESENT","","","","","","","ecatalogue.irn:4024108 | urn:catalog:AM:Mammalogy:M.3065","","","","","59747aaf-f33e-4276-b6ec-522b90b6d755","","","","","urn:australianmuseum.net.au:Events:4012020","","","1921-10-12T00:00:00Z","","285","285","1921","10","12","","","","","","","","","","","","","","","","Australia","AU","South Australia","","","","9 mls W of Ooldea Trans Line.","","","","","","","","","","ecatalogue.LocCollectionEventLocal: ""Australia, South Australia, 9 mls W of Ooldea Trans Line. (30° 27' S, 131° 41' E) 12/10/1921 - 12/10/1921, Field Collected - Terrestrial"";","-30.45","131.683","EPSG:4326","","0.001","","","30° 27' S","131° 41' E","","","","","","","","","","","","","","","","","","","","","","","","","","","","","","","","","Godthelp, H","2000-11","","","","","","","","","","","https://biodiversity.org.au/afd/taxa/0aa74239-0832-4a47-8bcb-959fc021f485","Leporillus conditor (Sturt, 1848)","Leporillus conditor","Leporillus conditor (Sturt, 1848)","","","(Sturt, 1848)","","","","Animalia","Chordata","Mammalia","Rodentia","Muridae","Leporillus","","conditor","","species","","(Sturt, 1848)","Greater Stick-nest Rat","","","","","","","","","Leporillus conditor","","","","","","","","","","","","","","","Published dataset","","5ba3fd33-77e6-4659-910d-a3a7032a87f3","","","","","","","","","","",""
"dr340","","","","CC-BY 3.0 (Au)","","","","","","","","AM","Mammalogy","","","PRESERVED_SPECIMEN","","","{""dcterms:type"":""PhysicalObject"",""dcterms:modified"":""2015/5/20""}","urn:lsid:ozcam.taxonomy.org.au:AM:Mammalogy:M.3741","M.3741","","Taronga Park Zoo","","","","","","","","","PRESENT","","","","","","","ecatalogue.irn:4031611 | urn:catalog:AM:Mammalogy:M.3741","","","","","","","","","","urn:australianmuseum.net.au:Events:4005272","","","1926-03-01T00:00:00Z","","60","60","1926","3","1","","","","","","","","","","","","","","","","Australia","AU","South Australia","","","","Taronga Park, born in Zoo parents from Fisher Trans Aust. Railway.","","","","","","","","","","ecatalogue.LocCollectionEventLocal: ""Australia, South Australia, Taronga Park, born in Zoo parents from Fisher Trans Aust. Railway. (30° 33' S, 130° 58' E) 01/03/1926 - 01/03/1926, Accession"";","-30.55","130.966","EPSG:4326","","0.001","","","30° 33' S","130° 58' E","","","","","","","","","","","","","","","","","","","","","","","","","","","","","","","","","Godthelp, H","2000-11","","","","","","","","","","","https://biodiversity.org.au/afd/taxa/0aa74239-0832-4a47-8bcb-959fc021f485","Leporillus conditor (Sturt, 1848)","Leporillus conditor","Leporillus conditor (Sturt, 1848)","","","(Sturt, 1848)","","","","Animalia","Chordata","Mammalia","Rodentia","Muridae","Leporillus","","conditor","","species","","(Sturt, 1848)","Greater Stick-nest Rat","","","","","","","","","Leporillus conditor","","","","","","","","","","","","","","","Published dataset","","3fe27b11-6430-46f6-afdd-f00b3c585543","","","","","","","","","","",""
"dr340","","","","CC-BY 3.0 (Au)","","","","","","","","AM","Mammalogy","","","PRESERVED_SPECIMEN","","","{""dcterms:type"":""PhysicalObject"",""dcterms:modified"":""2015/5/20""}","urn:lsid:ozcam.taxonomy.org.au:AM:Mammalogy:M.3204","M.3204","","Taronga Park Zoo","","","","MALE","","","","","PRESENT","","","","","","","ecatalogue.irn:4025653 | urn:catalog:AM:Mammalogy:M.3204","","","","","","","","","","urn:australianmuseum.net.au:Events:4012248","","","1922-09-18T00:00:00Z","","261","261","1922","9","18","","","","","","","","","","","","OCEANIA","","","","Australia","AU","South Australia","","","","BORN IN ZOO PARENTS FROM OOLDEA","","","","","","","","","","ecatalogue.LocCollectionEventLocal: ""Australia, South Australia, BORN IN ZOO PARENTS FROM OOLDEA 18/09/1922 - 18/09/1922, Accession"";","","","","","","","","","","","","","","","","","","","","","","","","","","","","","","","","","","","","","","","","","","","","","","","","","","","","","","https://biodiversity.org.au/afd/taxa/0aa74239-0832-4a47-8bcb-959fc021f485","Leporillus conditor (Sturt, 1848)","Leporillus conditor","Leporillus conditor (Sturt, 1848)","","","(Sturt, 1848)","","","","Animalia","Chordata","Mammalia","Rodentia","Muridae","Leporillus","","conditor","","species","","(Sturt, 1848)","Greater Stick-nest Rat","","","","","","","","","Leporillus conditor","","","","","","","","","","","","","","","Published dataset","","5c410cab-d8ab-4348-803f-193b334f338a","","","","","","","","","","",""
"dr340","","","","CC-BY 3.0 (Au)","","","","","","","","AM","Mammalogy","","","PRESERVED_SPECIMEN","","","{""dcterms:type"":""PhysicalObject"",""dcterms:modified"":""2015/5/20""}","urn:lsid:ozcam.taxonomy.org.au:AM:Mammalogy:M.3068","M.3068","","LE G TROUGHTON J WRICHT","","","","MALE","","","","","PRESENT","","","","","","","ecatalogue.irn:4024141 | urn:catalog:AM:Mammalogy:M.3068","","","","","5ba3fd33-77e6-4659-910d-a3a7032a87f3","","","","","urn:australianmuseum.net.au:Events:4006010","","","1921-10-12T00:00:00Z","","285","285","1921","10","12","","","","","","","","","","","","","","","","Australia","AU","South Australia","","","","9 MLS WEST OF OOLDEA TRANS LINE","","","","","","","","","","ecatalogue.LocCollectionEventLocal: ""Australia, South Australia, 9 MLS WEST OF OOLDEA TRANS LINE (30° 27' S, 131° 41' E) 12/10/1921 - 12/10/1921, Field Collected - Terrestrial"";","-30.45","131.683","EPSG:4326","","0.001","","","30° 27' S","131° 41' E","","","","","","","","","","","","","","","","","","","","","","","","","","","","","","","","","","","","","","","","","","","","","https://biodiversity.org.au/afd/taxa/0aa74239-0832-4a47-8bcb-959fc021f485","Leporillus conditor (Sturt, 1848)","Leporillus conditor","Leporillus conditor (Sturt, 1848)","","","(Sturt, 1848)","","","","Animalia","Chordata","Mammalia","Rodentia","Muridae","Leporillus","","conditor","","species","","(Sturt, 1848)","Greater Stick-nest Rat","","","","","","","","","Leporillus conditor","","","","","","","","","","","","","","","Published dataset","","75d8b1c1-c691-44e3-919b-796981f33be2","","","","","","","","","","",""
"dr340","","","","CC-BY 3.0 (Au)","","","","","","","","AM","Mammalogy","","","PRESERVED_SPECIMEN","","","{""dcterms:type"":""PhysicalObject"",""dcterms:modified"":""2015/5/20""}","urn:lsid:ozcam.taxonomy.org.au:AM:Mammalogy:M.3069","M.3069","","LE G TROUGHTON J WRIGHT","","","","MALE","","","","","PRESENT","","","","","","","ecatalogue.irn:4024152 | urn:catalog:AM:Mammalogy:M.3069","","","","","c7dcc5e5-dda2-4a8d-b757-b21582b2f107","","","","","urn:australianmuseum.net.au:Events:4009820","","","1921-10-16T00:00:00Z","","289","289","1921","10","16","","","","","","","","","","","","","","","","Australia","AU","South Australia","","","","9 MLS WEST OF OOLDEA TRANS LINE","","","","","","","","","","ecatalogue.LocCollectionEventLocal: ""Australia, South Australia, 9 MLS WEST OF OOLDEA TRANS LINE (30° 27' S, 131° 41' E) 16/10/1921 - 16/10/1921, Field Collected - Terrestrial"";","-30.45","131.683","EPSG:4326","","0.001","","","30° 27' S","131° 41' E","","","","","","","","","","","","","","","","","","","","","","","","","","","","","","","","","","","","","","","","","","","","","https://biodiversity.org.au/afd/taxa/0aa74239-0832-4a47-8bcb-959fc021f485","Leporillus conditor (Sturt, 1848)","Leporillus conditor","Leporillus conditor (Sturt, 1848)","","","(Sturt, 1848)","","","","Animalia","Chordata","Mammalia","Rodentia","Muridae","Leporillus","","conditor","","species","","(Sturt, 1848)","Greater Stick-nest Rat","","","","","","","","","Leporillus conditor","","","","","","","","","","","","","","","Published dataset","","76d8dace-a263-47e4-b3cc-6e2c04b37634","","","","","","","","","","",""
"dr340","","","","CC-BY 3.0 (Au)","","","","","","","","AM","Mammalogy","","","PRESERVED_SPECIMEN","","","{""dcterms:type"":""PhysicalObject"",""dcterms:modified"":""2015/6/12""}","urn:lsid:ozcam.taxonomy.org.au:AM:Mammalogy:S.1600","S.1600","","Jones, F. W.","","","","FEMALE","","","","","PRESENT","","","","","","","ecatalogue.irn:4040551 | urn:catalog:AM:Mammalogy:S.1600","","","","","bb2b9a3e-4cb6-4c67-bf18-37b907716367","","","","","urn:australianmuseum.net.au:Events:4001161","","","1922-08-31T00:00:00Z","","243","243","1922","8","31","","","","","","","","","","","","","","","","Australia","AU","South Australia","","","","Franklin's Id Nuyts Archipelago.","","","","","","","","","","ecatalogue.LocCollectionEventLocal: ""Australia, South Australia, Franklin's Id Nuyts Archipelago. (32° 27' S, 133° 40' E) 31/08/1922 - 31/08/1922, Accession"";","-32.45","133.666","EPSG:4326","","0.001","","","32° 27' S","133° 40' E","","","","","","","","","","","","","","","","","","","","","","","","","","","","","","","","","Godthelp, H","2000-11","","","","","","","","","","","https://biodiversity.org.au/afd/taxa/0aa74239-0832-4a47-8bcb-959fc021f485","Leporillus conditor (Sturt, 1848)","Leporillus conditor","Leporillus conditor (Sturt, 1848)","","","(Sturt, 1848)","","","","Animalia","Chordata","Mammalia","Rodentia","Muridae","Leporillus","","conditor","","species","","(Sturt, 1848)","Greater Stick-nest Rat","","","","","","","","","Leporillus conditor","","","","","","","","","","","","","","","Published dataset","","48c4a794-1a8f-4583-a9bd-8b07d237594e","","","","","","","","","","",""
"dr340","","","","CC-BY 3.0 (Au)","","","","","","","","AM","Mammalogy","","","PRESERVED_SPECIMEN","","","{""dcterms:type"":""PhysicalObject"",""dcterms:modified"":""2015/6/12""}","urn:lsid:ozcam.taxonomy.org.au:AM:Mammalogy:S.1597","S.1597","","Le G Troughton, J Wright","","","","MALE","","","","","PRESENT","","","","","","","ecatalogue.irn:4040550 | urn:catalog:AM:Mammalogy:S.1597","","","","","","","","","","urn:australianmuseum.net.au:Events:4012017","","","1921-10-10T00:00:00Z","","283","283","1921","10","10","","","","","","","","","","","","","","","","Australia","AU","South Australia","","","","9 mls W of Ooldea Trans-Aust. Line.","","","","","","","","","","ecatalogue.LocCollectionEventLocal: ""Australia, South Australia, 9 mls W of Ooldea Trans-Aust. Line. (30° 27' S, 131° 40' E) 10/10/1921 - 10/10/1921, Field Collected - Terrestrial"";","-30.45","131.666","EPSG:4326","","0.001","","","30° 27' S","131° 40' E","","","","","","","","","","","","","","","","","","","","","","","","","","","","","","","","","Godthelp, H","2000-11","","","","","","","","","","","https://biodiversity.org.au/afd/taxa/0aa74239-0832-4a47-8bcb-959fc021f485","Leporillus conditor (Sturt, 1848)","Leporillus conditor","Leporillus conditor (Sturt, 1848)","","","(Sturt, 1848)","","","","Animalia","Chordata","Mammalia","Rodentia","Muridae","Leporillus","","conditor","","species","","(Sturt, 1848)","Greater Stick-nest Rat","","","","","","","","","Leporillus conditor","","","","","","","","","","","","","","","Published dataset","","7c51826d-1156-491d-80cf-e2559b80937a","","","","","","","","","","",""
"dr340","","","","CC-BY 3.0 (Au)","","","","","","","","AM","Mammalogy","","","PRESERVED_SPECIMEN","","","{""dcterms:type"":""PhysicalObject"",""dcterms:modified"":""2015/5/20""}","urn:lsid:ozcam.taxonomy.org.au:AM:Mammalogy:M.3235","M.3235","","Taronga Park Zoo","","","","","","","","","PRESENT","","","","","","","ecatalogue.irn:4025997 | urn:catalog:AM:Mammalogy:M.3235","","","","","","","","","","urn:australianmuseum.net.au:Events:4012235","","","1923-03-03T00:00:00Z","","62","62","1923","3","3","","","","","","","","","","","","OCEANIA","","","","Australia","AU","South Australia","","","","BORN AT ZOO PARENTS FROM FISHER TRANS AUST RAILWAY","","","","","","","","","","ecatalogue.LocCollectionEventLocal: ""Australia, South Australia, BORN AT ZOO PARENTS FROM FISHER TRANS AUST RAILWAY 03/03/1923 - 03/03/1923, Accession"";","","","","","","","","","","","","","","","","","","","","","","","","","","","","","","","","","","","","","","","","","","","","","","","","","","","","","","https://biodiversity.org.au/afd/taxa/0aa74239-0832-4a47-8bcb-959fc021f485","Leporillus conditor (Sturt, 1848)","Leporillus conditor","Leporillus conditor (Sturt, 1848)","","","(Sturt, 1848)","","","","Animalia","Chordata","Mammalia","Rodentia","Muridae","Leporillus","","conditor","","species","","(Sturt, 1848)","Greater Stick-nest Rat","","","","","","","","","Leporillus conditor","","","","","","","","","","","","","","","Published dataset","","41d8b78e-9e03-4a89-9bfc-821187b09474","","","","","","","","","","",""
"dr340","","","","CC-BY 3.0 (Au)","","","","","","","","AM","Mammalogy","","","PRESERVED_SPECIMEN","","","{""dcterms:type"":""PhysicalObject"",""dcterms:modified"":""2015/5/20""}","urn:lsid:ozcam.taxonomy.org.au:AM:Mammalogy:M.3063","M.3063","","Le G Troughton, J Wright","","","","MALE","","","","","PRESENT","","","","","","","ecatalogue.irn:4024086 | urn:catalog:AM:Mammalogy:M.3063","","","","","5ba3fd33-77e6-4659-910d-a3a7032a87f3|8f1603e6-4433-449d-acc3-f0ad7e36176d","","","","","urn:australianmuseum.net.au:Events:4012019","","","1921-10-11T00:00:00Z","","284","284","1921","10","11","","","","","","","","","","","","","","","","Australia","AU","South Australia","","","","9 mls W of Ooldea Trans Line.","","","","","","","","","","ecatalogue.LocCollectionEventLocal: ""Australia, South Australia, 9 mls W of Ooldea Trans Line. (30° 27' S, 131° 41' E) 11/10/1921 - 11/10/1921, Field Collected - Terrestrial"";","-30.45","131.683","EPSG:4326","","0.001","","","30° 27' S","131° 41' E","","","","","","","","","","","","","","","","","","","","","","","","","","","","","","","","","Godthelp, H","2000-11","","","","","","","","","","","https://biodiversity.org.au/afd/taxa/0aa74239-0832-4a47-8bcb-959fc021f485","Leporillus conditor (Sturt, 1848)","Leporillus conditor","Leporillus conditor (Sturt, 1848)","","","(Sturt, 1848)","","","","Animalia","Chordata","Mammalia","Rodentia","Muridae","Leporillus","","conditor","","species","","(Sturt, 1848)","Greater Stick-nest Rat","","","","","","","","","Leporillus conditor","","","","","","","","","","","","","","","Published dataset","","59747aaf-f33e-4276-b6ec-522b90b6d755","","","","","","","","","","",""
"dr340","","","","CC-BY 3.0 (Au)","","","","","","","","AM","Mammalogy","","","PRESERVED_SPECIMEN","","","{""dcterms:type"":""PhysicalObject"",""dcterms:modified"":""2015/5/20""}","urn:lsid:ozcam.taxonomy.org.au:AM:Mammalogy:M.3062","M.3062","","Le G Troughton, J Wright","","","","FEMALE","","","","","PRESENT","","","","","","","ecatalogue.irn:4024075 | urn:catalog:AM:Mammalogy:M.3062","","","","","59747aaf-f33e-4276-b6ec-522b90b6d755","","","","","urn:australianmuseum.net.au:Events:4012019","","","1921-10-11T00:00:00Z","","284","284","1921","10","11","","","","","","","","","","","","","","","","Australia","AU","South Australia","","","","9 mls W of Ooldea Trans Line.","","","","","","","","","","ecatalogue.LocCollectionEventLocal: ""Australia, South Australia, 9 mls W of Ooldea Trans Line. (30° 27' S, 131° 41' E) 11/10/1921 - 11/10/1921, Field Collected - Terrestrial"";","-30.45","131.683","EPSG:4326","","0.001","","","30° 27' S","131° 41' E","","","","","","","","","","","","","","","","","","","","","","","","","","","","","","","","","Godthelp, H","2000-11","","","","","","","","","","","https://biodiversity.org.au/afd/taxa/0aa74239-0832-4a47-8bcb-959fc021f485","Leporillus conditor (Sturt, 1848)","Leporillus conditor","Leporillus conditor (Sturt, 1848)","","","(Sturt, 1848)","","","","Animalia","Chordata","Mammalia","Rodentia","Muridae","Leporillus","","conditor","","species","","(Sturt, 1848)","Greater Stick-nest Rat","","","","","","","","","Leporillus conditor","","","","","","","","","","","","","","","Published dataset","","8f1603e6-4433-449d-acc3-f0ad7e36176d","","","","","","","","","","",""
"dr342","","2020-09-25T19:04","en","CC0","Museums Victoria","","","","urn:lsid:biocol.org:col:34978","","","NMV","Mammalogy","Blandowski","NMV","PRESERVED_SPECIMEN","","","","urn:lsid:ozcam.taxonomy.org.au:NMV:Mammalogy:PreservedSpecimen:C86-1","C86-1","","W Blandowski","1","","","","","","","","PRESENT","Dry | Skull","","","","","","","","","","","0e988046-e07c-4136-a811-2387e925e2a7","","","","","","","","","","","","1857","","","","","","","","","","","","","","","","","","Australia","AU","Victoria","","","Murray and Darling Rivers junction","Murray and Darling Rivers junction","","","","","","","","","","","-34.12","141.92","EPSG:4326","","","","","","","","","","","","","","Approximation","","","","","","","","","","","","","","","","","","","","","","","","","","","","","","","","","","","","","https://biodiversity.org.au/afd/taxa/61403a2b-8537-46e1-91cf-672d02be62b3","Leporillus apicalis","Leporillus apicalis","","","","","","","Animalia | Chordata | Vertebrata | Mammalia | Rodentia | Myomorpha | Muroidea | Muridae | Murinae","Animalia","Chordata","Mammalia","Rodentia","Muridae","Leporillus","","apicalis","","species","","(Gould, 1853)","Lesser Stick-nest Rat","ICZN","","","","","","","","Leporillus apicalis","","","","","","","","","","","","","","","Published dataset","","d610a350-45e4-41ec-ad9e-3800cf395537","","","","","","","","","","","PhysicalObject"
"dr342","","2020-09-25T19:04","en","CC0","Museums Victoria","","","","urn:lsid:biocol.org:col:34978","","","NMV","Mammalogy","Blandowski","NMV","PRESERVED_SPECIMEN","","","","urn:lsid:ozcam.taxonomy.org.au:NMV:Mammalogy:PreservedSpecimen:C86","C86","","W Blandowski","1","","","","","","","","PRESENT","Dry | Skin","","","","","","","","","","","0e988046-e07c-4136-a811-2387e925e2a7","","","","","","","","","","","","1857","","","","","","","","","","","","","","","","","","Australia","AU","Victoria","","","Murray and Darling Rivers junction","Murray and Darling Rivers junction","","","","","","","","","","","-34.12","141.92","EPSG:4326","","","","","","","","","","","","","","Approximation","","","","","","","","","","","","","","","","","","","","","","","","","","","","","","","","","","","","","https://biodiversity.org.au/afd/taxa/61403a2b-8537-46e1-91cf-672d02be62b3","Leporillus apicalis","Leporillus apicalis","","","","","","","Animalia | Chordata | Vertebrata | Mammalia | Rodentia | Myomorpha | Muroidea | Muridae | Murinae","Animalia","Chordata","Mammalia","Rodentia","Muridae","Leporillus","","apicalis","","species","","(Gould, 1853)","Lesser Stick-nest Rat","ICZN","","","","","","","","Leporillus apicalis","","","","","","","","","","","","","","","Published dataset","","6a9b4b07-e14d-4ac0-aa30-32e1d059b959","","","","","","","","","","","PhysicalObject"
"dr342","","2020-09-25T19:04","en","CC0","Museums Victoria","","","","urn:lsid:biocol.org:col:34978","","","NMV","Mammalogy","Blandowski","NMV","PRESERVED_SPECIMEN","","","","urn:lsid:ozcam.taxonomy.org.au:NMV:Mammalogy:PreservedSpecimen:C93","C93","","W Blandowski","1","","","","","","","","PRESENT","Dry | Skin","","","","","","","","","","","0e988046-e07c-4136-a811-2387e925e2a7","","","","","","","","","","","","1857","","","","","","","","","","","","","","","","","","Australia","AU","Victoria","","","Murray and Darling Rivers junction","Murray and Darling Rivers junction","","","","","","","","","","","-34.12","141.92","EPSG:4326","","","","","","","","","","","","","","Approximation","","","","","","","","","","","","","","","","","","","","","","","","","","","","","","","","","","","","","https://biodiversity.org.au/afd/taxa/61403a2b-8537-46e1-91cf-672d02be62b3","Leporillus apicalis","Leporillus apicalis","","","","","","","Animalia | Chordata | Vertebrata | Mammalia | Rodentia | Myomorpha | Muroidea | Muridae | Murinae","Animalia","Chordata","Mammalia","Rodentia","Muridae","Leporillus","","apicalis","","species","","(Gould, 1853)","Lesser Stick-nest Rat","ICZN","","","","","","","","Leporillus apicalis","","","","","","","","","","","","","","","Published dataset","","a8b1a5e8-3b3e-40cc-97b0-c20e57b8d801","","","","","","","","","","","PhysicalObject"
"dr342","","2020-09-25T19:04","en","CC0","Museums Victoria","","","","urn:lsid:biocol.org:col:34978","","","NMV","Mammalogy","Blandowski","NMV","PRESERVED_SPECIMEN","","","","urn:lsid:ozcam.taxonomy.org.au:NMV:Mammalogy:PreservedSpecimen:C90","C90","","W Blandowski","1","","","","","","","","PRESENT","Dry | Skin","","","","","","","","","","","0e988046-e07c-4136-a811-2387e925e2a7","","","","","","","","","","","","1857","","","","","","","","","","","","","","","","","","Australia","AU","Victoria","","","Murray and Darling Rivers junction","Murray and Darling Rivers junction","","","","","","","","","","","-34.12","141.92","EPSG:4326","","","","","","","","","","","","","","Approximation","","","","","","","","","","","","","","","","","","","","","","","","","","","","","","","","","","","","","https://biodiversity.org.au/afd/taxa/61403a2b-8537-46e1-91cf-672d02be62b3","Leporillus apicalis","Leporillus apicalis","","","","","","","Animalia | Chordata | Vertebrata | Mammalia | Rodentia | Myomorpha | Muroidea | Muridae | Murinae","Animalia","Chordata","Mammalia","Rodentia","Muridae","Leporillus","","apicalis","","species","","(Gould, 1853)","Lesser Stick-nest Rat","ICZN","","","","","","","","Leporillus apicalis","","","","","","","","","","","","","","","Published dataset","","456f607b-787f-4114-a70b-449905585096","","","","","","","","","","","PhysicalObject"
"dr342","","2020-09-25T19:04","en","CC0","Museums Victoria","","","","urn:lsid:biocol.org:col:34978","","","NMV","Mammalogy","Blandowski","NMV","PRESERVED_SPECIMEN","","","","urn:lsid:ozcam.taxonomy.org.au:NMV:Mammalogy:PreservedSpecimen:C96","C96","","W Blandowski","1","","","","","","","","PRESENT","Dry | Skin","","","","","","","","","","","0e988046-e07c-4136-a811-2387e925e2a7","","","","","","","","","","","","1857","","","","","","","","","","","","","","","","","","Australia","AU","Victoria","","","Murray and Darling Rivers junction","Murray and Darling Rivers junction","","","","","","","","","","","-34.12","141.92","EPSG:4326","","","","","","","","","","","","","","Approximation","","","","","","","","","","","","","","","","","","","","","","","","","","","","","","","","","","","","","https://biodiversity.org.au/afd/taxa/61403a2b-8537-46e1-91cf-672d02be62b3","Leporillus apicalis","Leporillus apicalis","","","","","","","Animalia | Chordata | Vertebrata | Mammalia | Rodentia | Myomorpha | Muroidea | Muridae | Murinae","Animalia","Chordata","Mammalia","Rodentia","Muridae","Leporillus","","apicalis","","species","","(Gould, 1853)","Lesser Stick-nest Rat","ICZN","","","","","","","","Leporillus apicalis","","","","","","","","","","","","","","","Published dataset","","60beb714-b986-4da2-b79f-8c4230b9c166","","","","","","","","","","","PhysicalObject"
"dr342","1d9649d4-ba0e-48da-a1b1-aa9e2c793b13 | 5307bcee-fa8e-4eda-a7d9-05ad97555fa3","2023-04-28T10:40","en","CC0","Museums Victoria","","","","urn:lsid:biocol.org:col:34978","","","NMV","Mammalogy","Blandowski","NMV","PRESERVED_SPECIMEN","","","","urn:lsid:ozcam.taxonomy.org.au:NMV:Mammalogy:PreservedSpecimen:C28242","C28242","","W Blandowski","1","","","MALE","","","","","PRESENT","Dry | Mount","","https://collections.museumsvictoria.com.au/content/media/17/178067-large.jpg | https://collections.museumsvictoria.com.au/content/media/46/191946-large.jpg","","","","","","","","","0e988046-e07c-4136-a811-2387e925e2a7","","","","","","","","","","","","1857","","","","","","","","","","","","","","","","","","Australia","AU","Victoria","","","Murray and Darling Rivers junction","Murray and Darling Rivers junction","","","","","","","","","","","-34.12","141.92","EPSG:4326","","","","","","","","","","","","","","Approximation","","","","","","","","","","","","","","","","","","","","","","","","","","","","","","","","","","","","","https://biodiversity.org.au/afd/taxa/61403a2b-8537-46e1-91cf-672d02be62b3","Leporillus apicalis","Leporillus apicalis","","","","","","","Animalia | Chordata | Vertebrata | Mammalia | Rodentia | Myomorpha | Muroidea | Muridae | Murinae","Animalia","Chordata","Mammalia","Rodentia","Muridae","Leporillus","","apicalis","","species","","(Gould, 1853)","Lesser Stick-nest Rat","ICZN","","","","","","","","Leporillus apicalis","","","","","","","","","","","","","","","Published dataset","","ec21da12-864d-492e-bc5e-91529e5d4163","","","","","","","","","","1d9649d4-ba0e-48da-a1b1-aa9e2c793b13 | 5307bcee-fa8e-4eda-a7d9-05ad97555fa3","PhysicalObject"
"dr342","","2020-09-25T19:04","en","CC0","Museums Victoria","","","","urn:lsid:biocol.org:col:34978","","","NMV","Mammalogy","Blandowski","NMV","PRESERVED_SPECIMEN","","","","urn:lsid:ozcam.taxonomy.org.au:NMV:Mammalogy:PreservedSpecimen:C95","C95","","W Blandowski","1","","","","","","","","PRESENT","Dry | Skin","","","","","","","","","","","0e988046-e07c-4136-a811-2387e925e2a7","","","","","","","","","","","","1857","","","","","","","","","","","","","","","","","","Australia","AU","Victoria","","","Murray and Darling Rivers junction","Murray and Darling Rivers junction","","","","","","","","","","","-34.12","141.92","EPSG:4326","","","","","","","","","","","","","","Approximation","","","","","","","","","","","","","","","","","","","","","","","","","","","","","","","","","","","","","https://biodiversity.org.au/afd/taxa/61403a2b-8537-46e1-91cf-672d02be62b3","Leporillus apicalis","Leporillus apicalis","","","","","","","Animalia | Chordata | Vertebrata | Mammalia | Rodentia | Myomorpha | Muroidea | Muridae | Murinae","Animalia","Chordata","Mammalia","Rodentia","Muridae","Leporillus","","apicalis","","species","","(Gould, 1853)","Lesser Stick-nest Rat","ICZN","","","","","","","","Leporillus apicalis","","","","","","","","","","","","","","","Published dataset","","956fb52f-3851-4cbf-be04-85e0beb7c851","","","","","","","","","","","PhysicalObject"
"dr342","","2020-09-25T19:04","en","CC0","Museums Victoria","","","","urn:lsid:biocol.org:col:34978","","","NMV","Mammalogy","Blandowski","NMV","PRESERVED_SPECIMEN","","","","urn:lsid:ozcam.taxonomy.org.au:NMV:Mammalogy:PreservedSpecimen:C98","C98","","W Blandowski","1","","","","","","","","PRESENT","Dry | Skin","","","","","","","","","","","0e988046-e07c-4136-a811-2387e925e2a7","","","","","","","","","","","","1857","","","","","","","","","","","","","","","","","","Australia","AU","Victoria","","","Murray and Darling Rivers junction","Murray and Darling Rivers junction","","","","","","","","","","","-34.12","141.92","EPSG:4326","","","","","","","","","","","","","","Approximation","","","","","","","","","","","","","","","","","","","","","","","","","","","","","","","","","","","","","https://biodiversity.org.au/afd/taxa/61403a2b-8537-46e1-91cf-672d02be62b3","Leporillus apicalis","Leporillus apicalis","","","","","","","Animalia | Chordata | Vertebrata | Mammalia | Rodentia | Myomorpha | Muroidea | Muridae | Murinae","Animalia","Chordata","Mammalia","Rodentia","Muridae","Leporillus","","apicalis","","species","","(Gould, 1853)","Lesser Stick-nest Rat","ICZN","","","","","","","","Leporillus apicalis","","","","","","","","","","","","","","","Published dataset","","ee37e033-3b0a-429d-9ace-83bef402996b","","","","","","","","","","","PhysicalObject"
"dr342","","2023-11-21T12:56","en","CC0","Museums Victoria","","","","urn:lsid:biocol.org:col:34978","","","NMV","Mammalogy","","NMV","PRESERVED_SPECIMEN","","","","urn:lsid:ozcam.taxonomy.org.au:NMV:Mammalogy:PreservedSpecimen:C7596","C7596","","Unknown","1","","","","","","","","PRESENT","Spirit | Wet | ethanol 70%","","","","","","","","","","","","","","","","","","","","","","","1923","1","","","","","","","","","","","","","","","","","Australia","AU","South Australia","","","Franklin Island","Franklin Island","","","","","","","","","","","-32.45","133.67","EPSG:4326","","","","","","","","","","","","","","AMG conversion, collection or Gazetteer","","","","","","","","","","","","","","","","","","","","","","","","","","","","","","","","","","","","","https://biodiversity.org.au/afd/taxa/0aa74239-0832-4a47-8bcb-959fc021f485","Leporillus conditor","Leporillus conditor","","","","","","","Animalia | Chordata | Vertebrata | Mammalia | Rodentia | Myomorpha | Muroidea | Muridae | Murinae","Animalia","Chordata","Mammalia","Rodentia","Muridae","Leporillus","","conditor","","species","","(Sturt, 1848)","Greater Stick-nest Rat","ICZN","","","","","","","","Leporillus conditor","","","","","","","","","","","","","","","Published dataset","","b2cbbfef-c0c6-4f0f-8b0d-263fdbbac8cd","","","","","","","","","","","PhysicalObject"
"dr342","","2020-09-25T19:04","en","CC0","Museums Victoria","","","","urn:lsid:biocol.org:col:34978","","","NMV","Mammalogy","Blandowski","NMV","PRESERVED_SPECIMEN","","","","urn:lsid:ozcam.taxonomy.org.au:NMV:Mammalogy:PreservedSpecimen:C89","C89","","W Blandowski","1","","","","","","","","PRESENT","Dry | Skin","","","","","","","","","","","0e988046-e07c-4136-a811-2387e925e2a7","","","","","","","","","","","","1857","","","","","","","","","","","","","","","","","","Australia","AU","Victoria","","","Murray and Darling Rivers junction","Murray and Darling Rivers junction","","","","","","","","","","","-34.12","141.92","EPSG:4326","","","","","","","","","","","","","","Approximation","","","","","","","","","","","","","","","","","","","","","","","","","","","","","","","","","","","","","https://biodiversity.org.au/afd/taxa/61403a2b-8537-46e1-91cf-672d02be62b3","Leporillus apicalis","Leporillus apicalis","","","","","","","Animalia | Chordata | Vertebrata | Mammalia | Rodentia | Myomorpha | Muroidea | Muridae | Murinae","Animalia","Chordata","Mammalia","Rodentia","Muridae","Leporillus","","apicalis","","species","","(Gould, 1853)","Lesser Stick-nest Rat","ICZN","","","","","","","","Leporillus apicalis","","","","","","","","","","","","","","","Published dataset","","1d67bbe6-c70a-4726-87d0-0d6ad8cb9755","","","","","","","","","","","PhysicalObject"
"dr342","","2020-09-25T19:04","en","CC0","Museums Victoria","","","","urn:lsid:biocol.org:col:34978","","","NMV","Mammalogy","Blandowski","NMV","PRESERVED_SPECIMEN","","","","urn:lsid:ozcam.taxonomy.org.au:NMV:Mammalogy:PreservedSpecimen:C97","C97","","W Blandowski","1","","","","","","","","PRESENT","Dry | Skin","","","","","","","","","","","0e988046-e07c-4136-a811-2387e925e2a7","","","","","","","","","","","","1857","","","","","","","","","","","","","","","","","","Australia","AU","Victoria","","","Murray and Darling Rivers junction","Murray and Darling Rivers junction","","","","","","","","","","","-34.12","141.92","EPSG:4326","","","","","","","","","","","","","","Approximation","","","","","","","","","","","","","","","","","","","","","","","","","","","","","","","","","","","","","https://biodiversity.org.au/afd/taxa/61403a2b-8537-46e1-91cf-672d02be62b3","Leporillus apicalis","Leporillus apicalis","","","","","","","Animalia | Chordata | Vertebrata | Mammalia | Rodentia | Myomorpha | Muroidea | Muridae | Murinae","Animalia","Chordata","Mammalia","Rodentia","Muridae","Leporillus","","apicalis","","species","","(Gould, 1853)","Lesser Stick-nest Rat","ICZN","","","","","","","","Leporillus apicalis","","","","","","","","","","","","","","","Published dataset","","107b63d1-211f-4bb3-8d3f-4fd2e5607b15","","","","","","","","","","","PhysicalObject"
"dr342","","2020-09-25T19:04","en","CC0","Museums Victoria","","","","urn:lsid:biocol.org:col:34978","","","NMV","Mammalogy","Blandowski","NMV","PRESERVED_SPECIMEN","","","","urn:lsid:ozcam.taxonomy.org.au:NMV:Mammalogy:PreservedSpecimen:C88","C88","","W Blandowski","1","","","","","","","","PRESENT","Dry | Skin","","","","","","","","","","","0e988046-e07c-4136-a811-2387e925e2a7","","","","","","","","","","","","1857","","","","","","","","","","","","","","","","","","Australia","AU","Victoria","","","Murray and Darling Rivers junction","Murray and Darling Rivers junction","","","","","","","","","","","-34.12","141.92","EPSG:4326","","","","","","","","","","","","","","Approximation","","","","","","","","","","","","","","","","","","","","","","","","","","","","","","","","","","","","","https://biodiversity.org.au/afd/taxa/61403a2b-8537-46e1-91cf-672d02be62b3","Leporillus apicalis","Leporillus apicalis","","","","","","","Animalia | Chordata | Vertebrata | Mammalia | Rodentia | Myomorpha | Muroidea | Muridae | Murinae","Animalia","Chordata","Mammalia","Rodentia","Muridae","Leporillus","","apicalis","","species","","(Gould, 1853)","Lesser Stick-nest Rat","ICZN","","","","","","","","Leporillus apicalis","","","","","","","","","","","","","","","Published dataset","","8688fad1-9dfc-4063-96c6-950eeaa15a24","","","","","","","","","","","PhysicalObject"
"dr342","","2020-03-10T11:15","en","CC0","Museums Victoria","","","","urn:lsid:biocol.org:col:34978","","","NMV","Mammalogy","Blandowski","NMV","PRESERVED_SPECIMEN","","","","urn:lsid:ozcam.taxonomy.org.au:NMV:Mammalogy:PreservedSpecimen:C5572","C5572","","W Blandowski","1","","","","","","","","PRESENT","Dry | Skin","","","","","","","","","","","0d7c8c81-a197-4c69-a703-458a36e0b112","","","","","","","","","","","","1857","","","","","","","","","","","","","","","","","","Australia","AU","Victoria","","","Murray and Darling Rivers junction","Murray and Darling Rivers junction","","","","","","","","","","","-34.18","142.15","EPSG:4326","","","","","","","","","","","","","","Approximation","","","","","","","","","","","","","","","","","","","","","","","","","","","","","","","","","","","","","https://biodiversity.org.au/afd/taxa/61403a2b-8537-46e1-91cf-672d02be62b3","Leporillus apicalis","Leporillus apicalis","","","","","","","Animalia | Chordata | Vertebrata | Mammalia | Rodentia | Myomorpha | Muroidea | Muridae | Murinae","Animalia","Chordata","Mammalia","Rodentia","Muridae","Leporillus","","apicalis","","species","","(Gould, 1853)","Lesser Stick-nest Rat","ICZN","","","","","","","","Leporillus apicalis","","","","","","","","","","","","","","","Published dataset","","427fdd42-a08c-46f8-8d50-ec843041d61d","","","","","","","","","","","PhysicalObject"
"dr342","","2020-03-10T11:17","en","CC0","Museums Victoria","","","","urn:lsid:biocol.org:col:34978","","","NMV","Mammalogy","Blandowski","NMV","PRESERVED_SPECIMEN","","","","urn:lsid:ozcam.taxonomy.org.au:NMV:Mammalogy:PreservedSpecimen:C5574","C5574","","W Blandowski","1","","","","","","","","PRESENT","Dry | Skin","","","","","","","","","","","0d7c8c81-a197-4c69-a703-458a36e0b112","","","","","","","","","","","","1857","","","","","","","","","","","","","","","","","","Australia","AU","Victoria","","","Murray and Darling Rivers junction","Murray and Darling Rivers junction","","","","","","","","","","","-34.18","142.15","EPSG:4326","","","","","","","","","","","","","","Approximation","","","","","","","","","","","","","","","","","","","","","","","","","","","","","","","","","","","","","https://biodiversity.org.au/afd/taxa/61403a2b-8537-46e1-91cf-672d02be62b3","Leporillus apicalis","Leporillus apicalis","","","","","","","Animalia | Chordata | Vertebrata | Mammalia | Rodentia | Myomorpha | Muroidea | Muridae | Murinae","Animalia","Chordata","Mammalia","Rodentia","Muridae","Leporillus","","apicalis","","species","","(Gould, 1853)","Lesser Stick-nest Rat","ICZN","","","","","","","","Leporillus apicalis","","","","","","","","","","","","","","","Published dataset","","e5884889-aa33-4708-90ea-7df07b255e69","","","","","","","","","","","PhysicalObject"
"dr342","","2020-09-25T19:04","en","CC0","Museums Victoria","","","","urn:lsid:biocol.org:col:34978","","","NMV","Mammalogy","Blandowski","NMV","PRESERVED_SPECIMEN","","","","urn:lsid:ozcam.taxonomy.org.au:NMV:Mammalogy:PreservedSpecimen:C99","C99","","W Blandowski","1","","","","","","","","PRESENT","Dry | Skin","","","","","","","","","","","0e988046-e07c-4136-a811-2387e925e2a7","","","","","","","","","","","","1857","","","","","","","","","","","","","","","","","","Australia","AU","Victoria","","","Murray and Darling Rivers junction","Murray and Darling Rivers junction","","","","","","","","","","","-34.12","141.92","EPSG:4326","","","","","","","","","","","","","","Approximation","","","","","","","","","","","","","","","","","","","","","","","","","","","","","","","","","","","","","https://biodiversity.org.au/afd/taxa/61403a2b-8537-46e1-91cf-672d02be62b3","Leporillus apicalis","Leporillus apicalis","","","","","","","Animalia | Chordata | Vertebrata | Mammalia | Rodentia | Myomorpha | Muroidea | Muridae | Murinae","Animalia","Chordata","Mammalia","Rodentia","Muridae","Leporillus","","apicalis","","species","","(Gould, 1853)","Lesser Stick-nest Rat","ICZN","","","","","","","","Leporillus apicalis","","","","","","","","","","","","","","","Published dataset","","c2483567-3a4f-4e6d-8b71-9863c859596a","","","","","","","","","","","PhysicalObject"
"dr342","","2020-03-10T11:14","en","CC0","Museums Victoria","","","","urn:lsid:biocol.org:col:34978","","","NMV","Mammalogy","Blandowski","NMV","PRESERVED_SPECIMEN","","","","urn:lsid:ozcam.taxonomy.org.au:NMV:Mammalogy:PreservedSpecimen:C5570","C5570","","W Blandowski","1","","","MALE","","","","","PRESENT","Dry | Skin","","","","","","","","","","","e5884889-aa33-4708-90ea-7df07b255e69|997f7ff5-e96b-4dbe-b231-b03c4ee8396b|21f6310e-e0d7-41e4-bd33-61b829528885|a6eaf67c-5f77-4646-b340-28c2afd5d592|427fdd42-a08c-46f8-8d50-ec843041d61d","","","","","","","","","","","","1857","","","","","","","","","","","","","","","","","","Australia","AU","Victoria","","","Murray and Darling Rivers junction","Murray and Darling Rivers junction","","","","","","","","","","","-34.18","142.15","EPSG:4326","","","","","","","","","","","","","","Approximation","","","","","","","","","","","","","","","","","","","","","","","","","","","","","","","","","","","","","https://biodiversity.org.au/afd/taxa/61403a2b-8537-46e1-91cf-672d02be62b3","Leporillus apicalis","Leporillus apicalis","","","","","","","Animalia | Chordata | Vertebrata | Mammalia | Rodentia | Myomorpha | Muroidea | Muridae | Murinae","Animalia","Chordata","Mammalia","Rodentia","Muridae","Leporillus","","apicalis","","species","","(Gould, 1853)","Lesser Stick-nest Rat","ICZN","","","","","","","","Leporillus apicalis","","","","","","","","","","","","","","","Published dataset","","0d7c8c81-a197-4c69-a703-458a36e0b112","","","","","","","","","","","PhysicalObject"
"dr342","","2020-03-10T11:15","en","CC0","Museums Victoria","","","","urn:lsid:biocol.org:col:34978","","","NMV","Mammalogy","Blandowski","NMV","PRESERVED_SPECIMEN","","","","urn:lsid:ozcam.taxonomy.org.au:NMV:Mammalogy:PreservedSpecimen:C5571","C5571","","W Blandowski","1","","","FEMALE","","","","","PRESENT","Dry | Skin","","","","","","","","","","","0d7c8c81-a197-4c69-a703-458a36e0b112","","","","","","","","","","","","1857","","","","","","","","","","","","","","","","","","Australia","AU","Victoria","","","Murray and Darling Rivers junction","Murray and Darling Rivers junction","","","","","","","","","","","-34.18","142.15","EPSG:4326","","","","","","","","","","","","","","Approximation","","","","","","","","","","","","","","","","","","","","","","","","","","","","","","","","","","","","","https://biodiversity.org.au/afd/taxa/61403a2b-8537-46e1-91cf-672d02be62b3","Leporillus apicalis","Leporillus apicalis","","","","","","","Animalia | Chordata | Vertebrata | Mammalia | Rodentia | Myomorpha | Muroidea | Muridae | Murinae","Animalia","Chordata","Mammalia","Rodentia","Muridae","Leporillus","","apicalis","","species","","(Gould, 1853)","Lesser Stick-nest Rat","ICZN","","","","","","","","Leporillus apicalis","","","","","","","","","","","","","","","Published dataset","","21f6310e-e0d7-41e4-bd33-61b829528885","","","","","","","","","","","PhysicalObject"
"dr342","","2020-09-25T19:04","en","CC0","Museums Victoria","","","","urn:lsid:biocol.org:col:34978","","","NMV","Mammalogy","Blandowski","NMV","PRESERVED_SPECIMEN","","","","urn:lsid:ozcam.taxonomy.org.au:NMV:Mammalogy:PreservedSpecimen:C87","C87","","W Blandowski","1","","","","","","","","PRESENT","Dry | Skin, skull","","","","","","","","","","","ec21da12-864d-492e-bc5e-91529e5d4163|7268b1d8-4da4-4a66-8edd-67627d5bd059|8eec784a-e172-4e2a-80e2-634df10c57e8|a8b1a5e8-3b3e-40cc-97b0-c20e57b8d801|6a9b4b07-e14d-4ac0-aa30-32e1d059b959|956fb52f-3851-4cbf-be04-85e0beb7c851|d610a350-45e4-41ec-ad9e-3800cf395537|a2937400-ba34-4c45-8c31-989b70ffd34e|33187dd2-3f1d-4955-a765-527e1be1e14c|8688fad1-9dfc-4063-96c6-950eeaa15a24|ee37e033-3b0a-429d-9ace-83bef402996b|456f607b-787f-4114-a70b-449905585096|c2483567-3a4f-4e6d-8b71-9863c859596a|60beb714-b986-4da2-b79f-8c4230b9c166|16d18498-34e2-4954-8f30-6e936f8d2d23|1d67bbe6-c70a-4726-87d0-0d6ad8cb9755|107b63d1-211f-4bb3-8d3f-4fd2e5607b15","","","","","","","","","","","","1857","","","","","","","","","","","","","","","","","","Australia","AU","Victoria","","","Murray and Darling Rivers junction","Murray and Darling Rivers junction","","","","","","","","","","","-34.12","141.92","EPSG:4326","","","","","","","","","","","","","","Approximation","","","","","","","","","","","","","","","","","","","","","","","","","","","","","","","","","","","","","https://biodiversity.org.au/afd/taxa/61403a2b-8537-46e1-91cf-672d02be62b3","Leporillus apicalis","Leporillus apicalis","","","","","","","Animalia | Chordata | Vertebrata | Mammalia | Rodentia | Myomorpha | Muroidea | Muridae | Murinae","Animalia","Chordata","Mammalia","Rodentia","Muridae","Leporillus","","apicalis","","species","","(Gould, 1853)","Lesser Stick-nest Rat","ICZN","","","","","","","","Leporillus apicalis","","","","","","","","","","","","","","","Published dataset","","0e988046-e07c-4136-a811-2387e925e2a7","","","","","","","","","","","PhysicalObject"
"dr342","a421eb53-a168-4136-bb4a-629cef524e4f","2023-04-28T10:40","en","CC0","Museums Victoria","","","","urn:lsid:biocol.org:col:34978","","","NMV","Mammalogy","Blandowski","NMV","PRESERVED_SPECIMEN","","","","urn:lsid:ozcam.taxonomy.org.au:NMV:Mammalogy:PreservedSpecimen:C28243","C28243","","W Blandowski","1","","","FEMALE","","","","","PRESENT","Dry | Mount","","https://collections.museumsvictoria.com.au/content/media/18/178068-large.jpg | https://collections.museumsvictoria.com.au/content/media/46/191946-large.jpg","","","","","","","","","0e988046-e07c-4136-a811-2387e925e2a7","","","","","","","","","","","","1857","","","","","","","","","","","","","","","","","","Australia","AU","Victoria","","","Murray and Darling Rivers junction","Murray and Darling Rivers junction","","","","","","","","","","","-34.12","141.92","EPSG:4326","","","","","","","","","","","","","","Approximation","","","","","","","","","","","","","","","","","","","","","","","","","","","","","","","","","","","","","https://biodiversity.org.au/afd/taxa/61403a2b-8537-46e1-91cf-672d02be62b3","Leporillus apicalis","Leporillus apicalis","","","","","","","Animalia | Chordata | Vertebrata | Mammalia | Rodentia | Myomorpha | Muroidea | Muridae | Murinae","Animalia","Chordata","Mammalia","Rodentia","Muridae","Leporillus","","apicalis","","species","","(Gould, 1853)","Lesser Stick-nest Rat","ICZN","","","","","","","","Leporillus apicalis","","","","","","","","","","","","","","","Published dataset","","7268b1d8-4da4-4a66-8edd-67627d5bd059","","","","","","","","","","a421eb53-a168-4136-bb4a-629cef524e4f","PhysicalObject"
"dr342","","2020-03-10T11:16","en","CC0","Museums Victoria","","","","urn:lsid:biocol.org:col:34978","","","NMV","Mammalogy","Blandowski","NMV","PRESERVED_SPECIMEN","","","","urn:lsid:ozcam.taxonomy.org.au:NMV:Mammalogy:PreservedSpecimen:C5573","C5573","","W Blandowski","1","","","","","","","","PRESENT","Dry | Skin","","","","","","","","","","","0d7c8c81-a197-4c69-a703-458a36e0b112","","","","","","","","","","","","1857","","","","","","","","","","","","","","","","","","Australia","AU","Victoria","","","Murray and Darling Rivers junction","Murray and Darling Rivers junction","","","","","","","","","","","-34.18","142.15","EPSG:4326","","","","","","","","","","","","","","Approximation","","","","","","","","","","","","","","","","","","","","","","","","","","","","","","","","","","","","","https://biodiversity.org.au/afd/taxa/61403a2b-8537-46e1-91cf-672d02be62b3","Leporillus apicalis","Leporillus apicalis","","","","","","","Animalia | Chordata | Vertebrata | Mammalia | Rodentia | Myomorpha | Muroidea | Muridae | Murinae","Animalia","Chordata","Mammalia","Rodentia","Muridae","Leporillus","","apicalis","","species","","(Gould, 1853)","Lesser Stick-nest Rat","ICZN","","","","","","","","Leporillus apicalis","","","","","","","","","","","","","","","Published dataset","","a6eaf67c-5f77-4646-b340-28c2afd5d592","","","","","","","","","","","PhysicalObject"
"dr342","","2020-09-25T19:03","en","CC0","Museums Victoria","","","","urn:lsid:biocol.org:col:34978","","","NMV","Mammalogy","Blandowski","NMV","PRESERVED_SPECIMEN","","","","urn:lsid:ozcam.taxonomy.org.au:NMV:Mammalogy:PreservedSpecimen:C100","C100","","W Blandowski","1","","","","","","","","PRESENT","Dry | Skin","","","","","","","","","","","4ae595a0-29c6-45ec-81d6-1267f3918b37","","","","","","","","","","","","1857","","","","","","","","","","","","","","","","","","Australia","AU","Victoria","","","Murray and Darling Rivers junction area","Murray and Darling Rivers junction area","","","","","","","","","","","-34.12","141.92","EPSG:4326","","","","","","","","","","","","","","Approximation","","","","","","","","","","","","","","","","","","","","","","","","","","","","","","","","","","","","","https://biodiversity.org.au/afd/taxa/0aa74239-0832-4a47-8bcb-959fc021f485","Leporillus conditor","Leporillus conditor","","","","","","","Animalia | Chordata | Vertebrata | Mammalia | Rodentia | Myomorpha | Muroidea | Muridae | Murinae","Animalia","Chordata","Mammalia","Rodentia","Muridae","Leporillus","","conditor","","species","","(Sturt, 1848)","Greater Stick-nest Rat","ICZN","","","","","","","","Leporillus conditor","","","","","","","","","","","","","","","Published dataset","","fca10941-5018-4a8f-a915-9c070b987bcd","","","","","","","","","","","PhysicalObject"
"dr342","","2019-10-02T13:57","en","CC0","Museums Victoria","","","","urn:lsid:biocol.org:col:34978","","","NMV","Mammalogy","Blandowski","NMV","PRESERVED_SPECIMEN","","","","urn:lsid:ozcam.taxonomy.org.au:NMV:Mammalogy:PreservedSpecimen:C30712","C30712","","W Blandowski","1","","","FEMALE","","","","","PRESENT","Dry | Mount","","","","","","","","","","","6de06520-3ae7-49d0-bb43-7ae4db800b5c","","","","","","","","","","","","1857","","","","","","","","","","","","","","","","","","Australia","AU","Victoria","","","Murray and Darling Rivers junction","Murray and Darling Rivers junction","","","","","","","","","","","-34.18","142.15","EPSG:4326","","","","","","","","","","","","","","Approximation","","","","","","","","","","","","","","","","","","","","","","","","","","","","","","","","","","","","","https://biodiversity.org.au/afd/taxa/0aa74239-0832-4a47-8bcb-959fc021f485","Leporillus conditor","Leporillus conditor","","","","","","","Animalia | Chordata | Vertebrata | Mammalia | Rodentia | Myomorpha | Muroidea | Muridae | Murinae","Animalia","Chordata","Mammalia","Rodentia","Muridae","Leporillus","","conditor","","species","","(Sturt, 1848)","Greater Stick-nest Rat","ICZN","","","","","","","","Leporillus conditor","","","","","","","","","","","","","","","Published dataset","","62ba1110-c78d-4ff0-bee1-ad3f6dd8b8b3","","","","","","","","","","","PhysicalObject"
"dr342","","2020-09-25T19:03","en","CC0","Museums Victoria","","","","urn:lsid:biocol.org:col:34978","","","NMV","Mammalogy","Blandowski","NMV","PRESERVED_SPECIMEN","","","","urn:lsid:ozcam.taxonomy.org.au:NMV:Mammalogy:PreservedSpecimen:C6971","C6971","","W Blandowski","1","","","","","","","","PRESENT","Dry | Mount","","","","","","","","","","","85c7d410-0ffe-4dd5-8c37-0bdc4742cbe8|c3abeb5a-b881-45db-91f2-631e99efc7c5|fca10941-5018-4a8f-a915-9c070b987bcd","","","","","","","","","","","","1857","","","","","","","","","","","","","","","","","","Australia","AU","Victoria","","","Murray and Darling Rivers junction area","Murray and Darling Rivers junction area","","","","","","","","","","","-34.12","141.92","EPSG:4326","","","","","","","","","","","","","","Approximation","","","","","","","","","","","","","","","","","","","","","","","","","","","","","","","","","","","","","https://biodiversity.org.au/afd/taxa/0aa74239-0832-4a47-8bcb-959fc021f485","Leporillus conditor","Leporillus conditor","","","","","","","Animalia | Chordata | Vertebrata | Mammalia | Rodentia | Myomorpha | Muroidea | Muridae | Murinae","Animalia","Chordata","Mammalia","Rodentia","Muridae","Leporillus","","conditor","","species","","(Sturt, 1848)","Greater Stick-nest Rat","ICZN","","","","","","","","Leporillus conditor","","","","","","","","","","","","","","","Published dataset","","4ae595a0-29c6-45ec-81d6-1267f3918b37","","","","","","","","","","","PhysicalObject"
"dr342","","2020-09-25T19:04","en","CC0","Museums Victoria","","","","urn:lsid:biocol.org:col:34978","","","NMV","Mammalogy","Blandowski","NMV","PRESERVED_SPECIMEN","","","","urn:lsid:ozcam.taxonomy.org.au:NMV:Mammalogy:PreservedSpecimen:C91","C91","","W Blandowski","1","","","","","","","","PRESENT","Dry | Skin","","","","","","","","","","","0e988046-e07c-4136-a811-2387e925e2a7","","","","","","","","","","","","1857","","","","","","","","","","","","","","","","","","Australia","AU","Victoria","","","Murray and Darling Rivers junction","Murray and Darling Rivers junction","","","","","","","","","","","-34.12","141.92","EPSG:4326","","","","","","","","","","","","","","Approximation","","","","","","","","","","","","","","","","","","","","","","","","","","","","","","","","","","","","","https://biodiversity.org.au/afd/taxa/61403a2b-8537-46e1-91cf-672d02be62b3","Leporillus apicalis","Leporillus apicalis","","","","","","","Animalia | Chordata | Vertebrata | Mammalia | Rodentia | Myomorpha | Muroidea | Muridae | Murinae","Animalia","Chordata","Mammalia","Rodentia","Muridae","Leporillus","","apicalis","","species","","(Gould, 1853)","Lesser Stick-nest Rat","ICZN","","","","","","","","Leporillus apicalis","","","","","","","","","","","","","","","Published dataset","","8eec784a-e172-4e2a-80e2-634df10c57e8","","","","","","","","","","","PhysicalObject"
"dr342","","2019-10-02T13:56","en","CC0","Museums Victoria","","","","urn:lsid:biocol.org:col:34978","","","NMV","Mammalogy","Blandowski","NMV","PRESERVED_SPECIMEN","","","","urn:lsid:ozcam.taxonomy.org.au:NMV:Mammalogy:PreservedSpecimen:C30711","C30711","","W Blandowski","1","","","MALE","","","","","PRESENT","Dry | Mount","","","","","","","","","","","62ba1110-c78d-4ff0-bee1-ad3f6dd8b8b3","","","","","","","","","","","","1857","","","","","","","","","","","","","","","","","","Australia","AU","Victoria","","","Murray and Darling Rivers junction","Murray and Darling Rivers junction","","","","","","","","","","","-34.18","142.15","EPSG:4326","","","","","","","","","","","","","","Approximation","","","","","","","","","","","","","","","","","","","","","","","","","","","","","","","","","","","","","https://biodiversity.org.au/afd/taxa/0aa74239-0832-4a47-8bcb-959fc021f485","Leporillus conditor","Leporillus conditor","","","","","","","Animalia | Chordata | Vertebrata | Mammalia | Rodentia | Myomorpha | Muroidea | Muridae | Murinae","Animalia","Chordata","Mammalia","Rodentia","Muridae","Leporillus","","conditor","","species","","(Sturt, 1848)","Greater Stick-nest Rat","ICZN","","","","","","","","Leporillus conditor","","","","","","","","","","","","","","","Published dataset","","6de06520-3ae7-49d0-bb43-7ae4db800b5c","","","","","","","","","","","PhysicalObject"
"dr342","642aba39-e850-46b7-bcac-d826439bcc8b","2023-04-28T10:39","en","CC0","Museums Victoria","","","","urn:lsid:biocol.org:col:34978","","","NMV","Mammalogy","Blandowski","NMV","PRESERVED_SPECIMEN","","","","urn:lsid:ozcam.taxonomy.org.au:NMV:Mammalogy:PreservedSpecimen:C6972","C6972","","W Blandowski","1","","","","","","","","PRESENT","Dry | Mount","","https://collections.museumsvictoria.com.au/content/media/19/192019-large.jpg","","","","","","","","","4ae595a0-29c6-45ec-81d6-1267f3918b37","","","","","","","","","","","","1857","","","","","","","","","","","","","","","","","","Australia","AU","Victoria","","","Murray and Darling Rivers junction area","Murray and Darling Rivers junction area","","","","","","","","","","","-34.12","141.92","EPSG:4326","","","","","","","","","","","","","","Approximation","","","","","","","","","","","","","","","","","","","","","","","","","","","","","","","","","","","","","https://biodiversity.org.au/afd/taxa/0aa74239-0832-4a47-8bcb-959fc021f485","Leporillus conditor","Leporillus conditor","","","","","","","Animalia | Chordata | Vertebrata | Mammalia | Rodentia | Myomorpha | Muroidea | Muridae | Murinae","Animalia","Chordata","Mammalia","Rodentia","Muridae","Leporillus","","conditor","","species","","(Sturt, 1848)","Greater Stick-nest Rat","ICZN","","","","","","","","Leporillus conditor","","","","","","","","","","","","","","","Published dataset","","85c7d410-0ffe-4dd5-8c37-0bdc4742cbe8","","","","","","","","","","642aba39-e850-46b7-bcac-d826439bcc8b","PhysicalObject"
"dr342","","2020-09-25T19:04","en","CC0","Museums Victoria","","","","urn:lsid:biocol.org:col:34978","","","NMV","Mammalogy","Blandowski","NMV","PRESERVED_SPECIMEN","","","","urn:lsid:ozcam.taxonomy.org.au:NMV:Mammalogy:PreservedSpecimen:C94","C94","","W Blandowski","1","","","","","","","","PRESENT","Dry | Skin","","","","","","","","","","","0e988046-e07c-4136-a811-2387e925e2a7","","","","","","","","","","","","1857","","","","","","","","","","","","","","","","","","Australia","AU","Victoria","","","Murray and Darling Rivers junction","Murray and Darling Rivers junction","","","","","","","","","","","-34.12","141.92","EPSG:4326","","","","","","","","","","","","","","Approximation","","","","","","","","","","","","","","","","","","","","","","","","","","","","","","","","","","","","","https://biodiversity.org.au/afd/taxa/61403a2b-8537-46e1-91cf-672d02be62b3","Leporillus apicalis","Leporillus apicalis","","","","","","","Animalia | Chordata | Vertebrata | Mammalia | Rodentia | Myomorpha | Muroidea | Muridae | Murinae","Animalia","Chordata","Mammalia","Rodentia","Muridae","Leporillus","","apicalis","","species","","(Gould, 1853)","Lesser Stick-nest Rat","ICZN","","","","","","","","Leporillus apicalis","","","","","","","","","","","","","","","Published dataset","","16d18498-34e2-4954-8f30-6e936f8d2d23","","","","","","","","","","","PhysicalObject"
"dr342","313be00c-8e1e-42cb-9813-dea8bf96dffb | 4d96abf9-c0ae-448e-8821-5fe0f3103038 | 54102836-4707-472e-b5bd-1219619a5b68 | ba574165-0816-4fb5-a292-d2dd9ac5b2b8 | c5d8c952-60cc-4619-bbd3-15534f5459ec","2023-05-20T19:28","en","CC0","Museums Victoria","","","","urn:lsid:biocol.org:col:34978","","","NMV","Mammalogy","Blandowski","NMV","PRESERVED_SPECIMEN","","","","urn:lsid:ozcam.taxonomy.org.au:NMV:Mammalogy:PreservedSpecimen:C92","C92","","W Blandowski","1","","","","","","","","PRESENT","Dry | Skin","","https://collections.museumsvictoria.com.au/content/media/31/327181-large.jpg | https://collections.museumsvictoria.com.au/content/media/38/294638-large.jpg | https://collections.museumsvictoria.com.au/content/media/8/230158-large.jpg | https://collections.museumsvictoria.com.au/content/media/23/289773-large.jpg | https://collections.museumsvictoria.com.au/content/media/44/188544-large.jpg","","","","","","","","","0e988046-e07c-4136-a811-2387e925e2a7","","","","","","","","","","","","1857","","","","","","","","","","","","","","","","","","Australia","AU","Victoria","","","Murray and Darling Rivers junction","Murray and Darling Rivers junction","","","","","","","","","","","-34.12","141.92","EPSG:4326","","","","","","","","","","","","","","Approximation","","","","","","","","","","","","","","","","","","","","","","","","","","","","","","","","","","","","","https://biodiversity.org.au/afd/taxa/61403a2b-8537-46e1-91cf-672d02be62b3","Leporillus apicalis","Leporillus apicalis","","","","","","","Animalia | Chordata | Vertebrata | Mammalia | Rodentia | Myomorpha | Muroidea | Muridae | Murinae","Animalia","Chordata","Mammalia","Rodentia","Muridae","Leporillus","","apicalis","","species","","(Gould, 1853)","Lesser Stick-nest Rat","ICZN","","","","","","","","Leporillus apicalis","","","","","","","","","","","","","","","Published dataset","","33187dd2-3f1d-4955-a765-527e1be1e14c","","","","","","","","","","313be00c-8e1e-42cb-9813-dea8bf96dffb | 4d96abf9-c0ae-448e-8821-5fe0f3103038 | 54102836-4707-472e-b5bd-1219619a5b68 | ba574165-0816-4fb5-a292-d2dd9ac5b2b8 | c5d8c952-60cc-4619-bbd3-15534f5459ec","PhysicalObject"
"dr342","","2020-09-25T19:04","en","CC0","Museums Victoria","","","","urn:lsid:biocol.org:col:34978","","","NMV","Mammalogy","Blandowski","NMV","PRESERVED_SPECIMEN","","","","urn:lsid:ozcam.taxonomy.org.au:NMV:Mammalogy:PreservedSpecimen:C87-1","C87-1","","W Blandowski","1","","","","","","","","PRESENT","Dry | Skull","","","","","","","","","","","0e988046-e07c-4136-a811-2387e925e2a7","","","","","","","","","","","","1857","","","","","","","","","","","","","","","","","","Australia","AU","Victoria","","","Murray and Darling Rivers junction","Murray and Darling Rivers junction","","","","","","","","","","","-34.12","141.92","EPSG:4326","","","","","","","","","","","","","","Approximation","","","","","","","","","","","","","","","","","","","","","","","","","","","","","","","","","","","","","https://biodiversity.org.au/afd/taxa/61403a2b-8537-46e1-91cf-672d02be62b3","Leporillus apicalis","Leporillus apicalis","","","","","","","Animalia | Chordata | Vertebrata | Mammalia | Rodentia | Myomorpha | Muroidea | Muridae | Murinae","Animalia","Chordata","Mammalia","Rodentia","Muridae","Leporillus","","apicalis","","species","","(Gould, 1853)","Lesser Stick-nest Rat","ICZN","","","","","","","","Leporillus apicalis","","","","","","","","","","","","","","","Published dataset","","a2937400-ba34-4c45-8c31-989b70ffd34e","","","","","","","","","","","PhysicalObject"
"dr342","","2021-01-20T15:27","en","CC0","Museums Victoria","","","","urn:lsid:biocol.org:col:34978","","","NMV","Mammalogy","Blandowski","NMV","PRESERVED_SPECIMEN","","","","urn:lsid:ozcam.taxonomy.org.au:NMV:Mammalogy:PreservedSpecimen:C30709","C30709","","W Blandowski","1","","","","","","","","PRESENT","Dry | Mount","","","","","","","","","","","0d7c8c81-a197-4c69-a703-458a36e0b112","","","","","","","","","","","","1857","","","","","","","","","","","","","","","","","","Australia","AU","Victoria","","","Murray and Darling Rivers junction","Murray and Darling Rivers junction","","","","","","","","","","","-34.18","142.15","EPSG:4326","","","","","","","","","","","","","","Approximation","","","","","","","","","","","","","","","","","","","","","","","","","","","","","","","","","","","","","https://biodiversity.org.au/afd/taxa/61403a2b-8537-46e1-91cf-672d02be62b3","Leporillus apicalis","Leporillus apicalis","","","","","","","Animalia | Chordata | Vertebrata | Mammalia | Rodentia | Myomorpha | Muroidea | Muridae | Murinae","Animalia","Chordata","Mammalia","Rodentia","Muridae","Leporillus","","apicalis","","species","","(Gould, 1853)","Lesser Stick-nest Rat","ICZN","","","","","","","","Leporillus apicalis","","","","","","","","","","","","","","","Published dataset","","997f7ff5-e96b-4dbe-b231-b03c4ee8396b","","","","","","","","","","","PhysicalObject"
"dr342","","2020-09-25T19:03","en","CC0","Museums Victoria","","","","urn:lsid:biocol.org:col:34978","","","NMV","Mammalogy","Blandowski","NMV","PRESERVED_SPECIMEN","","","","urn:lsid:ozcam.taxonomy.org.au:NMV:Mammalogy:PreservedSpecimen:C101","C101","","W Blandowski","1","","","","","","","","PRESENT","Dry | Skin","","","","","","","","","","","4ae595a0-29c6-45ec-81d6-1267f3918b37","","","","","","","","","","","","1857","","","","","","","","","","","","","","","","","","Australia","AU","Victoria","","","Murray and Darling Rivers junction area","Murray and Darling Rivers junction area","","","","","","","","","","","-34.12","141.92","EPSG:4326","","","","","","","","","","","","","","Approximation","","","","","","","","","","","","","","","","","","","","","","","","","","","","","","","","","","","","","https://biodiversity.org.au/afd/taxa/0aa74239-0832-4a47-8bcb-959fc021f485","Leporillus conditor","Leporillus conditor","","","","","","","Animalia | Chordata | Vertebrata | Mammalia | Rodentia | Myomorpha | Muroidea | Muridae | Murinae","Animalia","Chordata","Mammalia","Rodentia","Muridae","Leporillus","","conditor","","species","","(Sturt, 1848)","Greater Stick-nest Rat","ICZN","","","","","","","","Leporillus conditor","","","","","","","","","","","","","","","Published dataset","","c3abeb5a-b881-45db-91f2-631e99efc7c5","","","","","","","","","","","PhysicalObject"
"dr346","","2021-10-19","","CC-BY","","","","","","","","SAMA","Mammalogy","","","PRESERVED_SPECIMEN","","","","","M4073","","Tindale N.B.,Hackett C.J.","","","","","","","","","PRESENT","SC","","","","","","ecatalogue.irn:143525","","","","","e8d0f1f3-3d29-4cf1-ac6f-16f814bdd49c","","","","","urn:emu.sam.sa.gov.au:Event:85014","","","1933-07-18T00:00:00Z","","199","199","1933","7","18","","","","","","","","","","","","","","","","Australia","AU","South Australia","","","","Mount Crombie | W of Mount Crombie","","","","","","","","","","","-26.65","130.8167","EPSG:4326","","1.0E-4","","","26 39 00 S","130 49 00 E","","","","","","","","","","","","","","","","","","","","","","","","","","","","","","","","","","","","","","","","","","","","","https://biodiversity.org.au/afd/taxa/61403a2b-8537-46e1-91cf-672d02be62b3","Leporillus apicalis (Gould, 1853)","Leporillus apicalis","","","","","","","","Animalia","Chordata","Mammalia","Rodentia","Muridae","Leporillus","","apicalis","","species","","(Gould, 1853)","Lesser Stick-nest Rat","","","","","","","","","Leporillus apicalis","","","","","","","","","","","","","","","Published dataset","","1a674ded-5db0-4ba7-b552-4d6c04fea75c","","","","","","","","","","","PhysicalObject"
"dr346","","2021-10-19","","CC-BY","","","","","","","","SAMA","Mammalogy","","","PRESERVED_SPECIMEN","","","","","M4375","","","","","","","","","","","PRESENT","W","","","","","","ecatalogue.irn:130070","","","","","","","","","","urn:emu.sam.sa.gov.au:Event:80090","","","","","","","1907","","","","","","","","","","","","","","","","","","Australia","AU","South Australia","","","","Lake Eyre | Immediate vicinity of western shore of Lake Eyre","","","","","","","","","","","-28.5","137.0","EPSG:4326","","1.0E-4","","","28 30 00 S","137 00 00 E","","","","","","","","","","","","","","","","","","","","","","","","","","","","","","","","","","","","","","","","","","","","","https://biodiversity.org.au/afd/taxa/0aa74239-0832-4a47-8bcb-959fc021f485","Leporillus conditor (Sturt, 1848)","Leporillus conditor","","","","","","","","Animalia","Chordata","Mammalia","Rodentia","Muridae","Leporillus","","conditor","","species","","(Sturt, 1848)","Greater Stick-nest Rat","","","","","","","","","Leporillus conditor","","","","","","","","","","","","","","","Published dataset","","9ff75fac-380d-48bc-b3eb-93b58c89ba81","","","","","","","","","","","PhysicalObject"
"dr346","","2021-10-19","","CC-BY","","","","","","","","SAMA","Mammalogy","","","PRESERVED_SPECIMEN","","","","","M4374","","","","","","","","","","","PRESENT","W","","","","","","ecatalogue.irn:144549","","","","","","","","","","urn:emu.sam.sa.gov.au:Event:80090","","","","","","","1907","","","","","","","","","","","","","","","","","","Australia","AU","South Australia","","","","Lake Eyre | Immediate vicinity of western shore of Lake Eyre","","","","","","","","","","","-28.5","137.0","EPSG:4326","","1.0E-4","","","28 30 00 S","137 00 00 E","","","","","","","","","","","","","","","","","","","","","","","","","","","","","","","","","","","","","","","","","","","","","https://biodiversity.org.au/afd/taxa/0aa74239-0832-4a47-8bcb-959fc021f485","Leporillus conditor (Sturt, 1848)","Leporillus conditor","","","","","","","","Animalia","Chordata","Mammalia","Rodentia","Muridae","Leporillus","","conditor","","species","","(Sturt, 1848)","Greater Stick-nest Rat","","","","","","","","","Leporillus conditor","","","","","","","","","","","","","","","Published dataset","","8822b0c0-a27f-4be3-ba66-250a43aab4b3","","","","","","","","","","","PhysicalObject"
"dr346","","2021-10-19","","CC-BY","","","","","","","","SAMA","Mammalogy","","","PRESERVED_SPECIMEN","","","","","M4372","","","","","","","","","","","PRESENT","CW","","","","","","ecatalogue.irn:133202","","","","","","","","","","urn:emu.sam.sa.gov.au:Event:80090","","","","","","","1907","","","","","","","","","","","","","","","","","","Australia","AU","South Australia","","","","Lake Eyre | Immediate vicinity of western shore of Lake Eyre","","","","","","","","","","","-28.5","137.0","EPSG:4326","","1.0E-4","","","28 30 00 S","137 00 00 E","","","","","","","","","","","","","","","","","","","","","","","","","","","","","","","","","","","","","","","","","","","","","https://biodiversity.org.au/afd/taxa/0aa74239-0832-4a47-8bcb-959fc021f485","Leporillus conditor (Sturt, 1848)","Leporillus conditor","","","","","","","","Animalia","Chordata","Mammalia","Rodentia","Muridae","Leporillus","","conditor","","species","","(Sturt, 1848)","Greater Stick-nest Rat","","","","","","","","","Leporillus conditor","","","","","","","","","","","","","","","Published dataset","","87d9dbd8-9f9b-4fbf-9436-1bbe7e7721e3","","","","","","","","","","","PhysicalObject"
"dr346","","2021-10-19","","CC-BY","","","","","","","","SAMA","Mammalogy","","","PRESERVED_SPECIMEN","","","","","M4371","","","","","","","","","","","PRESENT","CW","","","","","","ecatalogue.irn:130069","","","","","","","","","","urn:emu.sam.sa.gov.au:Event:80090","","","","","","","1907","","","","","","","","","","","","","","","","","","Australia","AU","South Australia","","","","Lake Eyre | Immediate vicinity of western shore of Lake Eyre","","","","","","","","","","","-28.5","137.0","EPSG:4326","","1.0E-4","","","28 30 00 S","137 00 00 E","","","","","","","","","","","","","","","","","","","","","","","","","","","","","","","","","","","","","","","","","","","","","https://biodiversity.org.au/afd/taxa/0aa74239-0832-4a47-8bcb-959fc021f485","Leporillus conditor (Sturt, 1848)","Leporillus conditor","","","","","","","","Animalia","Chordata","Mammalia","Rodentia","Muridae","Leporillus","","conditor","","species","","(Sturt, 1848)","Greater Stick-nest Rat","","","","","","","","","Leporillus conditor","","","","","","","","","","","","","","","Published dataset","","8576fcdd-ba37-4049-90ed-c1f5d2393966","","","","","","","","","","","PhysicalObject"
"dr346","","2021-10-19","","CC-BY","","","","","","","","SAMA","Mammalogy","","","PRESERVED_SPECIMEN","","","","","M4373","","","","","","","","","","","PRESENT","W","","","","","","ecatalogue.irn:142775","","","","","","","","","","urn:emu.sam.sa.gov.au:Event:80090","","","","","","","1907","","","","","","","","","","","","","","","","","","Australia","AU","South Australia","","","","Lake Eyre | Immediate vicinity of western shore of Lake Eyre","","","","","","","","","","","-28.5","137.0","EPSG:4326","","1.0E-4","","","28 30 00 S","137 00 00 E","","","","","","","","","","","","","","","","","","","","","","","","","","","","","","","","","","","","","","","","","","","","","https://biodiversity.org.au/afd/taxa/0aa74239-0832-4a47-8bcb-959fc021f485","Leporillus conditor (Sturt, 1848)","Leporillus conditor","","","","","","","","Animalia","Chordata","Mammalia","Rodentia","Muridae","Leporillus","","conditor","","species","","(Sturt, 1848)","Greater Stick-nest Rat","","","","","","","","","Leporillus conditor","","","","","","","","","","","","","","","Published dataset","","8c7f1486-33aa-4e4d-ba30-11a877a12ac6","","","","","","","","","","","PhysicalObject"
"dr346","","2021-10-19","","CC-BY","","","","","","","","SAMA","Mammalogy","","","PRESERVED_SPECIMEN","","","","","M4376","","","","","","","","","","","PRESENT","W","","","","","","ecatalogue.irn:130071","","","","","","","","","","urn:emu.sam.sa.gov.au:Event:80090","","","","","","","1907","","","","","","","","","","","","","","","","","","Australia","AU","South Australia","","","","Lake Eyre | Immediate vicinity of western shore of Lake Eyre","","","","","","","","","","","-28.5","137.0","EPSG:4326","","1.0E-4","","","28 30 00 S","137 00 00 E","","","","","","","","","","","","","","","","","","","","","","","","","","","","","","","","","","","","","","","","","","","","","https://biodiversity.org.au/afd/taxa/0aa74239-0832-4a47-8bcb-959fc021f485","Leporillus conditor (Sturt, 1848)","Leporillus conditor","","","","","","","","Animalia","Chordata","Mammalia","Rodentia","Muridae","Leporillus","","conditor","","species","","(Sturt, 1848)","Greater Stick-nest Rat","","","","","","","","","Leporillus conditor","","","","","","","","","","","","","","","Published dataset","","1ae665f2-c6fe-4153-a812-d699984291dc","","","","","","","","","","","PhysicalObject"
"dr346","","2021-10-19","","CC-BY","","","","","","","","SAMA","Mammalogy","","","PRESERVED_SPECIMEN","","","","","M4074","","Tindale N.B.,Hackett C.J.","","","","","","","","","PRESENT","W","","","","","","ecatalogue.irn:143526","","","","","1a674ded-5db0-4ba7-b552-4d6c04fea75c","","","","","urn:emu.sam.sa.gov.au:Event:85014","","","1933-07-18T00:00:00Z","","199","199","1933","7","18","","","","","","","","","","","","","","","","Australia","AU","South Australia","","","","Mount Crombie | W of Mount Crombie","","","","","","","","","","","-26.65","130.8167","EPSG:4326","","1.0E-4","","","26 39 00 S","130 49 00 E","","","","","","","","","","","","","","","","","","","","","","","","","","","","","","","","","","","","","","","","","","","","","https://biodiversity.org.au/afd/taxa/61403a2b-8537-46e1-91cf-672d02be62b3","Leporillus apicalis (Gould, 1853)","Leporillus apicalis","","","","","","","","Animalia","Chordata","Mammalia","Rodentia","Muridae","Leporillus","","apicalis","","species","","(Gould, 1853)","Lesser Stick-nest Rat","","","","","","","","","Leporillus apicalis","","","","","","","","","","","","","","","Published dataset","","e8d0f1f3-3d29-4cf1-ac6f-16f814bdd49c","","","","","","","","","","","PhysicalObject"
"dr346","","2021-10-19","","CC-BY","","","","","","","","SAMA","Mammalogy","","","PRESERVED_SPECIMEN","","","","","M4377","","","","","","","","","","","PRESENT","CW","","","","","","ecatalogue.irn:144024","","","","","","","","","","urn:emu.sam.sa.gov.au:Event:80090","","","","","","","1907","","","","","","","","","","","","","","","","","","Australia","AU","South Australia","","","","Lake Eyre | Immediate vicinity of western shore of Lake Eyre","","","","","","","","","","","-28.5","137.0","EPSG:4326","","1.0E-4","","","28 30 00 S","137 00 00 E","","","","","","","","","","","","","","","","","","","","","","","","","","","","","","","","","","","","","","","","","","","","","https://biodiversity.org.au/afd/taxa/0aa74239-0832-4a47-8bcb-959fc021f485","Leporillus conditor (Sturt, 1848)","Leporillus conditor","","","","","","","","Animalia","Chordata","Mammalia","Rodentia","Muridae","Leporillus","","conditor","","species","","(Sturt, 1848)","Greater Stick-nest Rat","","","","","","","","","Leporillus conditor","","","","","","","","","","","","","","","Published dataset","","daf2d2ba-4427-49a9-a664-12602a84f123","","","","","","","","","","","PhysicalObject"
"dr346","","2021-10-19","","CC-BY","","","","","","","","SAMA","Mammalogy","","","PRESERVED_SPECIMEN","","","","","M4370","","","","","","","","","","","PRESENT","W","","","","","","ecatalogue.irn:133673","","","","","","","","","","urn:emu.sam.sa.gov.au:Event:80090","","","","","","","1907","","","","","","","","","","","","","","","","","","Australia","AU","South Australia","","","","Lake Eyre | Immediate vicinity of western shore of Lake Eyre","","","","","","","","","","","-28.5","137.0","EPSG:4326","","1.0E-4","","","28 30 00 S","137 00 00 E","","","","","","","","","","","","","","","","","","","","","","","","","","","","","","","","","","","","","","","","","","","","","https://biodiversity.org.au/afd/taxa/0aa74239-0832-4a47-8bcb-959fc021f485","Leporillus conditor (Sturt, 1848)","Leporillus conditor","","","","","","","","Animalia","Chordata","Mammalia","Rodentia","Muridae","Leporillus","","conditor","","species","","(Sturt, 1848)","Greater Stick-nest Rat","","","","","","","","","Leporillus conditor","","","","","","","","","","","","","","","Published dataset","","25c276ee-cb61-470f-b9b1-6f87d544672a","","","","","","","","","","","PhysicalObject"
"dr365","","","","CC-BY 4.0 (Int)","","","","","","","OP","","","","","HUMAN_OBSERVATION","","","","","OPM198332-1385815","","BOLAM A.G. Anthony","","","","","","","","native","PRESENT","","","","","","","","Record Type: Sight Record & Nest","","","","","","","","","MISC. OPPORTUNE RECORDS","","","1924-01-01T00:00:00Z","","1","1","1924","1","1","1924-01-01, Y","","Observed-no method stated","","","","","","","","","","","","","Australia","AU","South Australia","","","Nullarbor (RR)","Nullarbor (RR)","","","","","","","","","","Nullarbor Plain Property","-30.58345","131.25","EPSG:4326","","","","Zone:52 Easting:715754 Northing:6614405","-30.58345","131.25","UTM;decimal degrees","EPSG:4283","","","","","","","","","","","","","","","","","","","","","","","","","","","","","","","","","","","","C01429","","","","","","","https://biodiversity.org.au/afd/taxa/0aa74239-0832-4a47-8bcb-959fc021f485","Leporillus conditor","Leporillus conditor","","","","","","","","Animalia","Chordata","Mammalia","Rodentia","Muridae","Leporillus","","","","species","","(Sturt, 1848)","Greater Stick-nest Rat","","","","","","","","","Leporillus conditor","","","","","","","","","","","","","","","Published dataset","","30da669e-6505-4b66-aa51-1e3c7e1ea2a8","","","","","","","","","","",""
"dr365","","","","CC-BY 4.0 (Int)","","","","","","","OP","","","","","HUMAN_OBSERVATION","","","","","OPM183363-1385705","","KIDMAN S. Sidney","","","","","","","","native","PRESENT","","","","","","","","","","","","","","","","","MISC. OPPORTUNE RECORDS","","","1920-01-01T00:00:00Z","","1","1","1920","1","1","1920-01-01, T","","Sign-nest","","","","","","","","","","","","","Australia","AU","New South Wales","","","","","","","","","","","","","","Barrier Range Broken Hill area.","-31.18344","141.49999","EPSG:4326","","","","Zone:54 Easting:547641 Northing:6549960","-31.18344","141.49999","UTM;decimal degrees","EPSG:4283","","","","","","","","","","","","","","","","","","","","","","","","","","","","","","","","","","","","Z10523","","","","","","","https://biodiversity.org.au/afd/taxa/0baa917c-cfef-4b09-b777-bd5ac4ac210a","Leporillus sp.","Leporillus","","","","","","","","Animalia","Chordata","Mammalia","Rodentia","Muridae","Leporillus","","","","genus","","Thomas, 1906","","","","","","","","","","","","","","","","","","","","","","","","","Published dataset","","4cb54e18-3322-40e3-8a7e-1c2db320df24","","","","","","","","","","",""
"dr365","","","","CC-BY 4.0 (Int)","","","","","","","OP","","","","","HUMAN_OBSERVATION","","","","","OPM183378-1385700","","KREFFT G. Gerald","","","","","","","","native","PRESENT","","","","","","","","Record Type: Sight Record Voucher Nest.","","","","271c9c61-cd39-42d4-858b-29c234deae05","","","","","MISC. OPPORTUNE RECORDS","","","1857-01-01T00:00:00Z","","1","1","1857","1","1","1857-01-01, Y","","Observed-no method stated","","","","","","","","","","","","","Australia","AU","New South Wales","","","","","","","","","","","","","","Tapio N.S.W.","-33.95012","141.95","EPSG:4326","25000.0","","","Zone:54 Easting:587783 Northing:6242968","-33.95012","141.95","UTM;decimal degrees","EPSG:4283","","","","","","","","","","","","","","","","","","","","","","","","","","","","","","","","","","","","C01429","","","","","","","https://biodiversity.org.au/afd/taxa/0aa74239-0832-4a47-8bcb-959fc021f485","Leporillus conditor","Leporillus conditor","","","","","","","","Animalia","Chordata","Mammalia","Rodentia","Muridae","Leporillus","","","","species","","(Sturt, 1848)","Greater Stick-nest Rat","","","","","","","","","Leporillus conditor","","","","","","","","","","","","","","","Published dataset","","b6ab2283-baf0-4a46-8736-b4fa2f4a8aac","","","","","","","","","","",""
"dr365","","","","CC-BY 4.0 (Int)","","","","","","","OP","","","","","HUMAN_OBSERVATION","","","","","OPM183117-1385694","","WOOD-JONES F. Frederic","","","","","","","","native","PRESENT","","","","","","","","","","","","","","","","","MISC. OPPORTUNE RECORDS","","","1923-01-01T00:00:00Z","","1","1","1923","1","1","1923-01-01, Y","","Sign-skeleton/feathers","","","","","","","","","","","","","Australia","AU","South Australia","","","","","","","","","","","","","","Caves near Mt. Gambier","-37.83347","140.78333","EPSG:4326","","","","Zone:54 Easting:480934 Northing:5812640","-37.83347","140.78333","UTM;decimal degrees","EPSG:4283","","","","","","","","","","","","","","","","","","","","","","","","","","","","","","","","","","","","Z10523","","","","","","","https://biodiversity.org.au/afd/taxa/0baa917c-cfef-4b09-b777-bd5ac4ac210a","Leporillus sp.","Leporillus","","","","","","","","Animalia","Chordata","Mammalia","Rodentia","Muridae","Leporillus","","","","genus","","Thomas, 1906","","","","","","","","","","","","","","","","","","","","","","","","","Published dataset","","d220c6f6-246b-4366-8c5f-ac0194f0095c","","","","","","","","","","",""
"dr365","","","","CC-BY 4.0 (Int)","","","","","","","OP","","","","","HUMAN_OBSERVATION","","","","","OPM183378-1385699","","KREFFT G. Gerald","","","","","","","","native","PRESENT","","","","","","","","Record Type: Sight record Voucher & Nest.","","","","271c9c61-cd39-42d4-858b-29c234deae05","","","","","MISC. OPPORTUNE RECORDS","","","1857-01-01T00:00:00Z","","1","1","1857","1","1","1857-01-01, Y","","Observed-no method stated","","","","","","","","","","","","","Australia","AU","New South Wales","","","","","","","","","","","","","","Tapio N.S.W.","-33.95012","141.95","EPSG:4326","25000.0","","","Zone:54 Easting:587783 Northing:6242968","-33.95012","141.95","UTM;decimal degrees","EPSG:4283","","","","","","","","","","","","","","","","","","","","","","","","","","","","","","","","","","","","C01429","","","","","","","https://biodiversity.org.au/afd/taxa/0aa74239-0832-4a47-8bcb-959fc021f485","Leporillus conditor","Leporillus conditor","","","","","","","","Animalia","Chordata","Mammalia","Rodentia","Muridae","Leporillus","","","","species","","(Sturt, 1848)","Greater Stick-nest Rat","","","","","","","","","Leporillus conditor","","","","","","","","","","","","","","","Published dataset","","602411ac-8816-40dc-bd6e-63bedcd957f7","","","","","","","","","","",""
"dr365","","","","CC-BY 4.0 (Int)","","","","","","","OP","","","","","HUMAN_OBSERVATION","","","","","OPM196298-1385826","","STEWART A. N/A","","","","","","","","native","PRESENT","","","","","","","","Record Type: Sight Record & Nest","","","","","","","","","MISC. OPPORTUNE RECORDS","","","1920-01-01T00:00:00Z","","1","1","1920","1","1","1920-01-01, T","","Observed-no method stated","","","","","","","","","","","","","Australia","AU","Western Australia","","","","","","","","","","","","","","Near Rawlinna Nullarbor Plain.","-31.01678","125.33334","EPSG:4326","","","","Zone:51 Easting:722745 Northing:6566201","-31.01678","125.33334","UTM;decimal degrees","EPSG:4283","","","","","","","","","","","","","","","","","","","","","","","","","","","","","","","","","","","","Z10523","","","","","","","https://biodiversity.org.au/afd/taxa/0baa917c-cfef-4b09-b777-bd5ac4ac210a","Leporillus sp.","Leporillus","","","","","","","","Animalia","Chordata","Mammalia","Rodentia","Muridae","Leporillus","","","","genus","","Thomas, 1906","","","","","","","","","","","","","","","","","","","","","","","","","Published dataset","","9ed313ff-6a30-41de-9bbf-ffeb066922fd","","","","","","","","","","",""
"dr365","","","","CC-BY 4.0 (Int)","","","","","","","OP","","","","","HUMAN_OBSERVATION","","","","","OPM198385-1385894","","LESOUEF A.S. N/A","","","","","","","","native","PRESENT","","","","","","","","Record Type: Sight Record Voucher & Nest","","","","","","","","","MISC. OPPORTUNE RECORDS","","","1922-07-01T00:00:00Z","","182","182","1922","7","1","1922-07-01, M","","Observed-no method stated","","","","","","","","","","","","","Australia","AU","South Australia","","","","","","","","","","","","","","From 15km West of Ooldea to Fisher Nullarbor Plain.","-30.46678","131.66668","EPSG:4326","10000.0","","","Zone:52 Easting:756028 Northing:6626468","-30.46678","131.66668","UTM;decimal degrees","EPSG:4283","","","","","","","","","","","","","","","","","","","","","","","","","","","","","","","","","","","","C01429","","","","","","","https://biodiversity.org.au/afd/taxa/0aa74239-0832-4a47-8bcb-959fc021f485","Leporillus conditor","Leporillus conditor","","","","","","","","Animalia","Chordata","Mammalia","Rodentia","Muridae","Leporillus","","","","species","","(Sturt, 1848)","Greater Stick-nest Rat","","","","","","","","","Leporillus conditor","","","","","","","","","","","","","","","Published dataset","","192e616b-f9b0-4362-98b3-427524bfa4b4","","","","","","","","","","",""
"dr365","","","","CC-BY 4.0 (Int)","","","","","","","OP","","","","","HUMAN_OBSERVATION","","","","","OPM174585-1385852","","BRUCE R. Robert","","","","","","","","native","PRESENT","","","","","","","","","","","","","","","","","MISC. OPPORTUNE RECORDS","","","1890-01-01T00:00:00Z","","1","1","1890","1","1","1890-01-01, Y","","Sign-nest","","","","","","","","","","","","","Australia","AU","South Australia","","","","","","","","","","","","","","Flinders Ranges (?)","-31.50011","138.74999","EPSG:4326","","","","Zone:54 Easting:286304 Northing:6512778","-31.50011","138.74999","UTM;decimal degrees","EPSG:4283","","","","","","","","","","","","","","","","","","","","","","","","","","","","","","","","","","","","Z10523","","","","","","","https://biodiversity.org.au/afd/taxa/0baa917c-cfef-4b09-b777-bd5ac4ac210a","Leporillus sp.","Leporillus","","","","","","","","Animalia","Chordata","Mammalia","Rodentia","Muridae","Leporillus","","","","genus","","Thomas, 1906","","","","","","","","","","","","","","","","","","","","","","","","","Published dataset","","3603bcf3-ae60-4ae7-955f-9c0efe4f8170","","","","","","","","","","",""
"dr365","","","","CC-BY 4.0 (Int)","","","","","","","OP","","","","","HUMAN_OBSERVATION","","","","","OPM183389-1385702","","STURT C. Charles","","","","","","","","native","PRESENT","","","","","","","","Record Type: Sight Record & Nest.","","","","","","","","","MISC. OPPORTUNE RECORDS","","","1844-01-01T00:00:00Z","","1","1","1844","1","1","1844-01-01, Y","","Observed-no method stated","","","","","","","","","","","","","Australia","AU","New South Wales","","","","","","","","","","","","","","About 72 km from Laidley's Ponds Near Lake Cawndilla.","-32.66679","142.33333","EPSG:4326","","","","Zone:54 Easting:625025 Northing:6384867","-32.66679","142.33333","UTM;decimal degrees","EPSG:4283","","","","","","","","","","","","","","","","","","","","","","","","","","","","","","","","","","","","C01429","","","","","","","https://biodiversity.org.au/afd/taxa/0aa74239-0832-4a47-8bcb-959fc021f485","Leporillus conditor","Leporillus conditor","","","","","","","","Animalia","Chordata","Mammalia","Rodentia","Muridae","Leporillus","","","","species","","(Sturt, 1848)","Greater Stick-nest Rat","","","","","","","","","Leporillus conditor","","","","","","","","","","","","","","","Published dataset","","295c5bab-d91b-4fa0-8a71-0493ee2dc8d6","","","","","","","","","","",""
"dr365","","","","CC-BY 4.0 (Int)","","","","","","","OP","","","","","HUMAN_OBSERVATION","","","","","OPM198335-1385805","","TROUGHTON E.L-G. Ellis","","","","","","","","native","PRESENT","","","","","","","","Record Type: Sight Record & Nest","","","","","","","","","MISC. OPPORTUNE RECORDS","","","1921-01-01T00:00:00Z","","1","1","1921","1","1","1921-01-01, Y","","Observed-no method stated","","","","","","","","","","","","","Australia","AU","South Australia","","","","","","","","","","","","","","Nullarbor Plain between Fisher & Ooldea.","-30.25011","131.25","EPSG:4326","","","","Zone:52 Easting:716489 Northing:6651358","-30.25011","131.25","UTM;decimal degrees","EPSG:4283","","","","","","","","","","","","","","","","","","","","","","","","","","","","","","","","","","","","C01429","","","","","","","https://biodiversity.org.au/afd/taxa/0aa74239-0832-4a47-8bcb-959fc021f485","Leporillus conditor","Leporillus conditor","","","","","","","","Animalia","Chordata","Mammalia","Rodentia","Muridae","Leporillus","","","","species","","(Sturt, 1848)","Greater Stick-nest Rat","","","","","","","","","Leporillus conditor","","","","","","","","","","","","","","","Published dataset","","dba84203-b236-4b6c-902c-39b9d5a1215a","","","","","","","","","","",""
"dr365","","","","CC-BY 4.0 (Int)","","","","","","","OP","","","","","HUMAN_OBSERVATION","","","","","OPM198334-1385808","","BARRETT C. Charles","","","","","","","","native","PRESENT","","","","","","","","Record Type: Sight Record & Nest","","","","7da64839-299e-42fe-aefe-abd2f3739697","","","","","MISC. OPPORTUNE RECORDS","","","1930-05-01T00:00:00Z","","121","121","1930","5","1","1930-05-01, M","","Observed-no method stated","","","","","","","","","","","","","Australia","AU","South Australia","","","Nullarbor (RR)","Nullarbor (RR)","","","","","","","","","","Nullarbor Plain Property","-30.58345","131.25","EPSG:4326","","","","Zone:52 Easting:715754 Northing:6614405","-30.58345","131.25","UTM;decimal degrees","EPSG:4283","","","","","","","","","","","","","","","","","","","","","","","","","","","","","","","","","","","","C01429","","","","","","","https://biodiversity.org.au/afd/taxa/0aa74239-0832-4a47-8bcb-959fc021f485","Leporillus conditor","Leporillus conditor","","","","","","","","Animalia","Chordata","Mammalia","Rodentia","Muridae","Leporillus","","","","species","","(Sturt, 1848)","Greater Stick-nest Rat","","","","","","","","","Leporillus conditor","","","","","","","","","","","","","","","Published dataset","","d34d8d67-4897-431a-9415-5136847f9870","","","","","","","","","","",""
"dr365","","","","CC-BY 4.0 (Int)","","","","","","","OP","","","","","HUMAN_OBSERVATION","","","","","OPM205302-1385773","","FINLAYSON H. 'Pastor'","","","","","","","","native","PRESENT","","","","","","","","Record Type: Sight Record & Voucher.","","","","","","","","","MISC. OPPORTUNE RECORDS","","","1907-01-01T00:00:00Z","","1","1","1907","1","1","1907-01-01, Y","","Observed-no method stated","","","","","","","","","","","","","Australia","AU","South Australia","","","Kati Thanda-Lake Eyre (NP)","Kati Thanda-Lake Eyre (NP)","","","","","","","","","","Western Shore of Lake Eyre.","-28.5001","137.0","EPSG:4326","","","","Zone:53 Easting:695752 Northing:6845766","-28.5001","137","UTM;decimal degrees","EPSG:4283","","","","","","","","","","","","","","","","","","","","","","","","","","","","","","","","","","","","C01429","","","","","","","https://biodiversity.org.au/afd/taxa/0aa74239-0832-4a47-8bcb-959fc021f485","Leporillus conditor","Leporillus conditor","","","","","","","","Animalia","Chordata","Mammalia","Rodentia","Muridae","Leporillus","","","","species","","(Sturt, 1848)","Greater Stick-nest Rat","","","","","","","","","Leporillus conditor","","","","","","","","","","","","","","","Published dataset","","e3691eba-9bc3-4ab3-b3d7-989a6b1c5919","","","","","","","","","","",""
"dr365","","","","CC-BY 4.0 (Int)","","","","","","","OP","","","","","HUMAN_OBSERVATION","","","","","OPM198333-1385809","","BARRETT C. Charles","","","","","","","","native","PRESENT","","","","","","","","Record Type: Sight Record & Nest","","","","d34d8d67-4897-431a-9415-5136847f9870","","","","","MISC. OPPORTUNE RECORDS","","","1930-01-01T00:00:00Z","","1","1","1930","1","1","1930-01-01, Y","","Observed-no method stated","","","","","","","","","","","","","Australia","AU","South Australia","","","Nullarbor (RR)","Nullarbor (RR)","","","","","","","","","","Nullarbor Plain Property","-30.58345","131.25","EPSG:4326","","","","Zone:52 Easting:715754 Northing:6614405","-30.58345","131.25","UTM;decimal degrees","EPSG:4283","","","","","","","","","","","","","","","","","","","","","","","","","","","","","","","","","","","","C01429","","","","","","","https://biodiversity.org.au/afd/taxa/0aa74239-0832-4a47-8bcb-959fc021f485","Leporillus conditor","Leporillus conditor","","","","","","","","Animalia","Chordata","Mammalia","Rodentia","Muridae","Leporillus","","","","species","","(Sturt, 1848)","Greater Stick-nest Rat","","","","","","","","","Leporillus conditor","","","","","","","","","","","","","","","Published dataset","","7da64839-299e-42fe-aefe-abd2f3739697","","","","","","","","","","",""
"dr365","","","","CC-BY 4.0 (Int)","","","","","","","OP","","","","","HUMAN_OBSERVATION","","","","","OPM198388-1385851","","HARVEY J. N/A","","","","","","","","native","PRESENT","","","","","","","","Record Type: Voucher","","","","","","","","","MISC. OPPORTUNE RECORDS","","","1928-01-01T00:00:00Z","","1","1","1928","1","1","1928-01-01, Y","","Other (in comments)","","","","","","","","","","","","","Australia","AU","South Australia","","","","","","","","","","","","","","Fisher Nullarbor Plain.","-30.45011","131.66667","EPSG:4326","10000.0","","","Zone:52 Easting:756071 Northing:6628316","-30.45011","131.66667","UTM;decimal degrees","EPSG:4283","","","","","","","","","","","","","","","","","","","","","","","","","","","","","","","","","","","","C01429","","","","","","","https://biodiversity.org.au/afd/taxa/0aa74239-0832-4a47-8bcb-959fc021f485","Leporillus conditor","Leporillus conditor","","","","","","","","Animalia","Chordata","Mammalia","Rodentia","Muridae","Leporillus","","","","species","","(Sturt, 1848)","Greater Stick-nest Rat","","","","","","","","","Leporillus conditor","","","","","","","","","","","","","","","Published dataset","","98bf4f5f-feec-4a88-808a-7a400a537104","","","","","","","","","","",""
"dr365","","","","CC-BY 4.0 (Int)","","","","","","","OP","","","","","HUMAN_OBSERVATION","","","","","OPM196357-1385849","","GILES E. Ernest","","","","","","","","native","PRESENT","","","","","","","","","","","","","","","","","MISC. OPPORTUNE RECORDS","","","1873-01-01T00:00:00Z","","1","1","1873","1","1","1873-01-01, Y","","Sign-nest","","","","","","","","","","","","","Australia","AU","Western Australia","","","","","","","","","","","","","","Mt. Squires in the Barrow Range Warburton Region.","-26.18343","127.43332","EPSG:4326","10000.0","","","Zone:52 Easting:343443 Northing:7103058","-26.18343","127.43332","UTM;decimal degrees","EPSG:4283","","","","","","","","","","","","","","","","","","","","","","","","","","","","","","","","","","","","Z10523","","","","","","","https://biodiversity.org.au/afd/taxa/0baa917c-cfef-4b09-b777-bd5ac4ac210a","Leporillus sp.","Leporillus","","","","","","","","Animalia","Chordata","Mammalia","Rodentia","Muridae","Leporillus","","","","genus","","Thomas, 1906","","","","","","","","","","","","","","","","","","","","","","","","","Published dataset","","ce7020cb-864e-4cc7-a33a-b7f8b40bfb69","","","","","","","","","","",""
"dr365","","","","CC-BY 4.0 (Int)","","","","","","","OP","","","","","HUMAN_OBSERVATION","","","","","OPM176761-1385772","","WOOD-JONES F. Frederic","","","","","","","","native","PRESENT","","","","","","","","","","","","","","","","","MISC. OPPORTUNE RECORDS","","","1923-01-01T00:00:00Z","","1","1","1923","1","1","1923-01-01, Y","","Sign-skeleton/feathers","","","","","","","","","","","","","Australia","AU","South Australia","","","","","","","","","","","","","","Bagalowie Cave Witchetty Station.","-32.15011","138.91665","EPSG:4326","25000.0","","","Zone:54 Easting:303519 Northing:6441024","-32.15011","138.91665","UTM;decimal degrees","EPSG:4283","","","","","","","","","","","","","","","","","","","","","","","","","","","","","","","","","","","","Z10523","","","","","","","https://biodiversity.org.au/afd/taxa/0baa917c-cfef-4b09-b777-bd5ac4ac210a","Leporillus sp.","Leporillus","","","","","","","","Animalia","Chordata","Mammalia","Rodentia","Muridae","Leporillus","","","","genus","","Thomas, 1906","","","","","","","","","","","","","","","","","","","","","","","","","Published dataset","","bf501399-e2c4-45ac-a1e0-3efc1f1577b9","","","","","","","","","","",""
"dr365","","","","CC-BY 4.0 (Int)","","","","","","","OP","","","","","HUMAN_OBSERVATION","","","","","OPM198331-1385880","","LESOUEF A.S. N/A","","","","","","","","native","PRESENT","","","","","","","","Record Type: Sight Record Voucher & Nest.","","","","","","","","","MISC. OPPORTUNE RECORDS","","","1922-07-01T00:00:00Z","","182","182","1922","7","1","1922-07-01, M","","Observed-no method stated","","","","","","","","","","","","","Australia","AU","South Australia","","","Nullarbor (RR)","Nullarbor (RR)","","","","","","","","","","Nullarbor Plain Property","-30.58345","131.25","EPSG:4326","","","","Zone:52 Easting:715754 Northing:6614405","-30.58345","131.25","UTM;decimal degrees","EPSG:4283","","","","","","","","","","","","","","","","","","","","","","","","","","","","","","","","","","","","C01429","","","","","","","https://biodiversity.org.au/afd/taxa/0aa74239-0832-4a47-8bcb-959fc021f485","Leporillus conditor","Leporillus conditor","","","","","","","","Animalia","Chordata","Mammalia","Rodentia","Muridae","Leporillus","","","","species","","(Sturt, 1848)","Greater Stick-nest Rat","","","","","","","","","Leporillus conditor","","","","","","","","","","","","","","","Published dataset","","92d9745b-393b-4d04-a9d5-e0ac5147b506","","","","","","","","","","",""
"dr365","","","","CC-BY 4.0 (Int)","","","","","","","OP","","","","","HUMAN_OBSERVATION","","","","","OPM198386-1385807","","TROUGHTON E.L-G. Ellis | WRIGHT J. N/A","","","","","","","","native","PRESENT","","","","","","","","Record Type: Sight Record Voucher & Nest.","","","","","","","","","MISC. OPPORTUNE RECORDS","","","1921-10-12T00:00:00Z","","285","285","1921","10","12","1921-10-12, D","","Observed-no method stated","","","","","","","","","","","","","Australia","AU","South Australia","","","","","","","","","","","","","","Fisher Nullarbor Plain.","-30.45011","131.66667","EPSG:4326","10000.0","","","Zone:52 Easting:756071 Northing:6628316","-30.45011","131.66667","UTM;decimal degrees","EPSG:4283","","","","","","","","","","","","","","","","","","","","","","","","","","","","","","","","","","","","C01429","","","","","","","https://biodiversity.org.au/afd/taxa/0aa74239-0832-4a47-8bcb-959fc021f485","Leporillus conditor","Leporillus conditor","","","","","","","","Animalia","Chordata","Mammalia","Rodentia","Muridae","Leporillus","","","","species","","(Sturt, 1848)","Greater Stick-nest Rat","","","","","","","","","Leporillus conditor","","","","","","","","","","","","","","","Published dataset","","e939e1ab-062d-4e13-9fab-633827bcb4ac","","","","","","","","","","",""
"dr365","","","","CC-BY 4.0 (Int)","","","","","","","OP","","","","","HUMAN_OBSERVATION","","","","","OPM183390-1385703","","BROWNE J.H. John","","","","","","","","native","PRESENT","","","","","","","","Record Type: Sight Record & Nest.","","","","","","","","","MISC. OPPORTUNE RECORDS","","","1844-10-02T00:00:00Z","","276","276","1844","10","2","1844-10-02, D","","Observed-no method stated","","","","","","","","","","","","","Australia","AU","New South Wales","","","","","","","","","","","","","","About 72 km from Laidley's Ponds Near Lake Cawndilla.","-32.66679","142.33333","EPSG:4326","","","","Zone:54 Easting:625025 Northing:6384867","-32.66679","142.33333","UTM;decimal degrees","EPSG:4283","","","","","","","","","","","","","","","","","","","","","","","","","","","","","","","","","","","","Z10523","","","","","","","https://biodiversity.org.au/afd/taxa/0baa917c-cfef-4b09-b777-bd5ac4ac210a","Leporillus sp.","Leporillus","","","","","","","","Animalia","Chordata","Mammalia","Rodentia","Muridae","Leporillus","","","","genus","","Thomas, 1906","","","","","","","","","","","","","","","","","","","","","","","","","Published dataset","","fce9165c-8a54-4659-b872-20a067bdc013","","","","","","","","","","",""
"dr365","","","","CC-BY 4.0 (Int)","","","","","","","OP","","","","","HUMAN_OBSERVATION","","","","","OPM198275-1385881","","LESOUEF A.S. N/A","","","","","","","","native","PRESENT","","","","","","","","Record Type:Sight Record & Voucher","","","","","","","","","MISC. OPPORTUNE RECORDS","","","1921-07-01T00:00:00Z","","182","182","1921","7","1","1921-07-01, M","","Observed-no method stated","","","","","","","","","","","","","Australia","AU","South Australia","","","","","","","","","","","","","","Fisher Trans- Australian Railway.","-30.55011","130.96667","EPSG:4326","25000.0","","","Zone:52 Easting:688644 Northing:6618609","-30.55011","130.96667","UTM;decimal degrees","EPSG:4283","","","","","","","","","","","","","","","","","","","","","","","","","","","","","","","","","","","","C01429","","","","","","","https://biodiversity.org.au/afd/taxa/0aa74239-0832-4a47-8bcb-959fc021f485","Leporillus conditor","Leporillus conditor","","","","","","","","Animalia","Chordata","Mammalia","Rodentia","Muridae","Leporillus","","","","species","","(Sturt, 1848)","Greater Stick-nest Rat","","","","","","","","","Leporillus conditor","","","","","","","","","","","","","","","Published dataset","","b8104f9f-386b-4cea-9b3d-e3a9ee170892","","","","","","","","","","",""
"dr365","","","","CC-BY 4.0 (Int)","","","","","","","OP","","","","","HUMAN_OBSERVATION","","","","","OPM198258-1385845","","BASEDOW H. Herbert","","","","","","","","native","PRESENT","","","","","","","","Record Type: Sight record & Nest","","","","","","","","","MISC. OPPORTUNE RECORDS","","","1903-06-25T00:00:00Z","","176","176","1903","6","25","1903-06-25, D","","Observed-no method stated","","","","","","","","","","","","","Australia","AU","South Australia","","","","","","","","","","","","","","Near Mt. Kintore and South of Hanging Knoll North-Western S.A.","-26.4501","130.45","EPSG:4326","25000.0","","","Zone:52 Easting:644565 Northing:7073654","-26.4501","130.45","UTM;decimal degrees","EPSG:4283","","","","","","","","","","","","","","","","","","","","","","","","","","","","","","","","","","","","Z10523","","","","","","","https://biodiversity.org.au/afd/taxa/0baa917c-cfef-4b09-b777-bd5ac4ac210a","Leporillus sp.","Leporillus","","","","","","","","Animalia","Chordata","Mammalia","Rodentia","Muridae","Leporillus","","","","genus","","Thomas, 1906","","","","","","","","","","","","","","","","","","","","","","","","","Published dataset","","a25540ed-42e8-4226-81f3-f8e57aab8c0a","","","","","","","","","","",""
"dr365","","","","CC-BY 4.0 (Int)","","","","","","","OP","","","","","HUMAN_OBSERVATION","","","","","OPM183388-1385701","","KREFFT G. Gerald","","","","","","","","native","PRESENT","","","","","","","","Record Type: Sight Record Voucher & Nest.","","","","","","","","","MISC. OPPORTUNE RECORDS","","","1857-01-01T00:00:00Z","","1","1","1857","1","1","1857-01-01, Y","","Observed-no method stated","","","","","","","","","","","","","Australia","AU","New South Wales","","","","","","","","","","","","","","Gol Gol Creek near Mildura","-34.16679","142.18333","EPSG:4326","","","","Zone:54 Easting:609067 Northing:6218718","-34.16679","142.18333","UTM;decimal degrees","EPSG:4283","","","","","","","","","","","","","","","","","","","","","","","","","","","","","","","","","","","","M01430","","","","","","","https://biodiversity.org.au/afd/taxa/61403a2b-8537-46e1-91cf-672d02be62b3","Leporillus apicalis","Leporillus apicalis","","","","","","","","Animalia","Chordata","Mammalia","Rodentia","Muridae","Leporillus","","","","species","","(Gould, 1853)","Lesser Stick-nest Rat","","","","","","","","","Leporillus apicalis","","","","","","","","","","","","","","","Published dataset","","cdabdc0e-4d42-45b0-bc5a-8d82191761bf","","","","","","","","","","",""
"dr365","","","","CC-BY 4.0 (Int)","","","","","","","OP","","","","","HUMAN_OBSERVATION","","","","","OPM183378-1385698","","KREFFT G. Gerald","","","","","","","","native","PRESENT","","","","","","","","Record Type: Sight record voucher & Nest.","","","","b6ab2283-baf0-4a46-8736-b4fa2f4a8aac|602411ac-8816-40dc-bd6e-63bedcd957f7","","","","","MISC. OPPORTUNE RECORDS","","","1857-01-01T00:00:00Z","","1","1","1857","1","1","1857-01-01, Y","","Observed-no method stated","","","","","","","","","","","","","Australia","AU","New South Wales","","","","","","","","","","","","","","Tapio N.S.W.","-33.95012","141.95","EPSG:4326","25000.0","","","Zone:54 Easting:587783 Northing:6242968","-33.95012","141.95","UTM;decimal degrees","EPSG:4283","","","","","","","","","","","","","","","","","","","","","","","","","","","","","","","","","","","","C01429","","","","","","","https://biodiversity.org.au/afd/taxa/0aa74239-0832-4a47-8bcb-959fc021f485","Leporillus conditor","Leporillus conditor","","","","","","","","Animalia","Chordata","Mammalia","Rodentia","Muridae","Leporillus","","","","species","","(Sturt, 1848)","Greater Stick-nest Rat","","","","","","","","","Leporillus conditor","","","","","","","","","","","","","","","Published dataset","","271c9c61-cd39-42d4-858b-29c234deae05","","","","","","","","","","",""
"dr365","","","","CC-BY 4.0 (Int)","","","","","","","OP","","","","","HUMAN_OBSERVATION","","","","","OPM198538-1385779","","ANON  N/A","","","","","","","","native","PRESENT","","","","","","","","Record Type: Voucher","","","","bf9a9681-ab3f-4874-9e0b-2ea572ecc769","","","","","MISC. OPPORTUNE RECORDS","","","1922-01-01T00:00:00Z","","1","1","1922","1","1","1922-01-01, Y","","Other (in comments)","","","","","","","","","","","","","Australia","AU","South Australia","","","Nuyts Archipelago (WA)","Nuyts Archipelago (WA)","","","","","","","","","","Franklin Island Nuyts Archipelago.","-32.45012","133.66666","EPSG:4326","1000.0","","","Zone:53 Easting:374673 Northing:6408888","-32.45012","133.66666","UTM;decimal degrees","EPSG:4283","","","","","","","","","","","","","","","","","","","","","","","","","","","","","","","","","","","","C01429","","","","","","","https://biodiversity.org.au/afd/taxa/0aa74239-0832-4a47-8bcb-959fc021f485","Leporillus conditor","Leporillus conditor","","","","","","","","Animalia","Chordata","Mammalia","Rodentia","Muridae","Leporillus","","","","species","","(Sturt, 1848)","Greater Stick-nest Rat","","","","","","","","","Leporillus conditor","","","","","","","","","","","","","","","Published dataset","","1030353a-12a4-4eea-b636-a290e99608ac","","","","","","","","","","",""
"dr365","","","","CC-BY 4.0 (Int)","","","","","","","OP","","","","","HUMAN_OBSERVATION","","","","","OPM198537-1385943","","ANON  N/A","","","","","","","","native","PRESENT","","","","","","","","Collection Method: Voucher","","","","","","","","","MISC. OPPORTUNE RECORDS","","","1921-01-01T00:00:00Z","","1","1","1921","1","1","1921-01-01, Y","","Other (in comments)","","","","","","","","","","","","","Australia","AU","South Australia","","","Nuyts Archipelago (WA)","Nuyts Archipelago (WA)","","","","","","","","","","Franklin Island Nuyts Archipelago.","-32.45012","133.66666","EPSG:4326","1000.0","","","Zone:53 Easting:374673 Northing:6408888","-32.45012","133.66666","UTM;decimal degrees","EPSG:4283","","","","","","","","","","","","","","","","","","","","","","","","","","","","","","","","","","","","C01429","","","","","","","https://biodiversity.org.au/afd/taxa/0aa74239-0832-4a47-8bcb-959fc021f485","Leporillus conditor","Leporillus conditor","","","","","","","","Animalia","Chordata","Mammalia","Rodentia","Muridae","Leporillus","","","","species","","(Sturt, 1848)","Greater Stick-nest Rat","","","","","","","","","Leporillus conditor","","","","","","","","","","","","","","","Published dataset","","676898fd-07e1-441e-a232-d255806bc401","","","","","","","","","","",""
"dr365","","","","CC-BY 4.0 (Int)","","","","","","","OP","","","","","HUMAN_OBSERVATION","","","","","OPM198538-1385778","","ANON  N/A","","","","","","","","native","PRESENT","","","","","","","","Record Type: Voucher","","","","1030353a-12a4-4eea-b636-a290e99608ac","","","","","MISC. OPPORTUNE RECORDS","","","1922-01-01T00:00:00Z","","1","1","1922","1","1","1922-01-01, Y","","Other (in comments)","","","","","","","","","","","","","Australia","AU","South Australia","","","Nuyts Archipelago (WA)","Nuyts Archipelago (WA)","","","","","","","","","","Franklin Island Nuyts Archipelago.","-32.45012","133.66666","EPSG:4326","1000.0","","","Zone:53 Easting:374673 Northing:6408888","-32.45012","133.66666","UTM;decimal degrees","EPSG:4283","","","","","","","","","","","","","","","","","","","","","","","","","","","","","","","","","","","","C01429","","","","","","","https://biodiversity.org.au/afd/taxa/0aa74239-0832-4a47-8bcb-959fc021f485","Leporillus conditor","Leporillus conditor","","","","","","","","Animalia","Chordata","Mammalia","Rodentia","Muridae","Leporillus","","","","species","","(Sturt, 1848)","Greater Stick-nest Rat","","","","","","","","","Leporillus conditor","","","","","","","","","","","","","","","Published dataset","","bf9a9681-ab3f-4874-9e0b-2ea572ecc769","","","","","","","","","","",""
"dr368","","2022-04-21T14:19:30.280+10:00","en","CC-BY 4.0 (Int)","NSW Dept of Planning and Environment","","BioNet Atlas of NSW Wildlife 11/05/2022 1:00 AM +10:00","","","","1","NSW Dept of Planning, Industry and Environment","BioNet Atlas of NSW Wildlife","DPIE Default Sightings","NSW Dept of Planning and Environment","HUMAN_OBSERVATION","","","{""mechanicalHazardReductionDescription"":""N/A"",""geogExtent"":""N/A"",""mapSheetNumber"":""7229 - WENTWORTH"",""botanicalDivision"":""South Far Western Plains"",""floraReserve"":""N/A"",""speciesFireDescription"":""N/A"",""vulnerability"":""N/A"",""protectedInNSW"":""true"",""bfmcs"":""N/A"",""potentialImpact"":""N/A"",""observationType"":""Trapped or netted"",""profileID"":""20201"",""reserve"":""N/A"",""sourceDatasetName"":""DPIE Default Sightings"",""ibra"":""Riverina (NSW)"",""stateForest"":""N/A"",""status"":""Valid record from population that is no longer extant""}","urn:catalog:NSW Dept of Planning, Industry and Environment:BioNet Atlas of NSW Wildlife:26196-HO","26196-HO","","KREFFT","","","","","","","","","PRESENT","","","","","","","","occurrenceRemarks withheld","","","","","","","","","","","","1857-01-01T00:00:00Z","","1","346","1857","","","","","","","","","","","HO000499","","","","","","","Australia","AU","New South Wales","WENTWORTH","","locality withheld","","","","","","","","","","","locationRemarks withheld","-34.098499","141.917962","EPSG:4326","100000.0","1.0E-9","","","","","","","","","","","","","","","","","","","","","","","","","","","","","","","","","","","","","","","","","","1429","1429","","","","","","https://biodiversity.org.au/afd/taxa/0aa74239-0832-4a47-8bcb-959fc021f485","Leporillus conditor","Leporillus conditor","","","","","","","","Animalia","Chordata","Mammalia","Rodentia","Muridae","Leporillus","","conditor","","species","","(Sturt, 1848)","Greater Stick-nest Rat","ICZN","","","","","","","","Leporillus conditor","","","","","","","","","","","","","","","Published dataset","","44db2bca-a76f-4472-947c-3749baaaf7d6","CC-BY 4.0","","","","","","","","","","Event"
"dr368","","2022-04-21T14:19:30.280+10:00","en","CC-BY 4.0 (Int)","NSW Dept of Planning and Environment","","BioNet Atlas of NSW Wildlife 11/05/2022 1:00 AM +10:00","","","","1","NSW Dept of Planning, Industry and Environment","BioNet Atlas of NSW Wildlife","DPIE Default Sightings","NSW Dept of Planning and Environment","HUMAN_OBSERVATION","","","{""mechanicalHazardReductionDescription"":""N/A"",""geogExtent"":""N/A"",""mapSheetNumber"":""7237 - MOUNT ARROWSMITH"",""botanicalDivision"":""North Far Western Plains"",""floraReserve"":""N/A"",""speciesFireDescription"":""N/A"",""vulnerability"":""N/A"",""protectedInNSW"":""true"",""bfmcs"":""N/A"",""potentialImpact"":""N/A"",""observationType"":""Observed"",""profileID"":""20201"",""reserve"":""N/A"",""sourceDatasetName"":""DPIE Default Sightings"",""ibra"":""Simpson Strzelecki Dunefields (NSW)"",""stateForest"":""N/A"",""status"":""Valid record from population that is no longer extant""}","urn:catalog:NSW Dept of Planning, Industry and Environment:BioNet Atlas of NSW Wildlife:HO007625","HO007625","","STURT","","","","","","","","","PRESENT","","","","Sturt, Charles. 1849, <i>Narrative of an expedition into Central Australia performed under the authority of Her Majesty's Government during the years 1844, 5 & 6.</i>, T. & W. Boone,, London.","","","","occurrenceRemarks withheld","","","","","","","","","","","","1844-12-31T00:00:00Z","","366","366","1844","12","31","","","","","","","","","HO000481","","","","","","","Australia","AU","New South Wales","UNINCORPORATED FAR WEST REGION","","locality withheld","","","","","","","","","","","locationRemarks withheld","-30.413406","141.730081","EPSG:4326","10000.0","1.0E-9","","","","","","","","","","","","","","","","","","","","","","","","","","","","","","","","","","","","","","","","","","1429","1429","","","","","","https://biodiversity.org.au/afd/taxa/0aa74239-0832-4a47-8bcb-959fc021f485","Leporillus conditor","Leporillus conditor","","","","","","","","Animalia","Chordata","Mammalia","Rodentia","Muridae","Leporillus","","conditor","","species","","(Sturt, 1848)","Greater Stick-nest Rat","ICZN","","","","","","","","Leporillus conditor","","","","","","","","","","","","","","","Published dataset","","8287f8dc-fa3a-428c-b497-4f840df8167f","CC-BY 4.0","","","","","","","","","","Event"
"dr368","","2022-04-21T14:19:30.280+10:00","en","CC-BY 4.0 (Int)","NSW Dept of Planning and Environment","","BioNet Atlas of NSW Wildlife 11/05/2022 1:00 AM +10:00","","","","1","NSW Dept of Planning, Industry and Environment","BioNet Atlas of NSW Wildlife","DPIE Default Sightings","NSW Dept of Planning and Environment","HUMAN_OBSERVATION","","","{""mechanicalHazardReductionDescription"":""N/A"",""geogExtent"":""N/A"",""mapSheetNumber"":""7134 - BROKEN HILL"",""botanicalDivision"":""North Far Western Plains"",""floraReserve"":""N/A"",""speciesFireDescription"":""N/A"",""vulnerability"":""N/A"",""protectedInNSW"":""true"",""bfmcs"":""N/A"",""potentialImpact"":""N/A"",""observationType"":""Observed"",""profileID"":""20201"",""reserve"":""N/A"",""sourceDatasetName"":""DPIE Default Sightings"",""ibra"":""Broken Hill Complex (NSW)"",""stateForest"":""N/A"",""status"":""Valid record from population that is no longer extant""}","urn:catalog:NSW Dept of Planning, Industry and Environment:BioNet Atlas of NSW Wildlife:10663-HO","10663-HO","","KIDS","","","","","","","","","PRESENT","","","","Idreiss, Ion 1890, <i>The Cattle King.</i>, Harper Collins.","","","","occurrenceRemarks withheld","","","","","","","","","","","","1883-01-01T00:00:00Z","","1","365","1883","","","","","","","","","","","849-HO","","","","","","","Australia","AU","New South Wales","BROKEN HILL","","locality withheld","","","","","","","","","","","locationRemarks withheld","-31.948486","141.467945","EPSG:4326","100000.0","1.0E-9","","","","","","","","","","","","","","","","","","","","","","","","","","","","","","","","","","","","","","","","","","1429","1429","","","","","","https://biodiversity.org.au/afd/taxa/0aa74239-0832-4a47-8bcb-959fc021f485","Leporillus conditor","Leporillus conditor","","","","","","","","Animalia","Chordata","Mammalia","Rodentia","Muridae","Leporillus","","conditor","","species","","(Sturt, 1848)","Greater Stick-nest Rat","ICZN","","","","","","","","Leporillus conditor","","","","","","","","","","","","","","","Published dataset","","d8be4bff-b6c7-4b42-b4fa-4a1ad20183a2","CC-BY 4.0","","","","","","","","","","Event"
"dr368","","2022-04-21T14:19:30.280+10:00","en","CC-BY 4.0 (Int)","NSW Dept of Planning and Environment","","BioNet Atlas of NSW Wildlife 11/05/2022 1:00 AM +10:00","","","","1","NSW Dept of Planning, Industry and Environment","BioNet Atlas of NSW Wildlife","DPIE Default Sightings","NSW Dept of Planning and Environment","HUMAN_OBSERVATION","","","{""mechanicalHazardReductionDescription"":""N/A"",""geogExtent"":""N/A"",""mapSheetNumber"":""7230 - BUNNERUNGEE"",""botanicalDivision"":""South Far Western Plains"",""floraReserve"":""N/A"",""speciesFireDescription"":""N/A"",""vulnerability"":""N/A"",""protectedInNSW"":""true"",""bfmcs"":""N/A"",""potentialImpact"":""N/A"",""observationType"":""Trapped or netted"",""profileID"":""20201"",""reserve"":""N/A"",""sourceDatasetName"":""DPIE Default Sightings"",""ibra"":""Darling Riverine Plains (NSW)"",""stateForest"":""N/A"",""status"":""Valid record from population that is no longer extant""}","urn:catalog:NSW Dept of Planning, Industry and Environment:BioNet Atlas of NSW Wildlife:26194-HO","26194-HO","","KREFFT","","","","","","","","","PRESENT","","","","","","","","occurrenceRemarks withheld","","","","","","","","","","","","1857-01-01T00:00:00Z","","1","346","1857","","","","","","","","","","","3778-HO","","","","","","","Australia","AU","New South Wales","WENTWORTH","","locality withheld","","","","","","","","","","","locationRemarks withheld","-33.948154","141.959047","EPSG:4326","10000.0","1.0E-9","","","","","","","","","","","","","","","","","","","","","","","","","","","","","","","","","","","","","","","","","","1429","1429","","","","","","https://biodiversity.org.au/afd/taxa/0aa74239-0832-4a47-8bcb-959fc021f485","Leporillus conditor","Leporillus conditor","","","","","","","","Animalia","Chordata","Mammalia","Rodentia","Muridae","Leporillus","","conditor","","species","","(Sturt, 1848)","Greater Stick-nest Rat","ICZN","","","","","","","","Leporillus conditor","","","","","","","","","","","","","","","Published dataset","","2507eaf4-2b67-41a2-89aa-d298d1740d2c","CC-BY 4.0","","","","","","","","","","Event"
"dr368","","2022-04-21T14:19:30.280+10:00","en","CC-BY 4.0 (Int)","NSW Dept of Planning and Environment","","BioNet Atlas of NSW Wildlife 11/05/2022 1:00 AM +10:00","","","","1","NSW Dept of Planning, Industry and Environment","BioNet Atlas of NSW Wildlife","DPIE Default Sightings","NSW Dept of Planning and Environment","PRESERVED_SPECIMEN","","","{""mechanicalHazardReductionDescription"":""N/A"",""geogExtent"":""N/A"",""mapSheetNumber"":""7331 - CUTHERO"",""botanicalDivision"":""South Far Western Plains"",""floraReserve"":""N/A"",""speciesFireDescription"":""N/A"",""vulnerability"":""N/A"",""protectedInNSW"":""true"",""bfmcs"":""N/A"",""potentialImpact"":""N/A"",""observationType"":""Trapped or netted"",""profileID"":""20201"",""reserve"":""N/A"",""sourceDatasetName"":""DPIE Default Sightings"",""ibra"":""Murray Darling Depression (NSW)"",""stateForest"":""N/A"",""status"":""Valid record from population that is no longer extant""}","urn:catalog:NSW Dept of Planning, Industry and Environment:BioNet Atlas of NSW Wildlife:10534-HO","10534-HO","","BROWJ","","","","","","","","","PRESENT","","","","Sturt, Charles. 1849, <i>Narrative of an expedition into Central Australia performed under the authority of Her Majesty's Government during the years 1844, 5 & 6.</i>, T. & W. Boone,, London.","","","","occurrenceRemarks withheld","","","","","","","","","","","","1844-10-01T00:00:00Z","","275","275","1844","10","1","","","","","","","","","760-HO","","","","","","","Australia","AU","New South Wales","WENTWORTH","","locality withheld","","","","","","","","","","","locationRemarks withheld","-33.339714","142.398256","EPSG:4326","10000.0","1.0E-9","","","","","","","","","","","","","","","","","","","","","","","","","","","","","","","","","","","","","","","","","","1429","1429","","","","","","https://biodiversity.org.au/afd/taxa/0aa74239-0832-4a47-8bcb-959fc021f485","Leporillus conditor","Leporillus conditor","","","","","","","","Animalia","Chordata","Mammalia","Rodentia","Muridae","Leporillus","","conditor","","species","","(Sturt, 1848)","Greater Stick-nest Rat","ICZN","","","","","","","","Leporillus conditor","","","","","","","","","","","","","","","Published dataset","","87303ca1-33e7-490c-abd7-6de90c669177","CC-BY 4.0","","","","","","","","","","PhysicalObject"
"dr368","","2022-04-21T14:19:30.280+10:00","en","CC-BY 4.0 (Int)","NSW Dept of Planning and Environment","","BioNet Atlas of NSW Wildlife 11/05/2022 1:00 AM +10:00","","","","1","NSW Dept of Planning, Industry and Environment","BioNet Atlas of NSW Wildlife","DPIE Default Sightings","NSW Dept of Planning and Environment","HUMAN_OBSERVATION","","","{""mechanicalHazardReductionDescription"":""N/A"",""geogExtent"":""N/A"",""mapSheetNumber"":""7329 - MILDURA"",""botanicalDivision"":""South Far Western Plains"",""floraReserve"":""N/A"",""speciesFireDescription"":""N/A"",""vulnerability"":""N/A"",""protectedInNSW"":""true"",""bfmcs"":""N/A"",""potentialImpact"":""N/A"",""observationType"":""Trapped or netted"",""profileID"":""20201"",""reserve"":""N/A"",""sourceDatasetName"":""DPIE Default Sightings"",""ibra"":""Murray Darling Depression (NSW)"",""stateForest"":""N/A"",""status"":""Valid record from population that is no longer extant""}","urn:catalog:NSW Dept of Planning, Industry and Environment:BioNet Atlas of NSW Wildlife:26205-HO","26205-HO","","KREFFT","","","","","","","","","PRESENT","","","","","","","","occurrenceRemarks withheld","","","","","","","","","","","","1857-01-01T00:00:00Z","","1","346","1857","","","","","","","","","","","3779-HO","","","","","","","Australia","AU","New South Wales","WENTWORTH","","locality withheld","","","","","","","","","","","locationRemarks withheld","-34.175676","142.23287","EPSG:4326","10000.0","1.0E-9","","","","","","","","","","","","","","","","","","","","","","","","","","","","","","","","","","","","","","","","","","1429","1429","","","","","","https://biodiversity.org.au/afd/taxa/0aa74239-0832-4a47-8bcb-959fc021f485","Leporillus conditor","Leporillus conditor","","","","","","","","Animalia","Chordata","Mammalia","Rodentia","Muridae","Leporillus","","conditor","","species","","(Sturt, 1848)","Greater Stick-nest Rat","ICZN","","","","","","","","Leporillus conditor","","","","","","","","","","","","","","","Published dataset","","67c3e124-2d9a-4dd2-aa36-27eab16444f4","CC-BY 4.0","","","","","","","","","","Event"
