latitude,longitude,time_bp
-37.086109,140.854172,1
-37.035,140.79611,1
-37.035,140.79611,1
-37.018055,140.804169,1
-37.015278,140.806946,1
-37,141,1
-37,141,1
-37,141,1
-36.998611,140.869446,1
-36.965279,140.766663,1
-36.965279,140.766663,1
-35.983334,137.050003,1
-35.53,144.95,1
-35.53,144.95,1
-35,117.87,1
-34.91667,138.6,1
-34.91667,138.6,1
-34.91667,138.6,1
-34.91667,138.6,1
-34.9,138.6042,1
-34.8,138.75,1
-34.7,137.6833,1
-34.7,137.72,1
-34.7,137.6833,1
-34.7,137.6833,1
-34.7,137.6833,1
-34.65,138.4833,1
-34.65,138.4833,1
-34.65,138.4833,1
-34.65,138.4833,1
-34.65,138.4833,1
-34.65,138.4833,1
-34.65,138.4833,1
-34.65,138.4833,1
-34.6,138.75,1
-34.6,138.75,1
-34.6,138.75,1
-34.6,138.75,1
-34.53457,139.44107,1
-34.53457,139.44107,1
-34.53457,139.44107,1
-34.53457,139.44107,1
-34.53457,139.44107,1
-34.53457,139.44107,1
-34.53456,139.44107,1
-34.53456,139.44107,1
-34.53456,139.44107,1
-34.53456,139.44107,1
-34.53456,139.44107,1
-34.53456,139.44107,1
-34.53456,139.44107,1
-34.53456,139.44107,1
-34.53456,139.44107,1
-34.53456,139.44107,1
-34.53432,139.44609,1
-34.53432,139.44609,1
-34.53432,139.44609,1
-34.53432,139.44609,1
-34.53432,139.44609,1
-34.53431,139.44609,1
-34.53431,139.44609,1
-34.53431,139.44609,1
-34.53431,139.44609,1
-34.53431,139.44609,1
-34.53431,139.44609,1
-34.53431,139.44609,1
-34.53408,139.45106,1
-34.53408,139.45106,1
-34.53408,139.45106,1
-34.53408,139.45106,1
-34.53408,139.45106,1
-34.53408,139.45106,1
-34.53408,139.45106,1
-34.53408,139.45106,1
-34.53408,139.45106,1
-34.53408,139.45106,1
-34.53408,139.45106,1
-34.53408,139.45106,1
-34.53408,139.45106,1
-34.53408,139.45106,1
-34.53408,139.45106,1
-34.53386,139.42563,1
-34.53386,139.42563,1
-34.53386,139.42563,1
-34.53386,139.42563,1
-34.53386,139.42563,1
-34.53386,139.42563,1
-34.53386,139.42563,1
-34.53386,139.42563,1
-34.53386,139.42563,1
-34.53386,139.42563,1
-34.53386,139.42563,1
-34.53386,139.42563,1
-34.53386,139.42563,1
-34.53386,139.42563,1
-34.53386,139.42563,1
-34.53386,139.42563,1
-34.53386,139.42563,1
-34.53386,139.42563,1
-34.53386,139.42563,1
-34.53386,139.42563,1
-34.53386,139.42563,1
-34.53386,139.42563,1
-34.53386,139.42563,1
-34.53386,139.42563,1
-34.53386,139.42563,1
-34.53386,139.42563,1
-34.53386,139.42563,1
-34.53385,139.4559,1
-34.53385,139.4559,1
-34.53385,139.4559,1
-34.53384,139.45591,1
-34.53384,139.45591,1
-34.53384,139.45591,1
-34.53384,139.45591,1
-34.53376,139.38702,1
-34.53376,139.38702,1
-34.53376,139.38702,1
-34.53376,139.38702,1
-34.53376,139.38702,1
-34.53376,139.38702,1
-34.53376,139.38702,1
-34.53376,139.38702,1
-34.53376,139.38702,1
-34.53376,139.38702,1
-34.53376,139.38702,1
-34.53376,139.38702,1
-34.53376,139.38702,1
-34.53376,139.38702,1
-34.53376,139.38702,1
-34.53376,139.38702,1
-34.53376,139.38702,1
-34.53376,139.38702,1
-34.53376,139.38702,1
-34.53376,139.38702,1
-34.53376,139.38702,1
-34.53376,139.38702,1
-34.53376,139.38702,1
-34.53376,139.38702,1
-34.53356,139.46078,1
-34.53337,139.46567,1
-34.53336,139.46568,1
-34.53333,139.44313,1
-34.53333,139.44313,1
-34.53333,139.44313,1
-34.53333,139.44313,1
-34.53333,139.44313,1
-34.53333,139.44313,1
-34.53333,139.44313,1
-34.53333,139.44313,1
-34.53333,139.44313,1
-34.53333,139.44313,1
-34.53333,139.44313,1
-34.53333,139.44313,1
-34.53333,139.44313,1
-34.53333,139.44313,1
-34.53333,139.44313,1
-34.53333,139.44313,1
-34.53333,139.44313,1
-34.53333,139.44313,1
-34.53333,139.44313,1
-34.53333,139.44313,1
-34.53333,139.44313,1
-34.53333,139.44313,1
-34.53333,139.44313,1
-34.53333,139.44313,1
-34.53333,139.44313,1
-34.53333,139.44313,1
-34.53333,139.44313,1
-34.53333,139.44313,1
-34.53333,139.44313,1
-34.53333,139.44313,1
-34.53333,139.44313,1
-34.53333,139.44313,1
-34.53333,139.44313,1
-34.53333,139.44313,1
-34.53333,139.44313,1
-34.53333,139.44313,1
-34.53333,139.44313,1
-34.53333,139.44313,1
-34.53333,139.44313,1
-34.53333,139.44313,1
-34.53333,139.44313,1
-34.53333,139.44313,1
-34.53333,139.44313,1
-34.53333,139.44313,1
-34.53333,139.44313,1
-34.53333,139.44313,1
-34.53333,139.44313,1
-34.53333,139.44313,1
-34.53333,139.44313,1
-34.53333,139.44313,1
-34.53333,139.44313,1
-34.53333,139.44313,1
-34.53333,139.44313,1
-34.53333,139.44313,1
-34.53333,139.44313,1
-34.53309,139.43952,1
-34.53309,139.43952,1
-34.53309,139.43952,1
-34.53309,139.43952,1
-34.53309,139.43952,1
-34.53309,139.43952,1
-34.53309,139.43952,1
-34.53308,139.43937,1
-34.53305,139.44244,1
-34.53304,139.44114,1
-34.53304,139.44114,1
-34.53304,139.44252,1
-34.533,139.44246,1
-34.53298,139.44243,1
-34.53298,139.44243,1
-34.53297,139.44243,1
-34.53297,139.44243,1
-34.53297,139.44243,1
-34.53297,139.44243,1
-34.53297,139.44243,1
-34.53297,139.44243,1
-34.53297,139.44243,1
-34.53297,139.44243,1
-34.53297,139.44243,1
-34.53297,139.44243,1
-34.53297,139.44243,1
-34.53297,139.44243,1
-34.53297,139.44243,1
-34.53297,139.44243,1
-34.53297,139.44243,1
-34.53297,139.44243,1
-34.53297,139.44243,1
-34.53297,139.44243,1
-34.53297,139.44243,1
-34.53297,139.44243,1
-34.53296,139.44244,1
-34.53296,139.44241,1
-34.53296,139.44245,1
-34.53294,139.4424,1
-34.53294,139.4424,1
-34.53291,139.44379,1
-34.53289,139.44244,1
-34.53289,139.44244,1
-34.53289,139.44262,1
-34.53289,139.44244,1
-34.53289,139.44244,1
-34.53289,139.44244,1
-34.53289,139.44244,1
-34.53289,139.44244,1
-34.53289,139.44244,1
-34.53289,139.44244,1
-34.53289,139.44244,1
-34.53289,139.44244,1
-34.53289,139.44244,1
-34.53285,139.44439,1
-34.53285,139.44439,1
-34.53274,139.44749,1
-34.53274,139.44745,1
-34.53273,139.44748,1
-34.53272,139.4474,1
-34.53272,139.44745,1
-34.53272,139.44745,1
-34.53272,139.44744,1
-34.53272,139.44745,1
-34.53272,139.44745,1
-34.53272,139.44743,1
-34.53272,139.44745,1
-34.53272,139.44745,1
-34.53272,139.44745,1
-34.53272,139.44745,1
-34.53272,139.44745,1
-34.53272,139.44745,1
-34.53272,139.44745,1
-34.53272,139.44759,1
-34.53272,139.44745,1
-34.53272,139.44745,1
-34.53272,139.44745,1
-34.53272,139.44745,1
-34.53272,139.44745,1
-34.53272,139.44745,1
-34.53272,139.44745,1
-34.53271,139.44742,1
-34.53266,139.44743,1
-34.53266,139.44743,1
-34.53266,139.44743,1
-34.53266,139.44743,1
-34.53266,139.44743,1
-34.53266,139.44743,1
-34.53266,139.44743,1
-34.53266,139.44743,1
-34.53264,139.44815,1
-34.53264,139.44815,1
-34.53249,139.45242,1
-34.53249,139.45242,1
-34.53249,139.45242,1
-34.53249,139.45235,1
-34.53249,139.45242,1
-34.53249,139.45242,1
-34.53249,139.45242,1
-34.53249,139.45242,1
-34.53249,139.45242,1
-34.53249,139.45242,1
-34.53249,139.45242,1
-34.53249,139.45242,1
-34.53249,139.45242,1
-34.53249,139.45242,1
-34.53248,139.45244,1
-34.53248,139.45249,1
-34.53248,139.45241,1
-34.53247,139.45245,1
-34.53247,139.45241,1
-34.53246,139.45234,1
-34.53246,139.45234,1
-34.53246,139.45234,1
-34.53246,139.45234,1
-34.53233,139.45506,1
-34.53233,139.45506,1
-34.53233,139.45506,1
-34.53233,139.45506,1
-34.53231,139.45727,1
-34.53228,139.43696,1
-34.53228,139.43696,1
-34.53228,139.43696,1
-34.53228,139.43696,1
-34.53228,139.43696,1
-34.53228,139.43696,1
-34.53228,139.43696,1
-34.53228,139.43696,1
-34.53228,139.43696,1
-34.53228,139.43696,1
-34.53227,139.43697,1
-34.53227,139.43697,1
-34.53227,139.43697,1
-34.53227,139.43697,1
-34.53227,139.4573,1
-34.53227,139.43697,1
-34.53227,139.43697,1
-34.53227,139.43697,1
-34.53225,139.45727,1
-34.53225,139.45727,1
-34.53225,139.45727,1
-34.53225,139.45727,1
-34.53225,139.45727,1
-34.53225,139.45727,1
-34.53225,139.45727,1
-34.53225,139.45727,1
-34.53224,139.45723,1
-34.53224,139.45723,1
-34.53224,139.45728,1
-34.53224,139.45723,1
-34.53224,139.45723,1
-34.53223,139.45729,1
-34.53222,139.45725,1
-34.53222,139.45725,1
-34.53214,139.45804,1
-34.53207,139.45976,1
-34.53207,139.45976,1
-34.53207,139.45976,1
-34.53204,139.45122,1
-34.53203,139.45123,1
-34.53203,139.45123,1
-34.53203,139.45123,1
-34.53203,139.45123,1
-34.53203,139.45123,1
-34.53203,139.45123,1
-34.53203,139.45123,1
-34.53203,139.45123,1
-34.53203,139.45123,1
-34.53196,139.46214,1
-34.53196,139.46214,1
-34.53196,139.46214,1
-34.53196,139.46214,1
-34.53196,139.46214,1
-34.53196,139.46214,1
-34.53187,139.46472,1
-34.53187,139.46472,1
-34.53183,139.46609,1
-34.53177,139.46703,1
-34.53177,139.46703,1
-34.53158,139.47059,1
-34.53152,139.47199,1
-34.53152,139.47207,1
-34.53152,139.47199,1
-34.53148,139.47197,1
-34.53145,139.43829,1
-34.53138,139.44379,1
-34.53138,139.44379,1
-34.53138,139.44379,1
-34.53138,139.44379,1
-34.53138,139.44379,1
-34.53138,139.44379,1
-34.53138,139.44379,1
-34.53138,139.44379,1
-34.53138,139.44379,1
-34.53138,139.44379,1
-34.53138,139.44379,1
-34.53138,139.44379,1
-34.53138,139.44379,1
-34.53138,139.44379,1
-34.53138,139.44379,1
-34.53138,139.44379,1
-34.53138,139.44379,1
-34.53138,139.44379,1
-34.53138,139.44379,1
-34.53138,139.44379,1
-34.53113,139.44881,1
-34.53113,139.44881,1
-34.53113,139.44881,1
-34.53113,139.44881,1
-34.53113,139.44881,1
-34.53113,139.44881,1
-34.53113,139.44881,1
-34.53113,139.44881,1
-34.53113,139.44881,1
-34.53113,139.44881,1
-34.53113,139.44881,1
-34.53113,139.44881,1
-34.53113,139.44881,1
-34.53113,139.44881,1
-34.53113,139.44881,1
-34.53113,139.44881,1
-34.53113,139.44881,1
-34.5309,139.45378,1
-34.5309,139.45378,1
-34.5309,139.45378,1
-34.5309,139.45378,1
-34.5309,139.45378,1
-34.5309,139.45378,1
-34.5309,139.45378,1
-34.5309,139.45378,1
-34.5309,139.45378,1
-34.5309,139.45378,1
-34.5309,139.45378,1
-34.5309,139.45378,1
-34.5309,139.45378,1
-34.5309,139.45378,1
-34.53069,139.43838,1
-34.53069,139.43838,1
-34.53069,139.43838,1
-34.53069,139.43838,1
-34.53069,139.43838,1
-34.53069,139.43838,1
-34.53069,139.43838,1
-34.53069,139.43838,1
-34.53069,139.43838,1
-34.53069,139.43838,1
-34.53069,139.43838,1
-34.53069,139.43838,1
-34.53069,139.43838,1
-34.53069,139.43838,1
-34.53069,139.43833,1
-34.53069,139.43838,1
-34.53069,139.43838,1
-34.53068,139.43832,1
-34.53068,139.43832,1
-34.53068,139.43832,1
-34.53068,139.43832,1
-34.53068,139.43832,1
-34.53068,139.43832,1
-34.53068,139.43832,1
-34.53068,139.43832,1
-34.53068,139.43832,1
-34.53068,139.43832,1
-34.53068,139.43832,1
-34.53068,139.43832,1
-34.53068,139.43832,1
-34.53068,139.43832,1
-34.53068,139.43832,1
-34.53068,139.43833,1
-34.53068,139.43832,1
-34.53068,139.43833,1
-34.53068,139.43832,1
-34.53068,139.43832,1
-34.53068,139.43832,1
-34.53068,139.43832,1
-34.53068,139.43832,1
-34.53066,139.45863,1
-34.53066,139.45863,1
-34.53066,139.43832,1
-34.53066,139.45863,1
-34.53066,139.45863,1
-34.53066,139.45863,1
-34.53066,139.43836,1
-34.53066,139.45863,1
-34.53066,139.45863,1
-34.53066,139.45863,1
-34.53066,139.45863,1
-34.53066,139.45863,1
-34.53064,139.43832,1
-34.53064,139.43832,1
-34.53063,139.43832,1
-34.53062,139.43829,1
-34.53062,139.43838,1
-34.53061,139.43831,1
-34.53047,139.45254,1
-34.53046,139.45254,1
-34.53046,139.45255,1
-34.53046,139.45254,1
-34.53045,139.45255,1
-34.53044,139.45249,1
-34.53044,139.45258,1
-34.53044,139.45258,1
-34.53044,139.45258,1
-34.53044,139.45258,1
-34.53044,139.45258,1
-34.53044,139.45258,1
-34.53044,139.45258,1
-34.53044,139.45258,1
-34.53044,139.45258,1
-34.53044,139.45258,1
-34.53044,139.45258,1
-34.53044,139.45258,1
-34.53043,139.45255,1
-34.53043,139.45254,1
-34.53041,139.45255,1
-34.53041,139.4526,1
-34.53041,139.4526,1
-34.53041,139.4526,1
-34.53037,139.4635,1
-34.53037,139.4635,1
-34.53037,139.4635,1
-34.53037,139.4635,1
-34.53033,139.47313,1
-34.53018,139.46839,1
-34.53018,139.46839,1
-34.53018,139.46839,1
-34.53018,139.46839,1
-34.53018,139.46839,1
-34.53,139.4383,1
-34.53,139.4383,1
-34.53,139.4383,1
-34.53,139.4383,1
-34.53,139.4383,1
-34.53,139.4383,1
-34.53,139.4383,1
-34.53,139.4383,1
-34.53,139.4383,1
-34.52993,139.47343,1
-34.52993,139.47343,1
-34.52993,139.47343,1
-34.52993,139.47343,1
-34.52993,139.47343,1
-34.52993,139.47343,1
-34.52993,139.47343,1
-34.52951,139.43876,1
-34.52951,139.43876,1
-34.52951,139.43876,1
-34.52951,139.43876,1
-34.52951,139.43876,1
-34.52951,139.43876,1
-34.52951,139.43876,1
-34.52951,139.43876,1
-34.52951,139.43876,1
-34.52951,139.43876,1
-34.52951,139.43876,1
-34.52951,139.43876,1
-34.52951,139.43876,1
-34.52951,139.43876,1
-34.52951,139.43876,1
-34.52951,139.43876,1
-34.52951,139.43876,1
-34.52951,139.43876,1
-34.52951,139.43876,1
-34.52951,139.43876,1
-34.52951,139.43876,1
-34.52951,139.43876,1
-34.52951,139.43876,1
-34.52951,139.43876,1
-34.52951,139.43876,1
-34.52951,139.43876,1
-34.52951,139.43876,1
-34.52951,139.43876,1
-34.52951,139.43876,1
-34.52951,139.43876,1
-34.52951,139.43876,1
-34.52951,139.43876,1
-34.52951,139.43876,1
-34.52951,139.43876,1
-34.52951,139.43876,1
-34.52951,139.43876,1
-34.52951,139.43876,1
-34.52951,139.43876,1
-34.52951,139.43876,1
-34.52951,139.43876,1
-34.52933,139.47509,1
-34.5293,139.43855,1
-34.52929,139.45216,1
-34.52929,139.45217,1
-34.52929,139.45217,1
-34.52929,139.45216,1
-34.52929,139.45217,1
-34.52929,139.45217,1
-34.52929,139.45216,1
-34.52929,139.45216,1
-34.52929,139.45217,1
-34.52929,139.45217,1
-34.52929,139.45217,1
-34.52909,139.43968,1
-34.52909,139.43968,1
-34.52909,139.43968,1
-34.52909,139.43968,1
-34.52909,139.43968,1
-34.52909,139.43968,1
-34.52909,139.43968,1
-34.52909,139.43968,1
-34.52909,139.43968,1
-34.52909,139.43968,1
-34.52909,139.43968,1
-34.52909,139.43968,1
-34.52909,139.43968,1
-34.52909,139.43968,1
-34.52909,139.43968,1
-34.52909,139.43968,1
-34.52909,139.43968,1
-34.52909,139.43968,1
-34.52885,139.45394,1
-34.52885,139.45394,1
-34.52885,139.45394,1
-34.52885,139.45394,1
-34.52885,139.45394,1
-34.52885,139.45394,1
-34.52885,139.45394,1
-34.52885,139.45394,1
-34.52885,139.45394,1
-34.52885,139.45394,1
-34.52885,139.45394,1
-34.52885,139.45394,1
-34.52885,139.45394,1
-34.52885,139.45394,1
-34.52885,139.45394,1
-34.52885,139.45394,1
-34.52884,139.45376,1
-34.52832,139.47515,1
-34.52826,139.43696,1
-34.52826,139.43696,1
-34.52826,139.43696,1
-34.52826,139.43696,1
-34.52826,139.43696,1
-34.52825,139.43696,1
-34.52825,139.43696,1
-34.52825,139.43696,1
-34.52825,139.43696,1
-34.52825,139.43696,1
-34.52825,139.43696,1
-34.52825,139.43696,1
-34.52823,139.47508,1
-34.52823,139.47505,1
-34.52822,139.47522,1
-34.52821,139.47506,1
-34.52819,139.47509,1
-34.52803,139.45288,1
-34.5277,139.45352,1
-34.5277,139.45352,1
-34.5277,139.45352,1
-34.5277,139.45352,1
-34.5277,139.45352,1
-34.5277,139.45352,1
-34.5277,139.45349,1
-34.5277,139.45352,1
-34.5277,139.45352,1
-34.5277,139.45352,1
-34.5277,139.45352,1
-34.5277,139.45352,1
-34.5277,139.45352,1
-34.5277,139.45352,1
-34.52769,139.45347,1
-34.52768,139.45343,1
-34.52768,139.45346,1
-34.52768,139.45345,1
-34.52767,139.45353,1
-34.52767,139.45353,1
-34.52767,139.45353,1
-34.52767,139.45349,1
-34.52767,139.45353,1
-34.52767,139.45346,1
-34.52767,139.45353,1
-34.52767,139.45345,1
-34.52767,139.45345,1
-34.52767,139.45347,1
-34.52766,139.45346,1
-34.52757,139.42464,1
-34.52757,139.42464,1
-34.52757,139.42464,1
-34.52757,139.42464,1
-34.52757,139.42464,1
-34.52757,139.42464,1
-34.52757,139.42464,1
-34.52757,139.42464,1
-34.52757,139.42464,1
-34.52757,139.42464,1
-34.52757,139.42464,1
-34.52757,139.42464,1
-34.52757,139.42464,1
-34.52757,139.42464,1
-34.52757,139.42464,1
-34.52757,139.42464,1
-34.52757,139.42464,1
-34.52757,139.42464,1
-34.52757,139.42464,1
-34.52757,139.42464,1
-34.52757,139.42464,1
-34.52757,139.42464,1
-34.52757,139.42464,1
-34.52757,139.42464,1
-34.52757,139.42464,1
-34.52757,139.42464,1
-34.52757,139.42464,1
-34.52667,139.43836,1
-34.52667,139.43836,1
-34.52667,139.43836,1
-34.52667,139.43836,1
-34.52667,139.43836,1
-34.52667,139.43836,1
-34.52667,139.43836,1
-34.52667,139.43836,1
-34.52667,139.43836,1
-34.52667,139.43836,1
-34.52667,139.43836,1
-34.52667,139.43836,1
-34.52667,139.43836,1
-34.52667,139.43836,1
-34.52666,139.43832,1
-34.52666,139.43832,1
-34.52666,139.43832,1
-34.52666,139.43832,1
-34.52666,139.43832,1
-34.52666,139.43832,1
-34.52666,139.43832,1
-34.52666,139.43832,1
-34.52666,139.43832,1
-34.52666,139.43832,1
-34.52666,139.43832,1
-34.52666,139.43832,1
-34.52666,139.43832,1
-34.52666,139.43832,1
-34.52666,139.43832,1
-34.52666,139.43832,1
-34.52666,139.43832,1
-34.52666,139.43832,1
-34.52666,139.43832,1
-34.52666,139.43832,1
-34.52666,139.43832,1
-34.52665,139.43831,1
-34.52664,139.43834,1
-34.52664,139.43832,1
-34.52664,139.43833,1
-34.52664,139.43832,1
-34.52662,139.47642,1
-34.52662,139.47642,1
-34.52662,139.47642,1
-34.52662,139.47642,1
-34.52662,139.47642,1
-34.52662,139.47642,1
-34.52662,139.47642,1
-34.52662,139.47642,1
-34.52662,139.47642,1
-34.52662,139.47642,1
-34.52661,139.43834,1
-34.52661,139.43834,1
-34.52659,139.4383,1
-34.52653,139.43833,1
-34.52652,139.43835,1
-34.52637,139.451,1
-34.52637,139.45101,1
-34.52637,139.451,1
-34.52637,139.45101,1
-34.52637,139.451,1
-34.52637,139.45101,1
-34.52637,139.45101,1
-34.52637,139.45101,1
-34.52637,139.451,1
-34.52637,139.45101,1
-34.52637,139.45101,1
-34.52637,139.45101,1
-34.52637,139.451,1
-34.5263,139.43832,1
-34.5263,139.43832,1
-34.5263,139.43832,1
-34.5263,139.43832,1
-34.5263,139.43832,1
-34.5263,139.43832,1
-34.52611,139.45488,1
-34.52611,139.45488,1
-34.52611,139.45488,1
-34.52611,139.45488,1
-34.52611,139.45488,1
-34.52611,139.45488,1
-34.52611,139.45488,1
-34.52611,139.45488,1
-34.52611,139.45488,1
-34.52611,139.45488,1
-34.52611,139.45488,1
-34.52611,139.45488,1
-34.52611,139.45488,1
-34.52611,139.45488,1
-34.52611,139.45488,1
-34.52611,139.45488,1
-34.52611,139.45488,1
-34.52609,139.43833,1
-34.52574,139.43834,1
-34.52524,139.43831,1
-34.52516,139.45147,1
-34.52516,139.45147,1
-34.52516,139.45147,1
-34.52516,139.45147,1
-34.52516,139.45147,1
-34.52516,139.45147,1
-34.52516,139.45147,1
-34.52516,139.45147,1
-34.52516,139.45147,1
-34.52516,139.45147,1
-34.52516,139.45147,1
-34.52516,139.45147,1
-34.52516,139.45147,1
-34.52516,139.45147,1
-34.52516,139.45147,1
-34.52516,139.45147,1
-34.52516,139.45147,1
-34.52516,139.45147,1
-34.52516,139.45147,1
-34.52516,139.45147,1
-34.52516,139.45147,1
-34.52516,139.45147,1
-34.52516,139.45147,1
-34.52516,139.45147,1
-34.52516,139.45147,1
-34.52516,139.45147,1
-34.52516,139.43832,1
-34.52516,139.45147,1
-34.52516,139.45147,1
-34.52507,139.43968,1
-34.52507,139.43968,1
-34.52507,139.43968,1
-34.52507,139.43968,1
-34.52507,139.43968,1
-34.52507,139.43968,1
-34.52507,139.43968,1
-34.52507,139.43968,1
-34.52507,139.43968,1
-34.52507,139.43968,1
-34.52507,139.43968,1
-34.52507,139.43968,1
-34.52507,139.43968,1
-34.52507,139.43968,1
-34.52507,139.43968,1
-34.52507,139.43968,1
-34.52507,139.43968,1
-34.52507,139.43968,1
-34.52479,139.45234,1
-34.52478,139.45236,1
-34.52478,139.45236,1
-34.52478,139.45234,1
-34.52478,139.45236,1
-34.52478,139.45236,1
-34.52478,139.45236,1
-34.52478,139.45236,1
-34.52478,139.45236,1
-34.52478,139.45236,1
-34.52478,139.45236,1
-34.52478,139.45236,1
-34.52478,139.45236,1
-34.52478,139.45234,1
-34.52478,139.45236,1
-34.52478,139.45239,1
-34.52478,139.45236,1
-34.52478,139.45236,1
-34.52478,139.45236,1
-34.52478,139.45236,1
-34.52477,139.45235,1
-34.52477,139.45236,1
-34.52477,139.45234,1
-34.52476,139.45235,1
-34.52476,139.45235,1
-34.52475,139.45236,1
-34.52474,139.45234,1
-34.52472,139.45237,1
-34.52472,139.45237,1
-34.52472,139.45237,1
-34.52472,139.45237,1
-34.52472,139.45237,1
-34.52472,139.45237,1
-34.52472,139.45237,1
-34.52472,139.45237,1
-34.52442,139.43828,1
-34.52427,139.47484,1
-34.52426,139.47512,1
-34.52422,139.47502,1
-34.52418,139.47506,1
-34.52417,139.47506,1
-34.52417,139.47508,1
-34.52417,139.47509,1
-34.52417,139.47506,1
-34.52416,139.43695,1
-34.52416,139.43695,1
-34.52416,139.43695,1
-34.52416,139.43695,1
-34.52416,139.43695,1
-34.52416,139.43695,1
-34.52416,139.4751,1
-34.52416,139.43695,1
-34.52416,139.43695,1
-34.52416,139.43695,1
-34.52416,139.43695,1
-34.52416,139.43695,1
-34.52416,139.43695,1
-34.52416,139.43695,1
-34.52416,139.43695,1
-34.52416,139.43695,1
-34.52416,139.43695,1
-34.52416,139.43695,1
-34.52416,139.43695,1
-34.524,139.4552,1
-34.524,139.4552,1
-34.524,139.4552,1
-34.524,139.4552,1
-34.524,139.4552,1
-34.524,139.4552,1
-34.524,139.4552,1
-34.524,139.4552,1
-34.524,139.4552,1
-34.524,139.4552,1
-34.524,139.4552,1
-34.524,139.4552,1
-34.524,139.4552,1
-34.524,139.4552,1
-34.524,139.4552,1
-34.52393,139.44178,1
-34.52393,139.44178,1
-34.52393,139.44178,1
-34.52393,139.44178,1
-34.52393,139.44178,1
-34.52393,139.44178,1
-34.52393,139.44178,1
-34.52392,139.44179,1
-34.52392,139.44179,1
-34.52392,139.44179,1
-34.52392,139.44179,1
-34.52392,139.44179,1
-34.52392,139.44179,1
-34.52392,139.44179,1
-34.52392,139.44179,1
-34.52392,139.44179,1
-34.52389,139.47502,1
-34.52389,139.47502,1
-34.52382,139.4751,1
-34.52345,139.43831,1
-34.5234,139.44628,1
-34.5234,139.44628,1
-34.5234,139.44628,1
-34.5234,139.44628,1
-34.5234,139.44628,1
-34.5234,139.44628,1
-34.5234,139.44628,1
-34.5234,139.44628,1
-34.5234,139.44628,1
-34.5234,139.44628,1
-34.5234,139.44628,1
-34.5234,139.44628,1
-34.52319,139.45372,1
-34.52319,139.45372,1
-34.52319,139.45372,1
-34.52319,139.45372,1
-34.52319,139.45372,1
-34.52319,139.45372,1
-34.52319,139.45372,1
-34.52319,139.45372,1
-34.52319,139.45372,1
-34.52319,139.45372,1
-34.52319,139.45372,1
-34.52319,139.45372,1
-34.52319,139.45372,1
-34.52319,139.45372,1
-34.52319,139.45372,1
-34.52319,139.45372,1
-34.52319,139.45372,1
-34.52319,139.45372,1
-34.5231,139.43831,1
-34.52269,139.4383,1
-34.52269,139.4383,1
-34.52269,139.4383,1
-34.52269,139.4383,1
-34.52269,139.4383,1
-34.52269,139.4383,1
-34.52269,139.4383,1
-34.52269,139.4383,1
-34.5226,139.43834,1
-34.5226,139.43834,1
-34.5226,139.43834,1
-34.5226,139.43834,1
-34.5226,139.43834,1
-34.5226,139.43834,1
-34.5226,139.43834,1
-34.5226,139.43834,1
-34.5226,139.43834,1
-34.5226,139.43834,1
-34.5226,139.43834,1
-34.5226,139.43834,1
-34.5226,139.43834,1
-34.5226,139.43834,1
-34.52258,139.43833,1
-34.52258,139.47642,1
-34.52258,139.47642,1
-34.52258,139.47642,1
-34.52258,139.47642,1
-34.52258,139.47642,1
-34.52258,139.47642,1
-34.52258,139.47642,1
-34.52258,139.47642,1
-34.52258,139.47642,1
-34.52258,139.47642,1
-34.52258,139.47642,1
-34.52257,139.43834,1
-34.52257,139.43828,1
-34.52256,139.43831,1
-34.52256,139.43831,1
-34.52256,139.43831,1
-34.52256,139.43831,1
-34.52256,139.43831,1
-34.52256,139.43828,1
-34.52256,139.43831,1
-34.52256,139.43831,1
-34.52256,139.43831,1
-34.52256,139.43831,1
-34.52256,139.43831,1
-34.52256,139.43831,1
-34.52256,139.43831,1
-34.52256,139.43831,1
-34.52256,139.43831,1
-34.52256,139.43831,1
-34.52256,139.43831,1
-34.52256,139.43831,1
-34.52256,139.43831,1
-34.52256,139.43831,1
-34.52256,139.43831,1
-34.52256,139.43831,1
-34.52256,139.43831,1
-34.52256,139.43831,1
-34.52255,139.43828,1
-34.52255,139.43835,1
-34.52255,139.43829,1
-34.52255,139.43829,1
-34.52254,139.45378,1
-34.52254,139.45378,1
-34.52254,139.45378,1
-34.52254,139.45378,1
-34.52254,139.45378,1
-34.52254,139.45378,1
-34.52254,139.45378,1
-34.52254,139.45378,1
-34.52254,139.45378,1
-34.52254,139.45378,1
-34.52251,139.44418,1
-34.52251,139.45664,1
-34.52251,139.44418,1
-34.52251,139.44418,1
-34.52251,139.44418,1
-34.52251,139.44418,1
-34.5225,139.44419,1
-34.5225,139.44419,1
-34.5225,139.44419,1
-34.5225,139.44419,1
-34.5225,139.44419,1
-34.52249,139.45656,1
-34.52243,139.45656,1
-34.52243,139.4565,1
-34.52243,139.45658,1
-34.52242,139.45658,1
-34.5224,139.45656,1
-34.5224,139.45656,1
-34.5224,139.45656,1
-34.5224,139.45656,1
-34.5224,139.45648,1
-34.5224,139.45649,1
-34.5224,139.45656,1
-34.5224,139.45656,1
-34.5224,139.45656,1
-34.5224,139.45656,1
-34.5224,139.45656,1
-34.5224,139.45656,1
-34.5224,139.45656,1
-34.5224,139.45656,1
-34.52239,139.45655,1
-34.52239,139.45655,1
-34.52239,139.45655,1
-34.52239,139.45655,1
-34.52239,139.45655,1
-34.52239,139.45655,1
-34.52239,139.45655,1
-34.52239,139.45655,1
-34.52239,139.45655,1
-34.52235,139.44304,1
-34.52234,139.4431,1
-34.52234,139.44308,1
-34.52233,139.44314,1
-34.52233,139.44314,1
-34.52233,139.44307,1
-34.52233,139.44314,1
-34.52233,139.44314,1
-34.52233,139.44314,1
-34.52233,139.44314,1
-34.52233,139.44314,1
-34.52233,139.44314,1
-34.52233,139.44314,1
-34.52233,139.44314,1
-34.52233,139.44314,1
-34.52233,139.44314,1
-34.52233,139.44314,1
-34.52233,139.44314,1
-34.52233,139.44314,1
-34.52233,139.44314,1
-34.52233,139.44314,1
-34.52233,139.44314,1
-34.52233,139.44314,1
-34.52233,139.44314,1
-34.52233,139.44314,1
-34.52232,139.44306,1
-34.52231,139.44276,1
-34.52231,139.44276,1
-34.52231,139.44276,1
-34.52231,139.44276,1
-34.52231,139.44276,1
-34.52231,139.44276,1
-34.52231,139.44276,1
-34.52231,139.44276,1
-34.5223,139.44312,1
-34.5223,139.44312,1
-34.5223,139.44312,1
-34.5223,139.44312,1
-34.5223,139.44312,1
-34.5223,139.44312,1
-34.5223,139.44312,1
-34.52227,139.44309,1
-34.52225,139.44368,1
-34.52204,139.44625,1
-34.522,139.45721,1
-34.522,139.45721,1
-34.522,139.45721,1
-34.52199,139.4418,1
-34.52198,139.44662,1
-34.52185,139.44763,1
-34.52184,139.44686,1
-34.52184,139.44763,1
-34.52184,139.43831,1
-34.52182,139.47372,1
-34.52182,139.47372,1
-34.52182,139.47372,1
-34.52182,139.47372,1
-34.52182,139.47372,1
-34.52182,139.44714,1
-34.52182,139.47372,1
-34.52182,139.47372,1
-34.52182,139.47372,1
-34.52182,139.4476,1
-34.52182,139.47372,1
-34.52181,139.44763,1
-34.52181,139.44763,1
-34.52181,139.44763,1
-34.52181,139.44763,1
-34.52181,139.44763,1
-34.52181,139.44763,1
-34.52181,139.44763,1
-34.52181,139.44763,1
-34.52181,139.44763,1
-34.52181,139.44763,1
-34.52181,139.44763,1
-34.52181,139.44763,1
-34.52181,139.44763,1
-34.52181,139.44763,1
-34.52181,139.44757,1
-34.52181,139.44763,1
-34.52181,139.4476,1
-34.5218,139.44758,1
-34.52179,139.44763,1
-34.52179,139.44761,1
-34.52179,139.44766,1
-34.52178,139.44767,1
-34.52178,139.44767,1
-34.52178,139.44767,1
-34.52178,139.44767,1
-34.52178,139.44767,1
-34.52178,139.44767,1
-34.52178,139.44767,1
-34.52178,139.44759,1
-34.52178,139.44767,1
-34.52178,139.44767,1
-34.52178,139.44767,1
-34.52178,139.44767,1
-34.52178,139.44767,1
-34.52178,139.44767,1
-34.52178,139.44767,1
-34.52177,139.44759,1
-34.52174,139.45019,1
-34.52174,139.4502,1
-34.52174,139.45019,1
-34.52174,139.45019,1
-34.52174,139.4502,1
-34.52174,139.4502,1
-34.52174,139.44058,1
-34.52174,139.45019,1
-34.52174,139.45019,1
-34.52174,139.4502,1
-34.52174,139.4502,1
-34.52174,139.4502,1
-34.52174,139.45019,1
-34.52174,139.45019,1
-34.52174,139.4502,1
-34.52159,139.44807,1
-34.52159,139.44807,1
-34.52159,139.44807,1
-34.52159,139.44807,1
-34.52159,139.44807,1
-34.52159,139.44807,1
-34.52159,139.44807,1
-34.52159,139.44807,1
-34.52157,139.44667,1
-34.52148,139.44851,1
-34.52143,139.44929,1
-34.52141,139.44968,1
-34.52116,139.43854,1
-34.52116,139.4496,1
-34.52115,139.44962,1
-34.52115,139.44961,1
-34.52113,139.43871,1
-34.5211,139.44954,1
-34.5211,139.44954,1
-34.5211,139.44954,1
-34.5211,139.44954,1
-34.5211,139.44954,1
-34.5211,139.44954,1
-34.5211,139.44954,1
-34.5211,139.44954,1
-34.5211,139.44954,1
-34.5211,139.44954,1
-34.5211,139.44954,1
-34.5211,139.44954,1
-34.5211,139.44954,1
-34.5211,139.44954,1
-34.5211,139.44954,1
-34.5211,139.44954,1
-34.5211,139.44954,1
-34.5211,139.44954,1
-34.5211,139.44954,1
-34.5211,139.44954,1
-34.5211,139.44954,1
-34.5211,139.44967,1
-34.5211,139.44954,1
-34.5211,139.44954,1
-34.5211,139.44954,1
-34.5211,139.44954,1
-34.5211,139.44963,1
-34.5211,139.44954,1
-34.5211,139.44954,1
-34.5211,139.44954,1
-34.5211,139.44954,1
-34.5211,139.44954,1
-34.5211,139.44954,1
-34.5211,139.44954,1
-34.5211,139.44954,1
-34.5211,139.44954,1
-34.5211,139.44954,1
-34.5211,139.44954,1
-34.5211,139.44954,1
-34.5211,139.44954,1
-34.52108,139.43865,1
-34.52108,139.43865,1
-34.52108,139.43865,1
-34.52108,139.43865,1
-34.52108,139.43865,1
-34.52108,139.44973,1
-34.52105,139.43838,1
-34.52103,139.43839,1
-34.521,139.4497,1
-34.52097,139.43967,1
-34.52097,139.43967,1
-34.52097,139.43967,1
-34.52097,139.43967,1
-34.52097,139.43967,1
-34.52097,139.43967,1
-34.52097,139.43967,1
-34.52097,139.43967,1
-34.52097,139.43967,1
-34.52097,139.43967,1
-34.52097,139.43967,1
-34.52097,139.43967,1
-34.52097,139.43967,1
-34.52097,139.43967,1
-34.52097,139.43967,1
-34.52097,139.43967,1
-34.52097,139.43967,1
-34.52091,139.44554,1
-34.52091,139.44554,1
-34.52091,139.44554,1
-34.52091,139.44554,1
-34.52091,139.44554,1
-34.52091,139.44554,1
-34.52091,139.44554,1
-34.52091,139.44554,1
-34.52091,139.44554,1
-34.52091,139.44554,1
-34.52091,139.44554,1
-34.52091,139.44554,1
-34.52091,139.44554,1
-34.52091,139.44554,1
-34.52091,139.44554,1
-34.52089,139.44547,1
-34.52088,139.44552,1
-34.52088,139.44553,1
-34.52088,139.44546,1
-34.52087,139.44552,1
-34.52086,139.4498,1
-34.52083,139.44549,1
-34.52081,139.45792,1
-34.52081,139.45792,1
-34.52081,139.45792,1
-34.52081,139.45792,1
-34.52081,139.45792,1
-34.52081,139.45792,1
-34.52081,139.45792,1
-34.52081,139.45792,1
-34.52081,139.45792,1
-34.52081,139.45792,1
-34.52081,139.45792,1
-34.52081,139.45792,1
-34.52081,139.45792,1
-34.52081,139.45792,1
-34.52081,139.45792,1
-34.52081,139.45792,1
-34.52081,139.45792,1
-34.52081,139.45792,1
-34.52079,139.4751,1
-34.52074,139.4445,1
-34.52074,139.4445,1
-34.52074,139.4445,1
-34.52074,139.4445,1
-34.52074,139.4445,1
-34.52074,139.4445,1
-34.52074,139.4445,1
-34.52074,139.4445,1
-34.52074,139.4445,1
-34.52074,139.4445,1
-34.52074,139.4445,1
-34.52074,139.4445,1
-34.52074,139.4445,1
-34.52074,139.4445,1
-34.52074,139.4445,1
-34.52074,139.4445,1
-34.52074,139.4445,1
-34.52074,139.4445,1
-34.52074,139.4445,1
-34.52074,139.4445,1
-34.52074,139.4445,1
-34.52027,139.47502,1
-34.52027,139.47502,1
-34.52027,139.47502,1
-34.52027,139.47502,1
-34.52027,139.47502,1
-34.52027,139.47502,1
-34.52027,139.47502,1
-34.52027,139.47502,1
-34.52027,139.47502,1
-34.52027,139.47502,1
-34.52027,139.47502,1
-34.52025,139.47508,1
-34.52023,139.47506,1
-34.52022,139.47508,1
-34.52022,139.47508,1
-34.52022,139.47508,1
-34.52022,139.47508,1
-34.52022,139.4751,1
-34.52022,139.44899,1
-34.52022,139.44899,1
-34.52022,139.44899,1
-34.52022,139.44899,1
-34.52022,139.47508,1
-34.52022,139.44899,1
-34.52022,139.44899,1
-34.52022,139.47508,1
-34.52022,139.47508,1
-34.52022,139.44899,1
-34.52022,139.44899,1
-34.52022,139.44899,1
-34.52022,139.44899,1
-34.52022,139.44899,1
-34.52022,139.44899,1
-34.52022,139.47508,1
-34.52022,139.44899,1
-34.52022,139.44899,1
-34.52022,139.44899,1
-34.52022,139.47508,1
-34.52022,139.44899,1
-34.52022,139.44899,1
-34.52022,139.44899,1
-34.52022,139.44899,1
-34.52022,139.47508,1
-34.52022,139.44899,1
-34.52022,139.44899,1
-34.5202,139.47508,1
-34.5202,139.47509,1
-34.5202,139.47511,1
-34.5202,139.43829,1
-34.52017,139.45157,1
-34.52017,139.45153,1
-34.52014,139.45155,1
-34.52014,139.45155,1
-34.52014,139.45155,1
-34.52014,139.45155,1
-34.52014,139.45155,1
-34.52014,139.45155,1
-34.52014,139.45155,1
-34.52014,139.45155,1
-34.52014,139.45155,1
-34.52014,139.45155,1
-34.52014,139.45155,1
-34.52014,139.45155,1
-34.52014,139.45155,1
-34.52014,139.45155,1
-34.52014,139.45155,1
-34.52014,139.45155,1
-34.52014,139.45155,1
-34.52014,139.45155,1
-34.52014,139.45155,1
-34.52014,139.45155,1
-34.52013,139.4515,1
-34.52013,139.45153,1
-34.52012,139.45156,1
-34.52012,139.45149,1
-34.52012,139.45149,1
-34.52012,139.45149,1
-34.52012,139.45149,1
-34.52012,139.45149,1
-34.52012,139.45149,1
-34.52012,139.45149,1
-34.52012,139.45149,1
-34.52011,139.45157,1
-34.52011,139.45153,1
-34.5201,139.45149,1
-34.52009,139.43695,1
-34.52009,139.43695,1
-34.52009,139.43695,1
-34.52009,139.43695,1
-34.52009,139.43695,1
-34.52009,139.43695,1
-34.52009,139.43695,1
-34.52008,139.43695,1
-34.52008,139.43695,1
-34.52008,139.43695,1
-34.52008,139.43695,1
-34.52008,139.43695,1
-34.52008,139.43695,1
-34.52008,139.43695,1
-34.52008,139.43695,1
-34.52007,139.45151,1
-34.52004,139.45134,1
-34.51985,139.47504,1
-34.51977,139.45191,1
-34.51964,139.47506,1
-34.51964,139.47506,1
-34.51963,139.43829,1
-34.5196,139.45206,1
-34.5195,139.45218,1
-34.5195,139.45218,1
-34.5195,139.45218,1
-34.5195,139.45218,1
-34.5195,139.45218,1
-34.51932,139.4469,1
-34.51932,139.4469,1
-34.51932,139.4469,1
-34.51932,139.4469,1
-34.51932,139.4469,1
-34.51932,139.4469,1
-34.51932,139.4469,1
-34.51932,139.4469,1
-34.51932,139.4469,1
-34.51932,139.4469,1
-34.51932,139.4469,1
-34.51932,139.4469,1
-34.51932,139.4469,1
-34.51932,139.4469,1
-34.51919,139.46871,1
-34.51919,139.46871,1
-34.51919,139.46872,1
-34.51919,139.46872,1
-34.51919,139.46872,1
-34.51919,139.46872,1
-34.51919,139.46871,1
-34.51919,139.46871,1
-34.51919,139.46872,1
-34.51919,139.46872,1
-34.51919,139.46871,1
-34.51919,139.46871,1
-34.51919,139.46871,1
-34.51919,139.46872,1
-34.51919,139.46871,1
-34.51916,139.43829,1
-34.51903,139.4751,1
-34.51891,139.45303,1
-34.51891,139.45303,1
-34.51891,139.45303,1
-34.51891,139.45303,1
-34.51891,139.45303,1
-34.5189,139.45304,1
-34.5189,139.45304,1
-34.5189,139.45304,1
-34.5189,139.45304,1
-34.5189,139.45304,1
-34.5189,139.45304,1
-34.5189,139.45304,1
-34.5189,139.45304,1
-34.5189,139.45304,1
-34.5187,139.46863,1
-34.5187,139.46863,1
-34.5187,139.46863,1
-34.5187,139.46863,1
-34.5187,139.46863,1
-34.5187,139.46863,1
-34.5187,139.46863,1
-34.5187,139.46863,1
-34.5187,139.46863,1
-34.5187,139.46863,1
-34.5187,139.46863,1
-34.5187,139.46863,1
-34.5187,139.46863,1
-34.5187,139.46863,1
-34.5187,139.46863,1
-34.5187,139.46863,1
-34.5187,139.46863,1
-34.5187,139.46863,1
-34.5187,139.46863,1
-34.5187,139.46863,1
-34.51863,139.47644,1
-34.51863,139.47644,1
-34.51863,139.47644,1
-34.51863,139.47644,1
-34.51863,139.47644,1
-34.51863,139.47644,1
-34.51863,139.47644,1
-34.51863,139.47644,1
-34.51863,139.47644,1
-34.51863,139.47644,1
-34.51863,139.47644,1
-34.51863,139.47644,1
-34.51863,139.47644,1
-34.51863,139.47644,1
-34.51863,139.47644,1
-34.51858,139.43828,1
-34.51855,139.45291,1
-34.51855,139.45291,1
-34.51855,139.45291,1
-34.51855,139.45291,1
-34.51855,139.45291,1
-34.51855,139.4529,1
-34.51855,139.45291,1
-34.51855,139.45285,1
-34.51855,139.45291,1
-34.51855,139.45291,1
-34.51855,139.45291,1
-34.51855,139.45291,1
-34.51855,139.45291,1
-34.51855,139.45291,1
-34.51855,139.45291,1
-34.51855,139.45291,1
-34.51855,139.45291,1
-34.51854,139.45288,1
-34.51853,139.43828,1
-34.51852,139.4529,1
-34.51852,139.43829,1
-34.51852,139.43831,1
-34.51851,139.43831,1
-34.51851,139.43833,1
-34.5185,139.4383,1
-34.5185,139.43833,1
-34.51849,139.43831,1
-34.51849,139.43831,1
-34.51849,139.43831,1
-34.51849,139.43831,1
-34.51849,139.43831,1
-34.51849,139.43831,1
-34.51849,139.43831,1
-34.51849,139.43831,1
-34.51849,139.43831,1
-34.51849,139.43831,1
-34.51849,139.43831,1
-34.51849,139.43831,1
-34.51849,139.43831,1
-34.51849,139.43831,1
-34.51849,139.43831,1
-34.51849,139.43831,1
-34.51849,139.43831,1
-34.51849,139.43831,1
-34.51849,139.43831,1
-34.51849,139.43831,1
-34.51849,139.43831,1
-34.51849,139.43831,1
-34.51849,139.43831,1
-34.51848,139.43831,1
-34.51848,139.4383,1
-34.51848,139.43832,1
-34.51847,139.43835,1
-34.51847,139.43835,1
-34.51847,139.43835,1
-34.51847,139.43835,1
-34.51847,139.43835,1
-34.51847,139.43835,1
-34.51847,139.43835,1
-34.51847,139.43835,1
-34.51847,139.43835,1
-34.51847,139.43835,1
-34.51847,139.43835,1
-34.51843,139.43834,1
-34.51834,139.45304,1
-34.51834,139.45304,1
-34.51834,139.45304,1
-34.51833,139.47242,1
-34.51833,139.47242,1
-34.51833,139.47242,1
-34.51833,139.47242,1
-34.51833,139.47242,1
-34.51833,139.47242,1
-34.51833,139.47242,1
-34.51833,139.47242,1
-34.51833,139.47242,1
-34.51832,139.47242,1
-34.51832,139.47242,1
-34.51832,139.47242,1
-34.51826,139.46794,1
-34.51782,139.47401,1
-34.51782,139.47401,1
-34.51782,139.47401,1
-34.51782,139.47401,1
-34.51782,139.47401,1
-34.51782,139.47401,1
-34.51782,139.47401,1
-34.51782,139.47401,1
-34.51782,139.47401,1
-34.51782,139.47401,1
-34.51782,139.47401,1
-34.51779,139.4574,1
-34.51779,139.4574,1
-34.51779,139.4574,1
-34.51779,139.4574,1
-34.51779,139.4574,1
-34.51779,139.4574,1
-34.51779,139.4574,1
-34.51779,139.4574,1
-34.51779,139.4574,1
-34.51779,139.4574,1
-34.51779,139.4574,1
-34.51779,139.4574,1
-34.51779,139.4574,1
-34.51779,139.4574,1
-34.51779,139.4574,1
-34.51779,139.4574,1
-34.51779,139.4574,1
-34.51779,139.4574,1
-34.51779,139.4574,1
-34.51779,139.4574,1
-34.51779,139.4574,1
-34.51779,139.4574,1
-34.51779,139.4574,1
-34.51779,139.4574,1
-34.51779,139.4574,1
-34.51779,139.4574,1
-34.51779,139.4574,1
-34.51779,139.4574,1
-34.51779,139.4574,1
-34.51779,139.4574,1
-34.51779,139.4574,1
-34.51779,139.4574,1
-34.51779,139.4574,1
-34.51779,139.4574,1
-34.51779,139.4574,1
-34.51779,139.4574,1
-34.51779,139.4574,1
-34.51779,139.4574,1
-34.51779,139.4574,1
-34.51779,139.4574,1
-34.51779,139.4574,1
-34.51779,139.4574,1
-34.51779,139.4574,1
-34.51779,139.4574,1
-34.51779,139.4574,1
-34.51779,139.4574,1
-34.51779,139.4574,1
-34.51779,139.4574,1
-34.51779,139.4574,1
-34.51779,139.4574,1
-34.51779,139.4574,1
-34.51779,139.4574,1
-34.51779,139.4574,1
-34.51779,139.4574,1
-34.51779,139.4574,1
-34.51779,139.4574,1
-34.51779,139.4574,1
-34.51779,139.4574,1
-34.51779,139.4574,1
-34.51779,139.4574,1
-34.51779,139.4574,1
-34.51779,139.4574,1
-34.51779,139.4574,1
-34.51779,139.4574,1
-34.51779,139.4574,1
-34.51779,139.4574,1
-34.51779,139.4574,1
-34.51779,139.4574,1
-34.51779,139.4574,1
-34.51779,139.4574,1
-34.51779,139.4574,1
-34.51779,139.4574,1
-34.51779,139.4574,1
-34.51779,139.4574,1
-34.51779,139.4574,1
-34.51779,139.4574,1
-34.51779,139.4574,1
-34.51779,139.4574,1
-34.51779,139.4574,1
-34.51779,139.4574,1
-34.51779,139.4574,1
-34.51779,139.4574,1
-34.51779,139.4574,1
-34.51779,139.4574,1
-34.51779,139.4574,1
-34.51779,139.4574,1
-34.51779,139.4574,1
-34.51779,139.4574,1
-34.51779,139.4574,1
-34.51779,139.4574,1
-34.51779,139.4574,1
-34.51779,139.4574,1
-34.51779,139.4574,1
-34.51779,139.4574,1
-34.51779,139.4574,1
-34.51779,139.4574,1
-34.51779,139.4574,1
-34.51779,139.4574,1
-34.51779,139.4574,1
-34.51779,139.4574,1
-34.51779,139.4574,1
-34.51779,139.4574,1
-34.51779,139.4574,1
-34.51779,139.4574,1
-34.51779,139.4574,1
-34.51779,139.4574,1
-34.51779,139.4574,1
-34.51779,139.4574,1
-34.51779,139.4574,1
-34.51779,139.4574,1
-34.51779,139.4574,1
-34.51779,139.4574,1
-34.51779,139.4574,1
-34.51779,139.4574,1
-34.51779,139.4574,1
-34.51779,139.4574,1
-34.51779,139.4574,1
-34.51779,139.4574,1
-34.51779,139.4574,1
-34.51779,139.4574,1
-34.51779,139.4574,1
-34.51779,139.4574,1
-34.51779,139.4574,1
-34.51779,139.4574,1
-34.51779,139.4574,1
-34.51779,139.4574,1
-34.51779,139.4574,1
-34.51779,139.4574,1
-34.51779,139.4574,1
-34.51779,139.4574,1
-34.51779,139.4574,1
-34.51779,139.4574,1
-34.51779,139.4574,1
-34.51779,139.4574,1
-34.51779,139.4574,1
-34.51779,139.4574,1
-34.51779,139.4574,1
-34.51779,139.4574,1
-34.51779,139.4574,1
-34.51779,139.4574,1
-34.51779,139.4574,1
-34.51779,139.4574,1
-34.51779,139.4574,1
-34.51779,139.4574,1
-34.51779,139.4574,1
-34.51779,139.4574,1
-34.51779,139.4574,1
-34.51779,139.4574,1
-34.51779,139.4574,1
-34.51779,139.4574,1
-34.51779,139.4574,1
-34.51779,139.4574,1
-34.51779,139.4574,1
-34.51779,139.4574,1
-34.51779,139.4574,1
-34.51779,139.4574,1
-34.51779,139.4574,1
-34.51779,139.4574,1
-34.51779,139.4574,1
-34.51779,139.4574,1
-34.51779,139.4574,1
-34.51779,139.4574,1
-34.51779,139.4574,1
-34.51779,139.4574,1
-34.51779,139.4574,1
-34.51779,139.4574,1
-34.51779,139.4574,1
-34.51779,139.4574,1
-34.51779,139.4574,1
-34.51779,139.4574,1
-34.51779,139.4574,1
-34.51779,139.4574,1
-34.51779,139.4574,1
-34.51779,139.4574,1
-34.51779,139.4574,1
-34.51779,139.4574,1
-34.51779,139.4574,1
-34.51779,139.4574,1
-34.51779,139.4574,1
-34.51779,139.4574,1
-34.51779,139.4574,1
-34.51779,139.4574,1
-34.51779,139.4574,1
-34.51779,139.4574,1
-34.51779,139.4574,1
-34.51779,139.4574,1
-34.51779,139.4574,1
-34.51779,139.4574,1
-34.51779,139.4574,1
-34.51779,139.4574,1
-34.51779,139.4574,1
-34.51779,139.4574,1
-34.51779,139.4574,1
-34.51779,139.4574,1
-34.51779,139.4574,1
-34.51779,139.4574,1
-34.51779,139.4574,1
-34.51779,139.4574,1
-34.51779,139.4574,1
-34.51779,139.4574,1
-34.51779,139.4574,1
-34.51779,139.4574,1
-34.51779,139.4574,1
-34.51779,139.4574,1
-34.51779,139.4574,1
-34.51779,139.4574,1
-34.51779,139.4574,1
-34.51779,139.4574,1
-34.51779,139.4574,1
-34.51779,139.4574,1
-34.51779,139.4574,1
-34.51779,139.4574,1
-34.51779,139.4574,1
-34.51779,139.4574,1
-34.51779,139.4574,1
-34.51779,139.4574,1
-34.51779,139.4574,1
-34.51779,139.4574,1
-34.51779,139.4574,1
-34.51779,139.4574,1
-34.51779,139.4574,1
-34.51779,139.4574,1
-34.51779,139.4574,1
-34.51779,139.4574,1
-34.51779,139.4574,1
-34.51779,139.4574,1
-34.51779,139.4574,1
-34.51779,139.4574,1
-34.51779,139.4574,1
-34.51779,139.4574,1
-34.51779,139.4574,1
-34.51779,139.4574,1
-34.51779,139.4574,1
-34.51779,139.4574,1
-34.51779,139.4574,1
-34.51779,139.4574,1
-34.51779,139.4574,1
-34.51779,139.4574,1
-34.51779,139.4574,1
-34.51779,139.4574,1
-34.51779,139.4574,1
-34.51779,139.4574,1
-34.51779,139.4574,1
-34.51779,139.4574,1
-34.51779,139.4574,1
-34.51779,139.4574,1
-34.51779,139.4574,1
-34.51779,139.4574,1
-34.51779,139.4574,1
-34.51779,139.4574,1
-34.51779,139.4574,1
-34.51779,139.4574,1
-34.51779,139.4574,1
-34.51779,139.4574,1
-34.51779,139.4574,1
-34.51779,139.4574,1
-34.51779,139.4574,1
-34.51779,139.4574,1
-34.51779,139.4574,1
-34.51779,139.4574,1
-34.51779,139.4574,1
-34.51779,139.4574,1
-34.51779,139.4574,1
-34.51779,139.4574,1
-34.51779,139.4574,1
-34.51779,139.4574,1
-34.51779,139.4574,1
-34.51779,139.4574,1
-34.51779,139.4574,1
-34.51779,139.4574,1
-34.51779,139.4574,1
-34.51779,139.4574,1
-34.51779,139.4574,1
-34.51779,139.4574,1
-34.51779,139.4574,1
-34.51779,139.4574,1
-34.51779,139.4574,1
-34.51779,139.4574,1
-34.51779,139.4574,1
-34.51779,139.4574,1
-34.51779,139.4574,1
-34.51779,139.4574,1
-34.51779,139.4574,1
-34.51779,139.4574,1
-34.51779,139.4574,1
-34.51779,139.4574,1
-34.51779,139.4574,1
-34.51779,139.4574,1
-34.51779,139.4574,1
-34.51779,139.4574,1
-34.51779,139.4574,1
-34.51779,139.4574,1
-34.51779,139.4574,1
-34.51779,139.4574,1
-34.51779,139.4574,1
-34.51779,139.4574,1
-34.51779,139.4574,1
-34.51779,139.4574,1
-34.51779,139.4574,1
-34.51779,139.4574,1
-34.51779,139.4574,1
-34.51779,139.4574,1
-34.51779,139.4574,1
-34.51779,139.4574,1
-34.51779,139.4574,1
-34.51779,139.4574,1
-34.51779,139.4574,1
-34.51779,139.4574,1
-34.51779,139.4574,1
-34.51779,139.4574,1
-34.5176,139.47007,1
-34.5176,139.47007,1
-34.5176,139.47007,1
-34.5176,139.47007,1
-34.5176,139.47007,1
-34.5176,139.47007,1
-34.5176,139.47007,1
-34.5176,139.47007,1
-34.5176,139.47007,1
-34.5176,139.47007,1
-34.5176,139.47007,1
-34.5176,139.47007,1
-34.5176,139.47007,1
-34.5176,139.47007,1
-34.5176,139.47007,1
-34.5176,139.47007,1
-34.5176,139.47007,1
-34.5176,139.47007,1
-34.51758,139.47001,1
-34.51758,139.47005,1
-34.51757,139.47003,1
-34.51756,139.47005,1
-34.51756,139.47013,1
-34.51756,139.47013,1
-34.51756,139.47013,1
-34.51756,139.47013,1
-34.51756,139.47013,1
-34.51756,139.47013,1
-34.51756,139.47013,1
-34.51756,139.47013,1
-34.51756,139.47013,1
-34.51755,139.47001,1
-34.51744,139.4649,1
-34.51744,139.4649,1
-34.51744,139.4649,1
-34.51744,139.4649,1
-34.51744,139.4649,1
-34.51743,139.46491,1
-34.51732,139.45436,1
-34.51732,139.45434,1
-34.51731,139.45439,1
-34.51731,139.45439,1
-34.51731,139.45439,1
-34.51731,139.45439,1
-34.51731,139.4544,1
-34.51731,139.45439,1
-34.51731,139.45439,1
-34.51731,139.45439,1
-34.51731,139.45439,1
-34.51731,139.45439,1
-34.51731,139.45437,1
-34.51731,139.45439,1
-34.51731,139.45439,1
-34.51731,139.45439,1
-34.51731,139.45439,1
-34.51731,139.45439,1
-34.51731,139.45439,1
-34.51731,139.45434,1
-34.51731,139.45439,1
-34.51731,139.45439,1
-34.51731,139.45439,1
-34.51731,139.45439,1
-34.51731,139.45435,1
-34.51731,139.45439,1
-34.51731,139.45439,1
-34.51731,139.45439,1
-34.5173,139.45437,1
-34.5173,139.45436,1
-34.51726,139.45439,1
-34.51725,139.45434,1
-34.51725,139.45434,1
-34.51725,139.45434,1
-34.51725,139.45434,1
-34.51725,139.45434,1
-34.51725,139.45434,1
-34.51725,139.45434,1
-34.51725,139.45434,1
-34.51725,139.45434,1
-34.51725,139.45434,1
-34.51725,139.45434,1
-34.51724,139.47018,1
-34.51713,139.43827,1
-34.51713,139.43827,1
-34.51713,139.43827,1
-34.51713,139.43827,1
-34.51713,139.43827,1
-34.51713,139.43827,1
-34.51713,139.43827,1
-34.51713,139.43827,1
-34.51713,139.43827,1
-34.51712,139.43828,1
-34.51711,139.43827,1
-34.5169,139.43967,1
-34.5169,139.43967,1
-34.5169,139.43967,1
-34.5169,139.43967,1
-34.5169,139.43967,1
-34.5169,139.43967,1
-34.5169,139.43967,1
-34.5169,139.43967,1
-34.5169,139.43967,1
-34.5169,139.43967,1
-34.5169,139.43967,1
-34.5169,139.43967,1
-34.5169,139.43967,1
-34.5169,139.43967,1
-34.5169,139.43967,1
-34.5169,139.43967,1
-34.5169,139.43967,1
-34.5169,139.43967,1
-34.5169,139.43967,1
-34.5169,139.43967,1
-34.51673,139.47378,1
-34.51673,139.47378,1
-34.51673,139.47378,1
-34.51673,139.47378,1
-34.51673,139.47378,1
-34.51673,139.47378,1
-34.51673,139.47378,1
-34.51673,139.47376,1
-34.51673,139.47378,1
-34.51673,139.47378,1
-34.51673,139.47374,1
-34.51673,139.47378,1
-34.51673,139.47378,1
-34.51673,139.47378,1
-34.51673,139.47378,1
-34.51673,139.47378,1
-34.51673,139.47378,1
-34.51673,139.47378,1
-34.51673,139.47378,1
-34.51673,139.47378,1
-34.51673,139.47378,1
-34.51672,139.47375,1
-34.51672,139.47375,1
-34.51672,139.47376,1
-34.51671,139.47376,1
-34.51671,139.47191,1
-34.51671,139.47191,1
-34.51671,139.47191,1
-34.5167,139.47379,1
-34.5167,139.47379,1
-34.5167,139.47379,1
-34.5167,139.47379,1
-34.5167,139.47379,1
-34.5167,139.47379,1
-34.5167,139.47379,1
-34.5167,139.47379,1
-34.5167,139.47379,1
-34.5167,139.47379,1
-34.5167,139.47379,1
-34.5167,139.47379,1
-34.51669,139.47376,1
-34.51663,139.47383,1
-34.51644,139.43827,1
-34.51639,139.46833,1
-34.51639,139.46833,1
-34.51639,139.46833,1
-34.51639,139.46833,1
-34.51639,139.46833,1
-34.51639,139.46833,1
-34.51639,139.46833,1
-34.51627,139.47534,1
-34.51624,139.47535,1
-34.51622,139.47537,1
-34.51622,139.47537,1
-34.51622,139.47537,1
-34.51622,139.47537,1
-34.51622,139.47537,1
-34.51622,139.47537,1
-34.51622,139.47537,1
-34.51622,139.47537,1
-34.51622,139.47537,1
-34.51622,139.47537,1
-34.51622,139.47537,1
-34.51622,139.47537,1
-34.51622,139.47537,1
-34.51622,139.47537,1
-34.51622,139.47537,1
-34.51622,139.47537,1
-34.51622,139.47537,1
-34.51622,139.47537,1
-34.51622,139.47543,1
-34.51622,139.47537,1
-34.51621,139.47526,1
-34.51621,139.47526,1
-34.51621,139.47526,1
-34.51621,139.47526,1
-34.51621,139.47526,1
-34.51621,139.47526,1
-34.51621,139.47526,1
-34.51621,139.47526,1
-34.51621,139.47526,1
-34.51621,139.47526,1
-34.51621,139.47526,1
-34.51615,139.47543,1
-34.51614,139.45698,1
-34.51604,139.43827,1
-34.51604,139.43827,1
-34.51604,139.43695,1
-34.51604,139.43696,1
-34.51604,139.43696,1
-34.51604,139.43696,1
-34.51604,139.43695,1
-34.51604,139.43696,1
-34.51604,139.43695,1
-34.51604,139.43696,1
-34.51604,139.43695,1
-34.51604,139.43695,1
-34.51604,139.43696,1
-34.51601,139.47143,1
-34.51601,139.47143,1
-34.51601,139.47143,1
-34.51601,139.47143,1
-34.51601,139.47143,1
-34.51601,139.47143,1
-34.51601,139.47143,1
-34.51601,139.47143,1
-34.51601,139.47143,1
-34.51601,139.47143,1
-34.51601,139.47143,1
-34.51601,139.47143,1
-34.51601,139.47143,1
-34.51601,139.47143,1
-34.51601,139.47143,1
-34.51601,139.47143,1
-34.51601,139.47143,1
-34.51601,139.47143,1
-34.51601,139.47143,1
-34.51592,139.45465,1
-34.51592,139.45465,1
-34.51592,139.45465,1
-34.51592,139.45465,1
-34.51592,139.45465,1
-34.51592,139.45465,1
-34.51592,139.45465,1
-34.5159,139.4662,1
-34.5159,139.4662,1
-34.5159,139.4662,1
-34.5159,139.4662,1
-34.5159,139.4662,1
-34.51584,139.46626,1
-34.51584,139.46626,1
-34.51584,139.46626,1
-34.51584,139.46626,1
-34.51584,139.46626,1
-34.51584,139.46626,1
-34.51584,139.46626,1
-34.51584,139.46626,1
-34.51584,139.46626,1
-34.51584,139.46626,1
-34.51584,139.46626,1
-34.51584,139.46626,1
-34.51584,139.46626,1
-34.51584,139.46626,1
-34.51584,139.46626,1
-34.51582,139.46627,1
-34.5158,139.46624,1
-34.5158,139.46625,1
-34.5158,139.46625,1
-34.51578,139.46626,1
-34.51576,139.45468,1
-34.51572,139.45575,1
-34.51572,139.45575,1
-34.51572,139.45575,1
-34.51572,139.45575,1
-34.51572,139.45575,1
-34.51572,139.45575,1
-34.51572,139.45575,1
-34.51572,139.45575,1
-34.51572,139.45575,1
-34.51572,139.45575,1
-34.51572,139.45575,1
-34.51572,139.45575,1
-34.51572,139.45575,1
-34.51572,139.45575,1
-34.51569,139.47615,1
-34.51561,139.47617,1
-34.51561,139.47617,1
-34.51561,139.47617,1
-34.51535,139.45423,1
-34.51535,139.45423,1
-34.51535,139.45423,1
-34.51535,139.45423,1
-34.51534,139.45423,1
-34.51534,139.45423,1
-34.51534,139.45423,1
-34.51534,139.45423,1
-34.51534,139.45423,1
-34.51534,139.45423,1
-34.51534,139.45423,1
-34.51534,139.45423,1
-34.51532,139.47615,1
-34.51529,139.47618,1
-34.51528,139.47617,1
-34.51521,139.43964,1
-34.51521,139.43964,1
-34.5152,139.43827,1
-34.51516,139.43966,1
-34.51516,139.43966,1
-34.51516,139.43966,1
-34.51516,139.43966,1
-34.51514,139.47514,1
-34.51514,139.47514,1
-34.51514,139.47514,1
-34.51514,139.47514,1
-34.51514,139.47514,1
-34.51514,139.47514,1
-34.51514,139.47514,1
-34.51514,139.47514,1
-34.51514,139.47514,1
-34.51514,139.47514,1
-34.51514,139.47514,1
-34.51514,139.47514,1
-34.51514,139.47514,1
-34.51514,139.47514,1
-34.51514,139.47514,1
-34.51514,139.47514,1
-34.51514,139.47514,1
-34.51514,139.47514,1
-34.51514,139.47514,1
-34.51514,139.47514,1
-34.51502,139.43828,1
-34.5148,139.43828,1
-34.51474,139.47619,1
-34.51472,139.45848,1
-34.51472,139.45848,1
-34.51471,139.45849,1
-34.51471,139.45849,1
-34.51471,139.45849,1
-34.51471,139.45849,1
-34.51471,139.45849,1
-34.51471,139.45849,1
-34.51471,139.45849,1
-34.51463,139.47673,1
-34.51463,139.47673,1
-34.51463,139.47673,1
-34.51463,139.47673,1
-34.51463,139.47673,1
-34.51463,139.47673,1
-34.51463,139.47673,1
-34.51463,139.47673,1
-34.51463,139.47673,1
-34.51463,139.47673,1
-34.51463,139.47673,1
-34.51457,139.43822,1
-34.51456,139.4383,1
-34.51455,139.43828,1
-34.51455,139.46205,1
-34.51455,139.43831,1
-34.51454,139.46206,1
-34.51454,139.46206,1
-34.51454,139.46206,1
-34.51454,139.46206,1
-34.51454,139.46206,1
-34.51452,139.4384,1
-34.51451,139.42937,1
-34.51451,139.46471,1
-34.51451,139.42937,1
-34.51451,139.42937,1
-34.51451,139.42937,1
-34.51451,139.42937,1
-34.51451,139.42937,1
-34.51451,139.46471,1
-34.51451,139.46471,1
-34.51451,139.46471,1
-34.51451,139.42937,1
-34.51451,139.42937,1
-34.51451,139.46471,1
-34.51451,139.46471,1
-34.51451,139.42937,1
-34.51451,139.42937,1
-34.51451,139.42937,1
-34.51451,139.42937,1
-34.51451,139.42937,1
-34.51451,139.46471,1
-34.51451,139.42937,1
-34.51451,139.42937,1
-34.51451,139.42937,1
-34.51451,139.42937,1
-34.51451,139.46471,1
-34.51451,139.42937,1
-34.51451,139.42937,1
-34.51451,139.42937,1
-34.51451,139.46471,1
-34.51451,139.42937,1
-34.51446,139.43828,1
-34.51445,139.43831,1
-34.51445,139.43831,1
-34.51445,139.43831,1
-34.51445,139.43831,1
-34.51445,139.43831,1
-34.51445,139.43831,1
-34.51445,139.43831,1
-34.51445,139.43831,1
-34.51445,139.43831,1
-34.51445,139.43831,1
-34.51445,139.43831,1
-34.51445,139.43831,1
-34.51445,139.43831,1
-34.51445,139.43831,1
-34.51445,139.43831,1
-34.51445,139.43831,1
-34.51445,139.43831,1
-34.51445,139.43831,1
-34.51445,139.43831,1
-34.51445,139.43831,1
-34.51445,139.43831,1
-34.51445,139.43831,1
-34.51444,139.43829,1
-34.51443,139.43832,1
-34.51443,139.43833,1
-34.51443,139.43829,1
-34.51442,139.43832,1
-34.51441,139.4383,1
-34.51441,139.47603,1
-34.51436,139.43836,1
-34.51436,139.43836,1
-34.51436,139.43836,1
-34.51436,139.43836,1
-34.51436,139.43836,1
-34.51436,139.43836,1
-34.51436,139.43836,1
-34.51436,139.43836,1
-34.51436,139.43836,1
-34.51436,139.43836,1
-34.51425,139.43877,1
-34.51425,139.43877,1
-34.51425,139.43877,1
-34.51425,139.43877,1
-34.51425,139.43877,1
-34.51425,139.43877,1
-34.51425,139.43877,1
-34.51425,139.43877,1
-34.51425,139.46762,1
-34.51425,139.46762,1
-34.51425,139.46762,1
-34.51425,139.46762,1
-34.51425,139.46762,1
-34.51425,139.43877,1
-34.51425,139.43877,1
-34.51425,139.46762,1
-34.51425,139.46762,1
-34.51425,139.46762,1
-34.51425,139.46762,1
-34.51425,139.46762,1
-34.51425,139.43877,1
-34.51425,139.43877,1
-34.51425,139.43877,1
-34.51425,139.46762,1
-34.51425,139.46762,1
-34.51425,139.43877,1
-34.51425,139.46762,1
-34.51425,139.46762,1
-34.51425,139.46762,1
-34.51425,139.43877,1
-34.51425,139.43877,1
-34.51425,139.43877,1
-34.51379,139.45558,1
-34.51378,139.45558,1
-34.51377,139.45562,1
-34.51376,139.47489,1
-34.51376,139.47489,1
-34.51376,139.47489,1
-34.51376,139.47489,1
-34.51376,139.47489,1
-34.51376,139.47489,1
-34.51376,139.47489,1
-34.51376,139.47489,1
-34.51376,139.47489,1
-34.51376,139.47489,1
-34.51376,139.45558,1
-34.51376,139.47489,1
-34.51376,139.47489,1
-34.51376,139.47489,1
-34.51376,139.47489,1
-34.51376,139.45557,1
-34.51375,139.45556,1
-34.51375,139.45559,1
-34.51375,139.45559,1
-34.51375,139.45559,1
-34.51375,139.45563,1
-34.51375,139.45557,1
-34.51375,139.45559,1
-34.51375,139.45559,1
-34.51375,139.45559,1
-34.51375,139.45559,1
-34.51375,139.45559,1
-34.51375,139.45559,1
-34.51375,139.45559,1
-34.51375,139.45559,1
-34.51375,139.45559,1
-34.51375,139.45559,1
-34.51375,139.45559,1
-34.51374,139.45558,1
-34.5137,139.45572,1
-34.5137,139.45572,1
-34.5137,139.45572,1
-34.5137,139.45572,1
-34.5137,139.45572,1
-34.5137,139.45572,1
-34.5137,139.45572,1
-34.5137,139.45572,1
-34.51369,139.47623,1
-34.51348,139.45768,1
-34.51348,139.45768,1
-34.51348,139.45768,1
-34.51327,139.45855,1
-34.51326,139.45984,1
-34.51323,139.43898,1
-34.51314,139.45982,1
-34.51313,139.45985,1
-34.51313,139.45983,1
-34.51312,139.45984,1
-34.51312,139.45982,1
-34.51312,139.45984,1
-34.51312,139.45984,1
-34.51312,139.45984,1
-34.51312,139.45984,1
-34.51311,139.4598,1
-34.51311,139.45981,1
-34.51302,139.45984,1
-34.51302,139.45984,1
-34.51302,139.45984,1
-34.51302,139.45984,1
-34.51302,139.45984,1
-34.513,139.44988,1
-34.513,139.44988,1
-34.513,139.44988,1
-34.513,139.44988,1
-34.513,139.44989,1
-34.513,139.44989,1
-34.513,139.44989,1
-34.513,139.44989,1
-34.513,139.44989,1
-34.513,139.44989,1
-34.513,139.44989,1
-34.513,139.44988,1
-34.513,139.44988,1
-34.513,139.44989,1
-34.513,139.44988,1
-34.513,139.44989,1
-34.513,139.44988,1
-34.513,139.44988,1
-34.513,139.44989,1
-34.51298,139.46342,1
-34.51297,139.46334,1
-34.51297,139.46334,1
-34.51297,139.46334,1
-34.51297,139.46334,1
-34.51297,139.46334,1
-34.51295,139.46341,1
-34.51295,139.46341,1
-34.51295,139.46341,1
-34.51295,139.46341,1
-34.51295,139.46342,1
-34.51295,139.46341,1
-34.51295,139.46342,1
-34.51295,139.46341,1
-34.51295,139.46341,1
-34.51295,139.46341,1
-34.51295,139.46341,1
-34.51295,139.46341,1
-34.51295,139.46341,1
-34.51295,139.46341,1
-34.51294,139.46342,1
-34.51286,139.43967,1
-34.51286,139.43967,1
-34.51286,139.43967,1
-34.51286,139.43967,1
-34.51286,139.43967,1
-34.51286,139.43967,1
-34.51286,139.43967,1
-34.51286,139.43967,1
-34.51286,139.43967,1
-34.51286,139.43967,1
-34.51286,139.43967,1
-34.51286,139.43967,1
-34.51286,139.43967,1
-34.51286,139.43967,1
-34.51286,139.43967,1
-34.51286,139.43967,1
-34.51286,139.43967,1
-34.51286,139.43967,1
-34.51286,139.43967,1
-34.51286,139.43967,1
-34.51277,139.46258,1
-34.51277,139.46258,1
-34.51277,139.46258,1
-34.51277,139.46258,1
-34.51276,139.46258,1
-34.51276,139.46258,1
-34.51276,139.46258,1
-34.51276,139.46258,1
-34.51276,139.46258,1
-34.51276,139.46258,1
-34.51272,139.47625,1
-34.51256,139.46099,1
-34.51248,139.46105,1
-34.51247,139.43827,1
-34.51247,139.43827,1
-34.51247,139.43827,1
-34.51247,139.43827,1
-34.51247,139.43827,1
-34.51247,139.43827,1
-34.51247,139.43827,1
-34.51247,139.43827,1
-34.51247,139.43827,1
-34.51234,139.43828,1
-34.51226,139.4383,1
-34.51222,139.4762,1
-34.51222,139.4762,1
-34.51222,139.4762,1
-34.51222,139.4762,1
-34.51222,139.4762,1
-34.51222,139.4762,1
-34.51222,139.4762,1
-34.51222,139.4762,1
-34.51222,139.4762,1
-34.51222,139.4762,1
-34.51222,139.4762,1
-34.51222,139.4762,1
-34.51222,139.4762,1
-34.51222,139.4762,1
-34.51222,139.4762,1
-34.51222,139.4762,1
-34.51222,139.4762,1
-34.51221,139.47623,1
-34.51219,139.47624,1
-34.51219,139.47623,1
-34.51219,139.47627,1
-34.51217,139.47624,1
-34.51217,139.47624,1
-34.51217,139.47624,1
-34.51217,139.47624,1
-34.51217,139.47624,1
-34.51217,139.47624,1
-34.51217,139.47622,1
-34.51217,139.47624,1
-34.51217,139.47624,1
-34.51217,139.47624,1
-34.51217,139.47623,1
-34.51217,139.47624,1
-34.51217,139.47624,1
-34.51217,139.47624,1
-34.51217,139.47624,1
-34.51217,139.47624,1
-34.51217,139.47624,1
-34.51217,139.47624,1
-34.51217,139.47624,1
-34.51217,139.47624,1
-34.51217,139.47624,1
-34.51217,139.47624,1
-34.51217,139.47624,1
-34.51217,139.47624,1
-34.51217,139.47624,1
-34.51217,139.47624,1
-34.51217,139.47624,1
-34.51216,139.47624,1
-34.51216,139.43828,1
-34.51216,139.45695,1
-34.51216,139.45695,1
-34.51216,139.45695,1
-34.51216,139.45695,1
-34.51216,139.45695,1
-34.51216,139.45695,1
-34.51216,139.45695,1
-34.51216,139.47623,1
-34.51216,139.45695,1
-34.51216,139.45695,1
-34.51216,139.45695,1
-34.51216,139.45695,1
-34.51216,139.45695,1
-34.51216,139.45695,1
-34.51216,139.45695,1
-34.51216,139.45695,1
-34.51216,139.45695,1
-34.51216,139.45695,1
-34.51216,139.45695,1
-34.51216,139.45695,1
-34.51216,139.45695,1
-34.51216,139.45695,1
-34.51216,139.45695,1
-34.51216,139.45695,1
-34.51216,139.45695,1
-34.51216,139.45695,1
-34.51215,139.47625,1
-34.51214,139.43825,1
-34.51212,139.4627,1
-34.51212,139.4627,1
-34.51212,139.4627,1
-34.51209,139.47626,1
-34.51209,139.47626,1
-34.51209,139.47626,1
-34.51209,139.47626,1
-34.51209,139.47626,1
-34.51209,139.47626,1
-34.51209,139.47626,1
-34.51209,139.47626,1
-34.51209,139.47626,1
-34.51207,139.38303,1
-34.51207,139.38303,1
-34.51207,139.38303,1
-34.51207,139.38303,1
-34.51207,139.38303,1
-34.51207,139.38303,1
-34.51207,139.38303,1
-34.51207,139.38303,1
-34.51207,139.38303,1
-34.51207,139.38303,1
-34.51207,139.38303,1
-34.51207,139.38303,1
-34.51207,139.38303,1
-34.51207,139.38303,1
-34.51207,139.38303,1
-34.51207,139.38303,1
-34.51207,139.38303,1
-34.51207,139.38303,1
-34.51207,139.38303,1
-34.51207,139.38303,1
-34.51207,139.38303,1
-34.51207,139.38303,1
-34.51207,139.38303,1
-34.51207,139.38303,1
-34.51207,139.38303,1
-34.51207,139.38303,1
-34.51207,139.38303,1
-34.51207,139.38303,1
-34.51207,139.38303,1
-34.5118,139.45183,1
-34.5118,139.45183,1
-34.5118,139.45183,1
-34.5118,139.45183,1
-34.5118,139.45183,1
-34.5118,139.45183,1
-34.5118,139.45183,1
-34.5118,139.45183,1
-34.51178,139.43696,1
-34.51178,139.43695,1
-34.51178,139.43696,1
-34.51178,139.43696,1
-34.51178,139.43696,1
-34.51178,139.43695,1
-34.51178,139.43696,1
-34.51178,139.43695,1
-34.51178,139.43696,1
-34.51178,139.43696,1
-34.51178,139.43696,1
-34.51178,139.43695,1
-34.51178,139.43696,1
-34.51178,139.43696,1
-34.51178,139.43696,1
-34.51178,139.43695,1
-34.51178,139.43695,1
-34.51178,139.43695,1
-34.51178,139.43695,1
-34.51176,139.46296,1
-34.51163,139.4637,1
-34.51153,139.4612,1
-34.51153,139.4612,1
-34.51153,139.4612,1
-34.51153,139.4612,1
-34.51153,139.4612,1
-34.51153,139.4612,1
-34.51153,139.4612,1
-34.51153,139.4612,1
-34.51153,139.4612,1
-34.51153,139.4612,1
-34.51153,139.4612,1
-34.51153,139.4612,1
-34.51153,139.4612,1
-34.51153,139.4612,1
-34.51153,139.4612,1
-34.51153,139.4612,1
-34.51153,139.4612,1
-34.51153,139.4612,1
-34.51153,139.4612,1
-34.51149,139.45134,1
-34.51146,139.45126,1
-34.51145,139.45124,1
-34.51144,139.45125,1
-34.51144,139.45123,1
-34.51143,139.45124,1
-34.51141,139.45131,1
-34.51141,139.45124,1
-34.51141,139.45124,1
-34.51141,139.45124,1
-34.51141,139.45127,1
-34.51141,139.45124,1
-34.51141,139.45124,1
-34.51141,139.45124,1
-34.51141,139.45124,1
-34.51141,139.45124,1
-34.51141,139.45124,1
-34.51141,139.45124,1
-34.51141,139.45124,1
-34.51141,139.45124,1
-34.51141,139.45124,1
-34.51141,139.45124,1
-34.51141,139.45124,1
-34.51141,139.45124,1
-34.51141,139.45124,1
-34.51141,139.45124,1
-34.51141,139.45126,1
-34.51141,139.45124,1
-34.51141,139.45124,1
-34.5114,139.46397,1
-34.5114,139.45123,1
-34.51139,139.45129,1
-34.51139,139.4513,1
-34.51136,139.46477,1
-34.51136,139.46569,1
-34.51136,139.46477,1
-34.51136,139.46477,1
-34.51136,139.46569,1
-34.51136,139.46569,1
-34.51136,139.4512,1
-34.51136,139.46477,1
-34.51136,139.46569,1
-34.51136,139.46569,1
-34.51136,139.4512,1
-34.51136,139.46569,1
-34.51136,139.4512,1
-34.51136,139.4512,1
-34.51136,139.46477,1
-34.51136,139.4512,1
-34.51136,139.4512,1
-34.51136,139.46569,1
-34.51136,139.46477,1
-34.51136,139.46477,1
-34.51136,139.46477,1
-34.51136,139.46477,1
-34.51136,139.4512,1
-34.51136,139.4512,1
-34.51136,139.46477,1
-34.51136,139.46569,1
-34.51136,139.46477,1
-34.51136,139.46477,1
-34.51136,139.46477,1
-34.51136,139.46477,1
-34.51136,139.4512,1
-34.51136,139.4512,1
-34.51136,139.46569,1
-34.51136,139.4512,1
-34.51124,139.46397,1
-34.51119,139.46391,1
-34.51119,139.46391,1
-34.51119,139.46391,1
-34.51119,139.46391,1
-34.51119,139.46391,1
-34.51119,139.46391,1
-34.51119,139.46391,1
-34.51119,139.46391,1
-34.51119,139.46391,1
-34.51117,139.46394,1
-34.51117,139.46394,1
-34.51117,139.46394,1
-34.51117,139.46394,1
-34.51117,139.46394,1
-34.51117,139.46394,1
-34.51117,139.46394,1
-34.51117,139.46394,1
-34.51116,139.46392,1
-34.51114,139.46394,1
-34.51114,139.46395,1
-34.51113,139.46393,1
-34.5111,139.46396,1
-34.5111,139.46392,1
-34.51108,139.45087,1
-34.51108,139.45087,1
-34.51108,139.45087,1
-34.51108,139.45087,1
-34.51108,139.45087,1
-34.51108,139.45087,1
-34.51108,139.45087,1
-34.51108,139.45087,1
-34.51108,139.45087,1
-34.51108,139.45087,1
-34.51108,139.45087,1
-34.51108,139.45087,1
-34.51108,139.45087,1
-34.51108,139.45087,1
-34.51108,139.45087,1
-34.51108,139.45087,1
-34.51108,139.45087,1
-34.51108,139.45087,1
-34.51108,139.45087,1
-34.51108,139.45087,1
-34.51108,139.45289,1
-34.51108,139.45289,1
-34.51108,139.45087,1
-34.51108,139.45087,1
-34.51108,139.45087,1
-34.51108,139.45087,1
-34.51108,139.45087,1
-34.51108,139.45087,1
-34.51108,139.45087,1
-34.51108,139.45087,1
-34.51108,139.45087,1
-34.51108,139.45087,1
-34.51108,139.45087,1
-34.51108,139.45087,1
-34.51108,139.45087,1
-34.51108,139.45087,1
-34.51108,139.45289,1
-34.51108,139.45289,1
-34.51108,139.45087,1
-34.51108,139.45087,1
-34.51108,139.45087,1
-34.51108,139.45087,1
-34.51108,139.45087,1
-34.51108,139.45087,1
-34.51108,139.45087,1
-34.51108,139.45087,1
-34.51108,139.45087,1
-34.51108,139.45087,1
-34.51108,139.45087,1
-34.51108,139.45087,1
-34.51107,139.4529,1
-34.51107,139.4529,1
-34.51107,139.4529,1
-34.51107,139.4529,1
-34.5106,139.4763,1
-34.51058,139.4776,1
-34.51058,139.4776,1
-34.51058,139.4776,1
-34.51058,139.4776,1
-34.51058,139.4776,1
-34.51058,139.4776,1
-34.51058,139.4776,1
-34.51058,139.4776,1
-34.51058,139.4776,1
-34.51058,139.4776,1
-34.51058,139.4776,1
-34.51058,139.4776,1
-34.51058,139.4776,1
-34.51058,139.4776,1
-34.51058,139.4776,1
-34.51058,139.4776,1
-34.51058,139.4776,1
-34.51058,139.4776,1
-34.51058,139.4776,1
-34.51058,139.4776,1
-34.51055,139.38824,1
-34.51055,139.38824,1
-34.51055,139.38824,1
-34.51055,139.38824,1
-34.51055,139.38824,1
-34.51055,139.38824,1
-34.51055,139.38824,1
-34.51055,139.38824,1
-34.51055,139.38824,1
-34.51055,139.38824,1
-34.51055,139.38824,1
-34.51055,139.38824,1
-34.51055,139.38824,1
-34.51055,139.38824,1
-34.51055,139.38824,1
-34.51045,139.47626,1
-34.51032,139.47626,1
-34.51031,139.43834,1
-34.51031,139.43834,1
-34.51031,139.43834,1
-34.51031,139.43834,1
-34.51031,139.43834,1
-34.51031,139.43834,1
-34.51031,139.43834,1
-34.51031,139.43834,1
-34.51031,139.43834,1
-34.51031,139.43834,1
-34.51031,139.43834,1
-34.51031,139.43834,1
-34.51031,139.43834,1
-34.51031,139.43834,1
-34.51031,139.43834,1
-34.51031,139.43834,1
-34.51031,139.43834,1
-34.51031,139.43834,1
-34.51021,139.45443,1
-34.51021,139.45443,1
-34.51021,139.45443,1
-34.51021,139.45443,1
-34.51021,139.45443,1
-34.51021,139.45443,1
-34.51021,139.45443,1
-34.51021,139.45443,1
-34.51018,139.43832,1
-34.51018,139.43832,1
-34.51018,139.43832,1
-34.51018,139.43832,1
-34.51018,139.43832,1
-34.51018,139.43832,1
-34.51018,139.43832,1
-34.51018,139.43832,1
-34.51018,139.43832,1
-34.51018,139.43832,1
-34.51018,139.43832,1
-34.51018,139.43832,1
-34.51018,139.43832,1
-34.51018,139.43832,1
-34.51018,139.43832,1
-34.51018,139.43832,1
-34.51018,139.43832,1
-34.51018,139.43832,1
-34.51018,139.43832,1
-34.51018,139.43832,1
-34.51018,139.43832,1
-34.51018,139.43832,1
-34.51018,139.43832,1
-34.51016,139.43828,1
-34.51014,139.43831,1
-34.51014,139.4383,1
-34.51014,139.4383,1
-34.51014,139.43831,1
-34.51013,139.43831,1
-34.51013,139.43829,1
-34.51013,139.43831,1
-34.51012,139.47673,1
-34.51012,139.47673,1
-34.51012,139.47673,1
-34.51012,139.47673,1
-34.51012,139.47673,1
-34.51012,139.47673,1
-34.51012,139.47673,1
-34.51012,139.47673,1
-34.51012,139.47673,1
-34.51004,139.43827,1
-34.51001,139.46706,1
-34.50988,139.47757,1
-34.50986,139.47755,1
-34.50986,139.47755,1
-34.50986,139.47759,1
-34.50986,139.47764,1
-34.50986,139.47755,1
-34.50982,139.4526,1
-34.50982,139.4526,1
-34.50982,139.4526,1
-34.50982,139.4526,1
-34.50982,139.4526,1
-34.50982,139.4526,1
-34.50982,139.4526,1
-34.50982,139.4526,1
-34.50982,139.4526,1
-34.50982,139.4526,1
-34.50982,139.4526,1
-34.50982,139.4526,1
-34.50982,139.4526,1
-34.50981,139.4664,1
-34.50981,139.46695,1
-34.50979,139.46703,1
-34.50979,139.46698,1
-34.50979,139.46705,1
-34.50978,139.46703,1
-34.50977,139.46704,1
-34.50977,139.46704,1
-34.50977,139.46704,1
-34.50977,139.46704,1
-34.50977,139.46704,1
-34.50977,139.46704,1
-34.50977,139.46704,1
-34.50977,139.46704,1
-34.50977,139.46704,1
-34.50977,139.46704,1
-34.50977,139.46704,1
-34.50977,139.46704,1
-34.50977,139.46704,1
-34.50977,139.46702,1
-34.50977,139.46704,1
-34.50977,139.46704,1
-34.50976,139.46705,1
-34.50974,139.46697,1
-34.50974,139.46697,1
-34.50974,139.46697,1
-34.50974,139.46697,1
-34.50974,139.46697,1
-34.50974,139.46697,1
-34.50974,139.46697,1
-34.50974,139.46702,1
-34.50974,139.46697,1
-34.50974,139.46697,1
-34.50974,139.46697,1
-34.50974,139.46697,1
-34.50974,139.46697,1
-34.50972,139.46819,1
-34.50971,139.475,1
-34.50971,139.475,1
-34.50971,139.475,1
-34.50971,139.475,1
-34.50971,139.475,1
-34.50971,139.475,1
-34.50971,139.475,1
-34.50971,139.475,1
-34.50971,139.475,1
-34.50965,139.46601,1
-34.50965,139.46601,1
-34.50965,139.46601,1
-34.50965,139.46601,1
-34.50958,139.4653,1
-34.50958,139.4653,1
-34.50958,139.4653,1
-34.50958,139.4653,1
-34.50958,139.4653,1
-34.50958,139.4653,1
-34.50958,139.4653,1
-34.50958,139.4653,1
-34.50958,139.4653,1
-34.50958,139.4653,1
-34.50958,139.4653,1
-34.50958,139.4653,1
-34.50958,139.4653,1
-34.50958,139.4653,1
-34.50958,139.4653,1
-34.50958,139.4653,1
-34.50958,139.4653,1
-34.50958,139.4653,1
-34.50958,139.4653,1
-34.50958,139.4653,1
-34.50958,139.4653,1
-34.50958,139.4653,1
-34.50948,139.45425,1
-34.50948,139.45425,1
-34.50948,139.45425,1
-34.50948,139.45425,1
-34.50948,139.45425,1
-34.50948,139.45425,1
-34.50948,139.45425,1
-34.50948,139.45425,1
-34.50948,139.45425,1
-34.50948,139.45425,1
-34.50948,139.45425,1
-34.50948,139.45425,1
-34.50948,139.45425,1
-34.50948,139.45425,1
-34.50948,139.45425,1
-34.50948,139.45425,1
-34.50948,139.45425,1
-34.50948,139.45425,1
-34.50948,139.45425,1
-34.50946,139.45429,1
-34.50946,139.45426,1
-34.50945,139.45426,1
-34.50944,139.45427,1
-34.50942,139.4543,1
-34.50941,139.45432,1
-34.50939,139.45426,1
-34.50937,139.43829,1
-34.50926,139.47332,1
-34.50926,139.47332,1
-34.50925,139.47332,1
-34.50925,139.47332,1
-34.50925,139.47332,1
-34.50925,139.47332,1
-34.50925,139.47332,1
-34.50925,139.47332,1
-34.50925,139.47332,1
-34.50925,139.47332,1
-34.50925,139.47332,1
-34.50925,139.47332,1
-34.50916,139.46859,1
-34.50916,139.46859,1
-34.50916,139.46859,1
-34.50916,139.46858,1
-34.50916,139.46859,1
-34.50916,139.46859,1
-34.50916,139.46858,1
-34.50916,139.46859,1
-34.50916,139.46858,1
-34.50916,139.46859,1
-34.50916,139.46858,1
-34.50916,139.46859,1
-34.50916,139.46859,1
-34.50916,139.46858,1
-34.50916,139.46859,1
-34.5091,139.433,1
-34.50908,139.46889,1
-34.50905,139.47636,1
-34.50889,139.4564,1
-34.50889,139.4564,1
-34.50889,139.4564,1
-34.50889,139.4564,1
-34.50889,139.4564,1
-34.50865,139.45635,1
-34.50859,139.43968,1
-34.50859,139.43968,1
-34.50859,139.43968,1
-34.50859,139.43968,1
-34.50859,139.43968,1
-34.50859,139.43968,1
-34.50859,139.43968,1
-34.50859,139.43968,1
-34.50859,139.43968,1
-34.50859,139.43968,1
-34.50859,139.43968,1
-34.50859,139.43968,1
-34.50859,139.43968,1
-34.50859,139.43968,1
-34.50859,139.43968,1
-34.50859,139.43968,1
-34.50859,139.43968,1
-34.50859,139.43968,1
-34.50837,139.46976,1
-34.5083,139.43826,1
-34.50818,139.4684,1
-34.50818,139.4684,1
-34.50818,139.4684,1
-34.50818,139.4684,1
-34.50818,139.4684,1
-34.50818,139.4684,1
-34.50818,139.4684,1
-34.50818,139.4684,1
-34.50818,139.4684,1
-34.50818,139.4684,1
-34.50818,139.4684,1
-34.50818,139.4684,1
-34.50818,139.4684,1
-34.50818,139.4684,1
-34.50818,139.4684,1
-34.50818,139.4684,1
-34.50818,139.4684,1
-34.50818,139.4684,1
-34.50818,139.4684,1
-34.50818,139.4684,1
-34.50818,139.4684,1
-34.50818,139.4684,1
-34.50816,139.47632,1
-34.50816,139.47625,1
-34.50815,139.43827,1
-34.50815,139.43827,1
-34.50815,139.43827,1
-34.50815,139.43827,1
-34.50815,139.43827,1
-34.50815,139.43827,1
-34.50812,139.47635,1
-34.50812,139.47635,1
-34.50812,139.47635,1
-34.50812,139.47629,1
-34.50812,139.47635,1
-34.50812,139.47635,1
-34.50812,139.47635,1
-34.50812,139.47629,1
-34.50812,139.47635,1
-34.50812,139.47629,1
-34.50812,139.47629,1
-34.50812,139.47629,1
-34.50812,139.47635,1
-34.50812,139.47635,1
-34.50812,139.47635,1
-34.50812,139.47635,1
-34.50812,139.47629,1
-34.50812,139.47635,1
-34.50812,139.47635,1
-34.50812,139.47629,1
-34.50812,139.47635,1
-34.50812,139.47629,1
-34.50812,139.47635,1
-34.50812,139.47635,1
-34.50812,139.47635,1
-34.50812,139.47635,1
-34.50812,139.47635,1
-34.50811,139.47636,1
-34.50811,139.47634,1
-34.50811,139.47636,1
-34.5081,139.47637,1
-34.50808,139.47635,1
-34.50808,139.47639,1
-34.50806,139.46983,1
-34.50803,139.47643,1
-34.50799,139.4764,1
-34.50799,139.4764,1
-34.50799,139.4764,1
-34.50799,139.4764,1
-34.50799,139.4764,1
-34.50799,139.4764,1
-34.50794,139.47642,1
-34.50789,139.45561,1
-34.50789,139.45561,1
-34.50789,139.45561,1
-34.50789,139.45561,1
-34.50789,139.45561,1
-34.50789,139.45561,1
-34.50789,139.45561,1
-34.50789,139.45561,1
-34.50789,139.45561,1
-34.50789,139.45561,1
-34.50789,139.45561,1
-34.50789,139.45561,1
-34.50789,139.45561,1
-34.50785,139.45741,1
-34.50785,139.45741,1
-34.50785,139.45741,1
-34.50775,139.43696,1
-34.50775,139.43696,1
-34.50775,139.43695,1
-34.50775,139.43696,1
-34.50775,139.43695,1
-34.50775,139.43696,1
-34.50775,139.43695,1
-34.50775,139.43696,1
-34.50775,139.43696,1
-34.50775,139.43695,1
-34.50775,139.43696,1
-34.50775,139.43696,1
-34.50775,139.43696,1
-34.50775,139.43695,1
-34.50775,139.43695,1
-34.50775,139.43695,1
-34.50775,139.43695,1
-34.50775,139.43695,1
-34.50775,139.43696,1
-34.50774,139.4383,1
-34.5077,139.47435,1
-34.50769,139.47434,1
-34.50769,139.47434,1
-34.50769,139.47434,1
-34.50769,139.47434,1
-34.50767,139.47462,1
-34.50766,139.47468,1
-34.50766,139.47468,1
-34.50766,139.47468,1
-34.50766,139.47468,1
-34.50766,139.47468,1
-34.50766,139.47468,1
-34.50766,139.47468,1
-34.50766,139.47468,1
-34.50766,139.47468,1
-34.50766,139.47468,1
-34.50766,139.47468,1
-34.50766,139.47468,1
-34.50766,139.47468,1
-34.50766,139.47468,1
-34.50765,139.47464,1
-34.50764,139.47456,1
-34.50764,139.47466,1
-34.50763,139.4747,1
-34.50762,139.47471,1
-34.50762,139.47471,1
-34.50762,139.47471,1
-34.50762,139.47462,1
-34.50761,139.4747,1
-34.50761,139.47469,1
-34.50761,139.47469,1
-34.5076,139.47464,1
-34.5076,139.47469,1
-34.50759,139.46993,1
-34.50758,139.46991,1
-34.50758,139.46994,1
-34.50758,139.46993,1
-34.50757,139.46994,1
-34.50757,139.46994,1
-34.50757,139.46994,1
-34.50757,139.46994,1
-34.50757,139.46994,1
-34.50757,139.46994,1
-34.50757,139.46994,1
-34.50757,139.46994,1
-34.50757,139.46994,1
-34.50757,139.46994,1
-34.50757,139.46994,1
-34.50757,139.46994,1
-34.50757,139.46994,1
-34.50757,139.46994,1
-34.50757,139.46994,1
-34.50757,139.46994,1
-34.50757,139.46994,1
-34.50757,139.46993,1
-34.50757,139.46994,1
-34.50757,139.46994,1
-34.50757,139.46994,1
-34.50757,139.46994,1
-34.50757,139.46994,1
-34.50757,139.46994,1
-34.50757,139.46994,1
-34.50757,139.46994,1
-34.50757,139.46994,1
-34.50757,139.46994,1
-34.50756,139.46991,1
-34.50756,139.46991,1
-34.50756,139.46991,1
-34.50756,139.46991,1
-34.50756,139.46991,1
-34.50756,139.46991,1
-34.50756,139.46991,1
-34.50756,139.46991,1
-34.50756,139.46991,1
-34.50755,139.47451,1
-34.50755,139.47477,1
-34.50755,139.47451,1
-34.50755,139.47451,1
-34.50754,139.47028,1
-34.50754,139.46993,1
-34.50753,139.46988,1
-34.50753,139.46988,1
-34.50753,139.46988,1
-34.50753,139.46988,1
-34.50753,139.46988,1
-34.50753,139.46988,1
-34.50753,139.47017,1
-34.50753,139.46988,1
-34.50753,139.46988,1
-34.50753,139.46988,1
-34.50753,139.46988,1
-34.50753,139.46988,1
-34.50753,139.46988,1
-34.50753,139.46988,1
-34.5075,139.47287,1
-34.50734,139.47384,1
-34.5073,139.45775,1
-34.5073,139.45775,1
-34.5073,139.45775,1
-34.5073,139.45775,1
-34.5073,139.45775,1
-34.5073,139.45775,1
-34.5073,139.45775,1
-34.5073,139.45775,1
-34.5073,139.45775,1
-34.5073,139.45775,1
-34.5073,139.45775,1
-34.5073,139.45775,1
-34.5073,139.45775,1
-34.5073,139.45775,1
-34.5073,139.45775,1
-34.5073,139.45775,1
-34.5073,139.45775,1
-34.5073,139.45775,1
-34.50725,139.45794,1
-34.50718,139.47509,1
-34.507,139.47538,1
-34.50691,139.47532,1
-34.5069,139.47534,1
-34.5069,139.47532,1
-34.50689,139.4762,1
-34.50683,139.47532,1
-34.50665,139.47528,1
-34.50653,139.47771,1
-34.50653,139.47771,1
-34.50653,139.47771,1
-34.50653,139.47771,1
-34.50653,139.47771,1
-34.50653,139.47771,1
-34.50653,139.47771,1
-34.50653,139.47771,1
-34.50653,139.47771,1
-34.50653,139.47771,1
-34.50653,139.47771,1
-34.50653,139.47771,1
-34.50653,139.47771,1
-34.50653,139.47771,1
-34.50653,139.47771,1
-34.50653,139.47771,1
-34.50653,139.47771,1
-34.50653,139.47771,1
-34.50653,139.47771,1
-34.50653,139.47771,1
-34.50653,139.47771,1
-34.50653,139.47771,1
-34.50653,139.47771,1
-34.50653,139.47771,1
-34.50651,139.46182,1
-34.50623,139.4383,1
-34.5062,139.43835,1
-34.5062,139.43835,1
-34.5062,139.43835,1
-34.5062,139.43835,1
-34.5062,139.43835,1
-34.5062,139.43835,1
-34.5062,139.43835,1
-34.5062,139.43835,1
-34.5062,139.43835,1
-34.5062,139.43835,1
-34.5062,139.43835,1
-34.5062,139.43835,1
-34.50619,139.43833,1
-34.50619,139.47516,1
-34.50619,139.47516,1
-34.50619,139.47516,1
-34.50619,139.47516,1
-34.50619,139.47516,1
-34.50619,139.47516,1
-34.50619,139.47516,1
-34.50619,139.47516,1
-34.50619,139.47516,1
-34.50619,139.47516,1
-34.50617,139.4383,1
-34.50616,139.43832,1
-34.50616,139.43832,1
-34.50616,139.43832,1
-34.50616,139.43832,1
-34.50616,139.43832,1
-34.50616,139.43832,1
-34.50616,139.43832,1
-34.50616,139.43832,1
-34.50616,139.43832,1
-34.50616,139.43832,1
-34.50616,139.43832,1
-34.50616,139.43832,1
-34.50616,139.43832,1
-34.50616,139.43832,1
-34.50615,139.43831,1
-34.50614,139.4383,1
-34.50614,139.4383,1
-34.50614,139.43834,1
-34.50613,139.4383,1
-34.50613,139.43831,1
-34.50613,139.43831,1
-34.506125,139.475758,1
-34.50612,139.43831,1
-34.50607,139.43827,1
-34.50607,139.47604,1
-34.50607,139.47604,1
-34.50607,139.47604,1
-34.50607,139.47604,1
-34.50607,139.47604,1
-34.50607,139.47604,1
-34.50607,139.47604,1
-34.50607,139.47604,1
-34.50607,139.47604,1
-34.50607,139.47604,1
-34.50607,139.47604,1
-34.50607,139.47604,1
-34.50607,139.47604,1
-34.50607,139.47604,1
-34.50607,139.47604,1
-34.50607,139.47604,1
-34.50607,139.47604,1
-34.50607,139.47604,1
-34.50607,139.47604,1
-34.50598,139.4713,1
-34.50598,139.4713,1
-34.50598,139.4713,1
-34.50598,139.4713,1
-34.50598,139.4713,1
-34.50598,139.4713,1
-34.50598,139.4713,1
-34.50598,139.4713,1
-34.50598,139.4713,1
-34.50598,139.4713,1
-34.50598,139.4713,1
-34.50598,139.4713,1
-34.50598,139.4713,1
-34.50598,139.4713,1
-34.50598,139.4713,1
-34.50598,139.4713,1
-34.50598,139.4713,1
-34.50598,139.4713,1
-34.50598,139.4713,1
-34.50571,139.45911,1
-34.50571,139.45911,1
-34.50571,139.45911,1
-34.50571,139.45911,1
-34.50571,139.45911,1
-34.50571,139.45911,1
-34.50571,139.45911,1
-34.50563,139.46098,1
-34.5053,139.47092,1
-34.5053,139.47092,1
-34.5053,139.47092,1
-34.5053,139.47092,1
-34.5053,139.47092,1
-34.5053,139.47092,1
-34.5053,139.47092,1
-34.5053,139.47092,1
-34.5053,139.47092,1
-34.5053,139.47092,1
-34.5053,139.47092,1
-34.5053,139.47092,1
-34.5053,139.47092,1
-34.50529,139.46575,1
-34.50529,139.46575,1
-34.50529,139.46575,1
-34.50529,139.46575,1
-34.50529,139.46575,1
-34.50529,139.46575,1
-34.50529,139.46575,1
-34.50529,139.47641,1
-34.50529,139.46575,1
-34.50529,139.46575,1
-34.50529,139.46575,1
-34.50528,139.46576,1
-34.50528,139.46576,1
-34.50528,139.46576,1
-34.50528,139.46576,1
-34.50528,139.46576,1
-34.50528,139.46576,1
-34.50528,139.46576,1
-34.50528,139.46576,1
-34.50528,139.46576,1
-34.50524,139.46068,1
-34.50524,139.46068,1
-34.50524,139.46068,1
-34.50524,139.46068,1
-34.50524,139.46067,1
-34.50524,139.46067,1
-34.50524,139.46067,1
-34.50524,139.46068,1
-34.50524,139.46068,1
-34.50524,139.46068,1
-34.50524,139.46067,1
-34.50524,139.46068,1
-34.50524,139.46068,1
-34.50524,139.46067,1
-34.50524,139.46067,1
-34.50523,139.4557,1
-34.50523,139.4557,1
-34.50523,139.4557,1
-34.50523,139.4557,1
-34.50523,139.4557,1
-34.50522,139.45083,1
-34.50522,139.45083,1
-34.50522,139.45083,1
-34.50522,139.45083,1
-34.50521,139.45084,1
-34.50521,139.45084,1
-34.50521,139.45084,1
-34.50521,139.45084,1
-34.50517,139.44592,1
-34.50517,139.44592,1
-34.50517,139.44592,1
-34.50515,139.44086,1
-34.50515,139.44087,1
-34.50515,139.44086,1
-34.50515,139.44087,1
-34.50515,139.44087,1
-34.50515,139.44087,1
-34.50515,139.44087,1
-34.50515,139.44087,1
-34.50515,139.44087,1
-34.50515,139.44086,1
-34.50514,139.46241,1
-34.50514,139.46241,1
-34.50514,139.46241,1
-34.50514,139.46241,1
-34.50514,139.46241,1
-34.50514,139.46241,1
-34.50514,139.46241,1
-34.50514,139.46241,1
-34.50514,139.46241,1
-34.50514,139.46241,1
-34.50514,139.46241,1
-34.50514,139.46241,1
-34.50514,139.46241,1
-34.50514,139.46241,1
-34.50498,139.4406,1
-34.50498,139.4406,1
-34.50498,139.4406,1
-34.50498,139.4406,1
-34.50498,139.4406,1
-34.50498,139.4406,1
-34.50498,139.4406,1
-34.50498,139.4406,1
-34.50498,139.4406,1
-34.50498,139.4406,1
-34.50498,139.4406,1
-34.50498,139.4406,1
-34.50498,139.4406,1
-34.50498,139.4406,1
-34.50498,139.4406,1
-34.50498,139.4406,1
-34.50498,139.4406,1
-34.50498,139.4406,1
-34.50498,139.4406,1
-34.50498,139.4406,1
-34.50498,139.4406,1
-34.50498,139.4406,1
-34.50498,139.4406,1
-34.50498,139.4406,1
-34.50498,139.4406,1
-34.50498,139.4406,1
-34.50498,139.4406,1
-34.50498,139.4406,1
-34.50469,139.47692,1
-34.50462,139.4765,1
-34.50462,139.4765,1
-34.50462,139.4765,1
-34.5046,139.47651,1
-34.5046,139.47651,1
-34.5046,139.47635,1
-34.5046,139.47651,1
-34.5046,139.47635,1
-34.5046,139.47651,1
-34.5046,139.47651,1
-34.5046,139.47635,1
-34.5046,139.47651,1
-34.5046,139.47651,1
-34.5046,139.47651,1
-34.5046,139.47651,1
-34.5046,139.47635,1
-34.5046,139.47635,1
-34.5046,139.47635,1
-34.5046,139.47651,1
-34.5046,139.47651,1
-34.5046,139.47635,1
-34.50458,139.47653,1
-34.50457,139.43968,1
-34.50457,139.43968,1
-34.50457,139.43968,1
-34.50457,139.43968,1
-34.50457,139.43968,1
-34.50457,139.43968,1
-34.50457,139.43968,1
-34.50457,139.47659,1
-34.50457,139.43968,1
-34.50457,139.43968,1
-34.50457,139.43968,1
-34.50457,139.43968,1
-34.50457,139.43968,1
-34.50457,139.43968,1
-34.50457,139.47656,1
-34.50457,139.43968,1
-34.50457,139.43968,1
-34.50457,139.43968,1
-34.50457,139.43968,1
-34.50457,139.43968,1
-34.50457,139.43968,1
-34.50437,139.4383,1
-34.50437,139.4383,1
-34.50437,139.4383,1
-34.50437,139.4383,1
-34.50437,139.4383,1
-34.50429,139.43828,1
-34.50412,139.4767,1
-34.50412,139.4767,1
-34.50412,139.4767,1
-34.50412,139.4767,1
-34.50412,139.4767,1
-34.50395,139.4726,1
-34.50389,139.4721,1
-34.50389,139.4721,1
-34.50389,139.4721,1
-34.50389,139.4721,1
-34.50389,139.4721,1
-34.50389,139.4721,1
-34.50389,139.4721,1
-34.50389,139.4721,1
-34.50389,139.4721,1
-34.50389,139.4721,1
-34.50389,139.4721,1
-34.50389,139.4721,1
-34.50389,139.4721,1
-34.50389,139.4721,1
-34.50382,139.46202,1
-34.50382,139.46202,1
-34.50382,139.46202,1
-34.50382,139.46202,1
-34.50382,139.46202,1
-34.50382,139.46202,1
-34.50372,139.46707,1
-34.50371,139.47228,1
-34.50371,139.47228,1
-34.50371,139.47228,1
-34.50371,139.47228,1
-34.50371,139.47243,1
-34.50371,139.47229,1
-34.50371,139.47625,1
-34.50371,139.47228,1
-34.50371,139.47228,1
-34.50371,139.47228,1
-34.50371,139.47228,1
-34.50371,139.47228,1
-34.50371,139.47228,1
-34.50371,139.47228,1
-34.50371,139.47228,1
-34.50371,139.47228,1
-34.50371,139.47228,1
-34.50371,139.46715,1
-34.50371,139.47228,1
-34.50371,139.47228,1
-34.50371,139.47228,1
-34.50371,139.47228,1
-34.50371,139.47228,1
-34.50371,139.47228,1
-34.50371,139.47228,1
-34.50371,139.47228,1
-34.5037,139.46716,1
-34.5037,139.47165,1
-34.5037,139.47234,1
-34.5037,139.45713,1
-34.5037,139.45713,1
-34.5037,139.47165,1
-34.5037,139.45713,1
-34.5037,139.47165,1
-34.5037,139.47257,1
-34.5037,139.45713,1
-34.5037,139.47165,1
-34.50369,139.45212,1
-34.50369,139.46712,1
-34.50369,139.45212,1
-34.50369,139.46712,1
-34.50369,139.45212,1
-34.50369,139.46712,1
-34.50369,139.45212,1
-34.50369,139.46712,1
-34.50369,139.46712,1
-34.50369,139.46712,1
-34.50369,139.46712,1
-34.50369,139.46712,1
-34.50369,139.46712,1
-34.50369,139.45212,1
-34.50369,139.46712,1
-34.50369,139.46712,1
-34.50369,139.46712,1
-34.50369,139.47638,1
-34.50369,139.45212,1
-34.50369,139.46712,1
-34.50369,139.46712,1
-34.50369,139.46714,1
-34.50369,139.46712,1
-34.50369,139.46716,1
-34.50369,139.46712,1
-34.50369,139.46712,1
-34.50369,139.45212,1
-34.50369,139.46712,1
-34.50369,139.47234,1
-34.50369,139.45212,1
-34.50369,139.46712,1
-34.50369,139.46712,1
-34.50369,139.46712,1
-34.50369,139.46712,1
-34.50369,139.46712,1
-34.50369,139.46712,1
-34.50369,139.46712,1
-34.50368,139.46704,1
-34.50368,139.46704,1
-34.50368,139.47229,1
-34.50368,139.46704,1
-34.50368,139.46708,1
-34.50368,139.46704,1
-34.50368,139.47232,1
-34.50368,139.46704,1
-34.50368,139.46704,1
-34.50368,139.46713,1
-34.50368,139.46704,1
-34.50368,139.46704,1
-34.50368,139.46704,1
-34.50368,139.46704,1
-34.50368,139.46704,1
-34.50368,139.46704,1
-34.50368,139.46704,1
-34.50368,139.46704,1
-34.50368,139.46704,1
-34.50368,139.46704,1
-34.50368,139.46704,1
-34.50368,139.46704,1
-34.50367,139.46369,1
-34.50367,139.46714,1
-34.50367,139.46202,1
-34.50367,139.46773,1
-34.50367,139.47122,1
-34.50367,139.47098,1
-34.50367,139.46714,1
-34.50367,139.46584,1
-34.50367,139.46584,1
-34.50367,139.46584,1
-34.50367,139.45709,1
-34.50367,139.46584,1
-34.50367,139.46584,1
-34.50367,139.46584,1
-34.50367,139.46201,1
-34.50366,139.4422,1
-34.50366,139.4422,1
-34.50366,139.4383,1
-34.50366,139.47653,1
-34.50366,139.46604,1
-34.50366,139.46714,1
-34.50366,139.4422,1
-34.50366,139.46715,1
-34.50366,139.4422,1
-34.50366,139.46711,1
-34.50366,139.4422,1
-34.50366,139.4422,1
-34.50366,139.4422,1
-34.50366,139.4422,1
-34.50365,139.46723,1
-34.50365,139.46203,1
-34.50365,139.44717,1
-34.50365,139.46203,1
-34.50365,139.46203,1
-34.50365,139.44717,1
-34.50365,139.44717,1
-34.50365,139.46864,1
-34.50365,139.44717,1
-34.50365,139.46208,1
-34.50365,139.44717,1
-34.50365,139.46561,1
-34.50365,139.46203,1
-34.50365,139.46203,1
-34.50365,139.46203,1
-34.50365,139.44717,1
-34.50365,139.46045,1
-34.50365,139.46045,1
-34.50365,139.44717,1
-34.50365,139.46846,1
-34.50365,139.44717,1
-34.50365,139.46203,1
-34.50365,139.46203,1
-34.50364,139.46205,1
-34.50364,139.4666,1
-34.50364,139.47017,1
-34.50364,139.45708,1
-34.50363,139.45706,1
-34.50363,139.45706,1
-34.50363,139.45706,1
-34.50363,139.45706,1
-34.50363,139.45706,1
-34.50363,139.46487,1
-34.50363,139.45706,1
-34.50363,139.45706,1
-34.50363,139.45706,1
-34.50362,139.45219,1
-34.50362,139.45219,1
-34.50362,139.47229,1
-34.50362,139.45219,1
-34.50362,139.45219,1
-34.50362,139.45219,1
-34.50362,139.45219,1
-34.50362,139.45219,1
-34.50362,139.45219,1
-34.50362,139.45219,1
-34.50362,139.45219,1
-34.50362,139.45219,1
-34.50362,139.45219,1
-34.50362,139.45219,1
-34.50362,139.45219,1
-34.50362,139.47228,1
-34.50361,139.45217,1
-34.50361,139.45708,1
-34.5036,139.44235,1
-34.5036,139.45711,1
-34.5036,139.44958,1
-34.5036,139.44962,1
-34.50359,139.44731,1
-34.50359,139.44731,1
-34.50358,139.44286,1
-34.50358,139.44286,1
-34.50358,139.4516,1
-34.50358,139.44286,1
-34.50358,139.44729,1
-34.50358,139.44729,1
-34.50358,139.44286,1
-34.50358,139.44738,1
-34.50358,139.4516,1
-34.50358,139.44729,1
-34.50358,139.44729,1
-34.50358,139.44729,1
-34.50358,139.45022,1
-34.50358,139.44286,1
-34.50358,139.4516,1
-34.50357,139.44223,1
-34.50357,139.44728,1
-34.50357,139.44728,1
-34.50357,139.44223,1
-34.50357,139.44728,1
-34.50357,139.44728,1
-34.50357,139.44728,1
-34.50357,139.44224,1
-34.50357,139.4473,1
-34.50357,139.44728,1
-34.50357,139.44728,1
-34.50357,139.44728,1
-34.50356,139.44222,1
-34.50356,139.44222,1
-34.50356,139.44222,1
-34.50356,139.44222,1
-34.50356,139.44223,1
-34.50356,139.44222,1
-34.50356,139.44222,1
-34.50356,139.44222,1
-34.50356,139.44222,1
-34.50356,139.44313,1
-34.50356,139.44222,1
-34.50356,139.44222,1
-34.50356,139.44222,1
-34.50356,139.44222,1
-34.50356,139.44222,1
-34.50356,139.44222,1
-34.50356,139.44222,1
-34.50356,139.44222,1
-34.50356,139.44222,1
-34.50356,139.44222,1
-34.50356,139.44222,1
-34.50356,139.44227,1
-34.50356,139.44222,1
-34.50356,139.44222,1
-34.50356,139.44222,1
-34.50356,139.44222,1
-34.50356,139.44222,1
-34.50356,139.44222,1
-34.50356,139.44222,1
-34.50356,139.44222,1
-34.50356,139.44222,1
-34.50356,139.44222,1
-34.50356,139.44222,1
-34.50356,139.44222,1
-34.50355,139.46715,1
-34.50355,139.44127,1
-34.50355,139.44222,1
-34.50355,139.4496,1
-34.50355,139.43842,1
-34.50354,139.44139,1
-34.50354,139.45114,1
-34.50354,139.44161,1
-34.50353,139.4485,1
-34.50352,139.43902,1
-34.50352,139.43848,1
-34.50351,139.43872,1
-34.50349,139.43883,1
-34.50343,139.43974,1
-34.5034,139.46179,1
-34.50301,139.47787,1
-34.50301,139.47787,1
-34.50301,139.47787,1
-34.50301,139.47787,1
-34.50301,139.47787,1
-34.50301,139.47787,1
-34.50295,139.47573,1
-34.50295,139.47573,1
-34.50295,139.47573,1
-34.50295,139.47573,1
-34.50295,139.47573,1
-34.50295,139.47573,1
-34.50295,139.47573,1
-34.50295,139.47573,1
-34.50295,139.47573,1
-34.50295,139.47573,1
-34.50295,139.47573,1
-34.50295,139.47573,1
-34.50295,139.47573,1
-34.50295,139.47573,1
-34.50295,139.47573,1
-34.50295,139.47573,1
-34.50295,139.47573,1
-34.50295,139.47573,1
-34.50295,139.47573,1
-34.50295,139.47573,1
-34.50295,139.47573,1
-34.50295,139.47573,1
-34.50295,139.47573,1
-34.50295,139.47573,1
-34.50295,139.47573,1
-34.50295,139.47573,1
-34.50295,139.47573,1
-34.50295,139.47573,1
-34.50295,139.47573,1
-34.50295,139.47573,1
-34.50295,139.47573,1
-34.50295,139.47573,1
-34.50295,139.47573,1
-34.50295,139.47573,1
-34.50295,139.47573,1
-34.50295,139.47573,1
-34.50295,139.47573,1
-34.50295,139.47573,1
-34.50295,139.47573,1
-34.50295,139.47573,1
-34.50295,139.47573,1
-34.50295,139.47573,1
-34.50295,139.47573,1
-34.50295,139.47573,1
-34.50295,139.47573,1
-34.50295,139.47573,1
-34.50295,139.47573,1
-34.50295,139.47573,1
-34.50278,139.45565,1
-34.50278,139.45565,1
-34.50278,139.45565,1
-34.50278,139.45565,1
-34.50278,139.45565,1
-34.50278,139.45565,1
-34.50278,139.45565,1
-34.50278,139.45565,1
-34.50278,139.45565,1
-34.50278,139.45565,1
-34.50278,139.45565,1
-34.50278,139.45565,1
-34.50278,139.45565,1
-34.50278,139.45565,1
-34.50278,139.45565,1
-34.50278,139.45565,1
-34.50278,139.45565,1
-34.50278,139.45565,1
-34.50278,139.45565,1
-34.50256,139.47803,1
-34.50256,139.47803,1
-34.50256,139.47803,1
-34.50214,139.46496,1
-34.50214,139.46496,1
-34.50214,139.46496,1
-34.50214,139.46496,1
-34.50214,139.46496,1
-34.50214,139.46496,1
-34.50214,139.46496,1
-34.50214,139.46496,1
-34.50214,139.46496,1
-34.50214,139.46496,1
-34.50214,139.46496,1
-34.50214,139.46496,1
-34.50214,139.46496,1
-34.50214,139.46496,1
-34.50214,139.46496,1
-34.50214,139.46496,1
-34.50214,139.46496,1
-34.50214,139.46496,1
-34.50214,139.46496,1
-34.50214,139.46496,1
-34.50214,139.46496,1
-34.50214,139.46496,1
-34.50214,139.46496,1
-34.50214,139.46496,1
-34.50214,139.46496,1
-34.50214,139.46496,1
-34.50214,139.46496,1
-34.50214,139.46496,1
-34.50212,139.47364,1
-34.50212,139.47364,1
-34.50212,139.47364,1
-34.50212,139.47364,1
-34.50212,139.47364,1
-34.50212,139.47364,1
-34.50212,139.47364,1
-34.50212,139.47364,1
-34.50212,139.47364,1
-34.50212,139.47364,1
-34.50212,139.47364,1
-34.50212,139.47364,1
-34.50212,139.47364,1
-34.50212,139.47364,1
-34.50212,139.47364,1
-34.50212,139.47364,1
-34.50212,139.47364,1
-34.50212,139.47364,1
-34.50212,139.47364,1
-34.50212,139.47364,1
-34.50212,139.47364,1
-34.50212,139.47364,1
-34.5021,139.46848,1
-34.5021,139.46848,1
-34.5021,139.46848,1
-34.5021,139.46848,1
-34.5021,139.46848,1
-34.5021,139.46848,1
-34.5021,139.46848,1
-34.5021,139.46848,1
-34.5021,139.46848,1
-34.5021,139.46848,1
-34.5021,139.46848,1
-34.5021,139.46848,1
-34.5021,139.46848,1
-34.50206,139.46339,1
-34.50206,139.46339,1
-34.50206,139.46339,1
-34.50206,139.46339,1
-34.50206,139.46339,1
-34.50206,139.46339,1
-34.50206,139.46339,1
-34.50206,139.46339,1
-34.50206,139.46339,1
-34.50204,139.45842,1
-34.50204,139.45842,1
-34.50204,139.45842,1
-34.50204,139.45842,1
-34.50204,139.45842,1
-34.50204,139.45842,1
-34.50204,139.45842,1
-34.50203,139.45355,1
-34.50203,139.45355,1
-34.50203,139.45355,1
-34.50203,139.45355,1
-34.50203,139.45355,1
-34.50203,139.45355,1
-34.50198,139.44865,1
-34.50198,139.44865,1
-34.50198,139.44865,1
-34.50198,139.44865,1
-34.50198,139.44865,1
-34.50198,139.44865,1
-34.50198,139.44865,1
-34.50198,139.44865,1
-34.50198,139.44865,1
-34.50075,139.44114,1
-34.50075,139.44114,1
-34.50075,139.44114,1
-34.50075,139.44114,1
-34.50075,139.44114,1
-34.50075,139.44114,1
-34.50075,139.44114,1
-34.50075,139.44114,1
-34.50075,139.44114,1
-34.50075,139.44114,1
-34.50075,139.44114,1
-34.50075,139.44114,1
-34.50075,139.44114,1
-34.50075,139.44114,1
-34.50075,139.44114,1
-34.50075,139.44114,1
-34.50075,139.44114,1
-34.50075,139.44114,1
-34.50075,139.44114,1
-34.50075,139.44114,1
-34.50075,139.44114,1
-34.50075,139.44114,1
-34.50075,139.44114,1
-34.50075,139.44114,1
-34.50075,139.44114,1
-34.5,139.07,1
-34.49742,139.39748,1
-34.49742,139.39748,1
-34.49742,139.39748,1
-34.49742,139.39748,1
-34.49742,139.39748,1
-34.49742,139.39748,1
-34.49742,139.39748,1
-34.49742,139.39748,1
-34.49742,139.39748,1
-34.49742,139.39748,1
-34.49742,139.39748,1
-34.49742,139.39748,1
-34.49742,139.39748,1
-34.49742,139.39748,1
-34.49742,139.39748,1
-34.49742,139.39748,1
-34.49742,139.39748,1
-34.49742,139.39748,1
-34.49742,139.39748,1
-34.49742,139.39748,1
-34.49742,139.39748,1
-34.49742,139.39748,1
-34.49742,139.39748,1
-34.49742,139.39748,1
-34.49742,139.39748,1
-34.49742,139.39748,1
-34.49742,139.39748,1
-34.49742,139.39748,1
-34.49742,139.39748,1
-34.49742,139.39748,1
-34.49742,139.39748,1
-34.49742,139.39748,1
-34.49742,139.39748,1
-34.49742,139.39748,1
-34.49742,139.39748,1
-34.49742,139.39748,1
-34.49742,139.39748,1
-34.49742,139.39748,1
-34.49742,139.39748,1
-34.49742,139.39748,1
-34.49742,139.39748,1
-34.49742,139.39748,1
-34.49357,139.43543,1
-34.49357,139.43543,1
-34.49357,139.43543,1
-34.49357,139.43543,1
-34.49357,139.43543,1
-34.49357,139.43543,1
-34.49357,139.43543,1
-34.49357,139.43543,1
-34.49357,139.43543,1
-34.49357,139.43543,1
-34.49357,139.43543,1
-34.49357,139.43543,1
-34.49357,139.43543,1
-34.49357,139.43543,1
-34.49357,139.43543,1
-34.49357,139.43543,1
-34.4921,139.45031,1
-34.4921,139.45031,1
-34.4921,139.45031,1
-34.4921,139.45031,1
-34.4921,139.45031,1
-34.4921,139.45031,1
-34.4921,139.45031,1
-34.4921,139.45031,1
-34.4921,139.45031,1
-34.4921,139.45031,1
-34.4921,139.45031,1
-34.4921,139.45031,1
-34.4921,139.45031,1
-34.4921,139.45031,1
-34.4921,139.45031,1
-34.4921,139.45031,1
-34.4921,139.45031,1
-34.4921,139.45031,1
-34.4921,139.45031,1
-34.4921,139.45031,1
-34.48757,139.41981,1
-34.48757,139.41981,1
-34.48757,139.41981,1
-34.48757,139.41981,1
-34.48757,139.41981,1
-34.48757,139.41981,1
-34.48757,139.41981,1
-34.48757,139.41981,1
-34.48757,139.41981,1
-34.48757,139.41981,1
-34.48757,139.41981,1
-34.47931,139.47625,1
-34.47931,139.47625,1
-34.47931,139.47625,1
-34.47931,139.47625,1
-34.47931,139.47625,1
-34.47931,139.47625,1
-34.47931,139.47625,1
-34.47931,139.47625,1
-34.47931,139.47625,1
-34.47931,139.47625,1
-34.47931,139.47625,1
-34.47931,139.47625,1
-34.47931,139.47625,1
-34.47931,139.47625,1
-34.47931,139.47625,1
-34.47931,139.47625,1
-34.47931,139.47625,1
-34.47931,139.47625,1
-34.47931,139.47625,1
-34.47931,139.47625,1
-34.47931,139.47625,1
-34.47931,139.47625,1
-34.47931,139.47625,1
-34.47931,139.47625,1
-34.47931,139.47625,1
-34.47931,139.47625,1
-34.47931,139.47625,1
-34.47931,139.47625,1
-34.47931,139.47625,1
-34.47931,139.47625,1
-34.47931,139.47625,1
-34.47931,139.47625,1
-34.47931,139.47625,1
-34.47931,139.47625,1
-34.47931,139.47625,1
-34.47931,139.47625,1
-34.47931,139.47625,1
-34.47931,139.47625,1
-34.47931,139.47625,1
-34.47931,139.47625,1
-34.47931,139.47625,1
-34.47931,139.47625,1
-34.47862,139.45442,1
-34.47862,139.45442,1
-34.47862,139.45442,1
-34.47862,139.45442,1
-34.47862,139.45442,1
-34.47862,139.45442,1
-34.47862,139.45442,1
-34.47862,139.45442,1
-34.47862,139.45442,1
-34.47862,139.45442,1
-34.47862,139.45442,1
-34.47862,139.45442,1
-34.47862,139.45442,1
-34.47862,139.45442,1
-34.47862,139.45442,1
-34.47862,139.45442,1
-34.47862,139.45442,1
-34.47862,139.45442,1
-34.47862,139.45442,1
-34.47862,139.45442,1
-34.47862,139.45442,1
-34.47862,139.45442,1
-34.47862,139.45442,1
-34.47862,139.45442,1
-34.4366,116.05251,1
-34.433333,139.6,1
-34.3806,139.4853,1
-34.3333,139,1
-34.3,117.5,1
-34.3,117.5,1
-34.286755,142.568202,1
-34.286755,142.568202,1
-34.286755,142.568202,1
-34.285253,142.553515,1
-34.285253,142.553515,1
-34.285253,142.553515,1
-34.285253,142.553515,1
-34.285253,142.553515,1
-34.282782,142.590505,1
-34.282782,142.590505,1
-34.279939,142.531622,1
-34.279939,142.531622,1
-34.279345,142.531046,1
-34.279345,142.531046,1
-34.279345,142.531046,1
-34.279345,142.531046,1
-34.279345,142.531046,1
-34.279345,142.531046,1
-34.277905,142.577941,1
-34.274414,142.571118,1
-34.274414,142.571118,1
-34.274414,142.571118,1
-34.271311,142.521462,1
-34.271311,142.521462,1
-34.271311,142.521462,1
-34.27064,142.543875,1
-34.27064,142.543875,1
-34.270556,142.593631,1
-34.270556,142.593631,1
-34.270556,142.593631,1
-34.270556,142.593631,1
-34.270556,142.593631,1
-34.270523,142.557447,1
-34.270523,142.557447,1
-34.270523,142.557447,1
-34.270523,142.557447,1
-34.270523,142.557447,1
-34.270523,142.557447,1
-34.269243,142.566764,1
-34.268306,142.593394,1
-34.264363,142.595095,1
-34.264363,142.595095,1
-34.264363,142.595095,1
-34.264363,142.595095,1
-34.264363,142.595095,1
-34.264064,142.538505,1
-34.260906,142.512853,1
-34.260906,142.512853,1
-34.259306,142.557689,1
-34.254976,142.552176,1
-34.254976,142.552176,1
-34.254976,142.552176,1
-34.248815,142.571316,1
-34.248815,142.571316,1
-34.248759,142.59771,1
-34.248759,142.59771,1
-34.24858,142.516662,1
-34.24858,142.516662,1
-34.248573,142.502903,1
-34.248573,142.502903,1
-34.2485,142.33463,1
-34.2485,142.33463,1
-34.2485,142.33463,1
-34.2485,142.33463,1
-34.2485,142.33463,1
-34.2485,142.33463,1
-34.2485,142.33463,1
-34.248413,142.529826,1
-34.248071,142.543658,1
-34.248071,142.543658,1
-34.248071,142.543658,1
-34.248071,142.543658,1
-34.248071,142.543658,1
-34.247751,142.557532,1
-34.247751,142.557532,1
-34.245783,142.599486,1
-34.241417,142.537087,1
-34.23959,142.600949,1
-34.23959,142.600949,1
-34.23959,142.600949,1
-34.238301,142.562228,1
-34.238301,142.562228,1
-34.238301,142.562228,1
-34.237407,142.502357,1
-34.237288,142.597461,1
-34.237288,142.597461,1
-34.237288,142.597461,1
-34.237072,142.516072,1
-34.236709,142.532135,1
-34.236709,142.532135,1
-34.236572,142.570348,1
-34.236572,142.570348,1
-34.236572,142.570348,1
-34.233526,142.532368,1
-34.233526,142.532368,1
-34.229998,142.538546,1
-34.227965,142.545655,1
-34.227708,142.51794,1
-34.227708,142.51794,1
-34.227708,142.51794,1
-34.227708,142.51794,1
-34.227204,142.603875,1
-34.227204,142.603875,1
-34.226404,142.489159,1
-34.226404,142.489159,1
-34.226311,142.502585,1
-34.226311,142.502585,1
-34.22594,142.529823,1
-34.225937,142.543055,1
-34.225606,142.597718,1
-34.225606,142.597718,1
-34.225606,142.597718,1
-34.225606,142.597718,1
-34.225606,142.597718,1
-34.225606,142.597718,1
-34.225606,142.597718,1
-34.225345,142.547494,1
-34.225345,142.547494,1
-34.225345,142.547494,1
-34.225345,142.547494,1
-34.225223,142.58482,1
-34.221558,142.599708,1
-34.22101,142.605338,1
-34.217604,142.515031,1
-34.217604,142.515031,1
-34.21744,142.573925,1
-34.21744,142.573925,1
-34.21744,142.573925,1
-34.214667,142.515727,1
-34.214613,142.543157,1
-34.214376,142.555984,1
-34.214376,142.555984,1
-34.214376,142.555984,1
-34.214376,142.555984,1
-34.214376,142.555984,1
-34.214312,142.556567,1
-34.212555,142.569114,1
-34.212555,142.569114,1
-34.212263,142.504878,1
-34.209139,142.607089,1
-34.209139,142.607089,1
-34.208529,142.554968,1
-34.20767,142.564304,1
-34.20767,142.564304,1
-34.206651,142.600108,1
-34.206651,142.600108,1
-34.206651,142.600108,1
-34.205857,142.596862,1
-34.205857,142.596862,1
-34.205857,142.596862,1
-34.205857,142.596862,1
-34.205857,142.596862,1
-34.205857,142.596862,1
-34.205857,142.596862,1
-34.205857,142.596862,1
-34.205857,142.596862,1
-34.205857,142.596862,1
-34.204162,142.593127,1
-34.204083,142.516324,1
-34.204083,142.516324,1
-34.204083,142.516324,1
-34.204083,142.516324,1
-34.203748,142.502215,1
-34.203748,142.502215,1
-34.20353,142.51584,1
-34.20353,142.51584,1
-34.20353,142.51584,1
-34.2032,142.48886,1
-34.203152,142.523133,1
-34.203141,142.556406,1
-34.203141,142.556406,1
-34.203141,142.556406,1
-34.203141,142.556406,1
-34.201347,142.520762,1
-34.201347,142.520762,1
-34.201347,142.520762,1
-34.199976,142.529402,1
-34.199976,142.529402,1
-34.199506,142.518192,1
-34.199413,142.518088,1
-34.197742,142.515853,1
-34.19598,142.513508,1
-34.195143,142.534277,1
-34.195052,142.512004,1
-34.195052,142.512004,1
-34.195052,142.512004,1
-34.195052,142.512004,1
-34.195052,142.512004,1
-34.194636,142.490128,1
-34.194636,142.490128,1
-34.192008,142.542675,1
-34.192008,142.542675,1
-34.192008,142.542675,1
-34.192008,142.542675,1
-34.192008,142.542675,1
-34.192008,142.542675,1
-34.192008,142.542675,1
-34.192008,142.542675,1
-34.191583,142.494427,1
-34.191583,142.494427,1
-34.191583,142.494427,1
-34.191583,142.494427,1
-34.190247,142.53907,1
-34.190247,142.53907,1
-34.187577,142.500295,1
-34.18685,142.544683,1
-34.186732,142.544271,1
-34.186732,142.544271,1
-34.186732,142.544271,1
-34.186732,142.544271,1
-34.186732,142.544271,1
-34.185316,142.519249,1
-34.185189,142.532223,1
-34.183938,142.521319,1
-34.183792,142.524476,1
-34.183792,142.524476,1
-34.175676,142.23287,1
-34.12,141.92,1
-34.12,141.92,1
-34.12,141.92,1
-34.12,141.92,1
-34.12,141.92,1
-34.12,141.92,1
-34.12,141.92,1
-34.12,141.92,1
-34.12,141.92,1
-34.106945,141.91917,1
-34.106945,141.91917,1
-34.106945,141.91917,1
-34.106945,141.91917,1
-34.106945,141.91917,1
-34.1,117.3,1
-34.1,117.3,1
-34.1,117.3,1
-34.1,117.3,1
-33.95,141.95,1
-33.948154,141.959047,1
-33.8,117.1,1
-33.8,117.1,1
-33.75,135.75,1
-33.5,148.31667,1
-33.39017,141.31988,1
-33.227948,141.165849,1
-33.221463,141.135338,1
-33.219354,141.163503,1
-33.219354,141.163503,1
-33.219354,141.163503,1
-33.219354,141.163503,1
-33.219354,141.163503,1
-33.219354,141.163503,1
-33.219354,141.163503,1
-33.219354,141.163503,1
-33.219354,141.163503,1
-33.219354,141.163503,1
-33.219354,141.163503,1
-33.219354,141.163503,1
-33.219354,141.163503,1
-33.218774,141.158331,1
-33.218774,141.158331,1
-33.218774,141.158331,1
-33.218774,141.158331,1
-33.218774,141.158331,1
-33.218774,141.158331,1
-33.218774,141.158331,1
-33.218774,141.158331,1
-33.218774,141.158331,1
-33.218774,141.158331,1
-33.218774,141.158331,1
-33.21836,141.143768,1
-33.218229,141.152838,1
-33.218229,141.152838,1
-33.218229,141.152838,1
-33.218229,141.152838,1
-33.218229,141.152838,1
-33.218229,141.152838,1
-33.218229,141.152838,1
-33.218229,141.152838,1
-33.218229,141.152838,1
-33.217752,141.164885,1
-33.217752,141.164885,1
-33.217752,141.164885,1
-33.217752,141.164885,1
-33.217752,141.164885,1
-33.217752,141.164885,1
-33.217752,141.164885,1
-33.217752,141.164885,1
-33.217752,141.164885,1
-33.217752,141.164885,1
-33.217752,141.164885,1
-33.217752,141.164885,1
-33.217752,141.164885,1
-33.217752,141.164885,1
-33.217752,141.164885,1
-33.217752,141.164885,1
-33.217752,141.164885,1
-33.217752,141.164885,1
-33.217752,141.164885,1
-33.217752,141.164885,1
-33.217752,141.164885,1
-33.217752,141.164885,1
-33.217752,141.164885,1
-33.217748,141.164886,1
-33.217748,141.164886,1
-33.217748,141.164886,1
-33.217748,141.164886,1
-33.217748,141.164886,1
-33.217748,141.164886,1
-33.217748,141.164886,1
-33.217748,141.164886,1
-33.217748,141.164886,1
-33.217748,141.164886,1
-33.217748,141.164886,1
-33.217748,141.164886,1
-33.217748,141.164886,1
-33.217748,141.164886,1
-33.217748,141.164886,1
-33.217748,141.164886,1
-33.217748,141.164886,1
-33.217748,141.164886,1
-33.217687,141.147467,1
-33.217687,141.147467,1
-33.217687,141.147467,1
-33.217687,141.147467,1
-33.217687,141.147467,1
-33.217687,141.147467,1
-33.217687,141.147467,1
-33.217687,141.147467,1
-33.217687,141.147467,1
-33.217687,141.147467,1
-33.217687,141.147467,1
-33.217687,141.147467,1
-33.217687,141.147467,1
-33.217687,141.147467,1
-33.217687,141.147467,1
-33.217687,141.147467,1
-33.217267,141.159562,1
-33.217267,141.159562,1
-33.217267,141.159562,1
-33.217267,141.159562,1
-33.217267,141.159562,1
-33.217267,141.159562,1
-33.217267,141.159562,1
-33.217267,141.159562,1
-33.217267,141.159562,1
-33.217267,141.159562,1
-33.217267,141.159562,1
-33.217267,141.159562,1
-33.217267,141.159562,1
-33.217267,141.159562,1
-33.217267,141.159562,1
-33.217267,141.159562,1
-33.217267,141.159562,1
-33.217267,141.159562,1
-33.217267,141.159562,1
-33.217267,141.159562,1
-33.217267,141.159562,1
-33.217267,141.159562,1
-33.217267,141.159562,1
-33.217267,141.159562,1
-33.217267,141.159562,1
-33.217267,141.159562,1
-33.217265,141.159562,1
-33.217265,141.159562,1
-33.217265,141.159562,1
-33.217265,141.159562,1
-33.217265,141.159562,1
-33.217265,141.159562,1
-33.217265,141.159562,1
-33.217265,141.159562,1
-33.217265,141.159562,1
-33.217265,141.159562,1
-33.217265,141.159562,1
-33.217265,141.159562,1
-33.217265,141.159562,1
-33.217265,141.159562,1
-33.217265,141.159562,1
-33.217265,141.159562,1
-33.217265,141.159562,1
-33.217265,141.159562,1
-33.217265,141.159562,1
-33.217265,141.159562,1
-33.217265,141.159562,1
-33.217265,141.159562,1
-33.217265,141.159562,1
-33.217265,141.159562,1
-33.217265,141.159562,1
-33.217265,141.159562,1
-33.217265,141.159562,1
-33.217265,141.159562,1
-33.217265,141.159562,1
-33.217265,141.159562,1
-33.217265,141.159562,1
-33.217265,141.159562,1
-33.217265,141.159562,1
-33.217265,141.159562,1
-33.217265,141.159562,1
-33.217265,141.159562,1
-33.217265,141.159562,1
-33.217134,141.142004,1
-33.217134,141.142004,1
-33.217134,141.142004,1
-33.217134,141.142004,1
-33.217134,141.142004,1
-33.217134,141.142004,1
-33.217134,141.142004,1
-33.217134,141.142004,1
-33.217134,141.142004,1
-33.216665,141.154064,1
-33.216665,141.154064,1
-33.216665,141.154064,1
-33.216665,141.154064,1
-33.216665,141.154064,1
-33.216665,141.154064,1
-33.216665,141.154064,1
-33.216665,141.154064,1
-33.216665,141.154064,1
-33.216665,141.154064,1
-33.216665,141.154064,1
-33.216665,141.154064,1
-33.216665,141.154064,1
-33.216665,141.154064,1
-33.216665,141.154064,1
-33.216665,141.154064,1
-33.216665,141.154064,1
-33.216665,141.154064,1
-33.216665,141.154064,1
-33.216665,141.154064,1
-33.216665,141.154064,1
-33.216665,141.154064,1
-33.216665,141.154064,1
-33.216665,141.154064,1
-33.216661,141.154067,1
-33.216661,141.154067,1
-33.216661,141.154067,1
-33.216661,141.154067,1
-33.216661,141.154067,1
-33.216661,141.154067,1
-33.216661,141.154067,1
-33.216661,141.154067,1
-33.216661,141.154067,1
-33.216661,141.154067,1
-33.216661,141.154067,1
-33.216661,141.154067,1
-33.216661,141.154067,1
-33.216661,141.154067,1
-33.216661,141.154067,1
-33.216661,141.154067,1
-33.216661,141.154067,1
-33.216661,141.154067,1
-33.216661,141.154067,1
-33.216661,141.154067,1
-33.216661,141.154067,1
-33.216615,141.136374,1
-33.216615,141.136374,1
-33.216615,141.136374,1
-33.216615,141.136374,1
-33.216615,141.136374,1
-33.216615,141.136374,1
-33.216615,141.136374,1
-33.216615,141.136374,1
-33.216615,141.136374,1
-33.216615,141.136374,1
-33.216615,141.136374,1
-33.216615,141.136374,1
-33.216615,141.136374,1
-33.216135,141.148732,1
-33.216135,141.148732,1
-33.216135,141.148732,1
-33.216135,141.148732,1
-33.216135,141.148732,1
-33.216135,141.148732,1
-33.216135,141.148732,1
-33.216135,141.148732,1
-33.216135,141.148732,1
-33.216135,141.148732,1
-33.216135,141.148732,1
-33.216135,141.148732,1
-33.216135,141.148732,1
-33.216135,141.148732,1
-33.216135,141.148732,1
-33.216135,141.148732,1
-33.216135,141.148732,1
-33.216135,141.148732,1
-33.216135,141.148732,1
-33.216135,141.148732,1
-33.216135,141.148732,1
-33.216135,141.148732,1
-33.216135,141.148732,1
-33.216135,141.148732,1
-33.216131,141.14873,1
-33.216131,141.14873,1
-33.216131,141.14873,1
-33.216131,141.14873,1
-33.216131,141.14873,1
-33.216131,141.14873,1
-33.216131,141.14873,1
-33.216131,141.14873,1
-33.216131,141.14873,1
-33.216131,141.14873,1
-33.216131,141.14873,1
-33.216131,141.14873,1
-33.216131,141.14873,1
-33.216131,141.14873,1
-33.216131,141.14873,1
-33.216131,141.14873,1
-33.216131,141.14873,1
-33.216131,141.14873,1
-33.216131,141.14873,1
-33.216131,141.14873,1
-33.216131,141.14873,1
-33.216131,141.14873,1
-33.216131,141.14873,1
-33.216131,141.14873,1
-33.216131,141.14873,1
-33.216131,141.14873,1
-33.216131,141.14873,1
-33.216131,141.14873,1
-33.216131,141.14873,1
-33.216131,141.14873,1
-33.216131,141.14873,1
-33.216131,141.14873,1
-33.216131,141.14873,1
-33.216131,141.14873,1
-33.216131,141.14873,1
-33.216131,141.14873,1
-33.216009,141.130942,1
-33.216009,141.130942,1
-33.216009,141.130942,1
-33.216009,141.130942,1
-33.216009,141.130942,1
-33.216009,141.130942,1
-33.216009,141.130942,1
-33.216009,141.130942,1
-33.216009,141.130942,1
-33.216009,141.130942,1
-33.216009,141.130942,1
-33.216009,141.130942,1
-33.215823,141.145598,1
-33.215636,141.143892,1
-33.215564,141.14328,1
-33.215564,141.14328,1
-33.215564,141.14328,1
-33.215564,141.14328,1
-33.215564,141.14328,1
-33.215564,141.14328,1
-33.215564,141.14328,1
-33.215564,141.14328,1
-33.215564,141.14328,1
-33.215564,141.14328,1
-33.215564,141.14328,1
-33.215564,141.14328,1
-33.215564,141.14328,1
-33.215564,141.14328,1
-33.215564,141.14328,1
-33.215564,141.14328,1
-33.215564,141.14328,1
-33.215564,141.14328,1
-33.215564,141.14328,1
-33.215564,141.14328,1
-33.215564,141.14328,1
-33.215564,141.14328,1
-33.215564,141.14328,1
-33.215561,141.143285,1
-33.215561,141.143285,1
-33.215561,141.143285,1
-33.215561,141.143285,1
-33.215561,141.143285,1
-33.215561,141.143285,1
-33.215561,141.143285,1
-33.215561,141.143285,1
-33.215561,141.143285,1
-33.215561,141.143285,1
-33.215561,141.143285,1
-33.215561,141.143285,1
-33.215561,141.143285,1
-33.215561,141.143285,1
-33.215561,141.143285,1
-33.215561,141.143285,1
-33.215561,141.143285,1
-33.215561,141.143285,1
-33.215561,141.143285,1
-33.215561,141.143285,1
-33.215561,141.143285,1
-33.215561,141.143285,1
-33.215561,141.143285,1
-33.215561,141.143285,1
-33.215561,141.143285,1
-33.215561,141.143285,1
-33.215561,141.143285,1
-33.215561,141.143285,1
-33.215561,141.143285,1
-33.215537,141.143184,1
-33.215437,141.125799,1
-33.215437,141.125799,1
-33.215437,141.125799,1
-33.215437,141.125799,1
-33.215437,141.125799,1
-33.215437,141.125799,1
-33.215437,141.125799,1
-33.215437,141.125799,1
-33.215437,141.125799,1
-33.215437,141.125799,1
-33.215437,141.125799,1
-33.215437,141.125799,1
-33.215437,141.125799,1
-33.215437,141.125799,1
-33.215437,141.125799,1
-33.215437,141.125799,1
-33.215437,141.125799,1
-33.215437,141.125799,1
-33.215404,141.141928,1
-33.215386,141.141939,1
-33.215377,141.141499,1
-33.215333,141.140833,1
-33.215261,141.140286,1
-33.214978,141.137746,1
-33.214978,141.137746,1
-33.214978,141.137746,1
-33.214978,141.137746,1
-33.214978,141.137746,1
-33.214978,141.137746,1
-33.214978,141.137746,1
-33.214978,141.137746,1
-33.214978,141.137746,1
-33.214978,141.137746,1
-33.214978,141.137746,1
-33.214978,141.137746,1
-33.214978,141.137746,1
-33.214978,141.137746,1
-33.214978,141.137746,1
-33.214978,141.137746,1
-33.214978,141.137746,1
-33.214978,141.137746,1
-33.214978,141.137746,1
-33.214978,141.137746,1
-33.214978,141.137746,1
-33.214978,141.137746,1
-33.214978,141.137746,1
-33.214978,141.137746,1
-33.214978,141.137746,1
-33.214978,141.137746,1
-33.214978,141.137746,1
-33.214978,141.137746,1
-33.214975,141.137742,1
-33.214975,141.137742,1
-33.214975,141.137742,1
-33.214975,141.137742,1
-33.214975,141.137742,1
-33.214975,141.137742,1
-33.214975,141.137742,1
-33.214975,141.137742,1
-33.214975,141.137742,1
-33.214975,141.137742,1
-33.214975,141.137742,1
-33.214975,141.137742,1
-33.214975,141.137742,1
-33.214975,141.137742,1
-33.214975,141.137742,1
-33.214975,141.137742,1
-33.214975,141.137742,1
-33.214975,141.137742,1
-33.214975,141.137742,1
-33.214975,141.137742,1
-33.214975,141.137742,1
-33.214975,141.137742,1
-33.214975,141.137742,1
-33.21484,141.167069,1
-33.21484,141.167069,1
-33.21484,141.167069,1
-33.21484,141.167069,1
-33.21484,141.167069,1
-33.21484,141.167069,1
-33.21484,141.167069,1
-33.21484,141.167069,1
-33.21484,141.167069,1
-33.21484,141.167069,1
-33.21484,141.167069,1
-33.21484,141.167069,1
-33.21484,141.167069,1
-33.21484,141.167069,1
-33.21484,141.167069,1
-33.21484,141.167069,1
-33.21484,141.167069,1
-33.21484,141.167069,1
-33.21484,141.167069,1
-33.21484,141.167069,1
-33.21484,141.167069,1
-33.21484,141.167069,1
-33.21484,141.167069,1
-33.21484,141.167069,1
-33.21484,141.167069,1
-33.21484,141.167069,1
-33.21484,141.167069,1
-33.21484,141.167069,1
-33.21484,141.167069,1
-33.21484,141.167069,1
-33.214833,141.164129,1
-33.214833,141.164129,1
-33.214833,141.164129,1
-33.214833,141.164129,1
-33.214833,141.164129,1
-33.214833,141.164129,1
-33.214833,141.164129,1
-33.214833,141.164129,1
-33.214833,141.164129,1
-33.214833,141.164129,1
-33.214833,141.164129,1
-33.214704,141.120413,1
-33.214704,141.120413,1
-33.214704,141.120413,1
-33.214704,141.120413,1
-33.214704,141.120413,1
-33.214704,141.120413,1
-33.214704,141.120413,1
-33.214704,141.120413,1
-33.214704,141.120413,1
-33.214704,141.120413,1
-33.214704,141.120413,1
-33.214704,141.120413,1
-33.214704,141.120413,1
-33.214704,141.120413,1
-33.214704,141.120413,1
-33.214704,141.120413,1
-33.214704,141.120413,1
-33.214704,141.120413,1
-33.214654,141.134887,1
-33.214619,141.134114,1
-33.214591,141.14094,1
-33.214591,141.14094,1
-33.214591,141.14094,1
-33.214591,141.14094,1
-33.214591,141.14094,1
-33.214591,141.14094,1
-33.214591,141.14094,1
-33.214591,141.14094,1
-33.214591,141.14094,1
-33.214591,141.14094,1
-33.21456,141.15381,1
-33.21456,141.15381,1
-33.21456,141.15381,1
-33.21456,141.15381,1
-33.21456,141.15381,1
-33.21456,141.15381,1
-33.21456,141.15381,1
-33.21456,141.15381,1
-33.21456,141.15381,1
-33.21456,141.15381,1
-33.21456,141.15381,1
-33.21456,141.15381,1
-33.21456,141.15381,1
-33.21456,141.15381,1
-33.21456,141.15381,1
-33.21456,141.15381,1
-33.21456,141.15381,1
-33.21456,141.15381,1
-33.21456,141.15381,1
-33.21456,141.15381,1
-33.21456,141.15381,1
-33.21456,141.15381,1
-33.21456,141.15381,1
-33.21456,141.15381,1
-33.21456,141.15381,1
-33.21456,141.15381,1
-33.21456,141.15381,1
-33.21456,141.15381,1
-33.21456,141.15381,1
-33.21456,141.15381,1
-33.21456,141.15381,1
-33.21456,141.15381,1
-33.21456,141.15381,1
-33.21456,141.15381,1
-33.21452,141.13346,1
-33.214395,141.132193,1
-33.214395,141.132193,1
-33.214395,141.132193,1
-33.214395,141.132193,1
-33.214395,141.132193,1
-33.214395,141.132193,1
-33.214395,141.132193,1
-33.214395,141.132193,1
-33.214395,141.132193,1
-33.214395,141.132193,1
-33.214395,141.132193,1
-33.214395,141.132193,1
-33.214395,141.132193,1
-33.214395,141.132193,1
-33.214395,141.132193,1
-33.214395,141.132193,1
-33.214395,141.132193,1
-33.214395,141.132193,1
-33.214395,141.132193,1
-33.214395,141.132193,1
-33.214395,141.132193,1
-33.214395,141.132193,1
-33.214391,141.132198,1
-33.214391,141.132198,1
-33.214391,141.132198,1
-33.214391,141.132198,1
-33.214391,141.132198,1
-33.214391,141.132198,1
-33.214391,141.132198,1
-33.214391,141.132198,1
-33.214391,141.132198,1
-33.214391,141.132198,1
-33.214391,141.132198,1
-33.214391,141.132198,1
-33.214391,141.132198,1
-33.214391,141.132198,1
-33.214391,141.132198,1
-33.214391,141.132198,1
-33.214391,141.132198,1
-33.214391,141.132198,1
-33.214391,141.132198,1
-33.214391,141.132198,1
-33.214391,141.132198,1
-33.214391,141.132198,1
-33.214391,141.132198,1
-33.214391,141.132198,1
-33.214391,141.132198,1
-33.214391,141.132198,1
-33.214391,141.132198,1
-33.214391,141.132198,1
-33.214391,141.132198,1
-33.214391,141.132198,1
-33.214391,141.132198,1
-33.214391,141.132198,1
-33.214391,141.132198,1
-33.214391,141.132198,1
-33.214391,141.132198,1
-33.214391,141.132198,1
-33.214391,141.132198,1
-33.214391,141.132198,1
-33.214391,141.132198,1
-33.214391,141.132198,1
-33.21438,141.152882,1
-33.214333,141.167483,1
-33.213841,141.126988,1
-33.213841,141.126988,1
-33.213841,141.126988,1
-33.213841,141.126988,1
-33.213841,141.126988,1
-33.213841,141.126988,1
-33.213841,141.126988,1
-33.213841,141.126988,1
-33.213841,141.126988,1
-33.213841,141.126988,1
-33.213841,141.126988,1
-33.213841,141.126988,1
-33.213841,141.126988,1
-33.213841,141.126988,1
-33.213841,141.126988,1
-33.213841,141.126988,1
-33.213841,141.126988,1
-33.213841,141.126988,1
-33.213841,141.126988,1
-33.213841,141.126988,1
-33.213841,141.126988,1
-33.213841,141.126988,1
-33.213841,141.126988,1
-33.213841,141.126988,1
-33.213841,141.126988,1
-33.213841,141.126988,1
-33.213841,141.126988,1
-33.213841,141.126988,1
-33.213841,141.126988,1
-33.213841,141.126988,1
-33.21384,141.126993,1
-33.21384,141.126993,1
-33.21384,141.126993,1
-33.21384,141.126993,1
-33.21384,141.126993,1
-33.21384,141.126993,1
-33.21384,141.126993,1
-33.21384,141.126993,1
-33.21384,141.126993,1
-33.21384,141.126993,1
-33.21384,141.126993,1
-33.21384,141.126993,1
-33.21384,141.126993,1
-33.21384,141.126993,1
-33.21384,141.126993,1
-33.21384,141.126993,1
-33.21384,141.126993,1
-33.21384,141.126993,1
-33.21384,141.126993,1
-33.21384,141.126993,1
-33.21384,141.126993,1
-33.21384,141.126993,1
-33.21384,141.126993,1
-33.21384,141.126993,1
-33.21384,141.126993,1
-33.21384,141.126993,1
-33.21384,141.126993,1
-33.21384,141.126993,1
-33.21384,141.126993,1
-33.21384,141.126993,1
-33.213623,141.153042,1
-33.213616,141.128176,1
-33.213616,141.128176,1
-33.213616,141.128176,1
-33.213616,141.128176,1
-33.213616,141.128176,1
-33.213616,141.128176,1
-33.213616,141.128176,1
-33.213616,141.128176,1
-33.213616,141.128176,1
-33.213616,141.128176,1
-33.213616,141.128176,1
-33.213616,141.128176,1
-33.213616,141.128176,1
-33.213616,141.128176,1
-33.213616,141.128176,1
-33.213616,141.128176,1
-33.213616,141.128176,1
-33.213616,141.128176,1
-33.213616,141.128176,1
-33.213616,141.128176,1
-33.213616,141.128176,1
-33.213616,141.128176,1
-33.213616,141.128176,1
-33.213616,141.128176,1
-33.213616,141.128176,1
-33.213616,141.128176,1
-33.213616,141.128176,1
-33.213616,141.128176,1
-33.213616,141.128176,1
-33.213616,141.128176,1
-33.213616,141.128176,1
-33.213616,141.128176,1
-33.213616,141.128176,1
-33.213616,141.128176,1
-33.213616,141.128176,1
-33.213616,141.128176,1
-33.213616,141.128176,1
-33.213616,141.128176,1
-33.213616,141.128176,1
-33.213616,141.128176,1
-33.213616,141.128176,1
-33.213616,141.128176,1
-33.213616,141.128176,1
-33.213616,141.128176,1
-33.213616,141.128176,1
-33.213616,141.128176,1
-33.213616,141.128176,1
-33.213616,141.128176,1
-33.213616,141.128176,1
-33.213616,141.128176,1
-33.213616,141.128176,1
-33.213616,141.128176,1
-33.213616,141.128176,1
-33.213616,141.128176,1
-33.213616,141.128176,1
-33.213433,141.153031,1
-33.213193,141.1695,1
-33.213193,141.1695,1
-33.213193,141.1695,1
-33.213193,141.1695,1
-33.213193,141.1695,1
-33.213193,141.1695,1
-33.213193,141.1695,1
-33.213193,141.1695,1
-33.213193,141.1695,1
-33.213193,141.1695,1
-33.213193,141.1695,1
-33.213193,141.1695,1
-33.213193,141.1695,1
-33.213193,141.1695,1
-33.213193,141.1695,1
-33.213193,141.1695,1
-33.213193,141.1695,1
-33.213193,141.1695,1
-33.213193,141.1695,1
-33.213193,141.1695,1
-33.213193,141.1695,1
-33.213187,141.165591,1
-33.213187,141.165591,1
-33.213187,141.165591,1
-33.213187,141.165591,1
-33.213187,141.165591,1
-33.213187,141.165591,1
-33.213187,141.165591,1
-33.213187,141.165591,1
-33.213187,141.165591,1
-33.213187,141.165591,1
-33.213187,141.165591,1
-33.213187,141.165591,1
-33.213187,141.165591,1
-33.213187,141.165591,1
-33.213187,141.165591,1
-33.213187,141.165591,1
-33.213187,141.165591,1
-33.213187,141.165591,1
-33.213187,141.165591,1
-33.213187,141.165591,1
-33.213187,141.165591,1
-33.213187,141.165591,1
-33.213187,141.165591,1
-33.213187,141.165591,1
-33.213187,141.165591,1
-33.213187,141.165591,1
-33.213187,141.165591,1
-33.213187,141.165591,1
-33.213187,141.165591,1
-33.213187,141.165591,1
-33.213187,141.165591,1
-33.213187,141.165591,1
-33.213187,141.165591,1
-33.213187,141.165591,1
-33.213187,141.165591,1
-33.213187,141.165591,1
-33.213187,141.165591,1
-33.213187,141.165591,1
-33.213187,141.165591,1
-33.213187,141.165591,1
-33.213187,141.165591,1
-33.213183,141.165585,1
-33.213183,141.165585,1
-33.213183,141.165585,1
-33.213183,141.165585,1
-33.213183,141.165585,1
-33.213183,141.165585,1
-33.213183,141.165585,1
-33.213183,141.165585,1
-33.213183,141.165585,1
-33.213183,141.165585,1
-33.213183,141.165585,1
-33.213183,141.165585,1
-33.213183,141.165585,1
-33.213183,141.165585,1
-33.213183,141.165585,1
-33.213183,141.165585,1
-33.213183,141.165585,1
-33.213183,141.165585,1
-33.213183,141.165585,1
-33.213183,141.165585,1
-33.213183,141.165585,1
-33.213183,141.165585,1
-33.213183,141.165585,1
-33.213183,141.165585,1
-33.213183,141.165585,1
-33.213183,141.165585,1
-33.213183,141.165585,1
-33.213183,141.165585,1
-33.213064,141.121627,1
-33.213064,141.121627,1
-33.213064,141.121627,1
-33.213064,141.121627,1
-33.213064,141.121627,1
-33.213064,141.121627,1
-33.213064,141.121627,1
-33.213064,141.121627,1
-33.213064,141.121627,1
-33.213064,141.121627,1
-33.213064,141.121627,1
-33.213064,141.121627,1
-33.213064,141.121627,1
-33.213064,141.121627,1
-33.213064,141.121627,1
-33.213064,141.121627,1
-33.213064,141.121627,1
-33.213064,141.121627,1
-33.213064,141.121627,1
-33.213064,141.121627,1
-33.213062,141.121632,1
-33.213062,141.121632,1
-33.213062,141.121632,1
-33.213062,141.121632,1
-33.213062,141.121632,1
-33.213062,141.121632,1
-33.213062,141.121632,1
-33.213062,141.121632,1
-33.213062,141.121632,1
-33.213062,141.121632,1
-33.213062,141.121632,1
-33.213062,141.121632,1
-33.213062,141.121632,1
-33.213062,141.121632,1
-33.213062,141.121632,1
-33.213062,141.121632,1
-33.213062,141.121632,1
-33.212847,141.15318,1
-33.212789,141.132942,1
-33.212663,141.132759,1
-33.212455,141.132759,1
-33.212201,141.17478,1
-33.212201,141.17478,1
-33.212201,141.17478,1
-33.212201,141.17478,1
-33.212201,141.17478,1
-33.212201,141.17478,1
-33.212201,141.17478,1
-33.212201,141.17478,1
-33.212201,141.17478,1
-33.212201,141.17478,1
-33.211947,141.166921,1
-33.211947,141.166921,1
-33.211947,141.166921,1
-33.211947,141.166921,1
-33.211947,141.166921,1
-33.211947,141.166921,1
-33.211947,141.166921,1
-33.211947,141.166921,1
-33.211947,141.166921,1
-33.211947,141.166921,1
-33.211947,141.166921,1
-33.211947,141.166921,1
-33.211947,141.166921,1
-33.211947,141.166921,1
-33.211947,141.166921,1
-33.211947,141.166921,1
-33.211947,141.166921,1
-33.211947,141.166921,1
-33.211947,141.166921,1
-33.211947,141.166921,1
-33.211947,141.166921,1
-33.211947,141.166921,1
-33.211947,141.166921,1
-33.211947,141.166921,1
-33.211947,141.166921,1
-33.211947,141.166921,1
-33.211947,141.166921,1
-33.211947,141.166921,1
-33.211674,141.167801,1
-33.211619,141.170858,1
-33.211619,141.170858,1
-33.211619,141.170858,1
-33.211619,141.170858,1
-33.211619,141.170858,1
-33.211619,141.170858,1
-33.211619,141.170858,1
-33.211619,141.170858,1
-33.211619,141.170858,1
-33.211619,141.170858,1
-33.211619,141.170858,1
-33.211619,141.170858,1
-33.211619,141.170858,1
-33.211619,141.170858,1
-33.211619,141.170858,1
-33.211619,141.170858,1
-33.211619,141.170858,1
-33.211619,141.170858,1
-33.211619,141.170858,1
-33.211619,141.170858,1
-33.211619,141.170858,1
-33.211619,141.170858,1
-33.211619,141.170858,1
-33.211619,141.170858,1
-33.211619,141.170858,1
-33.211619,141.170858,1
-33.211619,141.170858,1
-33.211619,141.170858,1
-33.211619,141.170858,1
-33.211619,141.170858,1
-33.211619,141.170858,1
-33.211619,141.170858,1
-33.211619,141.170858,1
-33.211619,141.170858,1
-33.211619,141.170858,1
-33.211619,141.170858,1
-33.211619,141.170858,1
-33.211615,141.170862,1
-33.211615,141.170862,1
-33.211615,141.170862,1
-33.211615,141.170862,1
-33.211615,141.170862,1
-33.211615,141.170862,1
-33.211615,141.170862,1
-33.211615,141.170862,1
-33.211615,141.170862,1
-33.211615,141.170862,1
-33.211615,141.170862,1
-33.211615,141.170862,1
-33.211615,141.170862,1
-33.211615,141.170862,1
-33.211615,141.170862,1
-33.211615,141.170862,1
-33.211615,141.170862,1
-33.211615,141.170862,1
-33.211615,141.170862,1
-33.211615,141.170862,1
-33.211615,141.170862,1
-33.211615,141.170862,1
-33.211615,141.170862,1
-33.211557,141.153328,1
-33.211523,141.132223,1
-33.211523,141.132223,1
-33.211523,141.132223,1
-33.211523,141.132223,1
-33.211523,141.132223,1
-33.211523,141.132223,1
-33.211523,141.132223,1
-33.211523,141.132223,1
-33.211523,141.132223,1
-33.211523,141.132223,1
-33.211523,141.132223,1
-33.211523,141.132223,1
-33.211523,141.132223,1
-33.211523,141.132223,1
-33.211523,141.132223,1
-33.211523,141.132223,1
-33.211523,141.132223,1
-33.211159,141.168178,1
-33.21111,141.180273,1
-33.21111,141.180273,1
-33.21111,141.180273,1
-33.21111,141.180273,1
-33.211087,141.153402,1
-33.210861,141.16821,1
-33.210636,141.153498,1
-33.210564,141.176246,1
-33.210564,141.176246,1
-33.210564,141.176246,1
-33.210564,141.176246,1
-33.210564,141.176246,1
-33.210564,141.176246,1
-33.210564,141.176246,1
-33.210564,141.176246,1
-33.210564,141.176246,1
-33.210564,141.176246,1
-33.210564,141.176246,1
-33.210564,141.176246,1
-33.210564,141.176246,1
-33.210564,141.176246,1
-33.210564,141.176246,1
-33.210564,141.176246,1
-33.210564,141.176246,1
-33.210564,141.176246,1
-33.210564,141.176246,1
-33.210564,141.176246,1
-33.210564,141.176246,1
-33.210564,141.176246,1
-33.210564,141.176246,1
-33.210564,141.176246,1
-33.210564,141.176246,1
-33.210564,141.176246,1
-33.210564,141.176246,1
-33.210564,141.176246,1
-33.210564,141.176246,1
-33.210564,141.176246,1
-33.210564,141.176246,1
-33.210564,141.176246,1
-33.210564,141.176246,1
-33.210564,141.176246,1
-33.210564,141.176246,1
-33.210564,141.176246,1
-33.210561,141.176246,1
-33.210561,141.176246,1
-33.210561,141.176246,1
-33.210561,141.176246,1
-33.210561,141.176246,1
-33.210561,141.176246,1
-33.210561,141.176246,1
-33.210561,141.176246,1
-33.210561,141.176246,1
-33.210561,141.176246,1
-33.210561,141.176246,1
-33.210561,141.176246,1
-33.210561,141.176246,1
-33.210561,141.176246,1
-33.210561,141.176246,1
-33.210561,141.176246,1
-33.210561,141.176246,1
-33.210561,141.176246,1
-33.210561,141.176246,1
-33.210561,141.176246,1
-33.210561,141.176246,1
-33.210561,141.176246,1
-33.210561,141.176246,1
-33.210561,141.176246,1
-33.210561,141.176246,1
-33.210561,141.176246,1
-33.210561,141.176246,1
-33.210506,141.168445,1
-33.210344,141.133346,1
-33.210326,141.133357,1
-33.21019,141.133389,1
-33.210165,141.120932,1
-33.210165,141.120932,1
-33.210165,141.120932,1
-33.210165,141.120932,1
-33.210165,141.120932,1
-33.210165,141.120932,1
-33.210165,141.120932,1
-33.210165,141.120932,1
-33.210165,141.120932,1
-33.210165,141.120932,1
-33.210165,141.120932,1
-33.210165,141.120932,1
-33.210165,141.120932,1
-33.210165,141.120932,1
-33.210165,141.120932,1
-33.210165,141.120932,1
-33.210127,141.133507,1
-33.210004,141.185781,1
-33.210004,141.185781,1
-33.210004,141.185781,1
-33.210004,141.185781,1
-33.210004,141.185781,1
-33.210004,141.185781,1
-33.210004,141.185781,1
-33.210004,141.185781,1
-33.210004,141.185781,1
-33.210004,141.185781,1
-33.210004,141.185781,1
-33.210004,141.185781,1
-33.209997,141.166717,1
-33.209978,141.167243,1
-33.20996,141.16721,1
-33.20996,141.167006,1
-33.20996,141.167243,1
-33.209951,141.167135,1
-33.209947,141.133603,1
-33.209947,141.133603,1
-33.209947,141.133603,1
-33.209947,141.133603,1
-33.209947,141.133603,1
-33.209947,141.133603,1
-33.209947,141.133603,1
-33.209947,141.133603,1
-33.209947,141.133603,1
-33.209947,141.133603,1
-33.209947,141.133603,1
-33.209947,141.133603,1
-33.209947,141.133603,1
-33.209947,141.133603,1
-33.209947,141.133603,1
-33.209947,141.133603,1
-33.209947,141.133603,1
-33.209947,141.133603,1
-33.209947,141.133603,1
-33.209947,141.133603,1
-33.209947,141.133603,1
-33.209947,141.133603,1
-33.209947,141.133603,1
-33.209947,141.133603,1
-33.209947,141.133603,1
-33.209947,141.133603,1
-33.209947,141.133603,1
-33.209947,141.133603,1
-33.209947,141.133603,1
-33.209947,141.133603,1
-33.209945,141.133605,1
-33.209945,141.133605,1
-33.209945,141.133605,1
-33.209945,141.133605,1
-33.209945,141.133605,1
-33.209945,141.133605,1
-33.209945,141.133605,1
-33.209945,141.133605,1
-33.209945,141.133605,1
-33.209945,141.133605,1
-33.209945,141.133605,1
-33.209945,141.133605,1
-33.209945,141.133605,1
-33.209945,141.133605,1
-33.209945,141.133605,1
-33.209945,141.133605,1
-33.209945,141.133605,1
-33.209945,141.133605,1
-33.209945,141.133605,1
-33.209945,141.133605,1
-33.209945,141.133605,1
-33.209945,141.133605,1
-33.209945,141.133605,1
-33.209945,141.133605,1
-33.209945,141.133605,1
-33.209945,141.133605,1
-33.209945,141.133605,1
-33.209945,141.133605,1
-33.209945,141.133605,1
-33.209944,141.165869,1
-33.209943,141.166352,1
-33.209943,141.166513,1
-33.209942,141.166942,1
-33.209936,141.165214,1
-33.209935,141.166148,1
-33.209934,141.166513,1
-33.209934,141.166566,1
-33.209934,141.166373,1
-33.209933,141.16706,1
-33.209927,141.164774,1
-33.209927,141.165322,1
-33.209926,141.165805,1
-33.209926,141.165998,1
-33.209925,141.166223,1
-33.209918,141.164914,1
-33.209918,141.164957,1
-33.209918,141.164742,1
-33.209918,141.164957,1
-33.209909,141.164764,1
-33.209909,141.16485,1
-33.209891,141.164871,1
-33.209721,141.133678,1
-33.209703,141.133688,1
-33.209577,141.133645,1
-33.209502,141.181628,1
-33.209502,141.181628,1
-33.209502,141.181628,1
-33.209502,141.181628,1
-33.209502,141.181628,1
-33.209502,141.181628,1
-33.209502,141.181628,1
-33.209502,141.181628,1
-33.209502,141.181628,1
-33.209502,141.181628,1
-33.209502,141.181628,1
-33.209502,141.181628,1
-33.209502,141.181628,1
-33.209502,141.181628,1
-33.209502,141.181628,1
-33.209502,141.181628,1
-33.209502,141.181628,1
-33.209498,141.181631,1
-33.209498,141.181631,1
-33.209498,141.181631,1
-33.209498,141.181631,1
-33.209498,141.181631,1
-33.209498,141.181631,1
-33.209498,141.181631,1
-33.209498,141.181631,1
-33.209498,141.181631,1
-33.209498,141.181631,1
-33.209498,141.181631,1
-33.209498,141.181631,1
-33.209498,141.181631,1
-33.209498,141.181631,1
-33.209498,141.181631,1
-33.209498,141.181631,1
-33.209498,141.181631,1
-33.209498,141.181631,1
-33.209498,141.181631,1
-33.209498,141.181631,1
-33.209498,141.181631,1
-33.209498,141.181631,1
-33.209498,141.181631,1
-33.209498,141.181631,1
-33.209498,141.181631,1
-33.209498,141.181631,1
-33.209498,141.181631,1
-33.209498,141.181631,1
-33.209498,141.181631,1
-33.209414,141.133656,1
-33.209367,141.166288,1
-33.208467,141.133837,1
-33.208427,141.122196,1
-33.208427,141.122196,1
-33.208427,141.122196,1
-33.208427,141.122196,1
-33.208427,141.122196,1
-33.208427,141.122196,1
-33.208427,141.122196,1
-33.208427,141.122196,1
-33.208427,141.122196,1
-33.208427,141.122196,1
-33.208427,141.122196,1
-33.208427,141.122196,1
-33.208427,141.122196,1
-33.208427,141.122196,1
-33.208427,141.122196,1
-33.208427,141.122196,1
-33.208427,141.122196,1
-33.208427,141.122196,1
-33.208427,141.122196,1
-33.208427,141.122196,1
-33.208427,141.122196,1
-33.208427,141.122196,1
-33.208425,141.122195,1
-33.208425,141.122195,1
-33.208425,141.122195,1
-33.208425,141.122195,1
-33.208425,141.122195,1
-33.208425,141.122195,1
-33.208425,141.122195,1
-33.208425,141.122195,1
-33.208425,141.122195,1
-33.208425,141.122195,1
-33.208425,141.122195,1
-33.208425,141.122195,1
-33.208425,141.122195,1
-33.208425,141.122195,1
-33.208425,141.122195,1
-33.208425,141.122195,1
-33.208425,141.122195,1
-33.208425,141.122195,1
-33.208425,141.122195,1
-33.208425,141.122195,1
-33.208425,141.122195,1
-33.208425,141.122195,1
-33.208425,141.122195,1
-33.208425,141.122195,1
-33.208425,141.122195,1
-33.208421,141.187159,1
-33.208421,141.187159,1
-33.208421,141.187159,1
-33.208421,141.187159,1
-33.208421,141.187159,1
-33.208421,141.187159,1
-33.208421,141.187159,1
-33.208421,141.187159,1
-33.208421,141.187159,1
-33.208421,141.187159,1
-33.208421,141.187159,1
-33.208421,141.187159,1
-33.208421,141.187159,1
-33.208421,141.187159,1
-33.208421,141.187159,1
-33.208421,141.187159,1
-33.208421,141.187159,1
-33.208421,141.187159,1
-33.208421,141.187159,1
-33.208421,141.187159,1
-33.208421,141.187159,1
-33.208421,141.187159,1
-33.208421,141.187159,1
-33.208421,141.187159,1
-33.208421,141.187159,1
-33.208421,141.187159,1
-33.208421,141.187159,1
-33.208416,141.187155,1
-33.208416,141.187155,1
-33.208416,141.187155,1
-33.208416,141.187155,1
-33.208416,141.187155,1
-33.208416,141.187155,1
-33.208416,141.187155,1
-33.208416,141.187155,1
-33.208416,141.187155,1
-33.208416,141.187155,1
-33.208416,141.187155,1
-33.208416,141.187155,1
-33.208416,141.187155,1
-33.208416,141.187155,1
-33.208416,141.187155,1
-33.208416,141.187155,1
-33.208416,141.187155,1
-33.208416,141.187155,1
-33.208416,141.187155,1
-33.208416,141.187155,1
-33.208416,141.187155,1
-33.208416,141.187155,1
-33.208416,141.187155,1
-33.208416,141.187155,1
-33.208416,141.187155,1
-33.208416,141.187155,1
-33.208416,141.187155,1
-33.208416,141.187155,1
-33.208416,141.187155,1
-33.208416,141.187155,1
-33.207775,141.168977,1
-33.207738,141.169749,1
-33.20772,141.169309,1
-33.20761,141.170983,1
-33.207554,141.171905,1
-33.207546,141.171777,1
-33.207536,141.171884,1
-33.207518,141.172141,1
-33.207518,141.172474,1
-33.207518,141.172109,1
-33.207509,141.172324,1
-33.207509,141.171895,1
-33.207509,141.171981,1
-33.207509,141.172324,1
-33.2075,141.172474,1
-33.2075,141.172088,1
-33.20749,141.172689,1
-33.20749,141.172689,1
-33.20749,141.172689,1
-33.20749,141.172689,1
-33.207482,141.172453,1
-33.207473,141.172442,1
-33.207446,141.172141,1
-33.207445,141.172442,1
-33.207445,141.172453,1
-33.207435,141.1733,1
-33.207363,141.173321,1
-33.207193,141.133307,1
-33.207193,141.133307,1
-33.207193,141.133307,1
-33.207193,141.133307,1
-33.207193,141.133307,1
-33.207193,141.133307,1
-33.207193,141.133307,1
-33.207193,141.133307,1
-33.207193,141.133307,1
-33.207193,141.133307,1
-33.207193,141.133307,1
-33.20694,141.179029,1
-33.206922,141.178879,1
-33.206922,141.178879,1
-33.206903,141.179598,1
-33.206895,141.179093,1
-33.206886,141.172333,1
-33.206885,141.179501,1
-33.206847,141.180971,1
-33.206847,141.180746,1
-33.20684,141.179876,1
-33.206822,141.184469,1
-33.206822,141.184469,1
-33.206822,141.184469,1
-33.206822,141.184469,1
-33.206822,141.184469,1
-33.206822,141.184469,1
-33.206822,141.184469,1
-33.20682,141.1811,1
-33.206756,141.181722,1
-33.2067,141.182827,1
-33.206691,141.182591,1
-33.206607,141.172301,1
-33.206323,141.179006,1
-33.206323,141.179006,1
-33.206323,141.179006,1
-33.206323,141.179006,1
-33.206323,141.179006,1
-33.206323,141.179006,1
-33.206323,141.179006,1
-33.206323,141.179006,1
-33.206323,141.179006,1
-33.206323,141.179006,1
-33.206323,141.179006,1
-33.206323,141.179006,1
-33.206323,141.179006,1
-33.206323,141.179006,1
-33.206323,141.179006,1
-33.206323,141.179006,1
-33.206323,141.179006,1
-33.206323,141.179006,1
-33.205773,141.17365,1
-33.205773,141.17365,1
-33.205773,141.17365,1
-33.205773,141.17365,1
-33.205773,141.17365,1
-33.205773,141.17365,1
-33.205773,141.17365,1
-33.205773,141.17365,1
-33.205773,141.17365,1
-33.205773,141.17365,1
-33.205773,141.17365,1
-33.205773,141.17365,1
-33.205773,141.17365,1
-33.205773,141.17365,1
-33.205773,141.17365,1
-33.205773,141.17365,1
-33.205773,141.17365,1
-33.205773,141.17365,1
-33.205639,141.134606,1
-33.205639,141.134606,1
-33.205639,141.134606,1
-33.205639,141.134606,1
-33.205639,141.134606,1
-33.205639,141.134606,1
-33.205639,141.134606,1
-33.205639,141.134606,1
-33.205639,141.134606,1
-33.205639,141.134606,1
-33.205639,141.134606,1
-33.205639,141.134606,1
-33.205639,141.134606,1
-33.205639,141.134606,1
-33.205639,141.134606,1
-33.205639,141.134606,1
-33.205639,141.134606,1
-33.205639,141.134606,1
-33.205639,141.134606,1
-33.205639,141.134606,1
-33.205639,141.134606,1
-33.205639,141.134606,1
-33.205639,141.134606,1
-33.205639,141.134606,1
-33.205639,141.134606,1
-33.205639,141.134606,1
-33.205639,141.134606,1
-33.205639,141.134606,1
-33.205639,141.134606,1
-33.205639,141.134606,1
-33.205639,141.134606,1
-33.205639,141.134606,1
-33.205639,141.134606,1
-33.205639,141.134606,1
-33.205639,141.134606,1
-33.205639,141.134606,1
-33.205639,141.134606,1
-33.205639,141.134606,1
-33.205639,141.134606,1
-33.205639,141.134606,1
-33.205639,141.134606,1
-33.205639,141.134606,1
-33.205639,141.134606,1
-33.205639,141.134606,1
-33.205639,141.134606,1
-33.205634,141.134605,1
-33.205634,141.134605,1
-33.205634,141.134605,1
-33.205634,141.134605,1
-33.205634,141.134605,1
-33.205634,141.134605,1
-33.205634,141.134605,1
-33.205634,141.134605,1
-33.205634,141.134605,1
-33.205634,141.134605,1
-33.205634,141.134605,1
-33.205634,141.134605,1
-33.205634,141.134605,1
-33.205634,141.134605,1
-33.205634,141.134605,1
-33.205634,141.134605,1
-33.205634,141.134605,1
-33.205634,141.134605,1
-33.205634,141.134605,1
-33.205634,141.134605,1
-33.205634,141.134605,1
-33.205634,141.134605,1
-33.205634,141.134605,1
-33.205634,141.134605,1
-33.205634,141.134605,1
-33.205634,141.134605,1
-33.205634,141.134605,1
-33.205634,141.134605,1
-33.205634,141.134605,1
-33.205634,141.134605,1
-33.205634,141.134605,1
-33.205634,141.134605,1
-33.205634,141.134605,1
-33.205634,141.134605,1
-33.205634,141.134605,1
-33.205591,141.121481,1
-33.205591,141.121481,1
-33.205591,141.121481,1
-33.205591,141.121481,1
-33.205591,141.121481,1
-33.205591,141.121481,1
-33.205591,141.121481,1
-33.205591,141.121481,1
-33.205591,141.121481,1
-33.205591,141.121481,1
-33.205591,141.121481,1
-33.205591,141.121481,1
-33.205591,141.121481,1
-33.205591,141.121481,1
-33.205571,141.134605,1
-33.205569,141.152824,1
-33.205569,141.152824,1
-33.205369,141.166966,1
-33.205333,141.186236,1
-33.205306,141.186268,1
-33.205244,141.185768,1
-33.205244,141.185768,1
-33.205244,141.185768,1
-33.205244,141.185768,1
-33.205244,141.185768,1
-33.205244,141.185768,1
-33.205244,141.185768,1
-33.205244,141.185768,1
-33.205244,141.185768,1
-33.205244,141.185768,1
-33.205244,141.185768,1
-33.205244,141.185768,1
-33.205244,141.185768,1
-33.205244,141.185768,1
-33.205244,141.185768,1
-33.205244,141.185768,1
-33.205244,141.185768,1
-33.205244,141.185768,1
-33.205244,141.185768,1
-33.205244,141.185768,1
-33.205244,141.185768,1
-33.205244,141.185768,1
-33.205244,141.185768,1
-33.205244,141.185768,1
-33.205244,141.185768,1
-33.205244,141.185768,1
-33.205244,141.185768,1
-33.205244,141.185768,1
-33.205243,141.185764,1
-33.205243,141.185764,1
-33.205243,141.185764,1
-33.205243,141.185764,1
-33.205243,141.185764,1
-33.205243,141.185764,1
-33.205243,141.185764,1
-33.205243,141.185764,1
-33.205243,141.185764,1
-33.205243,141.185764,1
-33.205243,141.185764,1
-33.205243,141.185764,1
-33.205243,141.185764,1
-33.205243,141.185764,1
-33.205243,141.185764,1
-33.205243,141.185764,1
-33.205243,141.185764,1
-33.205243,141.185764,1
-33.205243,141.185764,1
-33.205243,141.185764,1
-33.205243,141.185764,1
-33.205243,141.185764,1
-33.205243,141.185764,1
-33.205243,141.185764,1
-33.205243,141.185764,1
-33.205243,141.185764,1
-33.205243,141.185764,1
-33.205243,141.185764,1
-33.205243,141.185764,1
-33.205243,141.185764,1
-33.205243,141.185764,1
-33.205243,141.185764,1
-33.205243,141.185764,1
-33.205243,141.185764,1
-33.205235,141.185571,1
-33.205174,141.134658,1
-33.205145,141.1663,1
-33.205048,141.134669,1
-33.204964,141.166267,1
-33.204858,141.164053,1
-33.204858,141.164053,1
-33.204858,141.164053,1
-33.204858,141.164053,1
-33.204858,141.164053,1
-33.204858,141.164053,1
-33.204858,141.164053,1
-33.204858,141.164053,1
-33.204858,141.164053,1
-33.204858,141.164053,1
-33.204858,141.164053,1
-33.204858,141.164053,1
-33.204858,141.164053,1
-33.204858,141.164053,1
-33.204858,141.164053,1
-33.204858,141.164053,1
-33.204858,141.164053,1
-33.204858,141.164053,1
-33.204858,141.164053,1
-33.204858,141.164053,1
-33.204858,141.164053,1
-33.204858,141.164053,1
-33.204759,141.134754,1
-33.204723,141.180275,1
-33.204723,141.180275,1
-33.204723,141.180275,1
-33.204723,141.180275,1
-33.204723,141.180275,1
-33.204723,141.180275,1
-33.204723,141.180275,1
-33.204723,141.180275,1
-33.204723,141.180275,1
-33.204723,141.180275,1
-33.204723,141.180275,1
-33.204723,141.180275,1
-33.204723,141.180275,1
-33.204723,141.180275,1
-33.204723,141.180275,1
-33.204723,141.180275,1
-33.204723,141.180275,1
-33.204723,141.180275,1
-33.204723,141.180275,1
-33.204723,141.180275,1
-33.204723,141.180275,1
-33.204723,141.180275,1
-33.204723,141.180275,1
-33.204723,141.180275,1
-33.204723,141.180275,1
-33.204723,141.180275,1
-33.204723,141.180275,1
-33.204723,141.180275,1
-33.204723,141.180275,1
-33.204723,141.180275,1
-33.204723,141.180275,1
-33.204723,141.180275,1
-33.204723,141.180275,1
-33.204723,141.180275,1
-33.204719,141.18028,1
-33.204719,141.18028,1
-33.204719,141.18028,1
-33.204719,141.18028,1
-33.204719,141.18028,1
-33.204719,141.18028,1
-33.204719,141.18028,1
-33.204719,141.18028,1
-33.204719,141.18028,1
-33.204719,141.18028,1
-33.204719,141.18028,1
-33.204719,141.18028,1
-33.204719,141.18028,1
-33.204719,141.18028,1
-33.204719,141.18028,1
-33.204719,141.18028,1
-33.204719,141.18028,1
-33.204719,141.18028,1
-33.204719,141.18028,1
-33.204719,141.18028,1
-33.204719,141.18028,1
-33.204719,141.18028,1
-33.204719,141.18028,1
-33.204719,141.18028,1
-33.204719,141.18028,1
-33.204719,141.18028,1
-33.204719,141.18028,1
-33.204719,141.18028,1
-33.204719,141.18028,1
-33.204719,141.18028,1
-33.204719,141.18028,1
-33.204719,141.18028,1
-33.204719,141.18028,1
-33.204719,141.18028,1
-33.204719,141.18028,1
-33.204525,141.153807,1
-33.204319,141.176309,1
-33.204304,141.15309,1
-33.204278,141.158498,1
-33.204278,141.158498,1
-33.204278,141.158498,1
-33.204278,141.158498,1
-33.204278,141.158498,1
-33.204278,141.158498,1
-33.204278,141.158498,1
-33.204278,141.158498,1
-33.204278,141.158498,1
-33.204278,141.158498,1
-33.204278,141.158498,1
-33.204278,141.158498,1
-33.204278,141.158498,1
-33.204278,141.158498,1
-33.204207,141.174888,1
-33.204207,141.174888,1
-33.204207,141.174888,1
-33.204207,141.174888,1
-33.204207,141.174888,1
-33.204207,141.174888,1
-33.204207,141.174888,1
-33.204207,141.174888,1
-33.204207,141.174888,1
-33.204207,141.174888,1
-33.204207,141.174888,1
-33.204207,141.174888,1
-33.204207,141.174888,1
-33.204207,141.174888,1
-33.204207,141.174888,1
-33.204207,141.174888,1
-33.204207,141.174888,1
-33.204207,141.174888,1
-33.204207,141.174888,1
-33.204207,141.174888,1
-33.204207,141.174888,1
-33.204207,141.174888,1
-33.204207,141.174888,1
-33.204207,141.174888,1
-33.204207,141.174888,1
-33.204204,141.174893,1
-33.204204,141.174893,1
-33.204204,141.174893,1
-33.204204,141.174893,1
-33.204204,141.174893,1
-33.204204,141.174893,1
-33.204204,141.174893,1
-33.204204,141.174893,1
-33.204204,141.174893,1
-33.204204,141.174893,1
-33.204204,141.174893,1
-33.204204,141.174893,1
-33.204204,141.174893,1
-33.204204,141.174893,1
-33.204204,141.174893,1
-33.204204,141.174893,1
-33.204204,141.174893,1
-33.204204,141.174893,1
-33.204204,141.174893,1
-33.204204,141.174893,1
-33.204204,141.174893,1
-33.204204,141.174893,1
-33.204204,141.174893,1
-33.204204,141.174893,1
-33.204204,141.174893,1
-33.204204,141.174893,1
-33.204204,141.174893,1
-33.204204,141.174893,1
-33.204204,141.174893,1
-33.204204,141.174893,1
-33.204204,141.174893,1
-33.204204,141.174893,1
-33.204204,141.174893,1
-33.203912,141.186742,1
-33.203912,141.186742,1
-33.203912,141.186742,1
-33.203912,141.186742,1
-33.203912,141.186742,1
-33.203912,141.186742,1
-33.203912,141.186742,1
-33.203912,141.186742,1
-33.203912,141.186742,1
-33.203912,141.186742,1
-33.203912,141.186742,1
-33.203912,141.186742,1
-33.203912,141.186742,1
-33.203912,141.186742,1
-33.203912,141.186742,1
-33.203909,141.166061,1
-33.203864,141.140961,1
-33.203864,141.140961,1
-33.203864,141.140961,1
-33.203864,141.140961,1
-33.203864,141.140961,1
-33.203864,141.140961,1
-33.203864,141.140961,1
-33.203864,141.140961,1
-33.203864,141.140961,1
-33.203864,141.140961,1
-33.203864,141.140961,1
-33.203864,141.166158,1
-33.203864,141.140961,1
-33.203864,141.140961,1
-33.203864,141.140961,1
-33.203864,141.140961,1
-33.203864,141.140961,1
-33.203864,141.140961,1
-33.203864,141.140961,1
-33.203864,141.140961,1
-33.203864,141.140961,1
-33.203806,141.122716,1
-33.203806,141.122714,1
-33.203806,141.122714,1
-33.203806,141.122714,1
-33.203806,141.122714,1
-33.203806,141.122716,1
-33.203806,141.122716,1
-33.203806,141.122716,1
-33.203806,141.122716,1
-33.203806,141.122714,1
-33.203806,141.122714,1
-33.203806,141.122714,1
-33.203806,141.122716,1
-33.203806,141.122716,1
-33.203806,141.122714,1
-33.203806,141.122714,1
-33.203806,141.122714,1
-33.203806,141.122716,1
-33.203806,141.122716,1
-33.203806,141.122716,1
-33.203806,141.122716,1
-33.203806,141.122716,1
-33.203806,141.122716,1
-33.203806,141.122714,1
-33.203806,141.122714,1
-33.203806,141.122716,1
-33.203806,141.122714,1
-33.203806,141.122714,1
-33.203806,141.122716,1
-33.203806,141.122716,1
-33.203806,141.122716,1
-33.203806,141.122716,1
-33.203806,141.122716,1
-33.203806,141.122716,1
-33.203806,141.122716,1
-33.203806,141.122714,1
-33.203806,141.122716,1
-33.203806,141.122714,1
-33.203806,141.122714,1
-33.203806,141.122716,1
-33.203806,141.122714,1
-33.203806,141.122716,1
-33.203806,141.122716,1
-33.203806,141.122714,1
-33.203806,141.122714,1
-33.203806,141.122714,1
-33.203806,141.122716,1
-33.203806,141.122716,1
-33.203806,141.122716,1
-33.203806,141.122716,1
-33.203806,141.122714,1
-33.203802,141.128023,1
-33.203802,141.128023,1
-33.203802,141.128023,1
-33.203802,141.128023,1
-33.203802,141.128023,1
-33.203802,141.128023,1
-33.203802,141.128023,1
-33.203802,141.128023,1
-33.203802,141.128023,1
-33.203802,141.128023,1
-33.203802,141.128023,1
-33.203802,141.128023,1
-33.203802,141.128023,1
-33.203802,141.128023,1
-33.203802,141.128023,1
-33.203802,141.128023,1
-33.203802,141.128023,1
-33.203802,141.128023,1
-33.203802,141.128023,1
-33.203802,141.128023,1
-33.203802,141.128023,1
-33.203802,141.128023,1
-33.203802,141.128023,1
-33.203802,141.128023,1
-33.203802,141.128023,1
-33.203802,141.128023,1
-33.203802,141.128023,1
-33.203802,141.128023,1
-33.203802,141.128023,1
-33.203802,141.128023,1
-33.203802,141.128023,1
-33.203802,141.128023,1
-33.203802,141.128023,1
-33.203802,141.128023,1
-33.203802,141.128023,1
-33.203802,141.128023,1
-33.203802,141.128023,1
-33.203802,141.128023,1
-33.203802,141.128023,1
-33.203802,141.128023,1
-33.203802,141.128023,1
-33.203802,141.128023,1
-33.203802,141.128023,1
-33.203774,141.153803,1
-33.203774,141.153803,1
-33.203774,141.153803,1
-33.203774,141.153803,1
-33.203774,141.153803,1
-33.203774,141.153803,1
-33.203774,141.153803,1
-33.203774,141.153803,1
-33.203774,141.153803,1
-33.203774,141.153803,1
-33.203774,141.153803,1
-33.203774,141.153803,1
-33.203774,141.153803,1
-33.203774,141.153803,1
-33.203774,141.153803,1
-33.203774,141.153803,1
-33.203774,141.153803,1
-33.203774,141.153803,1
-33.203774,141.153803,1
-33.203774,141.153803,1
-33.203762,141.166712,1
-33.203762,141.166712,1
-33.203762,141.166712,1
-33.203762,141.166712,1
-33.203762,141.166712,1
-33.203762,141.166712,1
-33.203762,141.166712,1
-33.203762,141.166712,1
-33.203762,141.166712,1
-33.203762,141.166712,1
-33.203762,141.166712,1
-33.203706,141.153097,1
-33.203706,141.153097,1
-33.203706,141.153097,1
-33.203706,141.153097,1
-33.203706,141.153097,1
-33.203706,141.153097,1
-33.203706,141.153097,1
-33.2037,141.179597,1
-33.2037,141.179597,1
-33.2037,141.179597,1
-33.2037,141.179597,1
-33.2037,141.179597,1
-33.2037,141.179597,1
-33.2037,141.179597,1
-33.2037,141.179597,1
-33.2037,141.179597,1
-33.2037,141.179597,1
-33.2037,141.179597,1
-33.2037,141.179597,1
-33.2037,141.179597,1
-33.2037,141.179597,1
-33.2037,141.179597,1
-33.203333,141.135363,1
-33.203233,141.165964,1
-33.203225,141.165223,1
-33.203225,141.165223,1
-33.203225,141.165223,1
-33.203225,141.165223,1
-33.203225,141.165223,1
-33.203225,141.165223,1
-33.203225,141.165223,1
-33.203225,141.165223,1
-33.203225,141.165223,1
-33.203225,141.165223,1
-33.203225,141.165223,1
-33.203225,141.165223,1
-33.203225,141.165223,1
-33.203225,141.165223,1
-33.203225,141.165223,1
-33.203225,141.165223,1
-33.203225,141.165223,1
-33.203225,141.165223,1
-33.203225,141.165223,1
-33.203225,141.165223,1
-33.203225,141.165223,1
-33.203225,141.165223,1
-33.203225,141.165223,1
-33.203225,141.165223,1
-33.203224,141.165226,1
-33.203224,141.165226,1
-33.203224,141.165226,1
-33.203224,141.165226,1
-33.203224,141.165226,1
-33.203224,141.165226,1
-33.203224,141.165226,1
-33.203224,141.165226,1
-33.203224,141.165226,1
-33.203224,141.165226,1
-33.203224,141.165226,1
-33.203224,141.165226,1
-33.203224,141.165226,1
-33.203224,141.165226,1
-33.203224,141.165226,1
-33.203224,141.165226,1
-33.203224,141.165226,1
-33.203224,141.165226,1
-33.203224,141.165226,1
-33.203224,141.165226,1
-33.203224,141.165226,1
-33.203224,141.165226,1
-33.203224,141.165226,1
-33.203224,141.165226,1
-33.203224,141.165226,1
-33.203224,141.165226,1
-33.203224,141.165226,1
-33.203224,141.165226,1
-33.203224,141.165226,1
-33.203224,141.165226,1
-33.203224,141.165226,1
-33.203224,141.165226,1
-33.203224,141.165226,1
-33.203224,141.165226,1
-33.203224,141.165226,1
-33.203224,141.165226,1
-33.203224,141.165226,1
-33.203224,141.165226,1
-33.203224,141.165226,1
-33.203224,141.165226,1
-33.203224,141.165226,1
-33.203224,141.165226,1
-33.203224,141.165226,1
-33.203218,141.147726,1
-33.203218,141.147726,1
-33.203218,141.147726,1
-33.203218,141.147726,1
-33.203218,141.147726,1
-33.203218,141.147726,1
-33.203218,141.147726,1
-33.203218,141.147726,1
-33.203218,141.147726,1
-33.203218,141.147726,1
-33.203198,141.135428,1
-33.202699,141.134771,1
-33.202699,141.134771,1
-33.202699,141.134771,1
-33.202699,141.134771,1
-33.202699,141.134771,1
-33.202699,141.134771,1
-33.202699,141.134771,1
-33.202699,141.134771,1
-33.202699,141.134771,1
-33.202699,141.134771,1
-33.202699,141.134771,1
-33.202699,141.134771,1
-33.202699,141.134771,1
-33.202699,141.134771,1
-33.202699,141.134771,1
-33.202682,141.159782,1
-33.202682,141.159782,1
-33.202682,141.159782,1
-33.202682,141.159782,1
-33.202682,141.159782,1
-33.202682,141.159782,1
-33.202682,141.159782,1
-33.202682,141.159782,1
-33.202682,141.159782,1
-33.202682,141.159782,1
-33.202682,141.159782,1
-33.202682,141.159782,1
-33.202682,141.159782,1
-33.202682,141.159782,1
-33.202682,141.159782,1
-33.202682,141.159782,1
-33.202682,141.159782,1
-33.202682,141.159782,1
-33.202682,141.159782,1
-33.202682,141.159782,1
-33.202682,141.159782,1
-33.202682,141.159782,1
-33.202682,141.159782,1
-33.202682,141.159782,1
-33.202682,141.159782,1
-33.202682,141.159782,1
-33.202682,141.159782,1
-33.202682,141.159782,1
-33.202682,141.159782,1
-33.202682,141.159782,1
-33.202682,141.159782,1
-33.202682,141.159782,1
-33.202682,141.159782,1
-33.202681,141.159785,1
-33.202681,141.159785,1
-33.202681,141.159785,1
-33.202681,141.159785,1
-33.202681,141.159785,1
-33.202681,141.159785,1
-33.202681,141.159785,1
-33.202681,141.159785,1
-33.202681,141.159785,1
-33.202681,141.159785,1
-33.202681,141.159785,1
-33.202681,141.159785,1
-33.202681,141.159785,1
-33.202681,141.159785,1
-33.202681,141.159785,1
-33.202681,141.159785,1
-33.202681,141.159785,1
-33.202681,141.159785,1
-33.202681,141.159785,1
-33.202681,141.159785,1
-33.202681,141.159785,1
-33.202681,141.159785,1
-33.202681,141.159785,1
-33.202681,141.159785,1
-33.202681,141.159785,1
-33.202681,141.159785,1
-33.202681,141.159785,1
-33.202681,141.159785,1
-33.202681,141.159785,1
-33.202681,141.159785,1
-33.202681,141.159785,1
-33.202681,141.159785,1
-33.202681,141.159785,1
-33.202681,141.159785,1
-33.202672,141.142462,1
-33.202672,141.142462,1
-33.202672,141.142462,1
-33.202672,141.142462,1
-33.202672,141.142462,1
-33.202672,141.142462,1
-33.202672,141.142462,1
-33.202672,141.142462,1
-33.202643,141.162201,1
-33.202643,141.162201,1
-33.20252,141.165834,1
-33.202487,141.162512,1
-33.202487,141.162512,1
-33.202487,141.162512,1
-33.202487,141.162512,1
-33.202394,141.165887,1
-33.20233,141.188029,1
-33.20233,141.188029,1
-33.20233,141.188029,1
-33.20233,141.188029,1
-33.20233,141.188029,1
-33.20233,141.188029,1
-33.20233,141.188029,1
-33.20233,141.188029,1
-33.20233,141.188029,1
-33.20233,141.188029,1
-33.20233,141.188029,1
-33.20233,141.188029,1
-33.20233,141.188029,1
-33.20233,141.188029,1
-33.20233,141.188029,1
-33.20233,141.188029,1
-33.20233,141.188029,1
-33.20233,141.188029,1
-33.20233,141.188029,1
-33.20233,141.188029,1
-33.20233,141.188029,1
-33.20233,141.188029,1
-33.20233,141.188029,1
-33.20233,141.188029,1
-33.20233,141.188029,1
-33.20233,141.188029,1
-33.20233,141.188029,1
-33.20233,141.188029,1
-33.202327,141.188032,1
-33.202327,141.188032,1
-33.202327,141.188032,1
-33.202327,141.188032,1
-33.202327,141.188032,1
-33.202327,141.188032,1
-33.202327,141.188032,1
-33.202327,141.188032,1
-33.202327,141.188032,1
-33.202327,141.188032,1
-33.202327,141.188032,1
-33.202327,141.188032,1
-33.202327,141.188032,1
-33.202327,141.188032,1
-33.202327,141.188032,1
-33.202327,141.188032,1
-33.202327,141.188032,1
-33.202327,141.188032,1
-33.202327,141.188032,1
-33.202327,141.188032,1
-33.202327,141.188032,1
-33.202327,141.188032,1
-33.202327,141.188032,1
-33.202327,141.188032,1
-33.202327,141.188032,1
-33.202327,141.188032,1
-33.202327,141.188032,1
-33.202327,141.188032,1
-33.202322,141.165801,1
-33.202256,141.173299,1
-33.202256,141.173299,1
-33.202256,141.173299,1
-33.202256,141.173299,1
-33.202256,141.173299,1
-33.202256,141.173299,1
-33.202256,141.173299,1
-33.202256,141.173299,1
-33.202256,141.173299,1
-33.202256,141.173299,1
-33.202256,141.173299,1
-33.202256,141.173299,1
-33.202256,141.173299,1
-33.202256,141.173299,1
-33.202256,141.173299,1
-33.202205,141.165876,1
-33.202156,141.154449,1
-33.202156,141.154449,1
-33.202156,141.154449,1
-33.202156,141.154449,1
-33.202156,141.154449,1
-33.202156,141.154449,1
-33.202156,141.154449,1
-33.202156,141.154449,1
-33.202156,141.154449,1
-33.202156,141.154449,1
-33.202156,141.154449,1
-33.202156,141.154449,1
-33.202156,141.154449,1
-33.202156,141.154449,1
-33.202156,141.154449,1
-33.202156,141.154449,1
-33.202156,141.154449,1
-33.202156,141.154449,1
-33.202156,141.154449,1
-33.202156,141.154449,1
-33.202156,141.154449,1
-33.202156,141.154449,1
-33.202156,141.154449,1
-33.202156,141.154449,1
-33.202156,141.154449,1
-33.202156,141.154449,1
-33.202156,141.154449,1
-33.202156,141.154449,1
-33.202154,141.154449,1
-33.202154,141.154449,1
-33.202154,141.154449,1
-33.202154,141.154449,1
-33.202154,141.154449,1
-33.202154,141.154449,1
-33.202154,141.154449,1
-33.202154,141.154449,1
-33.202154,141.154449,1
-33.202154,141.154449,1
-33.202154,141.154449,1
-33.202154,141.154449,1
-33.202154,141.154449,1
-33.202154,141.154449,1
-33.202154,141.154449,1
-33.202154,141.154449,1
-33.202154,141.154449,1
-33.202154,141.154449,1
-33.202154,141.154449,1
-33.202154,141.154449,1
-33.202154,141.154449,1
-33.202154,141.154449,1
-33.202154,141.154449,1
-33.202154,141.154449,1
-33.202154,141.154449,1
-33.202154,141.154449,1
-33.202154,141.154449,1
-33.202154,141.154449,1
-33.202154,141.154449,1
-33.202154,141.154449,1
-33.202154,141.154449,1
-33.202154,141.154449,1
-33.202154,141.154449,1
-33.202154,141.154449,1
-33.202154,141.154449,1
-33.202154,141.154449,1
-33.202154,141.154449,1
-33.202154,141.154449,1
-33.202154,141.154449,1
-33.201963,141.162311,1
-33.201963,141.162311,1
-33.201961,141.1658,1
-33.201606,141.148962,1
-33.201606,141.148962,1
-33.201606,141.148962,1
-33.201606,141.148962,1
-33.201606,141.148962,1
-33.201606,141.148962,1
-33.201606,141.148962,1
-33.201606,141.148962,1
-33.201606,141.148962,1
-33.201606,141.148962,1
-33.201606,141.148962,1
-33.201606,141.148962,1
-33.201606,141.148962,1
-33.201606,141.148962,1
-33.201606,141.148962,1
-33.201606,141.148962,1
-33.201606,141.148962,1
-33.201606,141.148962,1
-33.201606,141.148962,1
-33.201606,141.148962,1
-33.201606,141.148962,1
-33.201606,141.148962,1
-33.201606,141.148962,1
-33.201606,141.148962,1
-33.201606,141.148962,1
-33.201606,141.148962,1
-33.201606,141.148962,1
-33.201606,141.148962,1
-33.201606,141.148962,1
-33.201606,141.148962,1
-33.201606,141.148962,1
-33.201606,141.148962,1
-33.201606,141.148962,1
-33.201606,141.148962,1
-33.201606,141.148962,1
-33.201606,141.148962,1
-33.201604,141.148965,1
-33.201604,141.148965,1
-33.201604,141.148965,1
-33.201604,141.148965,1
-33.201604,141.148965,1
-33.201604,141.148965,1
-33.201604,141.148965,1
-33.201604,141.148965,1
-33.201604,141.148965,1
-33.201604,141.148965,1
-33.201604,141.148965,1
-33.201604,141.148965,1
-33.201604,141.148965,1
-33.201604,141.148965,1
-33.201604,141.148965,1
-33.201604,141.148965,1
-33.201604,141.148965,1
-33.201604,141.148965,1
-33.201604,141.148965,1
-33.201604,141.148965,1
-33.201604,141.148965,1
-33.201604,141.148965,1
-33.201604,141.148965,1
-33.201604,141.148965,1
-33.201604,141.148965,1
-33.201604,141.148965,1
-33.201604,141.148965,1
-33.201258,141.165541,1
-33.201228,141.156226,1
-33.201228,141.156226,1
-33.201149,141.13609,1
-33.201149,141.13609,1
-33.201149,141.13609,1
-33.201149,141.13609,1
-33.201149,141.13609,1
-33.201149,141.13609,1
-33.201149,141.13609,1
-33.201149,141.13609,1
-33.201149,141.13609,1
-33.201149,141.13609,1
-33.201149,141.13609,1
-33.201149,141.13609,1
-33.201149,141.13609,1
-33.201149,141.13609,1
-33.201149,141.13609,1
-33.201149,141.13609,1
-33.201149,141.13609,1
-33.201149,141.13609,1
-33.201149,141.13609,1
-33.201149,141.13609,1
-33.201149,141.13609,1
-33.201149,141.13609,1
-33.201149,141.13609,1
-33.201149,141.13609,1
-33.201149,141.13609,1
-33.201149,141.13609,1
-33.201149,141.13609,1
-33.201149,141.13609,1
-33.201149,141.13609,1
-33.201149,141.13609,1
-33.201149,141.13609,1
-33.201149,141.13609,1
-33.201149,141.13609,1
-33.201149,141.13609,1
-33.201149,141.13609,1
-33.201149,141.13609,1
-33.201149,141.13609,1
-33.201148,141.13609,1
-33.201148,141.13609,1
-33.201148,141.13609,1
-33.201148,141.13609,1
-33.201148,141.13609,1
-33.201148,141.13609,1
-33.201148,141.13609,1
-33.201148,141.13609,1
-33.201148,141.13609,1
-33.201148,141.13609,1
-33.201148,141.13609,1
-33.201148,141.13609,1
-33.201148,141.13609,1
-33.201148,141.13609,1
-33.201148,141.13609,1
-33.201148,141.13609,1
-33.201148,141.13609,1
-33.201148,141.13609,1
-33.201148,141.154044,1
-33.201148,141.13609,1
-33.201148,141.13609,1
-33.201148,141.13609,1
-33.201148,141.13609,1
-33.201148,141.13609,1
-33.201148,141.13609,1
-33.201148,141.13609,1
-33.201148,141.13609,1
-33.201148,141.13609,1
-33.201148,141.13609,1
-33.201148,141.13609,1
-33.201148,141.13609,1
-33.201148,141.13609,1
-33.201148,141.13609,1
-33.201148,141.13609,1
-33.201148,141.13609,1
-33.201148,141.13609,1
-33.201148,141.13609,1
-33.201148,141.13609,1
-33.201148,141.13609,1
-33.201148,141.13609,1
-33.201148,141.13609,1
-33.201148,141.13609,1
-33.201148,141.13609,1
-33.201148,141.13609,1
-33.201105,141.155395,1
-33.201105,141.155395,1
-33.201097,141.143755,1
-33.201097,141.143755,1
-33.201097,141.143755,1
-33.201097,141.143755,1
-33.201097,141.143755,1
-33.201097,141.143755,1
-33.201097,141.143755,1
-33.201097,141.143755,1
-33.201097,141.143755,1
-33.201097,141.143755,1
-33.201097,141.143755,1
-33.201097,141.143755,1
-33.201097,141.143755,1
-33.201097,141.143755,1
-33.201097,141.143755,1
-33.201097,141.143755,1
-33.201097,141.143755,1
-33.201097,141.143755,1
-33.201097,141.143755,1
-33.201097,141.143755,1
-33.201097,141.143755,1
-33.201097,141.143755,1
-33.201097,141.143755,1
-33.201097,141.143755,1
-33.201097,141.143755,1
-33.201097,141.143755,1
-33.201097,141.143755,1
-33.201097,141.143755,1
-33.201097,141.143755,1
-33.201097,141.143755,1
-33.201097,141.143755,1
-33.201097,141.143755,1
-33.201097,141.143755,1
-33.201097,141.143755,1
-33.201097,141.143755,1
-33.201097,141.143755,1
-33.201097,141.143755,1
-33.201097,141.143755,1
-33.201097,141.143755,1
-33.201097,141.143755,1
-33.201097,141.143755,1
-33.201097,141.143755,1
-33.201097,141.143755,1
-33.201097,141.143755,1
-33.201097,141.143755,1
-33.201097,141.143755,1
-33.201097,141.143755,1
-33.201097,141.143755,1
-33.201097,141.143755,1
-33.201097,141.143755,1
-33.201097,141.143755,1
-33.201097,141.143755,1
-33.201097,141.143755,1
-33.201097,141.143755,1
-33.201097,141.143755,1
-33.201096,141.14375,1
-33.201096,141.14375,1
-33.201096,141.14375,1
-33.201096,141.14375,1
-33.201096,141.14375,1
-33.201096,141.14375,1
-33.201096,141.14375,1
-33.201096,141.14375,1
-33.201096,141.14375,1
-33.201096,141.14375,1
-33.201096,141.14375,1
-33.201096,141.14375,1
-33.201096,141.14375,1
-33.201096,141.14375,1
-33.201096,141.14375,1
-33.201096,141.14375,1
-33.201096,141.14375,1
-33.201096,141.14375,1
-33.201096,141.14375,1
-33.201096,141.14375,1
-33.201096,141.14375,1
-33.201096,141.14375,1
-33.201096,141.14375,1
-33.201096,141.14375,1
-33.201096,141.14375,1
-33.201096,141.14375,1
-33.201096,141.14375,1
-33.201096,141.14375,1
-33.201096,141.14375,1
-33.201096,141.14375,1
-33.201096,141.14375,1
-33.201096,141.14375,1
-33.201096,141.14375,1
-33.201096,141.14375,1
-33.201096,141.14375,1
-33.201096,141.14375,1
-33.201096,141.14375,1
-33.201096,141.14375,1
-33.201057,141.16284,1
-33.200937,141.121969,1
-33.200937,141.121969,1
-33.200937,141.121969,1
-33.200937,141.121969,1
-33.200937,141.121969,1
-33.200937,141.121969,1
-33.200937,141.121969,1
-33.200937,141.121969,1
-33.200937,141.121969,1
-33.200937,141.121969,1
-33.200937,141.121969,1
-33.200937,141.121969,1
-33.200937,141.121969,1
-33.200937,141.121969,1
-33.200889,141.157368,1
-33.200868,141.163931,1
-33.200868,141.163931,1
-33.200868,141.163931,1
-33.200868,141.163931,1
-33.200868,141.163931,1
-33.200868,141.163931,1
-33.200868,141.163931,1
-33.200868,141.163931,1
-33.200868,141.163931,1
-33.200868,141.163931,1
-33.200868,141.163931,1
-33.200868,141.163931,1
-33.200868,141.163931,1
-33.200868,141.163931,1
-33.200868,141.163931,1
-33.200868,141.163931,1
-33.200868,141.163931,1
-33.200868,141.163931,1
-33.200655,141.162958,1
-33.200654,141.162549,1
-33.200654,141.162549,1
-33.200635,141.174544,1
-33.200635,141.174544,1
-33.200635,141.174544,1
-33.200635,141.174544,1
-33.200635,141.174544,1
-33.200635,141.174544,1
-33.200635,141.174544,1
-33.200635,141.174544,1
-33.200635,141.174544,1
-33.200635,141.174544,1
-33.200635,141.174544,1
-33.200635,141.174544,1
-33.200635,141.174544,1
-33.200635,141.174544,1
-33.200635,141.174544,1
-33.200635,141.174544,1
-33.200635,141.174544,1
-33.200635,141.174544,1
-33.200635,141.174544,1
-33.200635,141.174544,1
-33.200635,141.174544,1
-33.200635,141.174544,1
-33.200635,141.174544,1
-33.200635,141.174544,1
-33.200635,141.174544,1
-33.200635,141.174544,1
-33.200632,141.174542,1
-33.200632,141.174542,1
-33.200632,141.174542,1
-33.200632,141.174542,1
-33.200632,141.174542,1
-33.200632,141.174542,1
-33.200632,141.174542,1
-33.200632,141.174542,1
-33.200632,141.174542,1
-33.200632,141.174542,1
-33.200632,141.174542,1
-33.200632,141.174542,1
-33.200632,141.174542,1
-33.200632,141.174542,1
-33.200632,141.174542,1
-33.200632,141.174542,1
-33.200632,141.174542,1
-33.200632,141.174542,1
-33.200632,141.174542,1
-33.200632,141.174542,1
-33.200632,141.174542,1
-33.200632,141.174542,1
-33.200632,141.174542,1
-33.200632,141.174542,1
-33.200632,141.174542,1
-33.200632,141.174542,1
-33.200577,141.116289,1
-33.20028,141.16083,1
-33.20028,141.16083,1
-33.20028,141.16083,1
-33.20028,141.16083,1
-33.20028,141.16083,1
-33.200269,141.157268,1
-33.200269,141.157268,1
-33.200269,141.157268,1
-33.200269,141.157268,1
-33.20021,141.163295,1
-33.20021,141.163295,1
-33.200105,141.136211,1
-33.200105,141.136211,1
-33.200105,141.136211,1
-33.200105,141.136211,1
-33.200105,141.136211,1
-33.200105,141.136211,1
-33.200105,141.136211,1
-33.200105,141.136211,1
-33.200105,141.136211,1
-33.200105,141.136211,1
-33.200105,141.136211,1
-33.200105,141.136211,1
-33.200105,141.136211,1
-33.200105,141.136211,1
-33.200105,141.136211,1
-33.200105,141.136211,1
-33.200105,141.136211,1
-33.200105,141.136211,1
-33.200105,141.136211,1
-33.200105,141.136211,1
-33.200105,141.136211,1
-33.200105,141.136211,1
-33.200105,141.136211,1
-33.200105,141.136211,1
-33.200105,141.136211,1
-33.200105,141.136211,1
-33.200105,141.136211,1
-33.200105,141.136211,1
-33.200105,141.136211,1
-33.200105,141.136211,1
-33.200105,141.136211,1
-33.200105,141.136211,1
-33.200105,141.136211,1
-33.200105,141.136211,1
-33.200105,141.136211,1
-33.200105,141.136211,1
-33.200105,141.136211,1
-33.200105,141.136211,1
-33.200105,141.136211,1
-33.200105,141.136211,1
-33.200105,141.136211,1
-33.200105,141.136211,1
-33.200105,141.136211,1
-33.200105,141.136211,1
-33.200105,141.136211,1
-33.200105,141.136211,1
-33.200105,141.136211,1
-33.200105,141.136211,1
-33.200105,141.136211,1
-33.200105,141.136211,1
-33.200105,141.136211,1
-33.200105,141.136211,1
-33.200105,141.136211,1
-33.200105,141.136211,1
-33.200105,141.136211,1
-33.200105,141.136211,1
-33.200105,141.136211,1
-33.200105,141.136211,1
-33.200105,141.136211,1
-33.200105,141.136211,1
-33.200105,141.136211,1
-33.200105,141.136211,1
-33.200105,141.136211,1
-33.200105,141.136211,1
-33.200105,141.136211,1
-33.200105,141.136211,1
-33.200105,141.136211,1
-33.200105,141.136211,1
-33.200105,141.136211,1
-33.200105,141.136211,1
-33.200105,141.136211,1
-33.200105,141.136211,1
-33.200105,141.136211,1
-33.200105,141.136211,1
-33.200105,141.136211,1
-33.200105,141.136211,1
-33.200105,141.136211,1
-33.200105,141.136211,1
-33.200105,141.136211,1
-33.200105,141.136211,1
-33.200105,141.136211,1
-33.200105,141.136211,1
-33.200105,141.136211,1
-33.200105,141.136211,1
-33.200105,141.136211,1
-33.200105,141.136211,1
-33.200105,141.136211,1
-33.200105,141.136211,1
-33.200105,141.136211,1
-33.200105,141.136211,1
-33.200105,141.136211,1
-33.200105,141.136211,1
-33.200105,141.136211,1
-33.200105,141.136211,1
-33.200105,141.136211,1
-33.200105,141.136211,1
-33.200105,141.136211,1
-33.200105,141.136211,1
-33.200105,141.136211,1
-33.200105,141.136211,1
-33.200105,141.136211,1
-33.200105,141.136211,1
-33.200105,141.136211,1
-33.200105,141.136211,1
-33.200105,141.136211,1
-33.200105,141.136211,1
-33.200105,141.136211,1
-33.200105,141.136211,1
-33.200105,141.136211,1
-33.200105,141.136211,1
-33.200105,141.136211,1
-33.200105,141.136211,1
-33.200105,141.136211,1
-33.200105,141.136211,1
-33.200105,141.136211,1
-33.200105,141.136211,1
-33.200105,141.136211,1
-33.200105,141.136211,1
-33.200105,141.136211,1
-33.200105,141.136211,1
-33.200105,141.136211,1
-33.200105,141.136211,1
-33.200105,141.136211,1
-33.200105,141.136211,1
-33.200105,141.136211,1
-33.200105,141.136211,1
-33.200105,141.136211,1
-33.200105,141.136211,1
-33.200105,141.136211,1
-33.200105,141.136211,1
-33.200105,141.136211,1
-33.200105,141.136211,1
-33.200105,141.136211,1
-33.200105,141.136211,1
-33.200105,141.136211,1
-33.200105,141.136211,1
-33.200105,141.136211,1
-33.200105,141.136211,1
-33.200105,141.136211,1
-33.200105,141.136211,1
-33.200105,141.136211,1
-33.200105,141.136211,1
-33.200105,141.136211,1
-33.200105,141.136211,1
-33.200105,141.136211,1
-33.200105,141.136211,1
-33.200105,141.136211,1
-33.200105,141.136211,1
-33.200105,141.136211,1
-33.200105,141.136211,1
-33.200105,141.136211,1
-33.200105,141.136211,1
-33.200105,141.136211,1
-33.200105,141.136211,1
-33.200105,141.136211,1
-33.200105,141.136211,1
-33.200105,141.136211,1
-33.200105,141.136211,1
-33.200105,141.136211,1
-33.200105,141.136211,1
-33.200105,141.136211,1
-33.200105,141.136211,1
-33.200105,141.136211,1
-33.200105,141.136211,1
-33.200105,141.136211,1
-33.200105,141.136211,1
-33.200105,141.136211,1
-33.200105,141.136211,1
-33.200105,141.136211,1
-33.200105,141.136211,1
-33.200105,141.136211,1
-33.200105,141.136211,1
-33.200105,141.136211,1
-33.200105,141.136211,1
-33.200105,141.136211,1
-33.200105,141.136211,1
-33.200105,141.136211,1
-33.200105,141.136211,1
-33.200105,141.136211,1
-33.200105,141.136211,1
-33.200105,141.136211,1
-33.200105,141.136211,1
-33.200105,141.136211,1
-33.200105,141.136211,1
-33.200105,141.136211,1
-33.200105,141.136211,1
-33.200105,141.136211,1
-33.200105,141.136211,1
-33.200105,141.136211,1
-33.200105,141.136211,1
-33.200105,141.136211,1
-33.200105,141.136211,1
-33.200105,141.136211,1
-33.200105,141.136211,1
-33.200105,141.136211,1
-33.200105,141.136211,1
-33.200105,141.136211,1
-33.200105,141.136211,1
-33.200105,141.136211,1
-33.200105,141.136211,1
-33.200105,141.136211,1
-33.200105,141.136211,1
-33.200105,141.136211,1
-33.200105,141.136211,1
-33.200105,141.136211,1
-33.200105,141.136211,1
-33.200105,141.136211,1
-33.200105,141.136211,1
-33.200105,141.136211,1
-33.200105,141.136211,1
-33.200105,141.136211,1
-33.200105,141.136211,1
-33.200105,141.136211,1
-33.200105,141.136211,1
-33.200105,141.136211,1
-33.200105,141.136211,1
-33.200105,141.136211,1
-33.200105,141.136211,1
-33.200105,141.136211,1
-33.200105,141.136211,1
-33.200105,141.136211,1
-33.200105,141.136211,1
-33.200105,141.136211,1
-33.200105,141.136211,1
-33.200105,141.136211,1
-33.200105,141.136211,1
-33.200105,141.136211,1
-33.200105,141.136211,1
-33.200105,141.136211,1
-33.200105,141.136211,1
-33.200105,141.136211,1
-33.200105,141.136211,1
-33.200105,141.136211,1
-33.200105,141.136211,1
-33.200105,141.136211,1
-33.200105,141.136211,1
-33.200105,141.136211,1
-33.200105,141.136211,1
-33.200105,141.136211,1
-33.200105,141.136211,1
-33.200105,141.136211,1
-33.200105,141.136211,1
-33.200105,141.136211,1
-33.200105,141.136211,1
-33.200105,141.136211,1
-33.200105,141.136211,1
-33.200105,141.136211,1
-33.200105,141.136211,1
-33.200105,141.136211,1
-33.200105,141.136211,1
-33.200105,141.136211,1
-33.200105,141.136211,1
-33.200105,141.136211,1
-33.200105,141.136211,1
-33.200105,141.136211,1
-33.200105,141.136211,1
-33.200105,141.136211,1
-33.200105,141.136211,1
-33.200105,141.136211,1
-33.200105,141.136211,1
-33.200105,141.136211,1
-33.200105,141.136211,1
-33.200105,141.136211,1
-33.200105,141.136211,1
-33.200105,141.136211,1
-33.200105,141.136211,1
-33.200105,141.136211,1
-33.200105,141.136211,1
-33.200105,141.136211,1
-33.200105,141.136211,1
-33.200105,141.136211,1
-33.200105,141.136211,1
-33.200105,141.136211,1
-33.200105,141.136211,1
-33.200105,141.136211,1
-33.200105,141.136211,1
-33.200105,141.136211,1
-33.200105,141.136211,1
-33.200105,141.136211,1
-33.200105,141.136211,1
-33.200105,141.136211,1
-33.200105,141.136211,1
-33.200105,141.136211,1
-33.200105,141.136211,1
-33.200105,141.136211,1
-33.200105,141.136211,1
-33.200105,141.136211,1
-33.200105,141.136211,1
-33.200105,141.136211,1
-33.200105,141.136211,1
-33.200105,141.136211,1
-33.200105,141.136211,1
-33.200105,141.136211,1
-33.200105,141.136211,1
-33.200105,141.136211,1
-33.200105,141.136211,1
-33.200105,141.136211,1
-33.200105,141.136211,1
-33.200105,141.136211,1
-33.200105,141.136211,1
-33.200105,141.136211,1
-33.200105,141.136211,1
-33.200105,141.136211,1
-33.200105,141.136211,1
-33.200105,141.136211,1
-33.200105,141.136211,1
-33.200105,141.136211,1
-33.200105,141.136211,1
-33.200105,141.136211,1
-33.200105,141.136211,1
-33.200105,141.136211,1
-33.200105,141.136211,1
-33.200105,141.136211,1
-33.200105,141.136211,1
-33.200105,141.136211,1
-33.200105,141.136211,1
-33.200105,141.136211,1
-33.200105,141.136211,1
-33.200105,141.136211,1
-33.200105,141.136211,1
-33.200105,141.136211,1
-33.200105,141.136211,1
-33.200105,141.136211,1
-33.200105,141.136211,1
-33.200105,141.136211,1
-33.200105,141.136211,1
-33.200105,141.136211,1
-33.200105,141.136211,1
-33.200105,141.136211,1
-33.200105,141.136211,1
-33.200105,141.136211,1
-33.200105,141.136211,1
-33.200105,141.136211,1
-33.200105,141.136211,1
-33.200105,141.136211,1
-33.200105,141.136211,1
-33.200105,141.136211,1
-33.200105,141.136211,1
-33.200105,141.136211,1
-33.200105,141.136211,1
-33.200105,141.136211,1
-33.200105,141.136211,1
-33.200105,141.136211,1
-33.200105,141.136211,1
-33.200105,141.136211,1
-33.200105,141.136211,1
-33.200105,141.136211,1
-33.200105,141.136211,1
-33.200105,141.136211,1
-33.200105,141.136211,1
-33.200105,141.136211,1
-33.200105,141.136211,1
-33.200105,141.136211,1
-33.200105,141.136211,1
-33.200105,141.136211,1
-33.200105,141.136211,1
-33.200105,141.136211,1
-33.200105,141.136211,1
-33.200105,141.136211,1
-33.200105,141.136211,1
-33.200105,141.136211,1
-33.200105,141.136211,1
-33.200105,141.136211,1
-33.200105,141.136211,1
-33.200105,141.136211,1
-33.200105,141.136211,1
-33.200105,141.136211,1
-33.200105,141.136211,1
-33.200105,141.136211,1
-33.200105,141.136211,1
-33.200105,141.136211,1
-33.200105,141.136211,1
-33.200105,141.136211,1
-33.200105,141.136211,1
-33.200105,141.136211,1
-33.200105,141.136211,1
-33.200105,141.136211,1
-33.200105,141.136211,1
-33.200105,141.136211,1
-33.200105,141.136211,1
-33.200105,141.136211,1
-33.200105,141.136211,1
-33.200105,141.136211,1
-33.200105,141.136211,1
-33.200105,141.136211,1
-33.200105,141.136211,1
-33.200105,141.136211,1
-33.200105,141.136211,1
-33.200105,141.136211,1
-33.200105,141.136211,1
-33.200105,141.136211,1
-33.200105,141.136211,1
-33.200105,141.136211,1
-33.200105,141.136211,1
-33.200105,141.136211,1
-33.200105,141.136211,1
-33.200105,141.136211,1
-33.200105,141.136211,1
-33.200105,141.136211,1
-33.200105,141.136211,1
-33.200105,141.136211,1
-33.200105,141.136211,1
-33.200105,141.136211,1
-33.200105,141.136211,1
-33.200105,141.136211,1
-33.200105,141.136211,1
-33.200105,141.136211,1
-33.200105,141.136211,1
-33.200105,141.136211,1
-33.200105,141.136211,1
-33.200105,141.136211,1
-33.200105,141.136211,1
-33.200105,141.136211,1
-33.200105,141.136211,1
-33.200105,141.136211,1
-33.200105,141.136211,1
-33.200105,141.136211,1
-33.200105,141.136211,1
-33.200105,141.136211,1
-33.200105,141.136211,1
-33.200105,141.136211,1
-33.200105,141.136211,1
-33.200105,141.136211,1
-33.200105,141.136211,1
-33.200105,141.136211,1
-33.200105,141.136211,1
-33.200105,141.136211,1
-33.200105,141.136211,1
-33.200105,141.136211,1
-33.200105,141.136211,1
-33.200105,141.136211,1
-33.200105,141.136211,1
-33.200105,141.136211,1
-33.200105,141.136211,1
-33.200105,141.136211,1
-33.200105,141.136211,1
-33.200105,141.136211,1
-33.200105,141.136211,1
-33.200105,141.136211,1
-33.200105,141.136211,1
-33.200105,141.136211,1
-33.200105,141.136211,1
-33.200105,141.136211,1
-33.200105,141.136211,1
-33.200105,141.136211,1
-33.200105,141.136211,1
-33.200105,141.136211,1
-33.200105,141.136211,1
-33.200105,141.136211,1
-33.200105,141.136211,1
-33.200105,141.136211,1
-33.200105,141.136211,1
-33.200105,141.136211,1
-33.200105,141.136211,1
-33.200105,141.136211,1
-33.200105,141.136211,1
-33.200105,141.136211,1
-33.200105,141.136211,1
-33.200105,141.136211,1
-33.200105,141.136211,1
-33.200105,141.136211,1
-33.200105,141.136211,1
-33.200105,141.136211,1
-33.200105,141.136211,1
-33.200105,141.136211,1
-33.200105,141.136211,1
-33.200105,141.136211,1
-33.200105,141.136211,1
-33.200105,141.136211,1
-33.200105,141.136211,1
-33.200105,141.136211,1
-33.200105,141.136211,1
-33.200105,141.136211,1
-33.200105,141.136211,1
-33.200105,141.136211,1
-33.200105,141.136211,1
-33.200105,141.136211,1
-33.200105,141.136211,1
-33.200105,141.136211,1
-33.200105,141.136211,1
-33.200105,141.136211,1
-33.200105,141.136211,1
-33.200105,141.136211,1
-33.200105,141.136211,1
-33.200105,141.136211,1
-33.200105,141.136211,1
-33.200105,141.136211,1
-33.200105,141.136211,1
-33.200105,141.136211,1
-33.200105,141.136211,1
-33.200105,141.136211,1
-33.200105,141.136211,1
-33.200105,141.136211,1
-33.200105,141.136211,1
-33.200105,141.136211,1
-33.200105,141.136211,1
-33.200105,141.136211,1
-33.200105,141.136211,1
-33.200105,141.136211,1
-33.200105,141.136211,1
-33.200105,141.136211,1
-33.200105,141.136211,1
-33.200105,141.136211,1
-33.200105,141.136211,1
-33.200105,141.136211,1
-33.200105,141.136211,1
-33.200105,141.136211,1
-33.200105,141.136211,1
-33.200105,141.136211,1
-33.200105,141.136211,1
-33.200105,141.136211,1
-33.200105,141.136211,1
-33.200105,141.136211,1
-33.200105,141.136211,1
-33.200105,141.136211,1
-33.200105,141.136211,1
-33.200105,141.136211,1
-33.200105,141.136211,1
-33.200105,141.136211,1
-33.200105,141.136211,1
-33.200105,141.136211,1
-33.200105,141.136211,1
-33.200105,141.136211,1
-33.200105,141.136211,1
-33.200105,141.136211,1
-33.200105,141.136211,1
-33.200105,141.136211,1
-33.200105,141.136211,1
-33.200105,141.136211,1
-33.200105,141.136211,1
-33.200105,141.136211,1
-33.200105,141.136211,1
-33.200105,141.136211,1
-33.200105,141.136211,1
-33.200105,141.136211,1
-33.200105,141.136211,1
-33.200105,141.136211,1
-33.200105,141.136211,1
-33.200105,141.136211,1
-33.200105,141.136211,1
-33.200105,141.136211,1
-33.200105,141.136211,1
-33.200105,141.136211,1
-33.200105,141.136211,1
-33.200105,141.136211,1
-33.200105,141.136211,1
-33.200105,141.136211,1
-33.200105,141.136211,1
-33.200105,141.136211,1
-33.200105,141.136211,1
-33.200105,141.136211,1
-33.200105,141.136211,1
-33.200105,141.136211,1
-33.200105,141.136211,1
-33.200105,141.136211,1
-33.200105,141.136211,1
-33.200105,141.136211,1
-33.200105,141.136211,1
-33.200105,141.136211,1
-33.200105,141.136211,1
-33.200105,141.136211,1
-33.200105,141.136211,1
-33.200105,141.136211,1
-33.200105,141.136211,1
-33.200105,141.136211,1
-33.200105,141.136211,1
-33.200105,141.136211,1
-33.200105,141.136211,1
-33.200105,141.136211,1
-33.200105,141.136211,1
-33.200105,141.136211,1
-33.200105,141.136211,1
-33.200105,141.136211,1
-33.200105,141.136211,1
-33.200105,141.136211,1
-33.200105,141.136211,1
-33.200105,141.136211,1
-33.200105,141.136211,1
-33.200105,141.136211,1
-33.200105,141.136211,1
-33.200105,141.136211,1
-33.200105,141.136211,1
-33.200105,141.136211,1
-33.200105,141.136211,1
-33.200105,141.136211,1
-33.200105,141.136211,1
-33.200105,141.136211,1
-33.200105,141.136211,1
-33.200105,141.136211,1
-33.200105,141.136211,1
-33.200105,141.136211,1
-33.200105,141.136211,1
-33.200105,141.136211,1
-33.200105,141.136211,1
-33.200105,141.136211,1
-33.200105,141.136211,1
-33.200105,141.136211,1
-33.200105,141.136211,1
-33.200105,141.136211,1
-33.200105,141.136211,1
-33.200105,141.136211,1
-33.200105,141.136211,1
-33.200105,141.136211,1
-33.200105,141.136211,1
-33.200105,141.136211,1
-33.200105,141.136211,1
-33.200105,141.136211,1
-33.200105,141.136211,1
-33.200105,141.136211,1
-33.200105,141.136211,1
-33.200105,141.136211,1
-33.200105,141.136211,1
-33.200105,141.136211,1
-33.200105,141.136211,1
-33.200105,141.136211,1
-33.200105,141.136211,1
-33.200105,141.136211,1
-33.200105,141.136211,1
-33.200105,141.136211,1
-33.200105,141.136211,1
-33.200105,141.136211,1
-33.200105,141.136211,1
-33.200105,141.136211,1
-33.200105,141.136211,1
-33.200105,141.136211,1
-33.200105,141.136211,1
-33.200105,141.136211,1
-33.200105,141.136211,1
-33.200105,141.136211,1
-33.200105,141.136211,1
-33.200105,141.136211,1
-33.200105,141.136211,1
-33.200105,141.136211,1
-33.200105,141.136211,1
-33.200105,141.136211,1
-33.200105,141.136211,1
-33.200105,141.136211,1
-33.200105,141.136211,1
-33.200105,141.136211,1
-33.200105,141.136211,1
-33.200105,141.136211,1
-33.200105,141.136211,1
-33.200105,141.136211,1
-33.200105,141.136211,1
-33.200105,141.136211,1
-33.200105,141.136211,1
-33.200105,141.136211,1
-33.200105,141.136211,1
-33.200105,141.136211,1
-33.200105,141.136211,1
-33.200105,141.136211,1
-33.200105,141.136211,1
-33.200105,141.136211,1
-33.200105,141.136211,1
-33.200105,141.136211,1
-33.200105,141.136211,1
-33.200105,141.136211,1
-33.200105,141.136211,1
-33.200105,141.136211,1
-33.200105,141.136211,1
-33.200105,141.136211,1
-33.200105,141.136211,1
-33.200105,141.136211,1
-33.200105,141.136211,1
-33.200105,141.136211,1
-33.200105,141.136211,1
-33.200105,141.136211,1
-33.200105,141.136211,1
-33.200105,141.136211,1
-33.200105,141.136211,1
-33.200105,141.136211,1
-33.200105,141.136211,1
-33.200105,141.136211,1
-33.200105,141.136211,1
-33.200105,141.136211,1
-33.200105,141.136211,1
-33.200105,141.136211,1
-33.200105,141.136211,1
-33.200105,141.136211,1
-33.200105,141.136211,1
-33.200105,141.136211,1
-33.200105,141.136211,1
-33.200105,141.136211,1
-33.200105,141.136211,1
-33.200105,141.136211,1
-33.200105,141.136211,1
-33.200105,141.136211,1
-33.200105,141.136211,1
-33.200105,141.136211,1
-33.200105,141.136211,1
-33.200105,141.136211,1
-33.200105,141.136211,1
-33.200105,141.136211,1
-33.200105,141.136211,1
-33.200105,141.136211,1
-33.200105,141.136211,1
-33.200105,141.136211,1
-33.200105,141.136211,1
-33.200105,141.136211,1
-33.200105,141.136211,1
-33.200105,141.136211,1
-33.200105,141.136211,1
-33.200105,141.136211,1
-33.200105,141.136211,1
-33.200105,141.136211,1
-33.200105,141.136211,1
-33.200105,141.136211,1
-33.200105,141.136211,1
-33.200105,141.136211,1
-33.200105,141.136211,1
-33.200105,141.136211,1
-33.200105,141.136211,1
-33.200105,141.136211,1
-33.200105,141.136211,1
-33.200105,141.136211,1
-33.200105,141.136211,1
-33.200105,141.136211,1
-33.200105,141.136211,1
-33.200105,141.136211,1
-33.200105,141.136211,1
-33.200105,141.136211,1
-33.200105,141.136211,1
-33.200105,141.136211,1
-33.200105,141.136211,1
-33.200105,141.136211,1
-33.200105,141.136211,1
-33.200105,141.136211,1
-33.200105,141.136211,1
-33.200105,141.136211,1
-33.200105,141.136211,1
-33.200105,141.136211,1
-33.200105,141.136211,1
-33.200105,141.136211,1
-33.200105,141.136211,1
-33.200105,141.136211,1
-33.200105,141.136211,1
-33.200105,141.136211,1
-33.200105,141.136211,1
-33.200105,141.136211,1
-33.200105,141.136211,1
-33.200105,141.136211,1
-33.200105,141.136211,1
-33.200105,141.136211,1
-33.200105,141.136211,1
-33.200105,141.136211,1
-33.200105,141.136211,1
-33.200105,141.136211,1
-33.200105,141.136211,1
-33.200105,141.136211,1
-33.200105,141.136211,1
-33.200105,141.136211,1
-33.200105,141.136211,1
-33.200105,141.136211,1
-33.200105,141.136211,1
-33.200105,141.136211,1
-33.200105,141.136211,1
-33.200105,141.136211,1
-33.200105,141.136211,1
-33.200105,141.136211,1
-33.200105,141.136211,1
-33.200105,141.136211,1
-33.200105,141.136211,1
-33.200105,141.136211,1
-33.200105,141.136211,1
-33.200105,141.136211,1
-33.200105,141.136211,1
-33.200105,141.136211,1
-33.200105,141.136211,1
-33.200105,141.136211,1
-33.200105,141.136211,1
-33.200105,141.136211,1
-33.200105,141.136211,1
-33.200105,141.136211,1
-33.200105,141.136211,1
-33.200105,141.136211,1
-33.200105,141.136211,1
-33.200105,141.136211,1
-33.200105,141.136211,1
-33.200105,141.136211,1
-33.200105,141.136211,1
-33.200105,141.136211,1
-33.200105,141.136211,1
-33.200105,141.136211,1
-33.200105,141.136211,1
-33.200105,141.136211,1
-33.200105,141.136211,1
-33.200105,141.136211,1
-33.200105,141.136211,1
-33.200105,141.136211,1
-33.200105,141.136211,1
-33.200105,141.136211,1
-33.200105,141.136211,1
-33.200105,141.136211,1
-33.200105,141.136211,1
-33.200105,141.136211,1
-33.200105,141.136211,1
-33.200105,141.136211,1
-33.200105,141.136211,1
-33.200105,141.136211,1
-33.200105,141.136211,1
-33.200105,141.136211,1
-33.200105,141.136211,1
-33.200105,141.136211,1
-33.200105,141.136211,1
-33.200105,141.136211,1
-33.200105,141.136211,1
-33.200105,141.136211,1
-33.200105,141.136211,1
-33.200105,141.136211,1
-33.200105,141.136211,1
-33.200105,141.136211,1
-33.200105,141.136211,1
-33.200105,141.136211,1
-33.200105,141.136211,1
-33.200105,141.136211,1
-33.200105,141.136211,1
-33.200105,141.136211,1
-33.200105,141.136211,1
-33.200105,141.136211,1
-33.200105,141.136211,1
-33.200105,141.136211,1
-33.200105,141.136211,1
-33.200105,141.136211,1
-33.200105,141.136211,1
-33.200105,141.136211,1
-33.200105,141.136211,1
-33.200105,141.136211,1
-33.200105,141.136211,1
-33.200105,141.136211,1
-33.200105,141.136211,1
-33.200105,141.136211,1
-33.200105,141.136211,1
-33.200105,141.136211,1
-33.200105,141.136211,1
-33.200105,141.136211,1
-33.200105,141.136211,1
-33.200105,141.136211,1
-33.200105,141.136211,1
-33.200105,141.136211,1
-33.200105,141.136211,1
-33.200105,141.136211,1
-33.200105,141.136211,1
-33.200105,141.136211,1
-33.200105,141.136211,1
-33.200105,141.136211,1
-33.200105,141.136211,1
-33.200105,141.136211,1
-33.200105,141.136211,1
-33.200105,141.136211,1
-33.200105,141.136211,1
-33.200105,141.136211,1
-33.200105,141.136211,1
-33.200105,141.136211,1
-33.200105,141.136211,1
-33.200105,141.136211,1
-33.200105,141.136211,1
-33.200105,141.136211,1
-33.200105,141.136211,1
-33.200105,141.136211,1
-33.200105,141.136211,1
-33.200105,141.136211,1
-33.200105,141.136211,1
-33.200105,141.136211,1
-33.200105,141.136211,1
-33.200105,141.136211,1
-33.200105,141.136211,1
-33.200105,141.136211,1
-33.200105,141.136211,1
-33.200105,141.136211,1
-33.200105,141.136211,1
-33.200105,141.136211,1
-33.200105,141.136211,1
-33.200105,141.136211,1
-33.200105,141.136211,1
-33.200105,141.136211,1
-33.200105,141.136211,1
-33.200105,141.136211,1
-33.200105,141.136211,1
-33.200105,141.136211,1
-33.200105,141.136211,1
-33.200105,141.136211,1
-33.200105,141.136211,1
-33.200105,141.136211,1
-33.200105,141.136211,1
-33.200105,141.136211,1
-33.200105,141.136211,1
-33.200105,141.136211,1
-33.200105,141.136211,1
-33.200105,141.136211,1
-33.200105,141.136211,1
-33.200105,141.136211,1
-33.200105,141.136211,1
-33.200105,141.136211,1
-33.200105,141.136211,1
-33.200105,141.136211,1
-33.200105,141.136211,1
-33.200105,141.136211,1
-33.200105,141.136211,1
-33.200105,141.136211,1
-33.200105,141.136211,1
-33.200105,141.136211,1
-33.200105,141.136211,1
-33.200105,141.136211,1
-33.200105,141.136211,1
-33.200105,141.136211,1
-33.200105,141.136211,1
-33.200105,141.136211,1
-33.200105,141.136211,1
-33.200105,141.136211,1
-33.200105,141.136211,1
-33.200105,141.136211,1
-33.200105,141.136211,1
-33.200105,141.136211,1
-33.200105,141.136211,1
-33.200105,141.136211,1
-33.200105,141.136211,1
-33.200105,141.136211,1
-33.200105,141.136211,1
-33.200105,141.136211,1
-33.200105,141.136211,1
-33.200105,141.136211,1
-33.200105,141.136211,1
-33.200105,141.136211,1
-33.200105,141.136211,1
-33.200105,141.136211,1
-33.200105,141.136211,1
-33.200105,141.136211,1
-33.200105,141.136211,1
-33.200105,141.136211,1
-33.200105,141.136211,1
-33.200105,141.136211,1
-33.200105,141.136211,1
-33.200105,141.136211,1
-33.200105,141.136211,1
-33.200105,141.136211,1
-33.200105,141.136211,1
-33.200105,141.136211,1
-33.200105,141.136211,1
-33.200105,141.136211,1
-33.200105,141.136211,1
-33.200105,141.136211,1
-33.200105,141.136211,1
-33.200105,141.136211,1
-33.200105,141.136211,1
-33.200105,141.136211,1
-33.200105,141.136211,1
-33.200105,141.136211,1
-33.200105,141.136211,1
-33.200105,141.136211,1
-33.200105,141.136211,1
-33.200105,141.136211,1
-33.200105,141.136211,1
-33.200105,141.136211,1
-33.200105,141.136211,1
-33.200105,141.136211,1
-33.200105,141.136211,1
-33.200105,141.136211,1
-33.200105,141.136211,1
-33.200105,141.136211,1
-33.200105,141.136211,1
-33.200105,141.136211,1
-33.200105,141.136211,1
-33.200105,141.136211,1
-33.200105,141.136211,1
-33.200105,141.136211,1
-33.200105,141.136211,1
-33.200105,141.136211,1
-33.200105,141.136211,1
-33.200105,141.136211,1
-33.200105,141.136211,1
-33.200105,141.136211,1
-33.200105,141.136211,1
-33.200105,141.136211,1
-33.200105,141.136211,1
-33.200105,141.136211,1
-33.200105,141.136211,1
-33.200105,141.136211,1
-33.200105,141.136211,1
-33.200105,141.136211,1
-33.200105,141.136211,1
-33.200105,141.136211,1
-33.200105,141.136211,1
-33.200105,141.136211,1
-33.200105,141.136211,1
-33.200105,141.136211,1
-33.200105,141.136211,1
-33.200105,141.136211,1
-33.200105,141.136211,1
-33.200105,141.136211,1
-33.200105,141.136211,1
-33.200105,141.136211,1
-33.200105,141.136211,1
-33.200105,141.136211,1
-33.200105,141.136211,1
-33.200105,141.136211,1
-33.200105,141.136211,1
-33.200105,141.136211,1
-33.200105,141.136211,1
-33.200105,141.136211,1
-33.200105,141.136211,1
-33.200105,141.136211,1
-33.200105,141.136211,1
-33.200105,141.136211,1
-33.200105,141.136211,1
-33.200105,141.136211,1
-33.200105,141.136211,1
-33.200105,141.136211,1
-33.200105,141.136211,1
-33.200105,141.136211,1
-33.200105,141.136211,1
-33.200105,141.136211,1
-33.200105,141.136211,1
-33.200105,141.136211,1
-33.200105,141.136211,1
-33.200105,141.136211,1
-33.200105,141.136211,1
-33.200105,141.136211,1
-33.200105,141.136211,1
-33.200105,141.136211,1
-33.200105,141.136211,1
-33.200105,141.136211,1
-33.200105,141.136211,1
-33.200105,141.136211,1
-33.200105,141.136211,1
-33.200105,141.136211,1
-33.200105,141.136211,1
-33.200105,141.136211,1
-33.200105,141.136211,1
-33.200105,141.136211,1
-33.200105,141.136211,1
-33.200105,141.136211,1
-33.200105,141.136211,1
-33.200105,141.136211,1
-33.200105,141.136211,1
-33.200105,141.136211,1
-33.200105,141.136211,1
-33.200105,141.136211,1
-33.200105,141.136211,1
-33.200105,141.136211,1
-33.200105,141.136211,1
-33.200105,141.136211,1
-33.200105,141.136211,1
-33.200105,141.136211,1
-33.200105,141.136211,1
-33.200105,141.136211,1
-33.200105,141.136211,1
-33.200105,141.136211,1
-33.200105,141.136211,1
-33.200105,141.136211,1
-33.200105,141.136211,1
-33.200105,141.136211,1
-33.200105,141.136211,1
-33.200105,141.136211,1
-33.200105,141.136211,1
-33.200105,141.136211,1
-33.200105,141.136211,1
-33.200105,141.136211,1
-33.200105,141.136211,1
-33.200105,141.136211,1
-33.200105,141.136211,1
-33.200105,141.136211,1
-33.200105,141.136211,1
-33.200105,141.136211,1
-33.200105,141.136211,1
-33.200105,141.136211,1
-33.200105,141.136211,1
-33.200105,141.136211,1
-33.200105,141.136211,1
-33.200105,141.136211,1
-33.200105,141.136211,1
-33.200105,141.136211,1
-33.200105,141.136211,1
-33.200105,141.136211,1
-33.200105,141.136211,1
-33.200105,141.136211,1
-33.200105,141.136211,1
-33.200105,141.136211,1
-33.200105,141.136211,1
-33.200105,141.136211,1
-33.200105,141.136211,1
-33.200105,141.136211,1
-33.200105,141.136211,1
-33.200105,141.136211,1
-33.200105,141.136211,1
-33.200105,141.136211,1
-33.200105,141.136211,1
-33.200105,141.136211,1
-33.200105,141.136211,1
-33.200105,141.136211,1
-33.200105,141.136211,1
-33.200105,141.136211,1
-33.200105,141.136211,1
-33.200105,141.136211,1
-33.200105,141.136211,1
-33.200105,141.136211,1
-33.200105,141.136211,1
-33.200105,141.136211,1
-33.200105,141.136211,1
-33.200105,141.136211,1
-33.200105,141.136211,1
-33.200105,141.136211,1
-33.200105,141.136211,1
-33.200105,141.136211,1
-33.200105,141.136211,1
-33.200105,141.136211,1
-33.200105,141.136211,1
-33.200105,141.136211,1
-33.200105,141.136211,1
-33.200105,141.136211,1
-33.200105,141.136211,1
-33.200105,141.136211,1
-33.200105,141.136211,1
-33.200105,141.136211,1
-33.200105,141.136211,1
-33.200105,141.136211,1
-33.200105,141.136211,1
-33.200105,141.136211,1
-33.200105,141.136211,1
-33.200105,141.136211,1
-33.200105,141.136211,1
-33.200105,141.136211,1
-33.200105,141.136211,1
-33.200105,141.136211,1
-33.200105,141.136211,1
-33.200105,141.136211,1
-33.200105,141.136211,1
-33.200105,141.136211,1
-33.200105,141.136211,1
-33.200105,141.136211,1
-33.200105,141.136211,1
-33.200105,141.136211,1
-33.200105,141.136211,1
-33.200105,141.136211,1
-33.200105,141.136211,1
-33.200105,141.136211,1
-33.200105,141.136211,1
-33.200105,141.136211,1
-33.200105,141.136211,1
-33.200105,141.136211,1
-33.200105,141.136211,1
-33.200105,141.136211,1
-33.200105,141.136211,1
-33.200105,141.136211,1
-33.200105,141.136211,1
-33.200105,141.136211,1
-33.200105,141.136211,1
-33.200105,141.136211,1
-33.200105,141.136211,1
-33.200105,141.136211,1
-33.200105,141.136211,1
-33.200105,141.136211,1
-33.200105,141.136211,1
-33.200105,141.136211,1
-33.200105,141.136211,1
-33.200105,141.136211,1
-33.200105,141.136211,1
-33.200105,141.136211,1
-33.200105,141.136211,1
-33.200105,141.136211,1
-33.200105,141.136211,1
-33.200105,141.136211,1
-33.200105,141.136211,1
-33.200105,141.136211,1
-33.200105,141.136211,1
-33.200105,141.136211,1
-33.200105,141.136211,1
-33.200105,141.136211,1
-33.200105,141.136211,1
-33.200105,141.136211,1
-33.200105,141.136211,1
-33.200105,141.136211,1
-33.200105,141.136211,1
-33.200105,141.136211,1
-33.200105,141.136211,1
-33.200105,141.136211,1
-33.200105,141.136211,1
-33.200105,141.136211,1
-33.200105,141.136211,1
-33.200105,141.136211,1
-33.200105,141.136211,1
-33.200105,141.136211,1
-33.200105,141.136211,1
-33.200105,141.136211,1
-33.200105,141.136211,1
-33.200105,141.136211,1
-33.200105,141.136211,1
-33.200105,141.136211,1
-33.200105,141.136211,1
-33.200105,141.136211,1
-33.200105,141.136211,1
-33.200105,141.136211,1
-33.200105,141.136211,1
-33.200105,141.136211,1
-33.200105,141.136211,1
-33.200105,141.136211,1
-33.200105,141.136211,1
-33.200105,141.136211,1
-33.200105,141.136211,1
-33.200105,141.136211,1
-33.200105,141.136211,1
-33.200105,141.136211,1
-33.200105,141.136211,1
-33.200105,141.136211,1
-33.200105,141.136211,1
-33.200105,141.136211,1
-33.200105,141.136211,1
-33.200105,141.136211,1
-33.200105,141.136211,1
-33.200105,141.136211,1
-33.200105,141.136211,1
-33.200105,141.136211,1
-33.200105,141.136211,1
-33.200105,141.136211,1
-33.200105,141.136211,1
-33.200105,141.136211,1
-33.200105,141.136211,1
-33.200105,141.136211,1
-33.200105,141.136211,1
-33.200105,141.136211,1
-33.200105,141.136211,1
-33.200105,141.136211,1
-33.200105,141.136211,1
-33.200105,141.136211,1
-33.200105,141.136211,1
-33.200105,141.136211,1
-33.200105,141.136211,1
-33.200105,141.136211,1
-33.200105,141.136211,1
-33.200105,141.136211,1
-33.200105,141.136211,1
-33.200105,141.136211,1
-33.200105,141.136211,1
-33.200105,141.136211,1
-33.200105,141.136211,1
-33.200105,141.136211,1
-33.200105,141.136211,1
-33.200075,141.155506,1
-33.200075,141.155506,1
-33.200075,141.155506,1
-33.200075,141.155506,1
-33.200004,141.156527,1
-33.200004,141.156527,1
-33.199969,141.15329,1
-33.199781,141.16198,1
-33.199522,141.162275,1
-33.199522,141.162275,1
-33.199522,141.162275,1
-33.199455,141.126302,1
-33.199422,141.187368,1
-33.199422,141.187368,1
-33.199422,141.187368,1
-33.199422,141.187368,1
-33.199422,141.187368,1
-33.199422,141.187368,1
-33.199422,141.187368,1
-33.199422,141.187368,1
-33.199422,141.187368,1
-33.199422,141.187368,1
-33.199422,141.187368,1
-33.199422,141.187368,1
-33.199422,141.187368,1
-33.199331,141.16506,1
-33.199331,141.16506,1
-33.199331,141.16506,1
-33.199331,141.16506,1
-33.199331,141.16506,1
-33.199331,141.16506,1
-33.199331,141.16506,1
-33.199331,141.16506,1
-33.199331,141.16506,1
-33.199331,141.16506,1
-33.199331,141.16506,1
-33.199331,141.16506,1
-33.199331,141.16506,1
-33.199331,141.16506,1
-33.199331,141.16506,1
-33.199331,141.16506,1
-33.199331,141.16506,1
-33.199331,141.16506,1
-33.199331,141.16506,1
-33.199331,141.16506,1
-33.199331,141.16506,1
-33.199331,141.16506,1
-33.199331,141.16506,1
-33.199331,141.16506,1
-33.199331,141.16506,1
-33.199331,141.16506,1
-33.199331,141.16506,1
-33.199331,141.16506,1
-33.199331,141.16506,1
-33.199331,141.16506,1
-33.199331,141.16506,1
-33.199331,141.16506,1
-33.199331,141.16506,1
-33.199331,141.16506,1
-33.199331,141.16506,1
-33.199331,141.16506,1
-33.199331,141.16506,1
-33.199331,141.16506,1
-33.199331,141.16506,1
-33.199331,141.16506,1
-33.199331,141.16506,1
-33.199331,141.16506,1
-33.199328,141.165055,1
-33.199328,141.165055,1
-33.199328,141.165055,1
-33.199328,141.165055,1
-33.199328,141.165055,1
-33.199328,141.165055,1
-33.199328,141.165055,1
-33.199328,141.165055,1
-33.199328,141.165055,1
-33.199328,141.165055,1
-33.199328,141.165055,1
-33.199328,141.165055,1
-33.199328,141.165055,1
-33.199328,141.165055,1
-33.199328,141.165055,1
-33.199328,141.165055,1
-33.199328,141.165055,1
-33.199328,141.165055,1
-33.199328,141.165055,1
-33.199328,141.165055,1
-33.199328,141.165055,1
-33.199328,141.165055,1
-33.199328,141.165055,1
-33.199328,141.165055,1
-33.199328,141.165055,1
-33.199328,141.165055,1
-33.199328,141.165055,1
-33.199328,141.165055,1
-33.199328,141.165055,1
-33.199328,141.165055,1
-33.199328,141.165055,1
-33.199328,141.165055,1
-33.199328,141.165055,1
-33.199328,141.165055,1
-33.199328,141.165055,1
-33.199328,141.165055,1
-33.199328,141.165055,1
-33.199324,141.123267,1
-33.199324,141.123267,1
-33.199324,141.123267,1
-33.199324,141.123267,1
-33.199324,141.123267,1
-33.199324,141.123267,1
-33.199324,141.123267,1
-33.199324,141.123267,1
-33.199324,141.123267,1
-33.199324,141.123267,1
-33.199324,141.123267,1
-33.199324,141.123267,1
-33.199324,141.123267,1
-33.199324,141.123267,1
-33.199324,141.123267,1
-33.199324,141.123267,1
-33.199324,141.123267,1
-33.199324,141.123267,1
-33.199324,141.123267,1
-33.199324,141.123267,1
-33.199324,141.123267,1
-33.199324,141.123267,1
-33.199324,141.123267,1
-33.199324,141.123267,1
-33.199324,141.123267,1
-33.199324,141.123267,1
-33.199324,141.123267,1
-33.199324,141.123267,1
-33.199324,141.123267,1
-33.199324,141.123267,1
-33.199324,141.123267,1
-33.199324,141.123267,1
-33.199323,141.123266,1
-33.199323,141.123266,1
-33.199323,141.123266,1
-33.199323,141.123266,1
-33.199323,141.123266,1
-33.199323,141.123266,1
-33.199323,141.123266,1
-33.199323,141.123266,1
-33.199323,141.123266,1
-33.199323,141.123266,1
-33.199323,141.123266,1
-33.199323,141.123266,1
-33.199323,141.123266,1
-33.199323,141.123266,1
-33.199323,141.123266,1
-33.199323,141.123266,1
-33.199323,141.123266,1
-33.199323,141.123266,1
-33.199323,141.123266,1
-33.199323,141.123266,1
-33.199323,141.123266,1
-33.199323,141.123266,1
-33.199323,141.123266,1
-33.199323,141.123266,1
-33.199323,141.123266,1
-33.199266,141.153229,1
-33.199226,141.162052,1
-33.199217,141.154089,1
-33.199217,141.154089,1
-33.199217,141.154089,1
-33.199147,141.161179,1
-33.199061,141.155182,1
-33.199061,141.155182,1
-33.199061,141.155182,1
-33.198992,141.161688,1
-33.19871,141.156928,1
-33.19871,141.156928,1
-33.198647,141.161313,1
-33.198647,141.161313,1
-33.198118,141.135321,1
-33.198118,141.135321,1
-33.198118,141.135321,1
-33.198118,141.135321,1
-33.198118,141.135321,1
-33.198118,141.135321,1
-33.198118,141.135321,1
-33.198118,141.135321,1
-33.198118,141.135321,1
-33.198118,141.135321,1
-33.198118,141.135321,1
-33.198118,141.135321,1
-33.198118,141.135321,1
-33.198071,141.155624,1
-33.198071,141.155624,1
-33.1978,141.188678,1
-33.1978,141.188678,1
-33.1978,141.188678,1
-33.1978,141.188678,1
-33.1978,141.188678,1
-33.1978,141.188678,1
-33.1978,141.188678,1
-33.1978,141.188678,1
-33.1978,141.188678,1
-33.1978,141.188678,1
-33.1978,141.188678,1
-33.1978,141.188678,1
-33.1978,141.188678,1
-33.1978,141.188678,1
-33.1978,141.188678,1
-33.1978,141.188678,1
-33.1978,141.188678,1
-33.1978,141.188678,1
-33.1978,141.188678,1
-33.1978,141.188678,1
-33.1978,141.188678,1
-33.1978,141.188678,1
-33.1978,141.188678,1
-33.1978,141.188678,1
-33.1978,141.188678,1
-33.197797,141.188677,1
-33.197797,141.188677,1
-33.197797,141.188677,1
-33.197797,141.188677,1
-33.197797,141.188677,1
-33.197797,141.188677,1
-33.197797,141.188677,1
-33.197797,141.188677,1
-33.197797,141.188677,1
-33.197797,141.188677,1
-33.197797,141.188677,1
-33.197797,141.188677,1
-33.197797,141.188677,1
-33.197797,141.188677,1
-33.197797,141.188677,1
-33.197797,141.188677,1
-33.197797,141.188677,1
-33.197797,141.188677,1
-33.197789,141.174764,1
-33.197789,141.174764,1
-33.197789,141.174764,1
-33.197789,141.174764,1
-33.197789,141.174764,1
-33.197789,141.174764,1
-33.197789,141.174764,1
-33.197248,141.123456,1
-33.197206,141.165695,1
-33.197206,141.165695,1
-33.197206,141.165695,1
-33.197206,141.165695,1
-33.197206,141.165695,1
-33.197206,141.165695,1
-33.197206,141.165695,1
-33.197206,141.165695,1
-33.197206,141.165695,1
-33.197206,141.165695,1
-33.197206,141.165695,1
-33.197206,141.165695,1
-33.197206,141.165695,1
-33.197206,141.165695,1
-33.197206,141.165695,1
-33.197206,141.165695,1
-33.197206,141.165695,1
-33.197206,141.165695,1
-33.197206,141.165695,1
-33.196657,141.136608,1
-33.196657,141.136608,1
-33.196657,141.136608,1
-33.196657,141.136608,1
-33.196657,141.136608,1
-33.196657,141.136608,1
-33.196657,141.136608,1
-33.196657,141.136608,1
-33.196657,141.136608,1
-33.196657,141.136608,1
-33.196657,141.136608,1
-33.196657,141.136608,1
-33.196657,141.136608,1
-33.196657,141.136608,1
-33.196657,141.136608,1
-33.196657,141.136608,1
-33.196657,141.136608,1
-33.196657,141.136608,1
-33.196657,141.136608,1
-33.196657,141.136608,1
-33.196657,141.136608,1
-33.196657,141.136608,1
-33.196657,141.136608,1
-33.196657,141.136608,1
-33.196657,141.136608,1
-33.196657,141.136608,1
-33.196657,141.136608,1
-33.196657,141.136608,1
-33.196657,141.136608,1
-33.196657,141.136608,1
-33.196657,141.136608,1
-33.196657,141.136608,1
-33.196657,141.136608,1
-33.196657,141.136608,1
-33.196657,141.136608,1
-33.196657,141.136608,1
-33.196655,141.136605,1
-33.196655,141.136605,1
-33.196655,141.136605,1
-33.196655,141.136605,1
-33.196655,141.136605,1
-33.196655,141.136605,1
-33.196655,141.136605,1
-33.196655,141.136605,1
-33.196655,141.136605,1
-33.196655,141.136605,1
-33.196655,141.136605,1
-33.196655,141.136605,1
-33.196655,141.136605,1
-33.196655,141.136605,1
-33.196655,141.136605,1
-33.196655,141.136605,1
-33.196655,141.136605,1
-33.196655,141.136605,1
-33.196655,141.136605,1
-33.196655,141.136605,1
-33.196655,141.136605,1
-33.196655,141.136605,1
-33.196655,141.136605,1
-33.196655,141.136605,1
-33.196655,141.136605,1
-33.196655,141.136605,1
-33.196655,141.136605,1
-33.196655,141.136605,1
-33.196655,141.136605,1
-33.196655,141.136605,1
-33.196655,141.136605,1
-33.196655,141.136605,1
-33.196655,141.136605,1
-33.196655,141.136605,1
-33.196655,141.136605,1
-33.19645,141.163061,1
-33.19645,141.163061,1
-33.19645,141.163061,1
-33.19645,141.163061,1
-33.19645,141.163061,1
-33.19645,141.163061,1
-33.19645,141.163061,1
-33.19645,141.163061,1
-33.19645,141.163061,1
-33.19631,141.122503,1
-33.19631,141.122503,1
-33.19631,141.122503,1
-33.19631,141.122503,1
-33.19631,141.122503,1
-33.19631,141.122503,1
-33.19631,141.122503,1
-33.19631,141.122503,1
-33.19631,141.122503,1
-33.19631,141.122503,1
-33.19631,141.122503,1
-33.19631,141.122503,1
-33.19631,141.122503,1
-33.19631,141.122503,1
-33.19631,141.122503,1
-33.19631,141.122503,1
-33.19631,141.122503,1
-33.196283,141.153326,1
-33.196283,141.153326,1
-33.196283,141.153326,1
-33.196283,141.153326,1
-33.196283,141.153326,1
-33.196283,141.153326,1
-33.196283,141.153326,1
-33.196283,141.153326,1
-33.196283,141.153326,1
-33.196201,141.176067,1
-33.196201,141.176067,1
-33.196201,141.176067,1
-33.196201,141.176067,1
-33.196201,141.176067,1
-33.196201,141.176067,1
-33.196201,141.176067,1
-33.196201,141.176067,1
-33.196201,141.176067,1
-33.196201,141.176067,1
-33.196201,141.176067,1
-33.196201,141.176067,1
-33.196201,141.176067,1
-33.196201,141.176067,1
-33.196201,141.176067,1
-33.196201,141.176067,1
-33.196201,141.176067,1
-33.196201,141.176067,1
-33.196201,141.176067,1
-33.196201,141.176067,1
-33.196201,141.176067,1
-33.196201,141.176067,1
-33.196201,141.176067,1
-33.196201,141.176067,1
-33.196201,141.176067,1
-33.196201,141.176067,1
-33.196201,141.176067,1
-33.196198,141.176066,1
-33.196198,141.176066,1
-33.196198,141.176066,1
-33.196198,141.176066,1
-33.196198,141.176066,1
-33.196198,141.176066,1
-33.196198,141.176066,1
-33.196198,141.176066,1
-33.196198,141.176066,1
-33.196198,141.176066,1
-33.196198,141.176066,1
-33.196198,141.176066,1
-33.196198,141.176066,1
-33.196198,141.176066,1
-33.196198,141.176066,1
-33.196198,141.176066,1
-33.196198,141.176066,1
-33.196198,141.176066,1
-33.196198,141.176066,1
-33.196198,141.176066,1
-33.196198,141.176066,1
-33.196198,141.176066,1
-33.196198,141.176066,1
-33.196198,141.176066,1
-33.196198,141.176066,1
-33.195909,141.157919,1
-33.195909,141.157919,1
-33.195909,141.157919,1
-33.195909,141.157919,1
-33.195909,141.157919,1
-33.195909,141.157919,1
-33.195909,141.157919,1
-33.195909,141.157919,1
-33.195823,141.123604,1
-33.195523,141.148031,1
-33.195523,141.148031,1
-33.195523,141.148031,1
-33.195523,141.148031,1
-33.195523,141.148031,1
-33.195523,141.148031,1
-33.195523,141.148031,1
-33.195523,141.148031,1
-33.195523,141.148031,1
-33.1952,141.1237,1
-33.195002,141.123742,1
-33.194975,141.123742,1
-33.194966,141.123732,1
-33.194834,141.152881,1
-33.194765,141.164403,1
-33.194765,141.164403,1
-33.194765,141.164403,1
-33.194765,141.164403,1
-33.194765,141.164403,1
-33.194765,141.164403,1
-33.194765,141.164403,1
-33.194765,141.164403,1
-33.194765,141.164403,1
-33.194765,141.164403,1
-33.194765,141.164403,1
-33.194765,141.164403,1
-33.194765,141.164403,1
-33.194765,141.164403,1
-33.194765,141.164403,1
-33.194765,141.164403,1
-33.194765,141.164403,1
-33.194765,141.164403,1
-33.194765,141.164403,1
-33.194765,141.164403,1
-33.194765,141.164403,1
-33.194765,141.164403,1
-33.194765,141.164403,1
-33.194765,141.164403,1
-33.194765,141.164403,1
-33.194765,141.164403,1
-33.194765,141.164403,1
-33.194765,141.164403,1
-33.194765,141.164403,1
-33.194765,141.164403,1
-33.194765,141.164403,1
-33.194765,141.164403,1
-33.194765,141.164403,1
-33.194763,141.164401,1
-33.194763,141.164401,1
-33.194763,141.164401,1
-33.194763,141.164401,1
-33.194763,141.164401,1
-33.194763,141.164401,1
-33.194763,141.164401,1
-33.194763,141.164401,1
-33.194763,141.164401,1
-33.194763,141.164401,1
-33.194763,141.164401,1
-33.194763,141.164401,1
-33.194763,141.164401,1
-33.194763,141.164401,1
-33.194763,141.164401,1
-33.194763,141.164401,1
-33.194763,141.164401,1
-33.194763,141.164401,1
-33.194763,141.164401,1
-33.194763,141.164401,1
-33.194763,141.164401,1
-33.194763,141.164401,1
-33.194763,141.164401,1
-33.194763,141.164401,1
-33.194763,141.164401,1
-33.194763,141.164401,1
-33.194763,141.164401,1
-33.194763,141.164401,1
-33.194763,141.164401,1
-33.194763,141.164401,1
-33.194763,141.164401,1
-33.194763,141.164401,1
-33.194763,141.164401,1
-33.194763,141.164401,1
-33.194763,141.164401,1
-33.194763,141.164401,1
-33.194763,141.164401,1
-33.194763,141.164401,1
-33.194763,141.164401,1
-33.194763,141.164401,1
-33.194763,141.164401,1
-33.194763,141.164401,1
-33.194763,141.164401,1
-33.194742,141.154651,1
-33.194742,141.154651,1
-33.194742,141.154651,1
-33.194742,141.154651,1
-33.194742,141.154651,1
-33.194742,141.154651,1
-33.194742,141.154651,1
-33.194742,141.154651,1
-33.194742,141.154651,1
-33.194742,141.154651,1
-33.194742,141.154651,1
-33.194742,141.154651,1
-33.194742,141.154651,1
-33.194742,141.154651,1
-33.194742,141.154651,1
-33.194742,141.154651,1
-33.194742,141.154651,1
-33.194742,141.154651,1
-33.194742,141.154651,1
-33.194742,141.154651,1
-33.194742,141.154651,1
-33.194742,141.154651,1
-33.194742,141.154651,1
-33.194742,141.154651,1
-33.194742,141.154651,1
-33.194742,141.154651,1
-33.194742,141.154651,1
-33.194742,141.154651,1
-33.194742,141.154651,1
-33.194742,141.154651,1
-33.194742,141.154651,1
-33.194742,141.154651,1
-33.194742,141.154651,1
-33.194742,141.154651,1
-33.19474,141.154652,1
-33.19474,141.154652,1
-33.19474,141.154652,1
-33.19474,141.154652,1
-33.19474,141.154652,1
-33.19474,141.154652,1
-33.19474,141.154652,1
-33.19474,141.154652,1
-33.19474,141.154652,1
-33.19474,141.154652,1
-33.19474,141.154652,1
-33.19474,141.154652,1
-33.19474,141.154652,1
-33.19474,141.154652,1
-33.19474,141.154652,1
-33.19474,141.154652,1
-33.19474,141.154652,1
-33.19474,141.154652,1
-33.19474,141.154652,1
-33.19474,141.154652,1
-33.19474,141.154652,1
-33.19474,141.154652,1
-33.19474,141.154652,1
-33.19474,141.154652,1
-33.19474,141.154652,1
-33.19474,141.154652,1
-33.19474,141.154652,1
-33.19474,141.154652,1
-33.19474,141.154652,1
-33.19474,141.154652,1
-33.19474,141.154652,1
-33.19474,141.154652,1
-33.194659,141.123795,1
-33.194659,141.123795,1
-33.194659,141.123795,1
-33.194659,141.123795,1
-33.194659,141.123795,1
-33.194659,141.123795,1
-33.194659,141.123795,1
-33.194659,141.123795,1
-33.194659,141.123795,1
-33.194659,141.123795,1
-33.194659,141.123795,1
-33.194659,141.123795,1
-33.194659,141.123795,1
-33.194659,141.123795,1
-33.194659,141.123795,1
-33.194659,141.123795,1
-33.194659,141.123795,1
-33.194659,141.123795,1
-33.194659,141.123795,1
-33.194659,141.123795,1
-33.194659,141.123795,1
-33.194659,141.123795,1
-33.194659,141.123795,1
-33.194659,141.123795,1
-33.194659,141.123795,1
-33.194659,141.123795,1
-33.194659,141.123795,1
-33.194659,141.123795,1
-33.194659,141.123795,1
-33.194659,141.123795,1
-33.194659,141.123795,1
-33.194659,141.123795,1
-33.194659,141.123795,1
-33.194659,141.123795,1
-33.194659,141.123795,1
-33.194659,141.123795,1
-33.194659,141.123795,1
-33.194659,141.123795,1
-33.194659,141.123795,1
-33.194659,141.123795,1
-33.194659,141.123795,1
-33.194659,141.123795,1
-33.194659,141.123795,1
-33.194659,141.123795,1
-33.194659,141.123795,1
-33.194659,141.123795,1
-33.194659,141.123795,1
-33.194659,141.123795,1
-33.194659,141.123795,1
-33.194659,141.123795,1
-33.194659,141.123795,1
-33.194659,141.123795,1
-33.194659,141.123795,1
-33.194659,141.123795,1
-33.194659,141.123795,1
-33.194659,141.123795,1
-33.194659,141.123795,1
-33.194659,141.123795,1
-33.194606,141.161924,1
-33.19457,141.161785,1
-33.194351,141.159269,1
-33.194351,141.159269,1
-33.194351,141.159269,1
-33.194351,141.159269,1
-33.194351,141.159269,1
-33.194351,141.159269,1
-33.194351,141.159269,1
-33.194351,141.159269,1
-33.194351,141.159269,1
-33.194351,141.159269,1
-33.194351,141.159269,1
-33.194351,141.159269,1
-33.194351,141.159269,1
-33.194351,141.159269,1
-33.194351,141.159269,1
-33.194351,141.159269,1
-33.194351,141.159269,1
-33.194351,141.159269,1
-33.194351,141.159269,1
-33.194351,141.159269,1
-33.194351,141.159269,1
-33.194351,141.159269,1
-33.194351,141.159269,1
-33.194351,141.159269,1
-33.194351,141.159269,1
-33.194351,141.159269,1
-33.194351,141.159269,1
-33.194351,141.159269,1
-33.194351,141.159269,1
-33.194351,141.159269,1
-33.194351,141.159269,1
-33.194348,141.159274,1
-33.194348,141.159274,1
-33.194348,141.159274,1
-33.194348,141.159274,1
-33.194348,141.159274,1
-33.194348,141.159274,1
-33.194348,141.159274,1
-33.194348,141.159274,1
-33.194348,141.159274,1
-33.194348,141.159274,1
-33.194348,141.159274,1
-33.194348,141.159274,1
-33.194348,141.159274,1
-33.194348,141.159274,1
-33.194348,141.159274,1
-33.194348,141.159274,1
-33.194348,141.159274,1
-33.194348,141.159274,1
-33.194348,141.159274,1
-33.194348,141.159274,1
-33.194348,141.159274,1
-33.194348,141.159274,1
-33.194348,141.159274,1
-33.194348,141.159274,1
-33.194348,141.159274,1
-33.194348,141.159274,1
-33.194348,141.159274,1
-33.194348,141.159274,1
-33.194348,141.159274,1
-33.194348,141.159274,1
-33.194348,141.159274,1
-33.194348,141.159274,1
-33.194348,141.159274,1
-33.194348,141.159274,1
-33.194348,141.159274,1
-33.194348,141.159274,1
-33.194348,141.159274,1
-33.194348,141.159274,1
-33.194334,141.123784,1
-33.194325,141.123838,1
-33.194321,141.159177,1
-33.194314,141.15774,1
-33.194165,141.153776,1
-33.194028,141.137243,1
-33.194028,141.137243,1
-33.194028,141.137243,1
-33.194028,141.137243,1
-33.194028,141.137243,1
-33.194028,141.137243,1
-33.194028,141.137243,1
-33.194028,141.137243,1
-33.19399,141.149682,1
-33.193913,141.149286,1
-33.193913,141.149286,1
-33.193913,141.149286,1
-33.193913,141.149286,1
-33.193913,141.149286,1
-33.193913,141.149286,1
-33.193913,141.149286,1
-33.193913,141.149286,1
-33.193913,141.149286,1
-33.193913,141.149286,1
-33.193913,141.149286,1
-33.193913,141.149286,1
-33.193913,141.149286,1
-33.193913,141.149286,1
-33.193913,141.149286,1
-33.193913,141.149286,1
-33.193913,141.149286,1
-33.193913,141.149286,1
-33.193913,141.149286,1
-33.193913,141.149286,1
-33.193913,141.149286,1
-33.193913,141.149286,1
-33.193913,141.149286,1
-33.193913,141.149286,1
-33.193913,141.149286,1
-33.193913,141.149286,1
-33.193913,141.149286,1
-33.193913,141.149286,1
-33.193913,141.149286,1
-33.193913,141.149286,1
-33.193913,141.149286,1
-33.193913,141.149286,1
-33.193913,141.149286,1
-33.193913,141.149286,1
-33.193913,141.149286,1
-33.193913,141.149286,1
-33.193913,141.149286,1
-33.193913,141.149286,1
-33.193913,141.149286,1
-33.193909,141.149285,1
-33.193909,141.149285,1
-33.193909,141.149285,1
-33.193909,141.149285,1
-33.193909,141.149285,1
-33.193909,141.149285,1
-33.193909,141.149285,1
-33.193909,141.149285,1
-33.193909,141.149285,1
-33.193909,141.149285,1
-33.193909,141.149285,1
-33.193909,141.149285,1
-33.193909,141.149285,1
-33.193909,141.149285,1
-33.193909,141.149285,1
-33.193909,141.149285,1
-33.193909,141.149285,1
-33.193909,141.149285,1
-33.193909,141.149285,1
-33.193909,141.149285,1
-33.193909,141.149285,1
-33.193909,141.149285,1
-33.193909,141.149285,1
-33.193909,141.149285,1
-33.193909,141.149285,1
-33.193909,141.149285,1
-33.193909,141.149285,1
-33.193909,141.149285,1
-33.193909,141.149285,1
-33.193909,141.149285,1
-33.193909,141.149285,1
-33.193909,141.149285,1
-33.193909,141.149285,1
-33.193909,141.149285,1
-33.193909,141.149285,1
-33.193886,141.15553,1
-33.193811,141.12388,1
-33.193801,141.149059,1
-33.193739,141.153639,1
-33.193565,141.154877,1
-33.193537,141.15624,1
-33.193537,141.15624,1
-33.193536,141.143194,1
-33.193536,141.143194,1
-33.193536,141.143194,1
-33.193536,141.143194,1
-33.193536,141.143194,1
-33.193484,141.155289,1
-33.193448,141.175451,1
-33.193448,141.175451,1
-33.193448,141.175451,1
-33.193448,141.175451,1
-33.193448,141.175451,1
-33.193448,141.175451,1
-33.193448,141.175451,1
-33.19327,141.123922,1
-33.193124,141.155958,1
-33.192945,141.155307,1
-33.192945,141.155307,1
-33.192938,141.153827,1
-33.192938,141.153827,1
-33.192938,141.153827,1
-33.192938,141.153827,1
-33.192938,141.153827,1
-33.192938,141.153827,1
-33.192938,141.153827,1
-33.192938,141.153827,1
-33.192938,141.153827,1
-33.192938,141.153827,1
-33.192938,141.153827,1
-33.192938,141.153827,1
-33.192938,141.153827,1
-33.192938,141.153827,1
-33.192938,141.153827,1
-33.192935,141.179556,1
-33.192935,141.179556,1
-33.192935,141.179556,1
-33.192935,141.179556,1
-33.192935,141.179556,1
-33.192935,141.179556,1
-33.192935,141.179556,1
-33.192935,141.179556,1
-33.192935,141.179556,1
-33.192935,141.179556,1
-33.192935,141.179556,1
-33.192927,141.166581,1
-33.192927,141.166581,1
-33.192927,141.166581,1
-33.192927,141.166581,1
-33.192927,141.166581,1
-33.192927,141.166581,1
-33.192927,141.166581,1
-33.192927,141.166581,1
-33.192927,141.166581,1
-33.192927,141.166581,1
-33.192927,141.166581,1
-33.192927,141.166581,1
-33.192927,141.166581,1
-33.192927,141.166581,1
-33.192927,141.166581,1
-33.192927,141.166581,1
-33.192927,141.166581,1
-33.192927,141.166581,1
-33.192904,141.140902,1
-33.192904,141.140902,1
-33.192904,141.140902,1
-33.192904,141.140902,1
-33.192904,141.140902,1
-33.192904,141.140902,1
-33.192904,141.140902,1
-33.192904,141.140902,1
-33.192904,141.140902,1
-33.192904,141.140902,1
-33.192904,141.140902,1
-33.192735,141.132666,1
-33.192735,141.132666,1
-33.192735,141.132666,1
-33.192735,141.132666,1
-33.192735,141.132666,1
-33.192735,141.132666,1
-33.192735,141.132666,1
-33.192475,141.160513,1
-33.192475,141.160513,1
-33.192475,141.160513,1
-33.192475,141.160513,1
-33.192475,141.160513,1
-33.192464,141.138484,1
-33.192464,141.138484,1
-33.192464,141.138484,1
-33.192464,141.138484,1
-33.192464,141.138484,1
-33.192464,141.138484,1
-33.192464,141.138484,1
-33.192464,141.138484,1
-33.192464,141.138484,1
-33.192464,141.138484,1
-33.192464,141.138484,1
-33.192464,141.138484,1
-33.192464,141.138484,1
-33.192464,141.138484,1
-33.192464,141.138484,1
-33.192464,141.138484,1
-33.192464,141.138484,1
-33.192464,141.138484,1
-33.192464,141.138484,1
-33.192464,141.138484,1
-33.192464,141.138484,1
-33.192464,141.138484,1
-33.192464,141.138484,1
-33.192464,141.138484,1
-33.192464,141.138484,1
-33.192464,141.138484,1
-33.192464,141.138484,1
-33.192464,141.138484,1
-33.19246,141.138479,1
-33.19246,141.138479,1
-33.19246,141.138479,1
-33.19246,141.138479,1
-33.19246,141.138479,1
-33.19246,141.138479,1
-33.19246,141.138479,1
-33.19246,141.138479,1
-33.19246,141.138479,1
-33.19246,141.138479,1
-33.19246,141.138479,1
-33.19246,141.138479,1
-33.19246,141.138479,1
-33.19246,141.138479,1
-33.19246,141.138479,1
-33.19246,141.138479,1
-33.19246,141.138479,1
-33.19246,141.138479,1
-33.19246,141.138479,1
-33.19246,141.138479,1
-33.19246,141.138479,1
-33.19246,141.138479,1
-33.19246,141.138479,1
-33.19246,141.138479,1
-33.19246,141.138479,1
-33.19246,141.138479,1
-33.192037,141.127645,1
-33.192037,141.127645,1
-33.192037,141.127645,1
-33.192037,141.127645,1
-33.192037,141.127645,1
-33.19198,141.144653,1
-33.19198,141.144653,1
-33.19198,141.144653,1
-33.19198,141.144653,1
-33.19198,141.144653,1
-33.19198,141.144653,1
-33.19198,141.144653,1
-33.19198,141.144653,1
-33.19198,141.144653,1
-33.19198,141.144653,1
-33.19198,141.144653,1
-33.19198,141.144653,1
-33.19198,141.144653,1
-33.19198,141.144653,1
-33.19198,141.144653,1
-33.19198,141.144653,1
-33.19198,141.144653,1
-33.19198,141.144653,1
-33.19198,141.144653,1
-33.19198,141.144653,1
-33.19198,141.144653,1
-33.19198,141.144653,1
-33.19198,141.144653,1
-33.19198,141.144653,1
-33.19198,141.144653,1
-33.19198,141.144653,1
-33.19198,141.144653,1
-33.19198,141.144653,1
-33.19198,141.144653,1
-33.19198,141.144653,1
-33.19198,141.144653,1
-33.19198,141.144653,1
-33.19198,141.144653,1
-33.19198,141.144653,1
-33.19198,141.144653,1
-33.19198,141.144653,1
-33.19198,141.144653,1
-33.191975,141.144658,1
-33.191975,141.144658,1
-33.191975,141.144658,1
-33.191975,141.144658,1
-33.191975,141.144658,1
-33.191975,141.144658,1
-33.191975,141.144658,1
-33.191975,141.144658,1
-33.191975,141.144658,1
-33.191975,141.144658,1
-33.191975,141.144658,1
-33.191975,141.144658,1
-33.191975,141.144658,1
-33.191975,141.144658,1
-33.191975,141.144658,1
-33.191975,141.144658,1
-33.191975,141.144658,1
-33.191975,141.144658,1
-33.191975,141.144658,1
-33.191975,141.144658,1
-33.191975,141.144658,1
-33.191975,141.144658,1
-33.191975,141.144658,1
-33.191975,141.144658,1
-33.191975,141.144658,1
-33.191975,141.144658,1
-33.191975,141.144658,1
-33.191975,141.144658,1
-33.191975,141.144658,1
-33.191975,141.144658,1
-33.191975,141.144658,1
-33.191975,141.144658,1
-33.191975,141.144658,1
-33.191975,141.144658,1
-33.191975,141.144658,1
-33.191975,141.144658,1
-33.191975,141.144658,1
-33.191975,141.144658,1
-33.191975,141.144658,1
-33.191889,141.176745,1
-33.191889,141.176745,1
-33.191889,141.176745,1
-33.191889,141.176745,1
-33.191889,141.176745,1
-33.191889,141.176745,1
-33.191889,141.176745,1
-33.191889,141.176745,1
-33.191889,141.176745,1
-33.191889,141.176745,1
-33.191889,141.176745,1
-33.191889,141.176745,1
-33.191889,141.176745,1
-33.191889,141.176745,1
-33.191889,141.176745,1
-33.191889,141.176745,1
-33.191889,141.176745,1
-33.191889,141.176745,1
-33.191889,141.176745,1
-33.191889,141.176745,1
-33.191889,141.176745,1
-33.191889,141.176745,1
-33.191889,141.176745,1
-33.191889,141.176745,1
-33.191887,141.176744,1
-33.191887,141.176744,1
-33.191887,141.176744,1
-33.191887,141.176744,1
-33.191887,141.176744,1
-33.191887,141.176744,1
-33.191887,141.176744,1
-33.191887,141.176744,1
-33.191887,141.176744,1
-33.191887,141.176744,1
-33.191887,141.176744,1
-33.191887,141.176744,1
-33.191887,141.176744,1
-33.191887,141.176744,1
-33.191887,141.176744,1
-33.191887,141.176744,1
-33.191887,141.176744,1
-33.191887,141.176744,1
-33.191887,141.176744,1
-33.191887,141.176744,1
-33.191887,141.176744,1
-33.191887,141.176744,1
-33.191887,141.176744,1
-33.191887,141.176744,1
-33.191887,141.176744,1
-33.191887,141.176744,1
-33.191887,141.176744,1
-33.191887,141.176744,1
-33.191887,141.176744,1
-33.191887,141.176744,1
-33.191887,141.176744,1
-33.191887,141.176744,1
-33.191887,141.176744,1
-33.191742,141.143467,1
-33.191733,141.143402,1
-33.191706,141.143392,1
-33.191598,141.122992,1
-33.191598,141.122992,1
-33.191598,141.122992,1
-33.191598,141.122992,1
-33.191598,141.122992,1
-33.191598,141.122992,1
-33.191598,141.122992,1
-33.191598,141.122992,1
-33.191598,141.122992,1
-33.191598,141.122992,1
-33.191598,141.122992,1
-33.19131,141.134605,1
-33.191283,141.134476,1
-33.191139,141.134165,1
-33.191139,141.134165,1
-33.191139,141.134165,1
-33.191139,141.134165,1
-33.191139,141.134165,1
-33.191139,141.134165,1
-33.191139,141.134165,1
-33.191139,141.134165,1
-33.191139,141.134165,1
-33.191139,141.134165,1
-33.191139,141.134165,1
-33.191139,141.134165,1
-33.191139,141.134165,1
-33.191139,141.134165,1
-33.191139,141.134165,1
-33.191139,141.134165,1
-33.191139,141.134165,1
-33.191139,141.134165,1
-33.191139,141.134165,1
-33.191139,141.134165,1
-33.191139,141.134165,1
-33.191139,141.134165,1
-33.191139,141.134165,1
-33.191139,141.134165,1
-33.191139,141.134165,1
-33.191139,141.134165,1
-33.191139,141.134165,1
-33.191139,141.134165,1
-33.191139,141.134165,1
-33.191139,141.134165,1
-33.191139,141.134165,1
-33.191139,141.134165,1
-33.191136,141.134165,1
-33.191136,141.134165,1
-33.191136,141.134165,1
-33.191136,141.134165,1
-33.191136,141.134165,1
-33.191136,141.134165,1
-33.191136,141.134165,1
-33.191136,141.134165,1
-33.191136,141.134165,1
-33.191136,141.134165,1
-33.191136,141.134165,1
-33.191136,141.134165,1
-33.191136,141.134165,1
-33.191136,141.134165,1
-33.191136,141.134165,1
-33.191136,141.134165,1
-33.191136,141.134165,1
-33.191136,141.134165,1
-33.191136,141.134165,1
-33.191136,141.134165,1
-33.191136,141.134165,1
-33.191136,141.134165,1
-33.191136,141.134165,1
-33.191136,141.134165,1
-33.191136,141.134165,1
-33.191136,141.134165,1
-33.191136,141.134165,1
-33.191136,141.134165,1
-33.191136,141.134165,1
-33.191136,141.134165,1
-33.190953,141.139453,1
-33.190899,141.161783,1
-33.190899,141.161783,1
-33.190899,141.161783,1
-33.190899,141.161778,1
-33.190899,141.161778,1
-33.190899,141.161783,1
-33.190899,141.161778,1
-33.190899,141.161783,1
-33.190899,141.161783,1
-33.190899,141.161783,1
-33.190899,141.161783,1
-33.190899,141.161778,1
-33.190899,141.161778,1
-33.190899,141.161778,1
-33.190899,141.161778,1
-33.190899,141.161778,1
-33.190899,141.161778,1
-33.190899,141.161778,1
-33.190899,141.161778,1
-33.190899,141.161778,1
-33.190899,141.161778,1
-33.190899,141.161783,1
-33.190899,141.161783,1
-33.190899,141.161778,1
-33.190899,141.161778,1
-33.190899,141.161783,1
-33.190899,141.161783,1
-33.190899,141.161778,1
-33.190899,141.161783,1
-33.190899,141.161778,1
-33.190899,141.161783,1
-33.190899,141.161778,1
-33.190899,141.161778,1
-33.190899,141.161778,1
-33.190899,141.161778,1
-33.190899,141.161783,1
-33.190899,141.161783,1
-33.190899,141.161783,1
-33.190899,141.161783,1
-33.190899,141.161783,1
-33.190899,141.161783,1
-33.190899,141.161778,1
-33.190899,141.161778,1
-33.190899,141.161783,1
-33.190899,141.161783,1
-33.190899,141.161783,1
-33.190899,141.161783,1
-33.190899,141.161783,1
-33.190899,141.161778,1
-33.190899,141.161783,1
-33.190899,141.161783,1
-33.190899,141.161783,1
-33.190899,141.161783,1
-33.190899,141.161783,1
-33.190899,141.161783,1
-33.190899,141.161783,1
-33.190899,141.161778,1
-33.190899,141.161783,1
-33.190899,141.161778,1
-33.190899,141.161778,1
-33.190899,141.161783,1
-33.190899,141.161778,1
-33.190899,141.161783,1
-33.190899,141.161778,1
-33.190899,141.161778,1
-33.190899,141.161783,1
-33.190899,141.161778,1
-33.190899,141.161778,1
-33.190899,141.161778,1
-33.190899,141.161778,1
-33.190899,141.161783,1
-33.190899,141.161783,1
-33.190899,141.161783,1
-33.190837,141.138037,1
-33.190773,141.130356,1
-33.190437,141.128946,1
-33.190437,141.128946,1
-33.190437,141.128946,1
-33.190437,141.128946,1
-33.190437,141.128946,1
-33.190437,141.128946,1
-33.190437,141.128946,1
-33.190437,141.128946,1
-33.190437,141.128946,1
-33.190437,141.128946,1
-33.190437,141.128946,1
-33.190437,141.128946,1
-33.190437,141.128946,1
-33.190437,141.128946,1
-33.190437,141.128946,1
-33.190437,141.128946,1
-33.190437,141.128946,1
-33.190437,141.128946,1
-33.190437,141.128946,1
-33.190437,141.128946,1
-33.190437,141.128946,1
-33.190437,141.128946,1
-33.190437,141.128946,1
-33.190437,141.128946,1
-33.190437,141.128946,1
-33.190437,141.128946,1
-33.190437,141.128946,1
-33.190437,141.128946,1
-33.190432,141.12895,1
-33.190432,141.12895,1
-33.190432,141.12895,1
-33.190432,141.12895,1
-33.190432,141.12895,1
-33.190432,141.12895,1
-33.190432,141.12895,1
-33.190432,141.12895,1
-33.190432,141.12895,1
-33.190432,141.12895,1
-33.190432,141.12895,1
-33.190432,141.12895,1
-33.190432,141.12895,1
-33.190432,141.12895,1
-33.190432,141.12895,1
-33.190432,141.12895,1
-33.190432,141.12895,1
-33.190432,141.12895,1
-33.190432,141.12895,1
-33.190432,141.12895,1
-33.190432,141.12895,1
-33.190432,141.12895,1
-33.190432,141.12895,1
-33.190432,141.12895,1
-33.190432,141.12895,1
-33.190432,141.12895,1
-33.190432,141.12895,1
-33.190432,141.12895,1
-33.190432,141.12895,1
-33.190432,141.12895,1
-33.190432,141.12895,1
-33.190432,141.12895,1
-33.190432,141.12895,1
-33.190432,141.12895,1
-33.1904,141.13999,1
-33.1904,141.13999,1
-33.1904,141.13999,1
-33.1904,141.13999,1
-33.1904,141.13999,1
-33.1904,141.13999,1
-33.1904,141.13999,1
-33.1904,141.13999,1
-33.1904,141.13999,1
-33.1904,141.13999,1
-33.1904,141.13999,1
-33.190013,141.124325,1
-33.190013,141.124325,1
-33.190013,141.124325,1
-33.190013,141.124325,1
-33.190013,141.124325,1
-33.190013,141.124325,1
-33.190013,141.124325,1
-33.190013,141.124325,1
-33.190013,141.124325,1
-33.190013,141.124325,1
-33.190013,141.124325,1
-33.190013,141.124325,1
-33.190013,141.124325,1
-33.190013,141.124325,1
-33.190013,141.124325,1
-33.190013,141.124325,1
-33.190013,141.124325,1
-33.190013,141.124325,1
-33.190013,141.124325,1
-33.190013,141.124325,1
-33.190013,141.124325,1
-33.190013,141.124325,1
-33.190013,141.124325,1
-33.190013,141.124325,1
-33.19001,141.124328,1
-33.19001,141.124328,1
-33.19001,141.124328,1
-33.19001,141.124328,1
-33.19001,141.124328,1
-33.19001,141.124328,1
-33.19001,141.124328,1
-33.19001,141.124328,1
-33.19001,141.124328,1
-33.19001,141.124328,1
-33.19001,141.124328,1
-33.19001,141.124328,1
-33.19001,141.124328,1
-33.19001,141.124328,1
-33.19001,141.124328,1
-33.19001,141.124328,1
-33.19001,141.124328,1
-33.19001,141.124328,1
-33.19001,141.124328,1
-33.19001,141.124328,1
-33.19001,141.124328,1
-33.19001,141.124328,1
-33.19001,141.124328,1
-33.19001,141.124328,1
-33.19001,141.124328,1
-33.19001,141.124328,1
-33.19001,141.124328,1
-33.19001,141.124328,1
-33.19001,141.124328,1
-33.19001,141.124328,1
-33.19001,141.124328,1
-33.19,141.12445,1
-33.19,141.12445,1
-33.189099,141.176183,1
-33.189099,141.176183,1
-33.189099,141.176183,1
-33.189099,141.176183,1
-33.189099,141.176183,1
-33.189099,141.176183,1
-33.189099,141.176183,1
-33.189099,141.176183,1
-33.18887,141.165899,1
-33.18887,141.165899,1
-33.18887,141.165899,1
-33.188813,141.141284,1
-33.188813,141.141284,1
-33.188813,141.141279,1
-33.188813,141.141284,1
-33.188813,141.141279,1
-33.188813,141.141279,1
-33.188813,141.141279,1
-33.188813,141.141279,1
-33.188813,141.141279,1
-33.188813,141.141279,1
-33.188813,141.141284,1
-33.188813,141.141279,1
-33.188813,141.141284,1
-33.188813,141.141279,1
-33.188813,141.141284,1
-33.188813,141.141284,1
-33.188813,141.141284,1
-33.188813,141.141284,1
-33.188813,141.141284,1
-33.188813,141.141284,1
-33.188813,141.141284,1
-33.188813,141.141284,1
-33.188813,141.141284,1
-33.188813,141.141284,1
-33.188813,141.141279,1
-33.188813,141.141284,1
-33.188813,141.141284,1
-33.188813,141.141279,1
-33.188813,141.141284,1
-33.188813,141.141279,1
-33.188813,141.141284,1
-33.188813,141.141279,1
-33.188813,141.141279,1
-33.188813,141.141279,1
-33.188813,141.141279,1
-33.188813,141.141279,1
-33.188813,141.141284,1
-33.188813,141.141284,1
-33.188813,141.141279,1
-33.188813,141.141279,1
-33.188813,141.141279,1
-33.188813,141.141279,1
-33.188813,141.141279,1
-33.188813,141.141279,1
-33.188813,141.141279,1
-33.188813,141.141279,1
-33.188813,141.141284,1
-33.188813,141.141279,1
-33.188813,141.141284,1
-33.188813,141.141284,1
-33.188813,141.141284,1
-33.188813,141.141279,1
-33.188813,141.141279,1
-33.188813,141.141284,1
-33.188813,141.141279,1
-33.188813,141.141279,1
-33.188813,141.141279,1
-33.188813,141.141279,1
-33.188813,141.141279,1
-33.188813,141.141279,1
-33.188813,141.141279,1
-33.188718,141.157522,1
-33.188718,141.157522,1
-33.188718,141.157522,1
-33.188718,141.157522,1
-33.188718,141.157522,1
-33.188718,141.157522,1
-33.188718,141.157522,1
-33.188718,141.157522,1
-33.188718,141.157522,1
-33.188718,141.157522,1
-33.188718,141.157522,1
-33.188718,141.157522,1
-33.188718,141.157522,1
-33.188718,141.157522,1
-33.188718,141.157522,1
-33.188718,141.157522,1
-33.188718,141.157522,1
-33.18829,141.180669,1
-33.18829,141.180669,1
-33.18829,141.180669,1
-33.18829,141.180669,1
-33.18829,141.180669,1
-33.18829,141.180669,1
-33.18829,141.180669,1
-33.18829,141.180669,1
-33.18829,141.180669,1
-33.18829,141.180669,1
-33.187576,141.177434,1
-33.187576,141.177434,1
-33.187576,141.177434,1
-33.187576,141.177434,1
-33.187576,141.177434,1
-33.187576,141.177434,1
-33.187576,141.177434,1
-33.187576,141.177434,1
-33.187576,141.177434,1
-33.187576,141.177434,1
-33.187576,141.177434,1
-33.187576,141.177434,1
-33.187576,141.177434,1
-33.187576,141.177434,1
-33.187576,141.177434,1
-33.187576,141.177434,1
-33.187576,141.177434,1
-33.187576,141.177434,1
-33.187576,141.177434,1
-33.187576,141.177434,1
-33.187576,141.177434,1
-33.187576,141.177434,1
-33.187576,141.177434,1
-33.187574,141.177439,1
-33.187574,141.177439,1
-33.187574,141.177439,1
-33.187574,141.177439,1
-33.187574,141.177439,1
-33.187574,141.177439,1
-33.187574,141.177439,1
-33.187574,141.177439,1
-33.187574,141.177439,1
-33.187574,141.177439,1
-33.187574,141.177439,1
-33.187574,141.177439,1
-33.187574,141.177439,1
-33.187574,141.177439,1
-33.187574,141.177439,1
-33.187574,141.177439,1
-33.187574,141.177439,1
-33.187574,141.177439,1
-33.187574,141.177439,1
-33.187574,141.177439,1
-33.187574,141.177439,1
-33.187574,141.177439,1
-33.187574,141.177439,1
-33.187574,141.177439,1
-33.187574,141.177439,1
-33.187574,141.177439,1
-33.187352,141.16126,1
-33.187352,141.16126,1
-33.187352,141.16126,1
-33.187352,141.16126,1
-33.187352,141.16126,1
-33.187352,141.16126,1
-33.187284,141.167275,1
-33.187284,141.167275,1
-33.187284,141.167275,1
-33.187284,141.167275,1
-33.187284,141.167275,1
-33.187284,141.167275,1
-33.187284,141.167275,1
-33.187284,141.167275,1
-33.187284,141.167275,1
-33.187284,141.167275,1
-33.187284,141.167275,1
-33.187284,141.167275,1
-33.187284,141.167275,1
-33.187284,141.167275,1
-33.187284,141.167275,1
-33.187284,141.167275,1
-33.187284,141.167275,1
-33.187284,141.167275,1
-33.187284,141.167275,1
-33.187284,141.167275,1
-33.187284,141.167275,1
-33.187284,141.167275,1
-33.187284,141.167275,1
-33.187284,141.167275,1
-33.187284,141.167275,1
-33.187284,141.167275,1
-33.187284,141.167275,1
-33.187284,141.167275,1
-33.187284,141.167275,1
-33.187284,141.167275,1
-33.187282,141.16727,1
-33.187282,141.16727,1
-33.187282,141.16727,1
-33.187282,141.16727,1
-33.187282,141.16727,1
-33.187282,141.16727,1
-33.187282,141.16727,1
-33.187282,141.16727,1
-33.187282,141.16727,1
-33.187282,141.16727,1
-33.187282,141.16727,1
-33.187282,141.16727,1
-33.187282,141.16727,1
-33.187282,141.16727,1
-33.187282,141.16727,1
-33.187282,141.16727,1
-33.187282,141.16727,1
-33.187282,141.16727,1
-33.187282,141.16727,1
-33.187282,141.16727,1
-33.187282,141.16727,1
-33.187282,141.16727,1
-33.187282,141.16727,1
-33.187282,141.16727,1
-33.187282,141.16727,1
-33.187282,141.16727,1
-33.187282,141.16727,1
-33.187282,141.16727,1
-33.187282,141.16727,1
-33.187282,141.16727,1
-33.187219,141.143285,1
-33.187219,141.143285,1
-33.187219,141.143285,1
-33.187219,141.143285,1
-33.187219,141.143285,1
-33.187219,141.143285,1
-33.187219,141.143285,1
-33.187219,141.143285,1
-33.187114,141.158885,1
-33.187114,141.158885,1
-33.187114,141.158885,1
-33.187114,141.158885,1
-33.187114,141.158883,1
-33.187114,141.158885,1
-33.187114,141.158883,1
-33.187114,141.158883,1
-33.187114,141.158885,1
-33.187114,141.158885,1
-33.187114,141.158885,1
-33.187114,141.158885,1
-33.187114,141.158883,1
-33.187114,141.158883,1
-33.187114,141.158883,1
-33.187114,141.158885,1
-33.187114,141.158883,1
-33.187114,141.158885,1
-33.187114,141.158885,1
-33.187114,141.158883,1
-33.187114,141.158885,1
-33.187114,141.158885,1
-33.187114,141.158883,1
-33.187114,141.158885,1
-33.187114,141.158885,1
-33.187114,141.158885,1
-33.187114,141.158883,1
-33.187114,141.158883,1
-33.187114,141.158883,1
-33.187114,141.158883,1
-33.187114,141.158883,1
-33.187114,141.158883,1
-33.187114,141.158885,1
-33.187114,141.158885,1
-33.187114,141.158885,1
-33.187114,141.158883,1
-33.187114,141.158883,1
-33.187114,141.158883,1
-33.187114,141.158885,1
-33.187114,141.158883,1
-33.187114,141.158883,1
-33.187114,141.158883,1
-33.187114,141.158883,1
-33.187114,141.158885,1
-33.187114,141.158885,1
-33.187114,141.158883,1
-33.187114,141.158883,1
-33.187114,141.158883,1
-33.187114,141.158883,1
-33.187114,141.158883,1
-33.187114,141.158883,1
-33.187114,141.158883,1
-33.187114,141.158883,1
-33.187114,141.158885,1
-33.187114,141.158885,1
-33.187114,141.158883,1
-33.187114,141.158883,1
-33.187114,141.158883,1
-33.187114,141.158883,1
-33.187114,141.158885,1
-33.187114,141.158885,1
-33.187114,141.158883,1
-33.187114,141.158885,1
-33.187114,141.158885,1
-33.187114,141.158883,1
-33.187114,141.158885,1
-33.187114,141.158885,1
-33.187114,141.158883,1
-33.187114,141.158885,1
-33.187114,141.158885,1
-33.18699,141.12348,1
-33.18699,141.12348,1
-33.18699,141.12348,1
-33.18699,141.12348,1
-33.18699,141.12348,1
-33.18699,141.12348,1
-33.18699,141.12348,1
-33.18699,141.12348,1
-33.186849,141.151342,1
-33.186849,141.151342,1
-33.186849,141.151342,1
-33.186849,141.151342,1
-33.186849,141.151342,1
-33.186849,141.151342,1
-33.186849,141.151342,1
-33.186849,141.151342,1
-33.186849,141.151342,1
-33.186849,141.151342,1
-33.186849,141.151342,1
-33.186849,141.151342,1
-33.186849,141.151342,1
-33.186849,141.151342,1
-33.186849,141.151342,1
-33.186849,141.151342,1
-33.186849,141.151342,1
-33.18676,141.181962,1
-33.18676,141.181962,1
-33.18676,141.181962,1
-33.18676,141.181962,1
-33.18676,141.181962,1
-33.18676,141.181962,1
-33.18676,141.181962,1
-33.18676,141.181962,1
-33.18676,141.181962,1
-33.18676,141.181962,1
-33.18676,141.181962,1
-33.18676,141.181962,1
-33.18676,141.181962,1
-33.18676,141.181962,1
-33.18676,141.181962,1
-33.18676,141.181962,1
-33.18676,141.181962,1
-33.18676,141.181962,1
-33.18676,141.181962,1
-33.18676,141.181962,1
-33.18676,141.181962,1
-33.18676,141.181962,1
-33.18676,141.181962,1
-33.18676,141.181962,1
-33.18676,141.181962,1
-33.18676,141.181962,1
-33.18676,141.181962,1
-33.18676,141.181962,1
-33.18676,141.181962,1
-33.18676,141.181962,1
-33.18676,141.181962,1
-33.18676,141.181962,1
-33.186758,141.181959,1
-33.186758,141.181959,1
-33.186758,141.181959,1
-33.186758,141.181959,1
-33.186758,141.181959,1
-33.186758,141.181959,1
-33.186758,141.181959,1
-33.186758,141.181959,1
-33.186758,141.181959,1
-33.186758,141.181959,1
-33.186758,141.181959,1
-33.186758,141.181959,1
-33.186758,141.181959,1
-33.186758,141.181959,1
-33.186758,141.181959,1
-33.186758,141.181959,1
-33.186758,141.181959,1
-33.186758,141.181959,1
-33.186758,141.181959,1
-33.186758,141.181959,1
-33.186758,141.181959,1
-33.186758,141.181959,1
-33.186758,141.181959,1
-33.186758,141.181959,1
-33.186758,141.181959,1
-33.186758,141.181959,1
-33.186758,141.181959,1
-33.186758,141.181959,1
-33.186758,141.181959,1
-33.186758,141.181959,1
-33.186758,141.181959,1
-33.186758,141.181959,1
-33.186758,141.181959,1
-33.186758,141.181959,1
-33.185832,141.162621,1
-33.185832,141.162621,1
-33.185832,141.162621,1
-33.185832,141.162621,1
-33.185832,141.162621,1
-33.185832,141.162621,1
-33.185832,141.162621,1
-33.185832,141.162621,1
-33.185832,141.162621,1
-33.185832,141.162621,1
-33.185832,141.162621,1
-33.185832,141.162621,1
-33.185832,141.162621,1
-33.185832,141.162621,1
-33.185832,141.162621,1
-33.185832,141.162621,1
-33.185832,141.162621,1
-33.185832,141.162621,1
-33.185832,141.162621,1
-33.185832,141.162621,1
-33.185832,141.162621,1
-33.185832,141.162621,1
-33.185832,141.162621,1
-33.185832,141.162621,1
-33.185832,141.162621,1
-33.185832,141.162621,1
-33.185832,141.162621,1
-33.185832,141.162621,1
-33.185832,141.162621,1
-33.185832,141.162621,1
-33.185832,141.162621,1
-33.185832,141.162621,1
-33.185832,141.162621,1
-33.185832,141.162621,1
-33.185832,141.162621,1
-33.185832,141.162621,1
-33.185832,141.162621,1
-33.185832,141.162621,1
-33.185832,141.162621,1
-33.185832,141.162621,1
-33.185832,141.162621,1
-33.185829,141.162616,1
-33.185829,141.162616,1
-33.185829,141.162616,1
-33.185829,141.162616,1
-33.185829,141.162616,1
-33.185829,141.162616,1
-33.185829,141.162616,1
-33.185829,141.162616,1
-33.185829,141.162616,1
-33.185829,141.162616,1
-33.185829,141.162616,1
-33.185829,141.162616,1
-33.185829,141.162616,1
-33.185829,141.162616,1
-33.185829,141.162616,1
-33.185829,141.162616,1
-33.185829,141.162616,1
-33.185829,141.162616,1
-33.185829,141.162616,1
-33.185829,141.162616,1
-33.185829,141.162616,1
-33.185829,141.162616,1
-33.185829,141.162616,1
-33.185829,141.162616,1
-33.185829,141.162616,1
-33.185829,141.162616,1
-33.185829,141.162616,1
-33.185829,141.162616,1
-33.185829,141.162616,1
-33.185829,141.162616,1
-33.185829,141.162616,1
-33.185829,141.162616,1
-33.185829,141.162616,1
-33.185829,141.162616,1
-33.185829,141.162616,1
-33.185829,141.162616,1
-33.185829,141.162616,1
-33.185652,141.144594,1
-33.185652,141.144594,1
-33.185652,141.144594,1
-33.185652,141.144594,1
-33.185652,141.144594,1
-33.185652,141.144594,1
-33.185652,141.144594,1
-33.185652,141.144594,1
-33.185652,141.144594,1
-33.185652,141.144594,1
-33.185652,141.144594,1
-33.185652,141.144594,1
-33.185652,141.144594,1
-33.185652,141.144594,1
-33.185652,141.144594,1
-33.185652,141.144594,1
-33.185652,141.144594,1
-33.185652,141.144594,1
-33.185652,141.144594,1
-33.185652,141.144594,1
-33.185652,141.144594,1
-33.185652,141.144594,1
-33.185652,141.144594,1
-33.185652,141.144594,1
-33.185652,141.144594,1
-33.185652,141.144594,1
-33.185652,141.144594,1
-33.185652,141.144594,1
-33.185652,141.144594,1
-33.185652,141.144594,1
-33.185652,141.144594,1
-33.185652,141.144594,1
-33.185652,141.144594,1
-33.185652,141.144594,1
-33.185652,141.144594,1
-33.18565,141.14459,1
-33.18565,141.14459,1
-33.18565,141.14459,1
-33.18565,141.14459,1
-33.18565,141.14459,1
-33.18565,141.14459,1
-33.18565,141.14459,1
-33.18565,141.14459,1
-33.18565,141.14459,1
-33.18565,141.14459,1
-33.18565,141.14459,1
-33.18565,141.14459,1
-33.18565,141.14459,1
-33.18565,141.14459,1
-33.18565,141.14459,1
-33.18565,141.14459,1
-33.18565,141.14459,1
-33.18565,141.14459,1
-33.18565,141.14459,1
-33.18565,141.14459,1
-33.18565,141.14459,1
-33.18565,141.14459,1
-33.18565,141.14459,1
-33.18565,141.14459,1
-33.18565,141.14459,1
-33.18565,141.14459,1
-33.18565,141.14459,1
-33.18565,141.14459,1
-33.18565,141.14459,1
-33.18565,141.14459,1
-33.185631,141.162133,1
-33.185525,141.189412,1
-33.185525,141.189412,1
-33.185525,141.189412,1
-33.185525,141.189412,1
-33.185525,141.189412,1
-33.185525,141.189412,1
-33.185525,141.189412,1
-33.185525,141.189412,1
-33.185525,141.189412,1
-33.185525,141.189412,1
-33.185525,141.189412,1
-33.185525,141.189412,1
-33.185525,141.189412,1
-33.185525,141.189412,1
-33.185525,141.189412,1
-33.185358,141.124898,1
-33.185358,141.124898,1
-33.185358,141.124898,1
-33.185358,141.124898,1
-33.185358,141.124898,1
-33.185358,141.124898,1
-33.185358,141.124898,1
-33.185358,141.124898,1
-33.185358,141.124898,1
-33.185358,141.124898,1
-33.185358,141.124898,1
-33.185358,141.124898,1
-33.185358,141.124898,1
-33.185358,141.124898,1
-33.185358,141.124898,1
-33.185358,141.124898,1
-33.185358,141.124898,1
-33.185358,141.124898,1
-33.185358,141.124898,1
-33.185358,141.124898,1
-33.185358,141.124898,1
-33.185358,141.124898,1
-33.185358,141.124898,1
-33.185358,141.124898,1
-33.185358,141.124898,1
-33.185358,141.124898,1
-33.185354,141.124902,1
-33.185354,141.124902,1
-33.185354,141.124902,1
-33.185354,141.124902,1
-33.185354,141.124902,1
-33.185354,141.124902,1
-33.185354,141.124902,1
-33.185354,141.124902,1
-33.185354,141.124902,1
-33.185354,141.124902,1
-33.185354,141.124902,1
-33.185354,141.124902,1
-33.185354,141.124902,1
-33.185354,141.124902,1
-33.185354,141.124902,1
-33.185354,141.124902,1
-33.185354,141.124902,1
-33.185277,141.152674,1
-33.185277,141.152674,1
-33.185277,141.152674,1
-33.185277,141.152674,1
-33.185277,141.152674,1
-33.185277,141.152674,1
-33.185277,141.152674,1
-33.185277,141.152674,1
-33.185277,141.152674,1
-33.185277,141.152674,1
-33.185277,141.152674,1
-33.185277,141.152674,1
-33.185277,141.152674,1
-33.185277,141.152674,1
-33.185277,141.152674,1
-33.185277,141.152674,1
-33.185277,141.152674,1
-33.185277,141.152674,1
-33.185277,141.152674,1
-33.185277,141.152674,1
-33.185277,141.152674,1
-33.185277,141.152674,1
-33.185277,141.152674,1
-33.185277,141.152674,1
-33.185277,141.152674,1
-33.185277,141.152674,1
-33.185277,141.152674,1
-33.185277,141.152674,1
-33.185277,141.152674,1
-33.185277,141.152674,1
-33.185277,141.152674,1
-33.185277,141.152674,1
-33.185277,141.152674,1
-33.185277,141.152674,1
-33.185277,141.152674,1
-33.185277,141.152674,1
-33.185277,141.152674,1
-33.185277,141.152674,1
-33.185277,141.152674,1
-33.185277,141.152674,1
-33.185277,141.152674,1
-33.185273,141.152671,1
-33.185273,141.152671,1
-33.185273,141.152671,1
-33.185273,141.152671,1
-33.185273,141.152671,1
-33.185273,141.152671,1
-33.185273,141.152671,1
-33.185273,141.152671,1
-33.185273,141.152671,1
-33.185273,141.152671,1
-33.185273,141.152671,1
-33.185273,141.152671,1
-33.185273,141.152671,1
-33.185273,141.152671,1
-33.185273,141.152671,1
-33.185273,141.152671,1
-33.185273,141.152671,1
-33.185273,141.152671,1
-33.185273,141.152671,1
-33.185273,141.152671,1
-33.185273,141.152671,1
-33.185273,141.152671,1
-33.185273,141.152671,1
-33.185273,141.152671,1
-33.185273,141.152671,1
-33.185273,141.152671,1
-33.185273,141.152671,1
-33.185273,141.152671,1
-33.185273,141.152671,1
-33.185273,141.152671,1
-33.185273,141.152671,1
-33.185273,141.152671,1
-33.185273,141.152671,1
-33.185273,141.152671,1
-33.185264,141.15237,1
-33.185246,141.15221,1
-33.185228,141.152145,1
-33.184869,141.177053,1
-33.184869,141.177053,1
-33.184869,141.177053,1
-33.184869,141.177053,1
-33.184869,141.177053,1
-33.184869,141.177053,1
-33.184869,141.177053,1
-33.184869,141.177053,1
-33.184869,141.177053,1
-33.184869,141.177053,1
-33.184869,141.177053,1
-33.184869,141.177053,1
-33.184869,141.177053,1
-33.184869,141.177053,1
-33.184869,141.177053,1
-33.184659,141.155884,1
-33.184575,141.146978,1
-33.184575,141.146978,1
-33.184575,141.146978,1
-33.184575,141.146978,1
-33.184575,141.146978,1
-33.184575,141.146978,1
-33.184575,141.146978,1
-33.184575,141.146978,1
-33.184575,141.146978,1
-33.184575,141.146978,1
-33.184575,141.146978,1
-33.184575,141.146978,1
-33.184575,141.146978,1
-33.184575,141.146978,1
-33.184575,141.146978,1
-33.184551,141.159953,1
-33.184313,141.155405,1
-33.184201,141.156118,1
-33.184201,141.156118,1
-33.184201,141.156118,1
-33.184201,141.156118,1
-33.184201,141.156118,1
-33.184201,141.156118,1
-33.184201,141.156118,1
-33.184201,141.156118,1
-33.184201,141.156118,1
-33.184201,141.156118,1
-33.184201,141.156118,1
-33.184201,141.156118,1
-33.184201,141.156118,1
-33.184201,141.156118,1
-33.184201,141.156118,1
-33.184201,141.156118,1
-33.184186,141.138738,1
-33.184186,141.138738,1
-33.184186,141.138738,1
-33.184186,141.138738,1
-33.183942,141.190708,1
-33.183942,141.190708,1
-33.183942,141.190708,1
-33.183942,141.190708,1
-33.183942,141.190708,1
-33.183942,141.190708,1
-33.183942,141.190708,1
-33.183942,141.190708,1
-33.183942,141.190708,1
-33.183942,141.190708,1
-33.183942,141.190708,1
-33.183942,141.190708,1
-33.183942,141.190708,1
-33.183942,141.190708,1
-33.183942,141.190708,1
-33.183942,141.190708,1
-33.183942,141.190708,1
-33.183942,141.190708,1
-33.183942,141.190708,1
-33.183942,141.190708,1
-33.183942,141.190708,1
-33.183942,141.190708,1
-33.183942,141.190708,1
-33.183942,141.190708,1
-33.183942,141.190708,1
-33.183942,141.190708,1
-33.183942,141.190708,1
-33.183942,141.190708,1
-33.183942,141.190708,1
-33.183942,141.190708,1
-33.183942,141.190708,1
-33.183942,141.190708,1
-33.183942,141.190708,1
-33.183942,141.190708,1
-33.183942,141.190708,1
-33.183942,141.190708,1
-33.183942,141.190708,1
-33.183942,141.190708,1
-33.183942,141.190708,1
-33.18394,141.190707,1
-33.18394,141.190707,1
-33.18394,141.190707,1
-33.18394,141.190707,1
-33.18394,141.190707,1
-33.18394,141.190707,1
-33.18394,141.190707,1
-33.18394,141.190707,1
-33.18394,141.190707,1
-33.18394,141.190707,1
-33.18394,141.190707,1
-33.18394,141.190707,1
-33.18394,141.190707,1
-33.18394,141.190707,1
-33.18394,141.190707,1
-33.18394,141.190707,1
-33.18394,141.190707,1
-33.18394,141.190707,1
-33.18394,141.190707,1
-33.18394,141.190707,1
-33.18394,141.190707,1
-33.18394,141.190707,1
-33.18394,141.190707,1
-33.18394,141.190707,1
-33.18394,141.190707,1
-33.18394,141.190707,1
-33.18394,141.190707,1
-33.18394,141.190707,1
-33.18394,141.190707,1
-33.18394,141.190707,1
-33.18394,141.190707,1
-33.18394,141.190707,1
-33.18394,141.190707,1
-33.18394,141.190707,1
-33.18324,141.178361,1
-33.18324,141.178361,1
-33.18324,141.178361,1
-33.18324,141.178361,1
-33.18324,141.178361,1
-33.18324,141.178361,1
-33.18324,141.178361,1
-33.18324,141.178361,1
-33.18324,141.178361,1
-33.18324,141.178361,1
-33.18324,141.178361,1
-33.18324,141.178361,1
-33.18324,141.178361,1
-33.18324,141.178361,1
-33.18324,141.178361,1
-33.18324,141.178361,1
-33.18324,141.178361,1
-33.18324,141.178361,1
-33.18324,141.178361,1
-33.18324,141.178361,1
-33.18324,141.178361,1
-33.18324,141.178361,1
-33.18324,141.178361,1
-33.18324,141.178361,1
-33.18324,141.178361,1
-33.18324,141.178361,1
-33.18324,141.178361,1
-33.18324,141.178361,1
-33.18324,141.178361,1
-33.18324,141.178361,1
-33.183236,141.178359,1
-33.183236,141.178359,1
-33.183236,141.178359,1
-33.183236,141.178359,1
-33.183236,141.178359,1
-33.183236,141.178359,1
-33.183236,141.178359,1
-33.183236,141.178359,1
-33.183236,141.178359,1
-33.183236,141.178359,1
-33.183236,141.178359,1
-33.183236,141.178359,1
-33.183236,141.178359,1
-33.183236,141.178359,1
-33.183236,141.178359,1
-33.183236,141.178359,1
-33.183236,141.178359,1
-33.183236,141.178359,1
-33.183236,141.178359,1
-33.183236,141.178359,1
-33.183236,141.178359,1
-33.183236,141.178359,1
-33.183236,141.178359,1
-33.183236,141.178359,1
-33.183236,141.178359,1
-33.183236,141.178359,1
-33.183236,141.178359,1
-33.183236,141.178359,1
-33.183236,141.178359,1
-33.183236,141.178359,1
-33.183236,141.178359,1
-33.182973,141.148195,1
-33.182973,141.148195,1
-33.182973,141.148195,1
-33.182973,141.148195,1
-33.182973,141.148195,1
-33.182973,141.148195,1
-33.182973,141.148195,1
-33.182973,141.148195,1
-33.182973,141.148195,1
-33.182973,141.148195,1
-33.182973,141.148195,1
-33.182973,141.148195,1
-33.182973,141.148195,1
-33.182973,141.148195,1
-33.182973,141.148195,1
-33.182973,141.148195,1
-33.182973,141.148195,1
-33.182973,141.148195,1
-33.182973,141.148195,1
-33.182973,141.148195,1
-33.182973,141.148195,1
-33.182973,141.148195,1
-33.182973,141.148195,1
-33.182973,141.148195,1
-33.182973,141.148195,1
-33.182973,141.148195,1
-33.182973,141.148195,1
-33.182973,141.148195,1
-33.182973,141.148195,1
-33.182973,141.148195,1
-33.182973,141.148195,1
-33.182973,141.148195,1
-33.182973,141.148195,1
-33.182973,141.148195,1
-33.182973,141.148195,1
-33.182973,141.148195,1
-33.182973,141.148195,1
-33.182973,141.148195,1
-33.182973,141.148195,1
-33.182973,141.148195,1
-33.182973,141.148195,1
-33.182973,141.148195,1
-33.182969,141.148194,1
-33.182969,141.148194,1
-33.182969,141.148194,1
-33.182969,141.148194,1
-33.182969,141.148194,1
-33.182969,141.148194,1
-33.182969,141.148194,1
-33.182969,141.148194,1
-33.182969,141.148194,1
-33.182969,141.148194,1
-33.182969,141.148194,1
-33.182969,141.148194,1
-33.182969,141.148194,1
-33.182969,141.148194,1
-33.182969,141.148194,1
-33.182969,141.148194,1
-33.182969,141.148194,1
-33.182969,141.148194,1
-33.182969,141.148194,1
-33.182969,141.148194,1
-33.182969,141.148194,1
-33.182969,141.148194,1
-33.182969,141.148194,1
-33.182969,141.148194,1
-33.182969,141.148194,1
-33.182969,141.148194,1
-33.182969,141.148194,1
-33.182969,141.148194,1
-33.182969,141.148194,1
-33.182969,141.148194,1
-33.182969,141.148194,1
-33.182969,141.148194,1
-33.182969,141.148194,1
-33.182969,141.148194,1
-33.182969,141.148194,1
-33.182969,141.148194,1
-33.182969,141.148194,1
-33.182969,141.148194,1
-33.182835,141.146788,1
-33.182755,141.146488,1
-33.182636,141.140126,1
-33.182636,141.140126,1
-33.182636,141.140123,1
-33.182636,141.140126,1
-33.182636,141.140126,1
-33.182636,141.140123,1
-33.182636,141.140123,1
-33.182636,141.140123,1
-33.182636,141.140126,1
-33.182636,141.140126,1
-33.182636,141.140123,1
-33.182636,141.140123,1
-33.182636,141.140123,1
-33.182636,141.140123,1
-33.182636,141.140123,1
-33.182636,141.140126,1
-33.182636,141.140126,1
-33.182636,141.140126,1
-33.182636,141.140123,1
-33.182636,141.140123,1
-33.182636,141.140126,1
-33.182636,141.140123,1
-33.182636,141.140126,1
-33.182636,141.140123,1
-33.182636,141.140126,1
-33.182636,141.140123,1
-33.182636,141.140123,1
-33.182636,141.140123,1
-33.182636,141.140123,1
-33.182636,141.140123,1
-33.182636,141.140126,1
-33.182636,141.140126,1
-33.182636,141.140126,1
-33.182636,141.140126,1
-33.182636,141.140126,1
-33.182636,141.140123,1
-33.182636,141.140123,1
-33.182636,141.140123,1
-33.182636,141.140123,1
-33.182636,141.140123,1
-33.182636,141.140123,1
-33.182636,141.140126,1
-33.182636,141.140123,1
-33.182636,141.140126,1
-33.182636,141.140126,1
-33.182636,141.140123,1
-33.182636,141.140126,1
-33.182636,141.140126,1
-33.182636,141.140123,1
-33.182636,141.140123,1
-33.182636,141.140123,1
-33.182636,141.140123,1
-33.182636,141.140126,1
-33.182636,141.140123,1
-33.182636,141.140126,1
-33.182636,141.140123,1
-33.182636,141.140123,1
-33.182636,141.140126,1
-33.182636,141.140126,1
-33.182636,141.140126,1
-33.182636,141.140123,1
-33.182636,141.140126,1
-33.182588,141.157461,1
-33.182588,141.157461,1
-33.182588,141.157461,1
-33.182588,141.157461,1
-33.182588,141.157461,1
-33.182588,141.157461,1
-33.182588,141.157461,1
-33.182588,141.157461,1
-33.182588,141.157461,1
-33.182588,141.157461,1
-33.182588,141.157461,1
-33.182588,141.157461,1
-33.182588,141.157461,1
-33.182588,141.157461,1
-33.182588,141.157461,1
-33.182588,141.157461,1
-33.182588,141.157461,1
-33.182588,141.157461,1
-33.182588,141.157461,1
-33.182588,141.157461,1
-33.182588,141.157461,1
-33.182588,141.157461,1
-33.182588,141.157461,1
-33.182588,141.157461,1
-33.182588,141.157461,1
-33.182588,141.157461,1
-33.182588,141.157461,1
-33.182588,141.157461,1
-33.182588,141.157461,1
-33.182588,141.157461,1
-33.182588,141.157461,1
-33.182588,141.157461,1
-33.182588,141.157461,1
-33.182588,141.157461,1
-33.182588,141.157461,1
-33.182587,141.157465,1
-33.182587,141.157465,1
-33.182587,141.157465,1
-33.182587,141.157465,1
-33.182587,141.157465,1
-33.182587,141.157465,1
-33.182587,141.157465,1
-33.182587,141.157465,1
-33.182587,141.157465,1
-33.182587,141.157465,1
-33.182587,141.157465,1
-33.182587,141.157465,1
-33.182587,141.157465,1
-33.182587,141.157465,1
-33.182587,141.157465,1
-33.182587,141.157465,1
-33.182587,141.157465,1
-33.182587,141.157465,1
-33.182587,141.157465,1
-33.182587,141.157465,1
-33.182587,141.157465,1
-33.182587,141.157465,1
-33.182587,141.157465,1
-33.182587,141.157465,1
-33.182587,141.157465,1
-33.182587,141.157465,1
-33.182587,141.157465,1
-33.182587,141.157465,1
-33.182587,141.157465,1
-33.182587,141.157465,1
-33.182587,141.157465,1
-33.182587,141.157465,1
-33.182587,141.157465,1
-33.182587,141.157465,1
-33.182405,141.134161,1
-33.182405,141.134161,1
-33.182271,141.12409,1
-33.182271,141.12409,1
-33.182271,141.12409,1
-33.182175,141.140902,1
-33.182148,141.153718,1
-33.182148,141.153718,1
-33.182148,141.153718,1
-33.182148,141.153718,1
-33.182148,141.153718,1
-33.182148,141.153718,1
-33.182148,141.153718,1
-33.182148,141.153718,1
-33.182148,141.153718,1
-33.182148,141.153718,1
-33.182148,141.153718,1
-33.182148,141.153718,1
-33.182148,141.153718,1
-33.182148,141.153718,1
-33.182148,141.153718,1
-33.182148,141.153718,1
-33.182148,141.153718,1
-33.182148,141.153718,1
-33.182148,141.153718,1
-33.182148,141.153718,1
-33.182148,141.153718,1
-33.182148,141.153718,1
-33.182148,141.153718,1
-33.182148,141.153718,1
-33.182148,141.153718,1
-33.182148,141.153718,1
-33.182148,141.153718,1
-33.182148,141.153718,1
-33.182148,141.153718,1
-33.182148,141.153718,1
-33.182148,141.153718,1
-33.18211,141.127988,1
-33.18211,141.127988,1
-33.18211,141.127988,1
-33.18211,141.127988,1
-33.18211,141.127988,1
-33.18211,141.127988,1
-33.18211,141.127988,1
-33.18211,141.127988,1
-33.18211,141.127988,1
-33.18211,141.127988,1
-33.18211,141.127988,1
-33.18211,141.127988,1
-33.18211,141.127988,1
-33.18211,141.127988,1
-33.18211,141.127988,1
-33.18211,141.127988,1
-33.18211,141.127988,1
-33.18211,141.127988,1
-33.18211,141.127988,1
-33.18211,141.127988,1
-33.18211,141.127988,1
-33.18211,141.127988,1
-33.18211,141.127988,1
-33.18211,141.127988,1
-33.18211,141.127988,1
-33.18211,141.127988,1
-33.18211,141.127988,1
-33.18211,141.127988,1
-33.18211,141.127988,1
-33.18211,141.127988,1
-33.18211,141.127988,1
-33.18211,141.127988,1
-33.18211,141.127988,1
-33.18211,141.127988,1
-33.18211,141.127988,1
-33.18211,141.127988,1
-33.18211,141.127988,1
-33.18211,141.127988,1
-33.18211,141.127988,1
-33.18211,141.127988,1
-33.18211,141.127988,1
-33.18211,141.127988,1
-33.18211,141.127988,1
-33.18211,141.127988,1
-33.18211,141.127988,1
-33.18211,141.127988,1
-33.18211,141.127988,1
-33.18211,141.127988,1
-33.18211,141.127988,1
-33.18211,141.127988,1
-33.18211,141.127988,1
-33.18211,141.127988,1
-33.18211,141.127988,1
-33.18211,141.127988,1
-33.18211,141.127988,1
-33.18211,141.127988,1
-33.18211,141.127988,1
-33.18211,141.127988,1
-33.18211,141.127988,1
-33.18211,141.127988,1
-33.18211,141.127988,1
-33.18211,141.127988,1
-33.18211,141.127988,1
-33.18211,141.127988,1
-33.18211,141.127988,1
-33.18211,141.127988,1
-33.18211,141.127988,1
-33.18211,141.127988,1
-33.18211,141.127988,1
-33.18211,141.127988,1
-33.18211,141.127988,1
-33.18211,141.127988,1
-33.18211,141.127988,1
-33.18211,141.127988,1
-33.182101,141.166635,1
-33.182101,141.166635,1
-33.182101,141.166635,1
-33.182101,141.166635,1
-33.182101,141.166635,1
-33.182101,141.166635,1
-33.182101,141.166635,1
-33.182101,141.166635,1
-33.182101,141.166635,1
-33.182014,141.179503,1
-33.182014,141.179503,1
-33.182014,141.179503,1
-33.182014,141.179503,1
-33.182014,141.179503,1
-33.182014,141.179503,1
-33.182014,141.179503,1
-33.182014,141.179503,1
-33.182014,141.179503,1
-33.182014,141.179503,1
-33.181898,141.129141,1
-33.181898,141.129141,1
-33.181512,141.184316,1
-33.181512,141.184316,1
-33.181512,141.184316,1
-33.181512,141.184316,1
-33.181512,141.184316,1
-33.181512,141.184316,1
-33.181512,141.184316,1
-33.181512,141.184316,1
-33.181512,141.184316,1
-33.181512,141.184316,1
-33.181512,141.184316,1
-33.181512,141.184316,1
-33.181512,141.184316,1
-33.181512,141.184316,1
-33.181512,141.184316,1
-33.181512,141.184316,1
-33.181512,141.184316,1
-33.181191,141.17452,1
-33.181191,141.17452,1
-33.181191,141.17452,1
-33.181191,141.17452,1
-33.181191,141.17452,1
-33.181191,141.17452,1
-33.181191,141.17452,1
-33.181191,141.17452,1
-33.181191,141.17452,1
-33.181191,141.17452,1
-33.180963,141.149068,1
-33.180963,141.149068,1
-33.180963,141.149068,1
-33.180963,141.149068,1
-33.180963,141.149068,1
-33.180963,141.149068,1
-33.180963,141.149068,1
-33.180947,141.134138,1
-33.180928,141.135505,1
-33.180928,141.135505,1
-33.180928,141.135505,1
-33.180928,141.135505,1
-33.180928,141.135505,1
-33.180928,141.135505,1
-33.180928,141.135505,1
-33.180928,141.135505,1
-33.180928,141.135505,1
-33.180928,141.135505,1
-33.180928,141.135505,1
-33.180928,141.135505,1
-33.180928,141.135505,1
-33.180928,141.135505,1
-33.180928,141.135505,1
-33.180928,141.135505,1
-33.180928,141.135505,1
-33.180927,141.135501,1
-33.180927,141.135501,1
-33.180927,141.135501,1
-33.180927,141.135501,1
-33.180927,141.135501,1
-33.180927,141.135501,1
-33.180927,141.135501,1
-33.180927,141.135501,1
-33.180927,141.135501,1
-33.180927,141.135501,1
-33.180927,141.135501,1
-33.180927,141.135501,1
-33.180927,141.135501,1
-33.180927,141.135501,1
-33.180927,141.135501,1
-33.180927,141.135501,1
-33.180927,141.135501,1
-33.180927,141.135501,1
-33.180927,141.135501,1
-33.180927,141.135501,1
-33.180927,141.135501,1
-33.180927,141.135501,1
-33.180927,141.135501,1
-33.180927,141.135501,1
-33.180927,141.135501,1
-33.180927,141.135501,1
-33.180927,141.135501,1
-33.180927,141.135501,1
-33.18084,141.179158,1
-33.18084,141.179158,1
-33.18084,141.179158,1
-33.18084,141.179158,1
-33.18084,141.179158,1
-33.18084,141.179158,1
-33.18084,141.179158,1
-33.180653,141.125486,1
-33.180653,141.125486,1
-33.180653,141.125486,1
-33.180653,141.125486,1
-33.180653,141.125486,1
-33.180653,141.190114,1
-33.180653,141.190114,1
-33.180653,141.190114,1
-33.180653,141.125486,1
-33.180653,141.125486,1
-33.180653,141.125486,1
-33.180653,141.125486,1
-33.180653,141.125486,1
-33.180653,141.125486,1
-33.180653,141.125486,1
-33.180653,141.125486,1
-33.180653,141.125486,1
-33.180653,141.125486,1
-33.180653,141.125486,1
-33.180653,141.125486,1
-33.180653,141.125486,1
-33.180653,141.125486,1
-33.180653,141.190114,1
-33.180653,141.190114,1
-33.180653,141.190114,1
-33.180653,141.190114,1
-33.180653,141.190114,1
-33.180649,141.125481,1
-33.180649,141.125481,1
-33.180649,141.125481,1
-33.180649,141.125481,1
-33.180649,141.125481,1
-33.180649,141.125481,1
-33.180649,141.125481,1
-33.180649,141.125481,1
-33.180649,141.125481,1
-33.180649,141.125481,1
-33.180649,141.125481,1
-33.180649,141.125481,1
-33.180649,141.125481,1
-33.180649,141.125481,1
-33.180649,141.125481,1
-33.180649,141.125481,1
-33.180649,141.125481,1
-33.180649,141.125481,1
-33.180649,141.125481,1
-33.180649,141.125481,1
-33.180649,141.125481,1
-33.180649,141.125481,1
-33.180649,141.125481,1
-33.180649,141.125481,1
-33.180649,141.125481,1
-33.180649,141.125481,1
-33.180649,141.125481,1
-33.180649,141.125481,1
-33.180649,141.125481,1
-33.180649,141.125481,1
-33.180649,141.125481,1
-33.180649,141.125481,1
-33.180649,141.125481,1
-33.180649,141.125481,1
-33.180649,141.125481,1
-33.180649,141.125481,1
-33.180649,141.125481,1
-33.180649,141.125481,1
-33.180495,141.157372,1
-33.180351,141.125492,1
-33.180346,141.13049,1
-33.180346,141.13049,1
-33.180346,141.13049,1
-33.180346,141.13049,1
-33.180346,141.13049,1
-33.180346,141.13049,1
-33.180346,141.13049,1
-33.180346,141.13049,1
-33.180346,141.13049,1
-33.180346,141.13049,1
-33.180346,141.13049,1
-33.180346,141.13049,1
-33.180346,141.13049,1
-33.180346,141.13049,1
-33.180346,141.13049,1
-33.180346,141.13049,1
-33.180346,141.13049,1
-33.180346,141.13049,1
-33.180346,141.13049,1
-33.180346,141.13049,1
-33.180344,141.13049,1
-33.180344,141.13049,1
-33.180344,141.13049,1
-33.180344,141.13049,1
-33.180344,141.13049,1
-33.180344,141.13049,1
-33.180344,141.13049,1
-33.180344,141.13049,1
-33.180344,141.13049,1
-33.180344,141.13049,1
-33.180344,141.13049,1
-33.180344,141.13049,1
-33.180344,141.13049,1
-33.180344,141.13049,1
-33.180344,141.13049,1
-33.180344,141.13049,1
-33.180344,141.13049,1
-33.180344,141.13049,1
-33.180344,141.13049,1
-33.180344,141.13049,1
-33.180344,141.13049,1
-33.180344,141.13049,1
-33.180344,141.13049,1
-33.180344,141.13049,1
-33.180344,141.13049,1
-33.180344,141.13049,1
-33.180344,141.13049,1
-33.180344,141.13049,1
-33.179951,141.185818,1
-33.179951,141.185818,1
-33.179951,141.185818,1
-33.179951,141.185818,1
-33.179951,141.185818,1
-33.179951,141.185818,1
-33.179951,141.185818,1
-33.179951,141.185818,1
-33.179951,141.185818,1
-33.179951,141.185818,1
-33.179951,141.185818,1
-33.179951,141.185818,1
-33.179951,141.185818,1
-33.179951,141.185818,1
-33.179951,141.185818,1
-33.179951,141.185818,1
-33.179951,141.185818,1
-33.179951,141.185818,1
-33.179951,141.185818,1
-33.179951,141.185818,1
-33.179951,141.185818,1
-33.179951,141.185818,1
-33.179951,141.185818,1
-33.179951,141.185818,1
-33.179951,141.185818,1
-33.179951,141.185818,1
-33.179951,141.185818,1
-33.179951,141.185818,1
-33.179951,141.185818,1
-33.179951,141.185818,1
-33.179951,141.185818,1
-33.179951,141.185818,1
-33.179951,141.185818,1
-33.179951,141.185818,1
-33.17995,141.185821,1
-33.17995,141.185821,1
-33.17995,141.185821,1
-33.17995,141.185821,1
-33.17995,141.185821,1
-33.17995,141.185821,1
-33.17995,141.185821,1
-33.17995,141.185821,1
-33.17995,141.185821,1
-33.17995,141.185821,1
-33.17995,141.185821,1
-33.17995,141.185821,1
-33.17995,141.185821,1
-33.17995,141.185821,1
-33.17995,141.185821,1
-33.17995,141.185821,1
-33.17995,141.185821,1
-33.17995,141.185821,1
-33.17995,141.185821,1
-33.17995,141.185821,1
-33.17995,141.185821,1
-33.17995,141.185821,1
-33.17995,141.185821,1
-33.17995,141.185821,1
-33.17995,141.185821,1
-33.17995,141.185821,1
-33.17995,141.185821,1
-33.17995,141.185821,1
-33.17995,141.185821,1
-33.179799,141.157369,1
-33.179799,141.157369,1
-33.179799,141.157369,1
-33.179799,141.157369,1
-33.179799,141.157369,1
-33.179799,141.157369,1
-33.179755,141.157703,1
-33.179586,141.17627,1
-33.17955,141.176324,1
-33.179541,141.176216,1
-33.179533,141.175798,1
-33.179533,141.175798,1
-33.179533,141.175798,1
-33.179533,141.175798,1
-33.179533,141.175798,1
-33.179533,141.175798,1
-33.179533,141.175798,1
-33.179533,141.175798,1
-33.179533,141.175798,1
-33.179533,141.175798,1
-33.179533,141.175798,1
-33.179533,141.175798,1
-33.179533,141.175798,1
-33.179533,141.175798,1
-33.179533,141.175798,1
-33.179533,141.175798,1
-33.179533,141.175798,1
-33.179533,141.175798,1
-33.179533,141.175798,1
-33.179533,141.175798,1
-33.179533,141.175798,1
-33.179533,141.175798,1
-33.179533,141.175798,1
-33.179533,141.175798,1
-33.179533,141.175798,1
-33.179533,141.175798,1
-33.179533,141.175798,1
-33.179533,141.175798,1
-33.179533,141.175798,1
-33.179533,141.175798,1
-33.179533,141.175798,1
-33.179533,141.175798,1
-33.179533,141.175798,1
-33.179529,141.175802,1
-33.179529,141.175802,1
-33.179529,141.175802,1
-33.179529,141.175802,1
-33.179529,141.175802,1
-33.179529,141.175802,1
-33.179529,141.175802,1
-33.179529,141.175802,1
-33.179529,141.175802,1
-33.179529,141.175802,1
-33.179529,141.175802,1
-33.179529,141.175802,1
-33.179529,141.175802,1
-33.179529,141.175802,1
-33.179529,141.175802,1
-33.179529,141.175802,1
-33.179529,141.175802,1
-33.179529,141.175802,1
-33.179529,141.175802,1
-33.179529,141.175802,1
-33.179529,141.175802,1
-33.179529,141.175802,1
-33.179529,141.175802,1
-33.179529,141.175802,1
-33.179529,141.175802,1
-33.179529,141.175802,1
-33.179529,141.175802,1
-33.179529,141.175802,1
-33.179529,141.175802,1
-33.179529,141.175802,1
-33.179529,141.175802,1
-33.179529,141.175802,1
-33.179529,141.175802,1
-33.179529,141.175802,1
-33.179529,141.175802,1
-33.179529,141.175802,1
-33.179529,141.175802,1
-33.179529,141.175802,1
-33.179458,141.150462,1
-33.179458,141.150462,1
-33.179458,141.150462,1
-33.179458,141.150462,1
-33.179458,141.150462,1
-33.179458,141.150462,1
-33.179458,141.150462,1
-33.179458,141.150462,1
-33.179458,141.150462,1
-33.179458,141.150462,1
-33.179458,141.150462,1
-33.179458,141.150462,1
-33.179458,141.150462,1
-33.179458,141.150462,1
-33.179458,141.150462,1
-33.179458,141.150462,1
-33.179458,141.150462,1
-33.179458,141.150462,1
-33.179458,141.150462,1
-33.179458,141.150462,1
-33.179458,141.150462,1
-33.179458,141.150462,1
-33.179458,141.150462,1
-33.179458,141.150462,1
-33.179458,141.150462,1
-33.179458,141.150462,1
-33.179458,141.150462,1
-33.179458,141.150462,1
-33.179454,141.150458,1
-33.179454,141.150458,1
-33.179454,141.150458,1
-33.179454,141.150458,1
-33.179454,141.150458,1
-33.179454,141.150458,1
-33.179454,141.150458,1
-33.179454,141.150458,1
-33.179454,141.150458,1
-33.179454,141.150458,1
-33.179454,141.150458,1
-33.179454,141.150458,1
-33.179454,141.150458,1
-33.179454,141.150458,1
-33.179454,141.150458,1
-33.179454,141.150458,1
-33.179454,141.150458,1
-33.179454,141.150458,1
-33.179454,141.150458,1
-33.179454,141.150458,1
-33.179454,141.150458,1
-33.179454,141.150458,1
-33.179454,141.150458,1
-33.179454,141.150458,1
-33.179454,141.150458,1
-33.179454,141.150458,1
-33.179454,141.150458,1
-33.179454,141.150458,1
-33.179454,141.150458,1
-33.179454,141.150458,1
-33.179454,141.150458,1
-33.179357,141.164815,1
-33.179357,141.164815,1
-33.179357,141.164815,1
-33.179357,141.164815,1
-33.179357,141.164815,1
-33.179301,141.180399,1
-33.179301,141.180399,1
-33.179301,141.180399,1
-33.179301,141.180399,1
-33.179301,141.180399,1
-33.179301,141.180399,1
-33.179301,141.180399,1
-33.179301,141.180399,1
-33.179301,141.180399,1
-33.179301,141.180399,1
-33.179301,141.180399,1
-33.179301,141.180399,1
-33.179301,141.180399,1
-33.179301,141.180399,1
-33.179301,141.180399,1
-33.179301,141.180399,1
-33.179301,141.180399,1
-33.179301,141.180399,1
-33.179301,141.180399,1
-33.179301,141.180399,1
-33.179301,141.180399,1
-33.179301,141.180399,1
-33.179301,141.180399,1
-33.179301,141.180399,1
-33.179301,141.180399,1
-33.179301,141.180399,1
-33.179301,141.180399,1
-33.179301,141.180399,1
-33.179301,141.180399,1
-33.179301,141.180399,1
-33.179301,141.180399,1
-33.179301,141.180399,1
-33.179301,141.180399,1
-33.179298,141.180404,1
-33.179298,141.180404,1
-33.179298,141.180404,1
-33.179298,141.180404,1
-33.179298,141.180404,1
-33.179298,141.180404,1
-33.179298,141.180404,1
-33.179298,141.180404,1
-33.179298,141.180404,1
-33.179298,141.180404,1
-33.179298,141.180404,1
-33.179298,141.180404,1
-33.179298,141.180404,1
-33.179298,141.180404,1
-33.179298,141.180404,1
-33.179298,141.180404,1
-33.179298,141.180404,1
-33.179298,141.180404,1
-33.179298,141.180404,1
-33.179298,141.180404,1
-33.179298,141.180404,1
-33.179298,141.180404,1
-33.179298,141.180404,1
-33.179298,141.180404,1
-33.179298,141.180404,1
-33.179298,141.180404,1
-33.179298,141.180404,1
-33.179298,141.180404,1
-33.179298,141.180404,1
-33.179298,141.180404,1
-33.179298,141.180404,1
-33.179298,141.180404,1
-33.179298,141.180404,1
-33.179298,141.180404,1
-33.179298,141.180404,1
-33.179298,141.180404,1
-33.179298,141.180404,1
-33.179298,141.180404,1
-33.179298,141.180404,1
-33.179298,141.180404,1
-33.179298,141.180404,1
-33.179298,141.180404,1
-33.179298,141.180404,1
-33.179298,141.180404,1
-33.179298,141.180404,1
-33.179298,141.180404,1
-33.179298,141.180404,1
-33.179298,141.180404,1
-33.179298,141.180404,1
-33.179298,141.180404,1
-33.179298,141.180404,1
-33.179298,141.180404,1
-33.179042,141.191422,1
-33.179042,141.191422,1
-33.179042,141.191422,1
-33.179042,141.191422,1
-33.179042,141.191422,1
-33.179042,141.191422,1
-33.179042,141.191422,1
-33.179042,141.191422,1
-33.179042,141.191422,1
-33.179042,141.191422,1
-33.179042,141.191422,1
-33.179042,141.191422,1
-33.179042,141.191422,1
-33.179042,141.191422,1
-33.179042,141.191422,1
-33.179042,141.191422,1
-33.179042,141.191422,1
-33.179042,141.191422,1
-33.179042,141.191422,1
-33.179042,141.191422,1
-33.179042,141.191422,1
-33.179042,141.191422,1
-33.179042,141.191422,1
-33.179042,141.191422,1
-33.179042,141.191422,1
-33.179042,141.191422,1
-33.179042,141.191422,1
-33.179042,141.191422,1
-33.179042,141.191422,1
-33.179042,141.191422,1
-33.179042,141.191422,1
-33.179042,141.191422,1
-33.179042,141.191422,1
-33.179042,141.191422,1
-33.179042,141.191422,1
-33.179042,141.191422,1
-33.179042,141.191422,1
-33.179042,141.191422,1
-33.179042,141.191422,1
-33.179042,141.191422,1
-33.179041,141.191426,1
-33.179041,141.191426,1
-33.179041,141.191426,1
-33.179041,141.191426,1
-33.179041,141.191426,1
-33.179041,141.191426,1
-33.179041,141.191426,1
-33.179041,141.191426,1
-33.179041,141.191426,1
-33.179041,141.191426,1
-33.179041,141.191426,1
-33.179041,141.191426,1
-33.179041,141.191426,1
-33.179041,141.191426,1
-33.179041,141.191426,1
-33.179041,141.191426,1
-33.179041,141.191426,1
-33.179041,141.191426,1
-33.179041,141.191426,1
-33.179041,141.191426,1
-33.179041,141.191426,1
-33.179041,141.191426,1
-33.179041,141.191426,1
-33.179041,141.191426,1
-33.179041,141.191426,1
-33.179041,141.191426,1
-33.179041,141.191426,1
-33.179041,141.191426,1
-33.179041,141.191426,1
-33.179041,141.191426,1
-33.179041,141.191426,1
-33.179041,141.191426,1
-33.179041,141.191426,1
-33.179041,141.191426,1
-33.179041,141.191426,1
-33.179041,141.191426,1
-33.179041,141.191426,1
-33.179041,141.191426,1
-33.178986,141.170171,1
-33.178986,141.170171,1
-33.178986,141.170171,1
-33.178986,141.170171,1
-33.178986,141.170171,1
-33.178986,141.170171,1
-33.178986,141.170171,1
-33.178203,141.158655,1
-33.178203,141.158655,1
-33.178203,141.158655,1
-33.178203,141.158655,1
-33.178203,141.158655,1
-33.178203,141.158655,1
-33.178203,141.158655,1
-33.178203,141.158655,1
-33.178203,141.158655,1
-33.178203,141.158655,1
-33.178203,141.158655,1
-33.178203,141.158655,1
-33.178203,141.158655,1
-33.178203,141.158655,1
-33.178203,141.158655,1
-33.178203,141.158655,1
-33.178203,141.158655,1
-33.178203,141.158655,1
-33.178203,141.158655,1
-33.178203,141.158655,1
-33.1782,141.158659,1
-33.1782,141.158659,1
-33.1782,141.158659,1
-33.1782,141.158659,1
-33.1782,141.158659,1
-33.1782,141.158659,1
-33.1782,141.158659,1
-33.1782,141.158659,1
-33.1782,141.158659,1
-33.1782,141.158659,1
-33.1782,141.158659,1
-33.1782,141.158659,1
-33.1782,141.158659,1
-33.1782,141.158659,1
-33.1782,141.158659,1
-33.1782,141.158659,1
-33.1782,141.158659,1
-33.1782,141.158659,1
-33.1782,141.158659,1
-33.1782,141.158659,1
-33.1782,141.158659,1
-33.1782,141.158659,1
-33.1782,141.158659,1
-33.1782,141.158659,1
-33.1782,141.158659,1
-33.1782,141.158659,1
-33.1782,141.158659,1
-33.1782,141.158659,1
-33.1782,141.158659,1
-33.1782,141.158659,1
-33.1782,141.158659,1
-33.1782,141.158659,1
-33.1782,141.158659,1
-33.1782,141.158659,1
-33.1782,141.158659,1
-33.177797,141.124716,1
-33.177797,141.124716,1
-33.177797,141.124716,1
-33.177797,141.124716,1
-33.177769,141.165883,1
-33.177724,141.16613,1
-33.177724,141.16613,1
-33.177724,141.16613,1
-33.177724,141.16613,1
-33.177724,141.16613,1
-33.177724,141.16613,1
-33.177724,141.16613,1
-33.177724,141.16613,1
-33.177724,141.16613,1
-33.177724,141.16613,1
-33.177724,141.16613,1
-33.177724,141.16613,1
-33.177724,141.16613,1
-33.177724,141.16613,1
-33.177724,141.16613,1
-33.177724,141.16613,1
-33.177724,141.16613,1
-33.177724,141.16613,1
-33.177724,141.16613,1
-33.177724,141.16613,1
-33.177724,141.16613,1
-33.177724,141.16613,1
-33.177724,141.16613,1
-33.177724,141.16613,1
-33.177724,141.16613,1
-33.177724,141.16613,1
-33.177724,141.16613,1
-33.177724,141.16613,1
-33.177724,141.16613,1
-33.177724,141.16613,1
-33.177724,141.16613,1
-33.177724,141.16613,1
-33.177723,141.166135,1
-33.177723,141.166135,1
-33.177723,141.166135,1
-33.177723,141.166135,1
-33.177723,141.166135,1
-33.177723,141.166135,1
-33.177723,141.166135,1
-33.177723,141.166135,1
-33.177723,141.166135,1
-33.177723,141.166135,1
-33.177723,141.166135,1
-33.177723,141.166135,1
-33.177723,141.166135,1
-33.177723,141.166135,1
-33.177723,141.166135,1
-33.177723,141.166135,1
-33.177723,141.166135,1
-33.177723,141.166135,1
-33.177723,141.166135,1
-33.177723,141.166135,1
-33.177723,141.166135,1
-33.177723,141.166135,1
-33.177723,141.166135,1
-33.177723,141.166135,1
-33.177723,141.166135,1
-33.177723,141.166135,1
-33.177723,141.166135,1
-33.177723,141.166135,1
-33.177723,141.166135,1
-33.177723,141.166135,1
-33.177723,141.166135,1
-33.177723,141.166135,1
-33.177723,141.166135,1
-33.177723,141.166135,1
-33.177723,141.166135,1
-33.177723,141.166135,1
-33.177723,141.166135,1
-33.177723,141.166135,1
-33.177723,141.166135,1
-33.177723,141.166135,1
-33.177723,141.166135,1
-33.177723,141.166135,1
-33.177723,141.166135,1
-33.177723,141.166135,1
-33.177723,141.166135,1
-33.177723,141.166135,1
-33.177608,141.16539,1
-33.177587,141.167117,1
-33.177401,141.171471,1
-33.177401,141.171471,1
-33.177401,141.171471,1
-33.177401,141.171471,1
-33.177401,141.171471,1
-33.177401,141.171471,1
-33.177401,141.171471,1
-33.177401,141.171471,1
-33.177401,141.171471,1
-33.177401,141.171471,1
-33.177401,141.171471,1
-33.177401,141.171471,1
-33.177401,141.171471,1
-33.177401,141.171471,1
-33.177401,141.171471,1
-33.177401,141.171471,1
-33.177401,141.171471,1
-33.177401,141.171471,1
-33.177401,141.171471,1
-33.177401,141.171471,1
-33.177401,141.171471,1
-33.177401,141.171471,1
-33.177401,141.171471,1
-33.177401,141.171471,1
-33.177401,141.171471,1
-33.177401,141.171471,1
-33.177401,141.171471,1
-33.177401,141.171471,1
-33.177401,141.171471,1
-33.1774,141.171473,1
-33.1774,141.171473,1
-33.1774,141.171473,1
-33.1774,141.171473,1
-33.1774,141.171473,1
-33.1774,141.171473,1
-33.1774,141.171473,1
-33.1774,141.171473,1
-33.1774,141.171473,1
-33.1774,141.171473,1
-33.1774,141.171473,1
-33.1774,141.171473,1
-33.1774,141.171473,1
-33.1774,141.171473,1
-33.1774,141.171473,1
-33.1774,141.171473,1
-33.1774,141.171473,1
-33.1774,141.171473,1
-33.1774,141.171473,1
-33.1774,141.171473,1
-33.1774,141.171473,1
-33.1774,141.171473,1
-33.1774,141.171473,1
-33.1774,141.171473,1
-33.1774,141.171473,1
-33.1774,141.171473,1
-33.1774,141.171473,1
-33.1774,141.171473,1
-33.1774,141.171473,1
-33.1774,141.171473,1
-33.1774,141.171473,1
-33.1774,141.171473,1
-33.1774,141.171473,1
-33.1774,141.171473,1
-33.1774,141.171473,1
-33.1774,141.171473,1
-33.1774,141.171473,1
-33.1774,141.171473,1
-33.1774,141.171473,1
-33.1774,141.171473,1
-33.1774,141.171473,1
-33.1774,141.171473,1
-33.176965,141.149847,1
-33.176965,141.149847,1
-33.176965,141.149847,1
-33.176965,141.149847,1
-33.176965,141.149847,1
-33.176667,141.178975,1
-33.176667,141.178975,1
-33.176667,141.178975,1
-33.176667,141.178975,1
-33.176667,141.178975,1
-33.176667,141.178975,1
-33.176667,141.178975,1
-33.176667,141.178975,1
-33.176667,141.178975,1
-33.176667,141.178975,1
-33.176667,141.178975,1
-33.176667,141.178975,1
-33.176324,141.190709,1
-33.176324,141.190709,1
-33.176324,141.190709,1
-33.176324,141.190709,1
-33.176324,141.190709,1
-33.176324,141.190709,1
-33.176324,141.190709,1
-33.176324,141.190709,1
-33.176324,141.190709,1
-33.176324,141.190709,1
-33.176324,141.190709,1
-33.176324,141.190709,1
-33.176147,141.126065,1
-33.176147,141.126065,1
-33.176147,141.126065,1
-33.176147,141.126065,1
-33.176147,141.126065,1
-33.176147,141.126065,1
-33.176147,141.126065,1
-33.176147,141.126065,1
-33.176147,141.126065,1
-33.176147,141.126065,1
-33.176147,141.126065,1
-33.176147,141.126065,1
-33.176147,141.126065,1
-33.176147,141.126065,1
-33.176147,141.126065,1
-33.176147,141.126065,1
-33.176147,141.126065,1
-33.176147,141.126065,1
-33.176147,141.126065,1
-33.176147,141.126065,1
-33.176147,141.126065,1
-33.176147,141.126065,1
-33.176147,141.126065,1
-33.176147,141.126065,1
-33.176147,141.126065,1
-33.176147,141.126065,1
-33.176147,141.126065,1
-33.176147,141.126065,1
-33.176147,141.126065,1
-33.176143,141.126066,1
-33.176143,141.126066,1
-33.176143,141.126066,1
-33.176143,141.126066,1
-33.176143,141.126066,1
-33.176143,141.126066,1
-33.176143,141.126066,1
-33.176143,141.126066,1
-33.176143,141.126066,1
-33.176143,141.126066,1
-33.176143,141.126066,1
-33.176143,141.126066,1
-33.176143,141.126066,1
-33.176143,141.126066,1
-33.176143,141.126066,1
-33.176143,141.126066,1
-33.176143,141.126066,1
-33.175771,141.16039,1
-33.175771,141.16039,1
-33.175771,141.16039,1
-33.175771,141.16039,1
-33.175771,141.16039,1
-33.175771,141.16039,1
-33.175398,141.151141,1
-33.175398,141.151141,1
-33.175398,141.151141,1
-33.175398,141.151141,1
-33.175398,141.151141,1
-33.175398,141.151141,1
-33.175398,141.151141,1
-33.175398,141.151141,1
-33.175398,141.151141,1
-33.175398,141.151141,1
-33.175398,141.151141,1
-33.175398,141.151141,1
-33.175398,141.151141,1
-33.175398,141.151141,1
-33.175398,141.151141,1
-33.175398,141.151141,1
-33.175398,141.151141,1
-33.175398,141.151141,1
-33.175398,141.151141,1
-33.175398,141.151141,1
-33.175398,141.151141,1
-33.175398,141.151141,1
-33.175398,141.151141,1
-33.175398,141.151141,1
-33.175398,141.151141,1
-33.175398,141.151141,1
-33.175398,141.151141,1
-33.175398,141.151141,1
-33.175398,141.151141,1
-33.175398,141.151141,1
-33.175397,141.151145,1
-33.175397,141.151145,1
-33.175397,141.151145,1
-33.175397,141.151145,1
-33.175397,141.151145,1
-33.175397,141.151145,1
-33.175397,141.151145,1
-33.175397,141.151145,1
-33.175397,141.151145,1
-33.175397,141.151145,1
-33.175397,141.151145,1
-33.175397,141.151145,1
-33.175397,141.151145,1
-33.175397,141.151145,1
-33.175397,141.151145,1
-33.175397,141.151145,1
-33.175397,141.151145,1
-33.175397,141.151145,1
-33.175397,141.151145,1
-33.175397,141.151145,1
-33.175397,141.151145,1
-33.175397,141.151145,1
-33.175397,141.151145,1
-33.175397,141.151145,1
-33.175397,141.151145,1
-33.175397,141.151145,1
-33.175397,141.151145,1
-33.175397,141.151145,1
-33.175397,141.151145,1
-33.175397,141.151145,1
-33.175397,141.151145,1
-33.175397,141.151145,1
-33.175397,141.151145,1
-33.175397,141.151145,1
-33.175397,141.151145,1
-33.175397,141.151145,1
-33.175397,141.151145,1
-33.175397,141.151145,1
-33.175127,141.180231,1
-33.175127,141.180231,1
-33.175127,141.180231,1
-33.175127,141.180231,1
-33.175127,141.180231,1
-33.175127,141.180231,1
-33.175127,141.180231,1
-33.175127,141.180231,1
-33.175127,141.180231,1
-33.175127,141.180231,1
-33.175127,141.180231,1
-33.175127,141.180231,1
-33.175127,141.180231,1
-33.175127,141.180231,1
-33.175127,141.180231,1
-33.175127,141.180231,1
-33.175127,141.180231,1
-33.175127,141.180231,1
-33.175127,141.180231,1
-33.175127,141.180231,1
-33.175127,141.180231,1
-33.175127,141.180231,1
-33.175127,141.180231,1
-33.175127,141.180231,1
-33.175127,141.180231,1
-33.175127,141.180231,1
-33.175127,141.180231,1
-33.175127,141.180231,1
-33.175127,141.180231,1
-33.175127,141.180231,1
-33.175127,141.180231,1
-33.175127,141.180231,1
-33.175124,141.18023,1
-33.175124,141.18023,1
-33.175124,141.18023,1
-33.175124,141.18023,1
-33.175124,141.18023,1
-33.175124,141.18023,1
-33.175124,141.18023,1
-33.175124,141.18023,1
-33.175124,141.18023,1
-33.175124,141.18023,1
-33.175124,141.18023,1
-33.175124,141.18023,1
-33.175124,141.18023,1
-33.175124,141.18023,1
-33.175124,141.18023,1
-33.175124,141.18023,1
-33.175124,141.18023,1
-33.175124,141.18023,1
-33.175124,141.18023,1
-33.175124,141.18023,1
-33.175124,141.18023,1
-33.175124,141.18023,1
-33.175124,141.18023,1
-33.175124,141.18023,1
-33.175124,141.18023,1
-33.175124,141.18023,1
-33.175124,141.18023,1
-33.175124,141.18023,1
-33.175124,141.18023,1
-33.175124,141.18023,1
-33.174821,141.155385,1
-33.174821,141.155385,1
-33.174821,141.155385,1
-33.174821,141.155385,1
-33.174821,141.155385,1
-33.174821,141.155385,1
-33.174821,141.155385,1
-33.174678,141.192041,1
-33.174678,141.192041,1
-33.174678,141.192041,1
-33.174678,141.192041,1
-33.174678,141.192041,1
-33.174678,141.192041,1
-33.174678,141.192041,1
-33.174678,141.192041,1
-33.174678,141.192041,1
-33.174678,141.192041,1
-33.174678,141.192041,1
-33.174678,141.192041,1
-33.174678,141.192041,1
-33.174678,141.192041,1
-33.174678,141.192041,1
-33.174678,141.192041,1
-33.174678,141.192041,1
-33.174678,141.192041,1
-33.174678,141.192041,1
-33.174678,141.192041,1
-33.174678,141.192041,1
-33.174678,141.192041,1
-33.174678,141.192041,1
-33.174678,141.192041,1
-33.174678,141.192041,1
-33.174678,141.192041,1
-33.174678,141.192041,1
-33.174678,141.192041,1
-33.174678,141.192041,1
-33.174678,141.192041,1
-33.174678,141.192041,1
-33.174678,141.192041,1
-33.174678,141.192041,1
-33.174678,141.192041,1
-33.174678,141.192041,1
-33.174678,141.192041,1
-33.174678,141.192041,1
-33.174674,141.192038,1
-33.174674,141.192038,1
-33.174674,141.192038,1
-33.174674,141.192038,1
-33.174674,141.192038,1
-33.174674,141.192038,1
-33.174674,141.192038,1
-33.174674,141.192038,1
-33.174674,141.192038,1
-33.174674,141.192038,1
-33.174674,141.192038,1
-33.174674,141.192038,1
-33.174674,141.192038,1
-33.174674,141.192038,1
-33.174674,141.192038,1
-33.174674,141.192038,1
-33.174674,141.192038,1
-33.174674,141.192038,1
-33.174674,141.192038,1
-33.174674,141.192038,1
-33.174674,141.192038,1
-33.174674,141.192038,1
-33.174674,141.192038,1
-33.174674,141.192038,1
-33.174674,141.192038,1
-33.174674,141.192038,1
-33.174674,141.192038,1
-33.174674,141.192038,1
-33.174508,141.161726,1
-33.174508,141.161726,1
-33.174508,141.161726,1
-33.174508,141.161726,1
-33.174508,141.161726,1
-33.174508,141.161726,1
-33.174508,141.161726,1
-33.174508,141.161726,1
-33.174508,141.161726,1
-33.174508,141.161726,1
-33.174508,141.161726,1
-33.174508,141.161726,1
-33.174508,141.161726,1
-33.174508,141.161726,1
-33.174508,141.161726,1
-33.174508,141.161726,1
-33.174508,141.161726,1
-33.174508,141.161726,1
-33.174508,141.161726,1
-33.174508,141.161726,1
-33.174508,141.161726,1
-33.174508,141.161726,1
-33.174508,141.161726,1
-33.174508,141.161726,1
-33.174508,141.161726,1
-33.174508,141.161726,1
-33.174508,141.161726,1
-33.174508,141.161726,1
-33.174508,141.161726,1
-33.174508,141.161726,1
-33.174508,141.161726,1
-33.174508,141.161726,1
-33.174508,141.161726,1
-33.174508,141.161726,1
-33.174508,141.161726,1
-33.174508,141.161726,1
-33.174508,141.161726,1
-33.174508,141.161726,1
-33.174508,141.161726,1
-33.174508,141.161726,1
-33.174508,141.161726,1
-33.174508,141.161726,1
-33.174508,141.161726,1
-33.174508,141.161726,1
-33.174508,141.161726,1
-33.174508,141.161726,1
-33.174508,141.161726,1
-33.174508,141.161726,1
-33.174508,141.161726,1
-33.174508,141.161726,1
-33.174508,141.161726,1
-33.174508,141.161726,1
-33.174508,141.161726,1
-33.174508,141.161726,1
-33.174508,141.161726,1
-33.174508,141.161726,1
-33.174508,141.161726,1
-33.174508,141.161726,1
-33.174508,141.161726,1
-33.174508,141.161726,1
-33.174508,141.161726,1
-33.174508,141.161726,1
-33.174508,141.161726,1
-33.174508,141.161726,1
-33.174508,141.161726,1
-33.174508,141.161726,1
-33.174508,141.161726,1
-33.174508,141.161726,1
-33.174508,141.161726,1
-33.174508,141.161726,1
-33.174508,141.161726,1
-33.174508,141.161726,1
-33.174508,141.161726,1
-33.174508,141.161726,1
-33.174508,141.161726,1
-33.174508,141.161726,1
-33.174508,141.161726,1
-33.174508,141.161726,1
-33.174508,141.161726,1
-33.174508,141.161726,1
-33.174508,141.161726,1
-33.174508,141.161726,1
-33.174508,141.161726,1
-33.174508,141.161726,1
-33.174508,141.161726,1
-33.174508,141.161726,1
-33.174508,141.161726,1
-33.174508,141.161726,1
-33.174508,141.161726,1
-33.174508,141.161726,1
-33.174508,141.161726,1
-33.174508,141.161726,1
-33.174508,141.161726,1
-33.174508,141.161726,1
-33.174508,141.161726,1
-33.174508,141.161726,1
-33.174508,141.161726,1
-33.174508,141.161726,1
-33.174508,141.161726,1
-33.174508,141.161726,1
-33.174508,141.161726,1
-33.174508,141.161726,1
-33.174508,141.161726,1
-33.174508,141.161726,1
-33.174508,141.161726,1
-33.174508,141.161726,1
-33.174508,141.161726,1
-33.174508,141.161726,1
-33.174508,141.161726,1
-33.174508,141.161726,1
-33.174508,141.161726,1
-33.174508,141.161726,1
-33.174508,141.161726,1
-33.174508,141.161726,1
-33.174508,141.161726,1
-33.174508,141.161726,1
-33.174508,141.161726,1
-33.174508,141.161726,1
-33.174508,141.161726,1
-33.174508,141.161726,1
-33.174508,141.161726,1
-33.174508,141.161726,1
-33.174508,141.161726,1
-33.174508,141.161726,1
-33.174508,141.161726,1
-33.174508,141.161726,1
-33.174508,141.161726,1
-33.174508,141.161726,1
-33.174508,141.161726,1
-33.174508,141.161726,1
-33.174508,141.161726,1
-33.174508,141.161726,1
-33.174508,141.161726,1
-33.174508,141.161726,1
-33.174508,141.161726,1
-33.174508,141.161726,1
-33.174508,141.161726,1
-33.174508,141.161726,1
-33.174508,141.161726,1
-33.174508,141.161726,1
-33.174508,141.161726,1
-33.174508,141.161726,1
-33.174508,141.161726,1
-33.174508,141.161726,1
-33.174508,141.161726,1
-33.174508,141.161726,1
-33.174508,141.161726,1
-33.174508,141.161726,1
-33.174508,141.161726,1
-33.174508,141.161726,1
-33.174508,141.161726,1
-33.174508,141.161726,1
-33.174508,141.161726,1
-33.174508,141.161726,1
-33.174508,141.161726,1
-33.174508,141.161726,1
-33.174508,141.161726,1
-33.174508,141.161726,1
-33.174508,141.161726,1
-33.174508,141.161726,1
-33.174508,141.161726,1
-33.174508,141.161726,1
-33.174508,141.161726,1
-33.174508,141.161726,1
-33.174508,141.161726,1
-33.174508,141.161726,1
-33.174508,141.161726,1
-33.174508,141.161726,1
-33.174508,141.161726,1
-33.174508,141.161726,1
-33.174508,141.161726,1
-33.174508,141.161726,1
-33.174508,141.161726,1
-33.174508,141.161726,1
-33.174508,141.161726,1
-33.174508,141.161726,1
-33.174508,141.161726,1
-33.174508,141.161726,1
-33.174508,141.161726,1
-33.174508,141.161726,1
-33.174508,141.161726,1
-33.174508,141.161726,1
-33.174508,141.161726,1
-33.174508,141.161726,1
-33.174508,141.161726,1
-33.174508,141.161726,1
-33.174508,141.161726,1
-33.174508,141.161726,1
-33.174508,141.161726,1
-33.174508,141.161726,1
-33.174508,141.161726,1
-33.174508,141.161726,1
-33.174508,141.161726,1
-33.174508,141.161726,1
-33.174508,141.161726,1
-33.174508,141.161726,1
-33.174508,141.161726,1
-33.174508,141.161726,1
-33.174508,141.161726,1
-33.174508,141.161726,1
-33.174508,141.161726,1
-33.174508,141.161726,1
-33.174508,141.161726,1
-33.174508,141.161726,1
-33.174508,141.161726,1
-33.174508,141.161726,1
-33.174508,141.161726,1
-33.174508,141.161726,1
-33.174508,141.161726,1
-33.174508,141.161726,1
-33.174508,141.161726,1
-33.174508,141.161726,1
-33.174508,141.161726,1
-33.174508,141.161726,1
-33.174508,141.161726,1
-33.174508,141.161726,1
-33.174508,141.161726,1
-33.174508,141.161726,1
-33.174508,141.161726,1
-33.174508,141.161726,1
-33.174508,141.161726,1
-33.174508,141.161726,1
-33.174508,141.161726,1
-33.174508,141.161726,1
-33.174508,141.161726,1
-33.174508,141.161726,1
-33.174508,141.161726,1
-33.174508,141.161726,1
-33.174508,141.161726,1
-33.174508,141.161726,1
-33.174508,141.161726,1
-33.174508,141.161726,1
-33.174508,141.161726,1
-33.174508,141.161726,1
-33.174508,141.161726,1
-33.174508,141.161726,1
-33.174508,141.161726,1
-33.174508,141.161726,1
-33.174508,141.161726,1
-33.174508,141.161726,1
-33.174508,141.161726,1
-33.174508,141.161726,1
-33.174508,141.161726,1
-33.174508,141.161726,1
-33.174508,141.161726,1
-33.174508,141.161726,1
-33.174508,141.161726,1
-33.174508,141.161726,1
-33.174508,141.161726,1
-33.174508,141.161726,1
-33.174508,141.161726,1
-33.174508,141.161726,1
-33.174508,141.161726,1
-33.174508,141.161726,1
-33.174508,141.161726,1
-33.174508,141.161726,1
-33.174508,141.161726,1
-33.174508,141.161726,1
-33.174508,141.161726,1
-33.174508,141.161726,1
-33.174508,141.161726,1
-33.174508,141.161726,1
-33.174508,141.161726,1
-33.174508,141.161726,1
-33.174508,141.161726,1
-33.174508,141.161726,1
-33.174508,141.161726,1
-33.174508,141.161726,1
-33.174508,141.161726,1
-33.174508,141.161726,1
-33.174508,141.161726,1
-33.174508,141.161726,1
-33.174508,141.161726,1
-33.174508,141.161726,1
-33.174508,141.161726,1
-33.174508,141.161726,1
-33.174508,141.161726,1
-33.174508,141.161726,1
-33.174508,141.161726,1
-33.174508,141.161726,1
-33.174508,141.161726,1
-33.174508,141.161726,1
-33.174508,141.161726,1
-33.174508,141.161726,1
-33.174508,141.161726,1
-33.174508,141.161726,1
-33.174508,141.161726,1
-33.174508,141.161726,1
-33.174508,141.161726,1
-33.174508,141.161726,1
-33.174508,141.161726,1
-33.174508,141.161726,1
-33.174508,141.161726,1
-33.174508,141.161726,1
-33.174508,141.161726,1
-33.174508,141.161726,1
-33.174508,141.161726,1
-33.174508,141.161726,1
-33.174508,141.161726,1
-33.174508,141.161726,1
-33.174508,141.161726,1
-33.174508,141.161726,1
-33.174508,141.161726,1
-33.174508,141.161726,1
-33.174508,141.161726,1
-33.174508,141.161726,1
-33.174508,141.161726,1
-33.174508,141.161726,1
-33.174508,141.161726,1
-33.174508,141.161726,1
-33.174508,141.161726,1
-33.174508,141.161726,1
-33.174508,141.161726,1
-33.174508,141.161726,1
-33.174508,141.161726,1
-33.174508,141.161726,1
-33.174508,141.161726,1
-33.174508,141.161726,1
-33.174508,141.161726,1
-33.174508,141.161726,1
-33.174508,141.161726,1
-33.174508,141.161726,1
-33.174508,141.161726,1
-33.174508,141.161726,1
-33.174508,141.161726,1
-33.174508,141.161726,1
-33.174508,141.161726,1
-33.174508,141.161726,1
-33.174508,141.161726,1
-33.174508,141.161726,1
-33.174508,141.161726,1
-33.174508,141.161726,1
-33.174508,141.161726,1
-33.174508,141.161726,1
-33.174508,141.161726,1
-33.174508,141.161726,1
-33.174508,141.161726,1
-33.174508,141.161726,1
-33.174508,141.161726,1
-33.174508,141.161726,1
-33.174508,141.161726,1
-33.174508,141.161726,1
-33.174508,141.161726,1
-33.174508,141.161726,1
-33.174508,141.161726,1
-33.174508,141.161726,1
-33.174508,141.161726,1
-33.174508,141.161726,1
-33.174508,141.161726,1
-33.174508,141.161726,1
-33.174508,141.161726,1
-33.174508,141.161726,1
-33.174508,141.161726,1
-33.174508,141.161726,1
-33.174508,141.161726,1
-33.174508,141.161726,1
-33.174508,141.161726,1
-33.174508,141.161726,1
-33.174508,141.161726,1
-33.174508,141.161726,1
-33.174508,141.161726,1
-33.174508,141.161726,1
-33.174508,141.161726,1
-33.174508,141.161726,1
-33.174508,141.161726,1
-33.174508,141.161726,1
-33.174508,141.161726,1
-33.174508,141.161726,1
-33.174508,141.161726,1
-33.174508,141.161726,1
-33.174508,141.161726,1
-33.174508,141.161726,1
-33.174508,141.161726,1
-33.174508,141.161726,1
-33.174508,141.161726,1
-33.174508,141.161726,1
-33.174508,141.161726,1
-33.174508,141.161726,1
-33.174508,141.161726,1
-33.174508,141.161726,1
-33.174508,141.161726,1
-33.174508,141.161726,1
-33.174508,141.161726,1
-33.174508,141.161726,1
-33.174508,141.161726,1
-33.174508,141.161726,1
-33.174508,141.161726,1
-33.174508,141.161726,1
-33.174508,141.161726,1
-33.174508,141.161726,1
-33.174508,141.161726,1
-33.174508,141.161726,1
-33.174508,141.161726,1
-33.174508,141.161726,1
-33.174508,141.161726,1
-33.174508,141.161726,1
-33.174508,141.161726,1
-33.174508,141.161726,1
-33.174508,141.161726,1
-33.174508,141.161726,1
-33.174508,141.161726,1
-33.174508,141.161726,1
-33.174508,141.161726,1
-33.174508,141.161726,1
-33.174508,141.161726,1
-33.174508,141.161726,1
-33.174508,141.161726,1
-33.174508,141.161726,1
-33.174508,141.161726,1
-33.174508,141.161726,1
-33.174508,141.161726,1
-33.174508,141.161726,1
-33.174508,141.161726,1
-33.174508,141.161726,1
-33.174508,141.161726,1
-33.174508,141.161726,1
-33.174508,141.161726,1
-33.174508,141.161726,1
-33.174508,141.161726,1
-33.174508,141.161726,1
-33.174508,141.161726,1
-33.174508,141.161726,1
-33.174508,141.161726,1
-33.174508,141.161726,1
-33.174508,141.161726,1
-33.174508,141.161726,1
-33.174508,141.161726,1
-33.174508,141.161726,1
-33.174508,141.161726,1
-33.174508,141.161726,1
-33.174508,141.161726,1
-33.174508,141.161726,1
-33.174508,141.161726,1
-33.174508,141.161726,1
-33.174508,141.161726,1
-33.174508,141.161726,1
-33.174508,141.161726,1
-33.174508,141.161726,1
-33.174508,141.161726,1
-33.174508,141.161726,1
-33.174508,141.161726,1
-33.174508,141.161726,1
-33.174508,141.161726,1
-33.174508,141.161726,1
-33.174508,141.161726,1
-33.174508,141.161726,1
-33.174508,141.161726,1
-33.174508,141.161726,1
-33.174508,141.161726,1
-33.174508,141.161726,1
-33.174508,141.161726,1
-33.174508,141.161726,1
-33.174508,141.161726,1
-33.174508,141.161726,1
-33.174508,141.161726,1
-33.174508,141.161726,1
-33.174508,141.161726,1
-33.174508,141.161726,1
-33.174508,141.161726,1
-33.174508,141.161726,1
-33.174508,141.161726,1
-33.174508,141.161726,1
-33.174508,141.161726,1
-33.174508,141.161726,1
-33.174508,141.161726,1
-33.174508,141.161726,1
-33.174508,141.161726,1
-33.174508,141.161726,1
-33.174508,141.161726,1
-33.174508,141.161726,1
-33.174508,141.161726,1
-33.174508,141.161726,1
-33.174508,141.161726,1
-33.174508,141.161726,1
-33.174508,141.161726,1
-33.174508,141.161726,1
-33.174508,141.161726,1
-33.174508,141.161726,1
-33.174508,141.161726,1
-33.174508,141.161726,1
-33.174508,141.161726,1
-33.174508,141.161726,1
-33.174508,141.161726,1
-33.174508,141.161726,1
-33.174508,141.161726,1
-33.174508,141.161726,1
-33.174508,141.161726,1
-33.174508,141.161726,1
-33.174508,141.161726,1
-33.174508,141.161726,1
-33.174508,141.161726,1
-33.174508,141.161726,1
-33.174508,141.161726,1
-33.174508,141.161726,1
-33.174508,141.161726,1
-33.174508,141.161726,1
-33.174508,141.161726,1
-33.174508,141.161726,1
-33.174508,141.161726,1
-33.174508,141.161726,1
-33.174508,141.161726,1
-33.174508,141.161726,1
-33.174508,141.161726,1
-33.174508,141.161726,1
-33.174508,141.161726,1
-33.174508,141.161726,1
-33.174508,141.161726,1
-33.174508,141.161726,1
-33.174508,141.161726,1
-33.174508,141.161726,1
-33.174508,141.161726,1
-33.174508,141.161726,1
-33.174508,141.161726,1
-33.174508,141.161726,1
-33.174508,141.161726,1
-33.174508,141.161726,1
-33.174508,141.161726,1
-33.174508,141.161726,1
-33.174508,141.161726,1
-33.174508,141.161726,1
-33.174508,141.161726,1
-33.174508,141.161726,1
-33.174508,141.161726,1
-33.174508,141.161726,1
-33.174508,141.161726,1
-33.174508,141.161726,1
-33.174508,141.161726,1
-33.174508,141.161726,1
-33.174508,141.161726,1
-33.174508,141.161726,1
-33.174508,141.161726,1
-33.174508,141.161726,1
-33.174508,141.161726,1
-33.174508,141.161726,1
-33.174508,141.161726,1
-33.174508,141.161726,1
-33.174508,141.161726,1
-33.174508,141.161726,1
-33.174508,141.161726,1
-33.174508,141.161726,1
-33.174508,141.161726,1
-33.174508,141.161726,1
-33.174508,141.161726,1
-33.174508,141.161726,1
-33.174508,141.161726,1
-33.174508,141.161726,1
-33.174508,141.161726,1
-33.174508,141.161726,1
-33.174508,141.161726,1
-33.174508,141.161726,1
-33.174508,141.161726,1
-33.174508,141.161726,1
-33.174508,141.161726,1
-33.174508,141.161726,1
-33.174508,141.161726,1
-33.174508,141.161726,1
-33.174508,141.161726,1
-33.174508,141.161726,1
-33.174508,141.161726,1
-33.174508,141.161726,1
-33.174508,141.161726,1
-33.174508,141.161726,1
-33.174508,141.161726,1
-33.174508,141.161726,1
-33.174508,141.161726,1
-33.174508,141.161726,1
-33.174508,141.161726,1
-33.174508,141.161726,1
-33.174508,141.161726,1
-33.174508,141.161726,1
-33.174508,141.161726,1
-33.174508,141.161726,1
-33.174508,141.161726,1
-33.174508,141.161726,1
-33.174508,141.161726,1
-33.174508,141.161726,1
-33.174508,141.161726,1
-33.174508,141.161726,1
-33.174508,141.161726,1
-33.174508,141.161726,1
-33.174508,141.161726,1
-33.174508,141.161726,1
-33.174508,141.161726,1
-33.174508,141.161726,1
-33.174508,141.161726,1
-33.174508,141.161726,1
-33.174508,141.161726,1
-33.174508,141.161726,1
-33.174508,141.161726,1
-33.174508,141.161726,1
-33.174508,141.161726,1
-33.174508,141.161726,1
-33.174508,141.161726,1
-33.174508,141.161726,1
-33.174508,141.161726,1
-33.174508,141.161726,1
-33.174508,141.161726,1
-33.174508,141.161726,1
-33.174508,141.161726,1
-33.174508,141.161726,1
-33.174508,141.161726,1
-33.174508,141.161726,1
-33.174508,141.161726,1
-33.174508,141.161726,1
-33.174508,141.161726,1
-33.174508,141.161726,1
-33.174508,141.161726,1
-33.174508,141.161726,1
-33.174508,141.161726,1
-33.174508,141.161726,1
-33.174508,141.161726,1
-33.174508,141.161726,1
-33.174508,141.161726,1
-33.174508,141.161726,1
-33.174508,141.161726,1
-33.174508,141.161726,1
-33.174508,141.161726,1
-33.174508,141.161726,1
-33.174508,141.161726,1
-33.174508,141.161726,1
-33.174508,141.161726,1
-33.174508,141.161726,1
-33.174508,141.161726,1
-33.174508,141.161726,1
-33.174508,141.161726,1
-33.174508,141.161726,1
-33.174508,141.161726,1
-33.174508,141.161726,1
-33.174508,141.161726,1
-33.174508,141.161726,1
-33.174508,141.161726,1
-33.174508,141.161726,1
-33.174508,141.161726,1
-33.174508,141.161726,1
-33.174508,141.161726,1
-33.174508,141.161726,1
-33.174508,141.161726,1
-33.174508,141.161726,1
-33.174508,141.161726,1
-33.174508,141.161726,1
-33.174508,141.161726,1
-33.174508,141.161726,1
-33.174508,141.161726,1
-33.174508,141.161726,1
-33.174508,141.161726,1
-33.174508,141.161726,1
-33.174508,141.161726,1
-33.174508,141.161726,1
-33.174508,141.161726,1
-33.174508,141.161726,1
-33.174508,141.161726,1
-33.174508,141.161726,1
-33.174508,141.161726,1
-33.174508,141.161726,1
-33.174508,141.161726,1
-33.174508,141.161726,1
-33.174508,141.161726,1
-33.174508,141.161726,1
-33.174508,141.161726,1
-33.174508,141.161726,1
-33.174508,141.161726,1
-33.174508,141.161726,1
-33.174508,141.161726,1
-33.174508,141.161726,1
-33.174508,141.161726,1
-33.174508,141.161726,1
-33.174508,141.161726,1
-33.174508,141.161726,1
-33.174508,141.161726,1
-33.174508,141.161726,1
-33.174508,141.161726,1
-33.174508,141.161726,1
-33.174508,141.161726,1
-33.174508,141.161726,1
-33.174508,141.161726,1
-33.174508,141.161726,1
-33.174508,141.161726,1
-33.174508,141.161726,1
-33.174508,141.161726,1
-33.174508,141.161726,1
-33.174508,141.161726,1
-33.174508,141.161726,1
-33.174508,141.161726,1
-33.174508,141.161726,1
-33.174508,141.161726,1
-33.174508,141.161726,1
-33.174508,141.161726,1
-33.174508,141.161726,1
-33.174508,141.161726,1
-33.174508,141.161726,1
-33.174508,141.161726,1
-33.174508,141.161726,1
-33.174508,141.161726,1
-33.174508,141.161726,1
-33.174508,141.161726,1
-33.174508,141.161726,1
-33.174508,141.161726,1
-33.174508,141.161726,1
-33.174508,141.161726,1
-33.174508,141.161726,1
-33.174508,141.161726,1
-33.174508,141.161726,1
-33.174508,141.161726,1
-33.174508,141.161726,1
-33.174508,141.161726,1
-33.174508,141.161726,1
-33.174508,141.161726,1
-33.174508,141.161726,1
-33.174508,141.161726,1
-33.174508,141.161726,1
-33.174508,141.161726,1
-33.174508,141.161726,1
-33.174508,141.161726,1
-33.174508,141.161726,1
-33.174508,141.161726,1
-33.174508,141.161726,1
-33.174508,141.161726,1
-33.174508,141.161726,1
-33.174508,141.161726,1
-33.174508,141.161726,1
-33.174508,141.161726,1
-33.174508,141.161726,1
-33.174508,141.161726,1
-33.174508,141.161726,1
-33.174508,141.161726,1
-33.174508,141.161726,1
-33.174508,141.161726,1
-33.174508,141.161726,1
-33.174508,141.161726,1
-33.174508,141.161726,1
-33.174508,141.161726,1
-33.174508,141.161726,1
-33.174508,141.161726,1
-33.174508,141.161726,1
-33.174508,141.161726,1
-33.174508,141.161726,1
-33.174508,141.161726,1
-33.174508,141.161726,1
-33.174508,141.161726,1
-33.174508,141.161726,1
-33.174508,141.161726,1
-33.174508,141.161726,1
-33.174508,141.161726,1
-33.174508,141.161726,1
-33.174508,141.161726,1
-33.174508,141.161726,1
-33.174508,141.161726,1
-33.174508,141.161726,1
-33.174508,141.161726,1
-33.174508,141.161726,1
-33.174508,141.161726,1
-33.174508,141.161726,1
-33.174508,141.161726,1
-33.174508,141.161726,1
-33.174508,141.161726,1
-33.174508,141.161726,1
-33.174508,141.161726,1
-33.174508,141.161726,1
-33.174508,141.161726,1
-33.174508,141.161726,1
-33.174508,141.161726,1
-33.174508,141.161726,1
-33.174508,141.161726,1
-33.174508,141.161726,1
-33.174508,141.161726,1
-33.174508,141.161726,1
-33.174508,141.161726,1
-33.174508,141.161726,1
-33.174508,141.161726,1
-33.174508,141.161726,1
-33.174508,141.161726,1
-33.174508,141.161726,1
-33.174508,141.161726,1
-33.174508,141.161726,1
-33.174508,141.161726,1
-33.174508,141.161726,1
-33.174508,141.161726,1
-33.174508,141.161726,1
-33.174508,141.161726,1
-33.174508,141.161726,1
-33.174508,141.161726,1
-33.174508,141.161726,1
-33.174508,141.161726,1
-33.174508,141.161726,1
-33.174508,141.161726,1
-33.174508,141.161726,1
-33.174508,141.161726,1
-33.174508,141.161726,1
-33.174508,141.161726,1
-33.174508,141.161726,1
-33.174508,141.161726,1
-33.174508,141.161726,1
-33.174508,141.161726,1
-33.174508,141.161726,1
-33.174508,141.161726,1
-33.174508,141.161726,1
-33.174508,141.161726,1
-33.174508,141.161726,1
-33.174508,141.161726,1
-33.174508,141.161726,1
-33.174508,141.161726,1
-33.174508,141.161726,1
-33.174508,141.161726,1
-33.174508,141.161726,1
-33.174508,141.161726,1
-33.174508,141.161726,1
-33.174508,141.161726,1
-33.174508,141.161726,1
-33.174508,141.161726,1
-33.174508,141.161726,1
-33.174508,141.161726,1
-33.174508,141.161726,1
-33.174508,141.161726,1
-33.174508,141.161726,1
-33.174508,141.161726,1
-33.174508,141.161726,1
-33.174508,141.161726,1
-33.174508,141.161726,1
-33.174508,141.161726,1
-33.174508,141.161726,1
-33.174508,141.161726,1
-33.174508,141.161726,1
-33.174508,141.161726,1
-33.174508,141.161726,1
-33.174508,141.161726,1
-33.174508,141.161726,1
-33.174508,141.161726,1
-33.174508,141.161726,1
-33.174508,141.161726,1
-33.174508,141.161726,1
-33.174508,141.161726,1
-33.174508,141.161726,1
-33.174508,141.161726,1
-33.174508,141.161726,1
-33.174508,141.161726,1
-33.174508,141.161726,1
-33.174508,141.161726,1
-33.174508,141.161726,1
-33.174508,141.161726,1
-33.174508,141.161726,1
-33.174508,141.161726,1
-33.174508,141.161726,1
-33.174508,141.161726,1
-33.174508,141.161726,1
-33.174508,141.161726,1
-33.174508,141.161726,1
-33.174508,141.161726,1
-33.174508,141.161726,1
-33.174508,141.161726,1
-33.174508,141.161726,1
-33.174508,141.161726,1
-33.174508,141.161726,1
-33.174508,141.161726,1
-33.174508,141.161726,1
-33.174508,141.161726,1
-33.174508,141.161726,1
-33.174508,141.161726,1
-33.174508,141.161726,1
-33.174508,141.161726,1
-33.174508,141.161726,1
-33.174508,141.161726,1
-33.174508,141.161726,1
-33.174508,141.161726,1
-33.174508,141.161726,1
-33.174508,141.161726,1
-33.174508,141.161726,1
-33.174508,141.161726,1
-33.174508,141.161726,1
-33.174508,141.161726,1
-33.174508,141.161726,1
-33.174508,141.161726,1
-33.174508,141.161726,1
-33.174508,141.161726,1
-33.174508,141.161726,1
-33.174508,141.161726,1
-33.174508,141.161726,1
-33.174508,141.161726,1
-33.174508,141.161726,1
-33.174508,141.161726,1
-33.174508,141.161726,1
-33.174508,141.161726,1
-33.174508,141.161726,1
-33.174508,141.161726,1
-33.174508,141.161726,1
-33.174508,141.161726,1
-33.174508,141.161726,1
-33.174508,141.161726,1
-33.174508,141.161726,1
-33.174508,141.161726,1
-33.174508,141.161726,1
-33.174508,141.161726,1
-33.174508,141.161726,1
-33.174508,141.161726,1
-33.174508,141.161726,1
-33.174508,141.161726,1
-33.174508,141.161726,1
-33.174508,141.161726,1
-33.174508,141.161726,1
-33.174508,141.161726,1
-33.174508,141.161726,1
-33.174508,141.161726,1
-33.174508,141.161726,1
-33.174508,141.161726,1
-33.174508,141.161726,1
-33.174508,141.161726,1
-33.174508,141.161726,1
-33.174508,141.161726,1
-33.174508,141.161726,1
-33.174508,141.161726,1
-33.174508,141.161726,1
-33.174508,141.161726,1
-33.174508,141.161726,1
-33.174508,141.161726,1
-33.174508,141.161726,1
-33.174508,141.161726,1
-33.174508,141.161726,1
-33.174508,141.161726,1
-33.174508,141.161726,1
-33.174508,141.161726,1
-33.174508,141.161726,1
-33.174508,141.161726,1
-33.174508,141.161726,1
-33.174508,141.161726,1
-33.174508,141.161726,1
-33.174508,141.161726,1
-33.174508,141.161726,1
-33.174508,141.161726,1
-33.174508,141.161726,1
-33.174508,141.161726,1
-33.174508,141.161726,1
-33.174508,141.161726,1
-33.174508,141.161726,1
-33.174508,141.161726,1
-33.174508,141.161726,1
-33.174508,141.161726,1
-33.174508,141.161726,1
-33.174508,141.161726,1
-33.174508,141.161726,1
-33.174508,141.161726,1
-33.174508,141.161726,1
-33.174508,141.161726,1
-33.174508,141.161726,1
-33.174508,141.161726,1
-33.174508,141.161726,1
-33.174508,141.161726,1
-33.174508,141.161726,1
-33.174508,141.161726,1
-33.174508,141.161726,1
-33.174508,141.161726,1
-33.174508,141.161726,1
-33.174508,141.161726,1
-33.174508,141.161726,1
-33.174508,141.161726,1
-33.174508,141.161726,1
-33.174508,141.161726,1
-33.174508,141.161726,1
-33.174508,141.161726,1
-33.174508,141.161726,1
-33.174508,141.161726,1
-33.174508,141.161726,1
-33.174508,141.161726,1
-33.174508,141.161726,1
-33.174508,141.161726,1
-33.174508,141.161726,1
-33.174508,141.161726,1
-33.174508,141.161726,1
-33.174508,141.161726,1
-33.174508,141.161726,1
-33.174508,141.161726,1
-33.174508,141.161726,1
-33.174508,141.161726,1
-33.174508,141.161726,1
-33.174508,141.161726,1
-33.174508,141.161726,1
-33.174508,141.161726,1
-33.174508,141.161726,1
-33.174508,141.161726,1
-33.174508,141.161726,1
-33.174508,141.161726,1
-33.174508,141.161726,1
-33.174508,141.161726,1
-33.174508,141.161726,1
-33.174508,141.161726,1
-33.174508,141.161726,1
-33.174508,141.161726,1
-33.174508,141.161726,1
-33.174508,141.161726,1
-33.174508,141.161726,1
-33.174508,141.161726,1
-33.174508,141.161726,1
-33.174508,141.161726,1
-33.174508,141.161726,1
-33.174508,141.161726,1
-33.174508,141.161726,1
-33.174508,141.161726,1
-33.174508,141.161726,1
-33.174508,141.161726,1
-33.174508,141.161726,1
-33.174508,141.161726,1
-33.174508,141.161726,1
-33.174508,141.161726,1
-33.174508,141.161726,1
-33.174508,141.161726,1
-33.174508,141.161726,1
-33.174508,141.161726,1
-33.174508,141.161726,1
-33.174508,141.161726,1
-33.174508,141.161726,1
-33.174508,141.161726,1
-33.174508,141.161726,1
-33.174508,141.161726,1
-33.174508,141.161726,1
-33.174508,141.161726,1
-33.174508,141.161726,1
-33.174508,141.161726,1
-33.174508,141.161726,1
-33.174508,141.161726,1
-33.174508,141.161726,1
-33.174508,141.161726,1
-33.174508,141.161726,1
-33.174508,141.161726,1
-33.174508,141.161726,1
-33.174508,141.161726,1
-33.174508,141.161726,1
-33.174508,141.161726,1
-33.174508,141.161726,1
-33.174508,141.161726,1
-33.174508,141.161726,1
-33.174508,141.161726,1
-33.174508,141.161726,1
-33.174508,141.161726,1
-33.174508,141.161726,1
-33.174508,141.161726,1
-33.174508,141.161726,1
-33.174508,141.161726,1
-33.174508,141.161726,1
-33.174508,141.161726,1
-33.174508,141.161726,1
-33.174508,141.161726,1
-33.174508,141.161726,1
-33.174508,141.161726,1
-33.174508,141.161726,1
-33.174508,141.161726,1
-33.174508,141.161726,1
-33.174508,141.161726,1
-33.174508,141.161726,1
-33.174508,141.161726,1
-33.174508,141.161726,1
-33.174508,141.161726,1
-33.174508,141.161726,1
-33.174508,141.161726,1
-33.174508,141.161726,1
-33.174508,141.161726,1
-33.174508,141.161726,1
-33.174508,141.161726,1
-33.174508,141.161726,1
-33.174508,141.161726,1
-33.174508,141.161726,1
-33.174508,141.161726,1
-33.174508,141.161726,1
-33.174508,141.161726,1
-33.174508,141.161726,1
-33.174508,141.161726,1
-33.174508,141.161726,1
-33.174508,141.161726,1
-33.174508,141.161726,1
-33.174508,141.161726,1
-33.174508,141.161726,1
-33.174508,141.161726,1
-33.174508,141.161726,1
-33.174508,141.161726,1
-33.174508,141.161726,1
-33.174508,141.161726,1
-33.174508,141.161726,1
-33.174508,141.161726,1
-33.174508,141.161726,1
-33.174508,141.161726,1
-33.174508,141.161726,1
-33.174508,141.161726,1
-33.174508,141.161726,1
-33.174508,141.161726,1
-33.174508,141.161726,1
-33.174508,141.161726,1
-33.174508,141.161726,1
-33.174508,141.161726,1
-33.174508,141.161726,1
-33.174508,141.161726,1
-33.174508,141.161726,1
-33.174508,141.161726,1
-33.174508,141.161726,1
-33.174508,141.161726,1
-33.174508,141.161726,1
-33.174508,141.161726,1
-33.174508,141.161726,1
-33.174508,141.161726,1
-33.174508,141.161726,1
-33.174508,141.161726,1
-33.174508,141.161726,1
-33.174508,141.161726,1
-33.174508,141.161726,1
-33.174508,141.161726,1
-33.174508,141.161726,1
-33.174508,141.161726,1
-33.174508,141.161726,1
-33.174508,141.161726,1
-33.174508,141.161726,1
-33.174508,141.161726,1
-33.174508,141.161726,1
-33.174508,141.161726,1
-33.174508,141.161726,1
-33.174508,141.161726,1
-33.174508,141.161726,1
-33.174508,141.161726,1
-33.174508,141.161726,1
-33.174508,141.161726,1
-33.174508,141.161726,1
-33.174508,141.161726,1
-33.174508,141.161726,1
-33.174508,141.161726,1
-33.174508,141.161726,1
-33.174508,141.161726,1
-33.174508,141.161726,1
-33.174508,141.161726,1
-33.174508,141.161726,1
-33.174508,141.161726,1
-33.174508,141.161726,1
-33.174508,141.161726,1
-33.174508,141.161726,1
-33.174508,141.161726,1
-33.174508,141.161726,1
-33.174508,141.161726,1
-33.174508,141.161726,1
-33.174508,141.161726,1
-33.174508,141.161726,1
-33.174508,141.161726,1
-33.174508,141.161726,1
-33.174508,141.161726,1
-33.174508,141.161726,1
-33.174508,141.161726,1
-33.174508,141.161726,1
-33.174508,141.161726,1
-33.174508,141.161726,1
-33.174508,141.161726,1
-33.174508,141.161726,1
-33.174508,141.161726,1
-33.174508,141.161726,1
-33.174508,141.161726,1
-33.174508,141.161726,1
-33.174508,141.161726,1
-33.174508,141.161726,1
-33.174508,141.161726,1
-33.174508,141.161726,1
-33.174508,141.161726,1
-33.174508,141.161726,1
-33.174508,141.161726,1
-33.174508,141.161726,1
-33.174508,141.161726,1
-33.174508,141.161726,1
-33.174508,141.161726,1
-33.174508,141.161726,1
-33.174508,141.161726,1
-33.174508,141.161726,1
-33.174508,141.161726,1
-33.174508,141.161726,1
-33.174508,141.161726,1
-33.174508,141.161726,1
-33.174508,141.161726,1
-33.174508,141.161726,1
-33.174508,141.161726,1
-33.174508,141.161726,1
-33.174508,141.161726,1
-33.174508,141.161726,1
-33.174508,141.161726,1
-33.174508,141.161726,1
-33.174508,141.161726,1
-33.174508,141.161726,1
-33.174508,141.161726,1
-33.174508,141.161726,1
-33.174508,141.161726,1
-33.174508,141.161726,1
-33.174508,141.161726,1
-33.174508,141.161726,1
-33.174508,141.161726,1
-33.174508,141.161726,1
-33.174508,141.161726,1
-33.174508,141.161726,1
-33.174508,141.161726,1
-33.174508,141.161726,1
-33.174508,141.161726,1
-33.174508,141.161726,1
-33.174508,141.161726,1
-33.174508,141.161726,1
-33.174508,141.161726,1
-33.174508,141.161726,1
-33.174508,141.161726,1
-33.174508,141.161726,1
-33.174508,141.161726,1
-33.174508,141.161726,1
-33.174508,141.161726,1
-33.174508,141.161726,1
-33.174508,141.161726,1
-33.174508,141.161726,1
-33.174508,141.161726,1
-33.174508,141.161726,1
-33.174508,141.161726,1
-33.174508,141.161726,1
-33.174508,141.161726,1
-33.174508,141.161726,1
-33.174508,141.161726,1
-33.174508,141.161726,1
-33.174508,141.161726,1
-33.174508,141.161726,1
-33.174508,141.161726,1
-33.174508,141.161726,1
-33.174508,141.161726,1
-33.174508,141.161726,1
-33.174508,141.161726,1
-33.174508,141.161726,1
-33.174508,141.161726,1
-33.174508,141.161726,1
-33.174508,141.161726,1
-33.174508,141.161726,1
-33.174508,141.161726,1
-33.174508,141.161726,1
-33.174508,141.161726,1
-33.174508,141.161726,1
-33.174508,141.161726,1
-33.174508,141.161726,1
-33.174508,141.161726,1
-33.174508,141.161726,1
-33.174508,141.161726,1
-33.174508,141.161726,1
-33.174508,141.161726,1
-33.174508,141.161726,1
-33.174508,141.161726,1
-33.174508,141.161726,1
-33.174508,141.161726,1
-33.174508,141.161726,1
-33.174508,141.161726,1
-33.174508,141.161726,1
-33.174508,141.161726,1
-33.174508,141.161726,1
-33.174508,141.161726,1
-33.174508,141.161726,1
-33.174508,141.161726,1
-33.174508,141.161726,1
-33.174508,141.161726,1
-33.174508,141.161726,1
-33.174508,141.161726,1
-33.174508,141.161726,1
-33.174508,141.161726,1
-33.174508,141.161726,1
-33.174508,141.161726,1
-33.174508,141.161726,1
-33.174508,141.161726,1
-33.174508,141.161726,1
-33.174508,141.161726,1
-33.174508,141.161726,1
-33.174508,141.161726,1
-33.174508,141.161726,1
-33.174508,141.161726,1
-33.174508,141.161726,1
-33.174508,141.161726,1
-33.174508,141.161726,1
-33.174508,141.161726,1
-33.174508,141.161726,1
-33.174508,141.161726,1
-33.174508,141.161726,1
-33.174508,141.161726,1
-33.174508,141.161726,1
-33.174508,141.161726,1
-33.174508,141.161726,1
-33.174508,141.161726,1
-33.174508,141.161726,1
-33.174508,141.161726,1
-33.174508,141.161726,1
-33.174508,141.161726,1
-33.174508,141.161726,1
-33.174508,141.161726,1
-33.174508,141.161726,1
-33.174508,141.161726,1
-33.174508,141.161726,1
-33.174508,141.161726,1
-33.174508,141.161726,1
-33.174508,141.161726,1
-33.174508,141.161726,1
-33.174508,141.161726,1
-33.174508,141.161726,1
-33.174508,141.161726,1
-33.174508,141.161726,1
-33.174508,141.161726,1
-33.174508,141.161726,1
-33.174508,141.161726,1
-33.174508,141.161726,1
-33.174508,141.161726,1
-33.174508,141.161726,1
-33.174508,141.161726,1
-33.174508,141.161726,1
-33.174508,141.161726,1
-33.174508,141.161726,1
-33.174508,141.161726,1
-33.174508,141.161726,1
-33.174508,141.161726,1
-33.174508,141.161726,1
-33.174508,141.161726,1
-33.174508,141.161726,1
-33.174508,141.161726,1
-33.174508,141.161726,1
-33.174508,141.161726,1
-33.174508,141.161726,1
-33.174508,141.161726,1
-33.174508,141.161726,1
-33.174508,141.161726,1
-33.174508,141.161726,1
-33.174508,141.161726,1
-33.174508,141.161726,1
-33.174508,141.161726,1
-33.174508,141.161726,1
-33.174508,141.161726,1
-33.174508,141.161726,1
-33.174508,141.161726,1
-33.174508,141.161726,1
-33.174508,141.161726,1
-33.174508,141.161726,1
-33.174508,141.161726,1
-33.174508,141.161726,1
-33.174508,141.161726,1
-33.174508,141.161726,1
-33.174508,141.161726,1
-33.174508,141.161726,1
-33.174508,141.161726,1
-33.174508,141.161726,1
-33.174508,141.161726,1
-33.174508,141.161726,1
-33.174508,141.161726,1
-33.174508,141.161726,1
-33.174508,141.161726,1
-33.174508,141.161726,1
-33.174508,141.161726,1
-33.174508,141.161726,1
-33.174508,141.161726,1
-33.174508,141.161726,1
-33.174508,141.161726,1
-33.174508,141.161726,1
-33.174508,141.161726,1
-33.174508,141.161726,1
-33.174508,141.161726,1
-33.174508,141.161726,1
-33.174508,141.161726,1
-33.174508,141.161726,1
-33.174508,141.161726,1
-33.174508,141.161726,1
-33.174508,141.161726,1
-33.174508,141.161726,1
-33.174508,141.161726,1
-33.174508,141.161726,1
-33.174508,141.161726,1
-33.174508,141.161726,1
-33.174508,141.161726,1
-33.174508,141.161726,1
-33.174508,141.161726,1
-33.174508,141.161726,1
-33.174508,141.161726,1
-33.174508,141.161726,1
-33.174508,141.161726,1
-33.174508,141.161726,1
-33.174508,141.161726,1
-33.174508,141.161726,1
-33.174508,141.161726,1
-33.174508,141.161726,1
-33.174508,141.161726,1
-33.174508,141.161726,1
-33.174508,141.161726,1
-33.174508,141.161726,1
-33.174508,141.161726,1
-33.174508,141.161726,1
-33.174508,141.161726,1
-33.174508,141.161726,1
-33.174508,141.161726,1
-33.174508,141.161726,1
-33.174508,141.161726,1
-33.174508,141.161726,1
-33.174508,141.161726,1
-33.174508,141.161726,1
-33.174508,141.161726,1
-33.174508,141.161726,1
-33.174508,141.161726,1
-33.174508,141.161726,1
-33.174508,141.161726,1
-33.174508,141.161726,1
-33.174508,141.161726,1
-33.174508,141.161726,1
-33.174508,141.161726,1
-33.174508,141.161726,1
-33.174508,141.161726,1
-33.174508,141.161726,1
-33.174508,141.161726,1
-33.174508,141.161726,1
-33.174508,141.161726,1
-33.174508,141.161726,1
-33.174508,141.161726,1
-33.174508,141.161726,1
-33.174508,141.161726,1
-33.174508,141.161726,1
-33.174508,141.161726,1
-33.174508,141.161726,1
-33.174508,141.161726,1
-33.174508,141.161726,1
-33.174508,141.161726,1
-33.174508,141.161726,1
-33.174508,141.161726,1
-33.174508,141.161726,1
-33.174508,141.161726,1
-33.174508,141.161726,1
-33.174508,141.161726,1
-33.174508,141.161726,1
-33.174508,141.161726,1
-33.174508,141.161726,1
-33.174508,141.161726,1
-33.174508,141.161726,1
-33.174508,141.161726,1
-33.174508,141.161726,1
-33.174508,141.161726,1
-33.174508,141.161726,1
-33.174508,141.161726,1
-33.174508,141.161726,1
-33.174508,141.161726,1
-33.174508,141.161726,1
-33.174508,141.161726,1
-33.174508,141.161726,1
-33.174508,141.161726,1
-33.174508,141.161726,1
-33.174508,141.161726,1
-33.174508,141.161726,1
-33.174508,141.161726,1
-33.174508,141.161726,1
-33.174508,141.161726,1
-33.174508,141.161726,1
-33.174508,141.161726,1
-33.174508,141.161726,1
-33.174508,141.161726,1
-33.174508,141.161726,1
-33.174508,141.161726,1
-33.174508,141.161726,1
-33.174508,141.161726,1
-33.174508,141.161726,1
-33.174508,141.161726,1
-33.174508,141.161726,1
-33.174508,141.161726,1
-33.174508,141.161726,1
-33.174508,141.161726,1
-33.174508,141.161726,1
-33.174508,141.161726,1
-33.174508,141.161726,1
-33.174508,141.161726,1
-33.174508,141.161726,1
-33.174508,141.161726,1
-33.174508,141.161726,1
-33.174508,141.161726,1
-33.174508,141.161726,1
-33.174508,141.161726,1
-33.174508,141.161726,1
-33.174508,141.161726,1
-33.174508,141.161726,1
-33.174508,141.161726,1
-33.174508,141.161726,1
-33.174508,141.161726,1
-33.174508,141.161726,1
-33.174508,141.161726,1
-33.174508,141.161726,1
-33.174508,141.161726,1
-33.174508,141.161726,1
-33.174508,141.161726,1
-33.174508,141.161726,1
-33.174508,141.161726,1
-33.174508,141.161726,1
-33.174508,141.161726,1
-33.174508,141.161726,1
-33.174508,141.161726,1
-33.174508,141.161726,1
-33.174508,141.161726,1
-33.174508,141.161726,1
-33.174508,141.161726,1
-33.174508,141.161726,1
-33.174508,141.161726,1
-33.174508,141.161726,1
-33.174508,141.161726,1
-33.174508,141.161726,1
-33.174508,141.161726,1
-33.174508,141.161726,1
-33.174508,141.161726,1
-33.174508,141.161726,1
-33.174508,141.161726,1
-33.174508,141.161726,1
-33.174508,141.161726,1
-33.174508,141.161726,1
-33.174508,141.161726,1
-33.174508,141.161726,1
-33.174508,141.161726,1
-33.174508,141.161726,1
-33.174508,141.161726,1
-33.174508,141.161726,1
-33.174508,141.161726,1
-33.174508,141.161726,1
-33.174508,141.161726,1
-33.174508,141.161726,1
-33.174508,141.161726,1
-33.174508,141.161726,1
-33.174508,141.161726,1
-33.174508,141.161726,1
-33.174508,141.161726,1
-33.174508,141.161726,1
-33.174508,141.161726,1
-33.174508,141.161726,1
-33.174508,141.161726,1
-33.174508,141.161726,1
-33.174508,141.161726,1
-33.174508,141.161726,1
-33.174508,141.161726,1
-33.174508,141.161726,1
-33.174508,141.161726,1
-33.174508,141.161726,1
-33.174508,141.161726,1
-33.174508,141.161726,1
-33.174508,141.161726,1
-33.174508,141.161726,1
-33.174508,141.161726,1
-33.174508,141.161726,1
-33.174508,141.161726,1
-33.174508,141.161726,1
-33.174508,141.161726,1
-33.174508,141.161726,1
-33.174508,141.161726,1
-33.174508,141.161726,1
-33.174508,141.161726,1
-33.174508,141.161726,1
-33.174508,141.161726,1
-33.174508,141.161726,1
-33.174508,141.161726,1
-33.174508,141.161726,1
-33.174508,141.161726,1
-33.174508,141.161726,1
-33.174508,141.161726,1
-33.174508,141.161726,1
-33.174508,141.161726,1
-33.174508,141.161726,1
-33.174508,141.161726,1
-33.174508,141.161726,1
-33.174508,141.161726,1
-33.174508,141.161726,1
-33.174508,141.161726,1
-33.174508,141.161726,1
-33.174508,141.161726,1
-33.174508,141.161726,1
-33.174508,141.161726,1
-33.174508,141.161726,1
-33.174508,141.161726,1
-33.174508,141.161726,1
-33.174508,141.161726,1
-33.174508,141.161726,1
-33.174508,141.161726,1
-33.174508,141.161726,1
-33.174508,141.161726,1
-33.174508,141.161726,1
-33.174508,141.161726,1
-33.174508,141.161726,1
-33.174508,141.161726,1
-33.174508,141.161726,1
-33.174508,141.161726,1
-33.174508,141.161726,1
-33.174508,141.161726,1
-33.174508,141.161726,1
-33.174508,141.161726,1
-33.174508,141.161726,1
-33.174508,141.161726,1
-33.174508,141.161726,1
-33.174508,141.161726,1
-33.174508,141.161726,1
-33.174508,141.161726,1
-33.174508,141.161726,1
-33.174508,141.161726,1
-33.174508,141.161726,1
-33.174508,141.161726,1
-33.174508,141.161726,1
-33.174508,141.161726,1
-33.174508,141.161726,1
-33.174508,141.161726,1
-33.174508,141.161726,1
-33.174508,141.161726,1
-33.174508,141.161726,1
-33.174508,141.161726,1
-33.174508,141.161726,1
-33.174508,141.161726,1
-33.174508,141.161726,1
-33.174508,141.161726,1
-33.174508,141.161726,1
-33.174508,141.161726,1
-33.174508,141.161726,1
-33.174508,141.161726,1
-33.174508,141.161726,1
-33.174508,141.161726,1
-33.174508,141.161726,1
-33.174508,141.161726,1
-33.174508,141.161726,1
-33.174508,141.161726,1
-33.174508,141.161726,1
-33.174508,141.161726,1
-33.174508,141.161726,1
-33.174508,141.161726,1
-33.174508,141.161726,1
-33.174508,141.161726,1
-33.174508,141.161726,1
-33.174508,141.161726,1
-33.174508,141.161726,1
-33.174508,141.161726,1
-33.174508,141.161726,1
-33.174508,141.161726,1
-33.174508,141.161726,1
-33.174508,141.161726,1
-33.174508,141.161726,1
-33.174508,141.161726,1
-33.174508,141.161726,1
-33.174508,141.161726,1
-33.174508,141.161726,1
-33.174508,141.161726,1
-33.174508,141.161726,1
-33.174508,141.161726,1
-33.174508,141.161726,1
-33.174508,141.161726,1
-33.174508,141.161726,1
-33.174508,141.161726,1
-33.174508,141.161726,1
-33.174508,141.161726,1
-33.174508,141.161726,1
-33.174508,141.161726,1
-33.174508,141.161726,1
-33.174508,141.161726,1
-33.174508,141.161726,1
-33.174508,141.161726,1
-33.174508,141.161726,1
-33.174508,141.161726,1
-33.174508,141.161726,1
-33.174508,141.161726,1
-33.174508,141.161726,1
-33.174508,141.161726,1
-33.174508,141.161726,1
-33.174508,141.161726,1
-33.174508,141.161726,1
-33.174508,141.161726,1
-33.174508,141.161726,1
-33.174508,141.161726,1
-33.174508,141.161726,1
-33.174508,141.161726,1
-33.174508,141.161726,1
-33.174508,141.161726,1
-33.174508,141.161726,1
-33.174508,141.161726,1
-33.174508,141.161726,1
-33.174508,141.161726,1
-33.174508,141.161726,1
-33.174508,141.161726,1
-33.174508,141.161726,1
-33.174508,141.161726,1
-33.174508,141.161726,1
-33.174508,141.161726,1
-33.174508,141.161726,1
-33.174508,141.161726,1
-33.174508,141.161726,1
-33.174508,141.161726,1
-33.174508,141.161726,1
-33.174508,141.161726,1
-33.174508,141.161726,1
-33.174508,141.161726,1
-33.174508,141.161726,1
-33.174508,141.161726,1
-33.174508,141.161726,1
-33.174508,141.161726,1
-33.174508,141.161726,1
-33.174508,141.161726,1
-33.174508,141.161726,1
-33.174508,141.161726,1
-33.174508,141.161726,1
-33.174508,141.161726,1
-33.174508,141.161726,1
-33.174508,141.161726,1
-33.174508,141.161726,1
-33.174508,141.161726,1
-33.174508,141.161726,1
-33.174508,141.161726,1
-33.174508,141.161726,1
-33.174508,141.161726,1
-33.174508,141.161726,1
-33.174508,141.161726,1
-33.174508,141.161726,1
-33.174508,141.161726,1
-33.174508,141.161726,1
-33.174508,141.161726,1
-33.174508,141.161726,1
-33.174508,141.161726,1
-33.174508,141.161726,1
-33.174508,141.161726,1
-33.174508,141.161726,1
-33.174508,141.161726,1
-33.174508,141.161726,1
-33.174508,141.161726,1
-33.174508,141.161726,1
-33.174508,141.161726,1
-33.174508,141.161726,1
-33.174508,141.161726,1
-33.174508,141.161726,1
-33.174508,141.161726,1
-33.174508,141.161726,1
-33.174508,141.161726,1
-33.174508,141.161726,1
-33.174508,141.161726,1
-33.174508,141.161726,1
-33.174508,141.161726,1
-33.174508,141.161726,1
-33.174508,141.161726,1
-33.174508,141.161726,1
-33.174508,141.161726,1
-33.174508,141.161726,1
-33.174508,141.161726,1
-33.174508,141.161726,1
-33.174508,141.161726,1
-33.174508,141.161726,1
-33.174508,141.161726,1
-33.174508,141.161726,1
-33.174508,141.161726,1
-33.174508,141.161726,1
-33.174508,141.161726,1
-33.174508,141.161726,1
-33.174508,141.161726,1
-33.174508,141.161726,1
-33.174508,141.161726,1
-33.174508,141.161726,1
-33.174508,141.161726,1
-33.174508,141.161726,1
-33.174508,141.161726,1
-33.174508,141.161726,1
-33.174508,141.161726,1
-33.174508,141.161726,1
-33.174508,141.161726,1
-33.174508,141.161726,1
-33.174508,141.161726,1
-33.174508,141.161726,1
-33.174508,141.161726,1
-33.174508,141.161726,1
-33.174508,141.161726,1
-33.174508,141.161726,1
-33.174508,141.161726,1
-33.174508,141.161726,1
-33.174508,141.161726,1
-33.174508,141.161726,1
-33.174508,141.161726,1
-33.174508,141.161726,1
-33.174508,141.161726,1
-33.174508,141.161726,1
-33.174508,141.161726,1
-33.174508,141.161726,1
-33.174508,141.161726,1
-33.174508,141.161726,1
-33.174508,141.161726,1
-33.174508,141.161726,1
-33.174508,141.161726,1
-33.174508,141.161726,1
-33.174508,141.161726,1
-33.174508,141.161726,1
-33.174508,141.161726,1
-33.174508,141.161726,1
-33.174508,141.161726,1
-33.174508,141.161726,1
-33.174508,141.161726,1
-33.174508,141.161726,1
-33.174508,141.161726,1
-33.174508,141.161726,1
-33.174508,141.161726,1
-33.174508,141.161726,1
-33.174508,141.161726,1
-33.174508,141.161726,1
-33.174508,141.161726,1
-33.174508,141.161726,1
-33.174508,141.161726,1
-33.174508,141.161726,1
-33.174508,141.161726,1
-33.174508,141.161726,1
-33.174508,141.161726,1
-33.174508,141.161726,1
-33.174508,141.161726,1
-33.174508,141.161726,1
-33.174508,141.161726,1
-33.174508,141.161726,1
-33.174508,141.161726,1
-33.174508,141.161726,1
-33.174508,141.161726,1
-33.174508,141.161726,1
-33.174508,141.161726,1
-33.174508,141.161726,1
-33.174508,141.161726,1
-33.174508,141.161726,1
-33.174508,141.161726,1
-33.174508,141.161726,1
-33.174508,141.161726,1
-33.174508,141.161726,1
-33.174508,141.161726,1
-33.174508,141.161726,1
-33.174508,141.161726,1
-33.174508,141.161726,1
-33.174508,141.161726,1
-33.174508,141.161726,1
-33.174508,141.161726,1
-33.174508,141.161726,1
-33.174508,141.161726,1
-33.174508,141.161726,1
-33.174508,141.161726,1
-33.174508,141.161726,1
-33.174508,141.161726,1
-33.174508,141.161726,1
-33.174508,141.161726,1
-33.174508,141.161726,1
-33.174508,141.161726,1
-33.174508,141.161726,1
-33.174508,141.161726,1
-33.174508,141.161726,1
-33.174508,141.161726,1
-33.174508,141.161726,1
-33.174508,141.161726,1
-33.174508,141.161726,1
-33.174508,141.161726,1
-33.174508,141.161726,1
-33.174508,141.161726,1
-33.174508,141.161726,1
-33.174508,141.161726,1
-33.174508,141.161726,1
-33.174508,141.161726,1
-33.174508,141.161726,1
-33.174508,141.161726,1
-33.174508,141.161726,1
-33.174508,141.161726,1
-33.174508,141.161726,1
-33.174508,141.161726,1
-33.174508,141.161726,1
-33.174508,141.161726,1
-33.174508,141.161726,1
-33.174508,141.161726,1
-33.174508,141.161726,1
-33.174508,141.161726,1
-33.174508,141.161726,1
-33.174508,141.161726,1
-33.174508,141.161726,1
-33.174508,141.161726,1
-33.174508,141.161726,1
-33.174508,141.161726,1
-33.174508,141.161726,1
-33.174508,141.161726,1
-33.174508,141.161726,1
-33.174508,141.161726,1
-33.174508,141.161726,1
-33.174508,141.161726,1
-33.174508,141.161726,1
-33.174508,141.161726,1
-33.174508,141.161726,1
-33.174508,141.161726,1
-33.174508,141.161726,1
-33.174508,141.161726,1
-33.174508,141.161726,1
-33.174508,141.161726,1
-33.174508,141.161726,1
-33.174508,141.161726,1
-33.174508,141.161726,1
-33.174508,141.161726,1
-33.174508,141.161726,1
-33.174508,141.161726,1
-33.174508,141.161726,1
-33.174508,141.161726,1
-33.174508,141.161726,1
-33.174508,141.161726,1
-33.174508,141.161726,1
-33.174508,141.161726,1
-33.174508,141.161726,1
-33.174508,141.161726,1
-33.174508,141.161726,1
-33.174508,141.161726,1
-33.174508,141.161726,1
-33.174508,141.161726,1
-33.174508,141.161726,1
-33.174508,141.161726,1
-33.174508,141.161726,1
-33.174508,141.161726,1
-33.174508,141.161726,1
-33.174508,141.161726,1
-33.174508,141.161726,1
-33.174508,141.161726,1
-33.174508,141.161726,1
-33.174508,141.161726,1
-33.174508,141.161726,1
-33.174508,141.161726,1
-33.174508,141.161726,1
-33.174508,141.161726,1
-33.174508,141.161726,1
-33.174508,141.161726,1
-33.174508,141.161726,1
-33.174508,141.161726,1
-33.174508,141.161726,1
-33.174508,141.161726,1
-33.174508,141.161726,1
-33.174508,141.161726,1
-33.174508,141.161726,1
-33.174508,141.161726,1
-33.174508,141.161726,1
-33.174508,141.161726,1
-33.174508,141.161726,1
-33.174508,141.161726,1
-33.174508,141.161726,1
-33.174508,141.161726,1
-33.174508,141.161726,1
-33.174508,141.161726,1
-33.174508,141.161726,1
-33.174508,141.161726,1
-33.174508,141.161726,1
-33.174508,141.161726,1
-33.174508,141.161726,1
-33.174508,141.161726,1
-33.174508,141.161726,1
-33.174508,141.161726,1
-33.174508,141.161726,1
-33.174508,141.161726,1
-33.174508,141.161726,1
-33.174508,141.161726,1
-33.174508,141.161726,1
-33.174508,141.161726,1
-33.174508,141.161726,1
-33.174508,141.161726,1
-33.174508,141.161726,1
-33.174508,141.161726,1
-33.174508,141.161726,1
-33.174508,141.161726,1
-33.174508,141.161726,1
-33.174508,141.161726,1
-33.174508,141.161726,1
-33.174508,141.161726,1
-33.174508,141.161726,1
-33.174508,141.161726,1
-33.174508,141.161726,1
-33.174508,141.161726,1
-33.174508,141.161726,1
-33.174508,141.161726,1
-33.174508,141.161726,1
-33.174508,141.161726,1
-33.174508,141.161726,1
-33.174508,141.161726,1
-33.174508,141.161726,1
-33.174508,141.161726,1
-33.174508,141.161726,1
-33.174508,141.161726,1
-33.174508,141.161726,1
-33.174508,141.161726,1
-33.174508,141.161726,1
-33.174508,141.161726,1
-33.174508,141.161726,1
-33.174508,141.161726,1
-33.174508,141.161726,1
-33.174508,141.161726,1
-33.174508,141.161726,1
-33.174508,141.161726,1
-33.174508,141.161726,1
-33.174508,141.161726,1
-33.174508,141.161726,1
-33.174508,141.161726,1
-33.174508,141.161726,1
-33.174508,141.161726,1
-33.174508,141.161726,1
-33.174508,141.161726,1
-33.174508,141.161726,1
-33.174508,141.161726,1
-33.174508,141.161726,1
-33.174508,141.161726,1
-33.174508,141.161726,1
-33.174508,141.161726,1
-33.174508,141.161726,1
-33.174508,141.161726,1
-33.174508,141.161726,1
-33.174508,141.161726,1
-33.174508,141.161726,1
-33.174508,141.161726,1
-33.174508,141.161726,1
-33.174508,141.161726,1
-33.174508,141.161726,1
-33.174508,141.161726,1
-33.174508,141.161726,1
-33.174508,141.161726,1
-33.174508,141.161726,1
-33.174508,141.161726,1
-33.174508,141.161726,1
-33.174508,141.161726,1
-33.174508,141.161726,1
-33.174508,141.161726,1
-33.174508,141.161726,1
-33.174508,141.161726,1
-33.174508,141.161726,1
-33.174508,141.161726,1
-33.174508,141.161726,1
-33.174508,141.161726,1
-33.174508,141.161726,1
-33.174508,141.161726,1
-33.174508,141.161726,1
-33.174508,141.161726,1
-33.174508,141.161726,1
-33.174508,141.161726,1
-33.174508,141.161726,1
-33.174508,141.161726,1
-33.174508,141.161726,1
-33.174508,141.161726,1
-33.174508,141.161726,1
-33.174508,141.161726,1
-33.174508,141.161726,1
-33.174508,141.161726,1
-33.174508,141.161726,1
-33.174508,141.161726,1
-33.174508,141.161726,1
-33.174508,141.161726,1
-33.174508,141.161726,1
-33.174508,141.161726,1
-33.174508,141.161726,1
-33.174508,141.161726,1
-33.174508,141.161726,1
-33.174508,141.161726,1
-33.174508,141.161726,1
-33.174508,141.161726,1
-33.174508,141.161726,1
-33.174508,141.161726,1
-33.174508,141.161726,1
-33.174508,141.161726,1
-33.174508,141.161726,1
-33.174508,141.161726,1
-33.174508,141.161726,1
-33.174508,141.161726,1
-33.174508,141.161726,1
-33.174508,141.161726,1
-33.174508,141.161726,1
-33.174508,141.161726,1
-33.174508,141.161726,1
-33.174508,141.161726,1
-33.174508,141.161726,1
-33.174508,141.161726,1
-33.174508,141.161726,1
-33.174508,141.161726,1
-33.174508,141.161726,1
-33.174508,141.161726,1
-33.174508,141.161726,1
-33.174508,141.161726,1
-33.174508,141.161726,1
-33.174508,141.161726,1
-33.174508,141.161726,1
-33.174508,141.161726,1
-33.174508,141.161726,1
-33.174508,141.161726,1
-33.174508,141.161726,1
-33.174508,141.161726,1
-33.174508,141.161726,1
-33.174508,141.161726,1
-33.174508,141.161726,1
-33.174508,141.161726,1
-33.174508,141.161726,1
-33.174508,141.161726,1
-33.174508,141.161726,1
-33.174508,141.161726,1
-33.174508,141.161726,1
-33.174508,141.161726,1
-33.174508,141.161726,1
-33.174508,141.161726,1
-33.174508,141.161726,1
-33.174508,141.161726,1
-33.174508,141.161726,1
-33.174508,141.161726,1
-33.174508,141.161726,1
-33.174508,141.161726,1
-33.174508,141.161726,1
-33.174508,141.161726,1
-33.174508,141.161726,1
-33.174508,141.161726,1
-33.174508,141.161726,1
-33.174508,141.161726,1
-33.174508,141.161726,1
-33.174508,141.161726,1
-33.174508,141.161726,1
-33.174508,141.161726,1
-33.174508,141.161726,1
-33.174508,141.161726,1
-33.174508,141.161726,1
-33.174508,141.161726,1
-33.174508,141.161726,1
-33.174508,141.161726,1
-33.174508,141.161726,1
-33.174508,141.161726,1
-33.174508,141.161726,1
-33.174508,141.161726,1
-33.174508,141.161726,1
-33.174508,141.161726,1
-33.174508,141.161726,1
-33.174508,141.161726,1
-33.174508,141.161726,1
-33.174508,141.161726,1
-33.174508,141.161726,1
-33.174508,141.161726,1
-33.174508,141.161726,1
-33.174508,141.161726,1
-33.174508,141.161726,1
-33.174508,141.161726,1
-33.174508,141.161726,1
-33.174508,141.161726,1
-33.174508,141.161726,1
-33.174508,141.161726,1
-33.174508,141.161726,1
-33.174508,141.161726,1
-33.174508,141.161726,1
-33.174508,141.161726,1
-33.174508,141.161726,1
-33.174508,141.161726,1
-33.174508,141.161726,1
-33.174508,141.161726,1
-33.174508,141.161726,1
-33.174508,141.161726,1
-33.174508,141.161726,1
-33.174508,141.161726,1
-33.174508,141.161726,1
-33.174508,141.161726,1
-33.174508,141.161726,1
-33.174508,141.161726,1
-33.174508,141.161726,1
-33.174508,141.161726,1
-33.174508,141.161726,1
-33.174508,141.161726,1
-33.174508,141.161726,1
-33.174508,141.161726,1
-33.174508,141.161726,1
-33.174508,141.161726,1
-33.174508,141.161726,1
-33.174508,141.161726,1
-33.174508,141.161726,1
-33.174508,141.161726,1
-33.174508,141.161726,1
-33.174508,141.161726,1
-33.174508,141.161726,1
-33.174508,141.161726,1
-33.174508,141.161726,1
-33.174508,141.161726,1
-33.174508,141.161726,1
-33.174508,141.161726,1
-33.174508,141.161726,1
-33.174508,141.161726,1
-33.174508,141.161726,1
-33.174508,141.161726,1
-33.174508,141.161726,1
-33.174508,141.161726,1
-33.174508,141.161726,1
-33.174508,141.161726,1
-33.174508,141.161726,1
-33.174508,141.161726,1
-33.174508,141.161726,1
-33.174508,141.161726,1
-33.174508,141.161726,1
-33.174508,141.161726,1
-33.174508,141.161726,1
-33.174508,141.161726,1
-33.174508,141.161726,1
-33.174508,141.161726,1
-33.174508,141.161726,1
-33.174508,141.161726,1
-33.174508,141.161726,1
-33.174508,141.161726,1
-33.174508,141.161726,1
-33.174508,141.161726,1
-33.174508,141.161726,1
-33.174508,141.161726,1
-33.174508,141.161726,1
-33.174508,141.161726,1
-33.174508,141.161726,1
-33.174508,141.161726,1
-33.174508,141.161726,1
-33.174508,141.161726,1
-33.174508,141.161726,1
-33.174508,141.161726,1
-33.174508,141.161726,1
-33.174508,141.161726,1
-33.174508,141.161726,1
-33.174508,141.161726,1
-33.174508,141.161726,1
-33.174508,141.161726,1
-33.174508,141.161726,1
-33.174508,141.161726,1
-33.174508,141.161726,1
-33.174508,141.161726,1
-33.174508,141.161726,1
-33.174508,141.161726,1
-33.174508,141.161726,1
-33.174508,141.161726,1
-33.174508,141.161726,1
-33.174508,141.161726,1
-33.174508,141.161726,1
-33.174508,141.161726,1
-33.174508,141.161726,1
-33.174508,141.161726,1
-33.174508,141.161726,1
-33.174508,141.161726,1
-33.174508,141.161726,1
-33.174508,141.161726,1
-33.174508,141.161726,1
-33.174508,141.161726,1
-33.174508,141.161726,1
-33.174508,141.161726,1
-33.174508,141.161726,1
-33.174508,141.161726,1
-33.174508,141.161726,1
-33.174508,141.161726,1
-33.174508,141.161726,1
-33.174508,141.161726,1
-33.174508,141.161726,1
-33.174508,141.161726,1
-33.174508,141.161726,1
-33.174508,141.161726,1
-33.174508,141.161726,1
-33.174508,141.161726,1
-33.174508,141.161726,1
-33.174508,141.161726,1
-33.174508,141.161726,1
-33.174508,141.161726,1
-33.174508,141.161726,1
-33.174508,141.161726,1
-33.174508,141.161726,1
-33.174508,141.161726,1
-33.174508,141.161726,1
-33.174508,141.161726,1
-33.174508,141.161726,1
-33.174508,141.161726,1
-33.174508,141.161726,1
-33.174508,141.161726,1
-33.174508,141.161726,1
-33.174508,141.161726,1
-33.174508,141.161726,1
-33.174508,141.161726,1
-33.174508,141.161726,1
-33.174508,141.161726,1
-33.174508,141.161726,1
-33.174508,141.161726,1
-33.174508,141.161726,1
-33.174508,141.161726,1
-33.174508,141.161726,1
-33.174508,141.161726,1
-33.174508,141.161726,1
-33.174508,141.161726,1
-33.174508,141.161726,1
-33.174508,141.161726,1
-33.174508,141.161726,1
-33.174508,141.161726,1
-33.174508,141.161726,1
-33.174508,141.161726,1
-33.174508,141.161726,1
-33.174508,141.161726,1
-33.174508,141.161726,1
-33.174508,141.161726,1
-33.174508,141.161726,1
-33.174508,141.161726,1
-33.174508,141.161726,1
-33.174508,141.161726,1
-33.174508,141.161726,1
-33.174508,141.161726,1
-33.174508,141.161726,1
-33.174508,141.161726,1
-33.174508,141.161726,1
-33.174508,141.161726,1
-33.174508,141.161726,1
-33.174508,141.161726,1
-33.174508,141.161726,1
-33.174508,141.161726,1
-33.174508,141.161726,1
-33.174508,141.161726,1
-33.174508,141.161726,1
-33.174508,141.161726,1
-33.174508,141.161726,1
-33.174508,141.161726,1
-33.174508,141.161726,1
-33.174508,141.161726,1
-33.174508,141.161726,1
-33.174508,141.161726,1
-33.174508,141.161726,1
-33.174508,141.161726,1
-33.174508,141.161726,1
-33.174508,141.161726,1
-33.174508,141.161726,1
-33.174508,141.161726,1
-33.174508,141.161726,1
-33.174508,141.161726,1
-33.174508,141.161726,1
-33.174508,141.161726,1
-33.174508,141.161726,1
-33.174508,141.161726,1
-33.174508,141.161726,1
-33.174508,141.161726,1
-33.174508,141.161726,1
-33.174508,141.161726,1
-33.174508,141.161726,1
-33.174508,141.161726,1
-33.174508,141.161726,1
-33.174508,141.161726,1
-33.174508,141.161726,1
-33.174508,141.161726,1
-33.174508,141.161726,1
-33.174508,141.161726,1
-33.174508,141.161726,1
-33.174508,141.161726,1
-33.174508,141.161726,1
-33.174508,141.161726,1
-33.174508,141.161726,1
-33.174508,141.161726,1
-33.174508,141.161726,1
-33.174508,141.161726,1
-33.174508,141.161726,1
-33.174508,141.161726,1
-33.174508,141.161726,1
-33.174508,141.161726,1
-33.174508,141.161726,1
-33.174508,141.161726,1
-33.174508,141.161726,1
-33.174508,141.161726,1
-33.174508,141.161726,1
-33.174508,141.161726,1
-33.174508,141.161726,1
-33.174508,141.161726,1
-33.174508,141.161726,1
-33.174508,141.161726,1
-33.174508,141.161726,1
-33.174508,141.161726,1
-33.174508,141.161726,1
-33.174508,141.161726,1
-33.174508,141.161726,1
-33.174508,141.161726,1
-33.174508,141.161726,1
-33.174508,141.161726,1
-33.174508,141.161726,1
-33.174508,141.161726,1
-33.174508,141.161726,1
-33.174508,141.161726,1
-33.174508,141.161726,1
-33.174508,141.161726,1
-33.174508,141.161726,1
-33.174508,141.161726,1
-33.174508,141.161726,1
-33.174508,141.161726,1
-33.174508,141.161726,1
-33.174508,141.161726,1
-33.174508,141.161726,1
-33.174508,141.161726,1
-33.174508,141.161726,1
-33.174508,141.161726,1
-33.174508,141.161726,1
-33.174508,141.161726,1
-33.174508,141.161726,1
-33.174508,141.161726,1
-33.174508,141.161726,1
-33.174508,141.161726,1
-33.174508,141.161726,1
-33.174508,141.161726,1
-33.174508,141.161726,1
-33.174508,141.161726,1
-33.174508,141.161726,1
-33.174508,141.161726,1
-33.174508,141.161726,1
-33.174508,141.161726,1
-33.174508,141.161726,1
-33.174508,141.161726,1
-33.174508,141.161726,1
-33.174508,141.161726,1
-33.174508,141.161726,1
-33.174508,141.161726,1
-33.174508,141.161726,1
-33.174508,141.161726,1
-33.174508,141.161726,1
-33.174508,141.161726,1
-33.174508,141.161726,1
-33.174508,141.161726,1
-33.174359,141.15971,1
-33.174266,141.161694,1
-33.174266,141.161694,1
-33.174266,141.161694,1
-33.174266,141.161694,1
-33.174266,141.161694,1
-33.174266,141.161694,1
-33.174266,141.161694,1
-33.174266,141.161694,1
-33.174266,141.161694,1
-33.174266,141.161694,1
-33.174266,141.161694,1
-33.174266,141.161694,1
-33.174266,141.161694,1
-33.174266,141.161694,1
-33.174266,141.161694,1
-33.174266,141.161694,1
-33.174266,141.161694,1
-33.174266,141.161694,1
-33.174266,141.161694,1
-33.174266,141.161694,1
-33.174266,141.161694,1
-33.174266,141.161694,1
-33.174266,141.161694,1
-33.174266,141.161694,1
-33.174266,141.161694,1
-33.174266,141.161694,1
-33.174266,141.161694,1
-33.174266,141.161694,1
-33.174266,141.161694,1
-33.174265,141.161697,1
-33.174265,141.161697,1
-33.174265,141.161697,1
-33.174265,141.161697,1
-33.174265,141.161697,1
-33.174265,141.161697,1
-33.174265,141.161697,1
-33.174265,141.161697,1
-33.174265,141.161697,1
-33.174265,141.161697,1
-33.174265,141.161697,1
-33.174265,141.161697,1
-33.174265,141.161697,1
-33.174265,141.161697,1
-33.174265,141.161697,1
-33.174265,141.161697,1
-33.174265,141.161697,1
-33.174265,141.161697,1
-33.174265,141.161697,1
-33.174265,141.161697,1
-33.174265,141.161697,1
-33.174265,141.161697,1
-33.174265,141.161697,1
-33.174265,141.161697,1
-33.174265,141.161697,1
-33.174265,141.161697,1
-33.174265,141.161697,1
-33.174265,141.161697,1
-33.174265,141.161697,1
-33.174265,141.161697,1
-33.174265,141.161697,1
-33.174265,141.161697,1
-33.174265,141.161697,1
-33.174265,141.161697,1
-33.174265,141.161697,1
-33.174265,141.161697,1
-33.174265,141.161697,1
-33.174265,141.161697,1
-33.174265,141.161697,1
-33.174265,141.161697,1
-33.174168,141.16167,1
-33.174168,141.16167,1
-33.173541,141.157252,1
-33.173527,141.18517,1
-33.173527,141.18517,1
-33.173527,141.18517,1
-33.173527,141.18517,1
-33.173527,141.18517,1
-33.173527,141.18517,1
-33.173527,141.18517,1
-33.173527,141.18517,1
-33.173527,141.18517,1
-33.173527,141.18517,1
-33.173527,141.18517,1
-33.173527,141.18517,1
-33.173379,141.156941,1
-33.173332,141.13417,1
-33.173332,141.13417,1
-33.173332,141.13417,1
-33.173223,141.125356,1
-33.173223,141.125356,1
-33.173223,141.125356,1
-33.173217,141.156694,1
-33.173217,141.156694,1
-33.173217,141.156694,1
-33.173217,141.156694,1
-33.173217,141.156694,1
-33.173217,141.156694,1
-33.173217,141.156694,1
-33.173217,141.156694,1
-33.173217,141.156694,1
-33.173217,141.156694,1
-33.173217,141.156694,1
-33.173217,141.156694,1
-33.173217,141.156694,1
-33.173217,141.156694,1
-33.173217,141.156694,1
-33.173217,141.156694,1
-33.173217,141.156694,1
-33.173217,141.156694,1
-33.173217,141.156694,1
-33.173217,141.156694,1
-33.173217,141.156694,1
-33.173217,141.156694,1
-33.173217,141.156694,1
-33.173217,141.156694,1
-33.173217,141.156694,1
-33.173217,141.156694,1
-33.173217,141.156694,1
-33.173217,141.156694,1
-33.173217,141.156694,1
-33.173217,141.156694,1
-33.173217,141.156694,1
-33.173215,141.156693,1
-33.173215,141.156693,1
-33.173215,141.156693,1
-33.173215,141.156693,1
-33.173215,141.156693,1
-33.173215,141.156693,1
-33.173215,141.156693,1
-33.173215,141.156693,1
-33.173215,141.156693,1
-33.173215,141.156693,1
-33.173215,141.156693,1
-33.173215,141.156693,1
-33.173215,141.156693,1
-33.173215,141.156693,1
-33.173215,141.156693,1
-33.173215,141.156693,1
-33.173215,141.156693,1
-33.173215,141.156693,1
-33.173215,141.156693,1
-33.173215,141.156693,1
-33.173215,141.156693,1
-33.173215,141.156693,1
-33.173215,141.156693,1
-33.173215,141.156693,1
-33.173215,141.156693,1
-33.173215,141.156693,1
-33.173215,141.156693,1
-33.173215,141.156693,1
-33.173215,141.156693,1
-33.173215,141.156693,1
-33.173215,141.156693,1
-33.173215,141.156693,1
-33.173215,141.156693,1
-33.173215,141.156693,1
-33.173215,141.156693,1
-33.173215,141.156693,1
-33.173215,141.156693,1
-33.173215,141.156693,1
-33.173215,141.156693,1
-33.173215,141.156693,1
-33.173215,141.156693,1
-33.173215,141.156693,1
-33.173215,141.156693,1
-33.173215,141.156693,1
-33.173215,141.156693,1
-33.173215,141.156693,1
-33.173215,141.156693,1
-33.173215,141.156693,1
-33.173116,141.147573,1
-33.173116,141.147573,1
-33.173116,141.147573,1
-33.173116,141.147573,1
-33.173116,141.147573,1
-33.173116,141.147573,1
-33.173116,141.147573,1
-33.173116,141.147573,1
-33.173116,141.147573,1
-33.173116,141.147573,1
-33.173116,141.147573,1
-33.173116,141.147573,1
-33.173116,141.147573,1
-33.172433,141.180043,1
-33.172433,141.180043,1
-33.172433,141.180043,1
-33.172433,141.180043,1
-33.172433,141.180043,1
-33.172433,141.180043,1
-33.172433,141.180043,1
-33.172433,141.180043,1
-33.172433,141.180043,1
-33.172,141.155,1
-33.171922,141.153699,1
-33.171886,141.186519,1
-33.171886,141.186519,1
-33.171886,141.186519,1
-33.171886,141.186519,1
-33.171886,141.186519,1
-33.171886,141.186519,1
-33.171886,141.186519,1
-33.171886,141.186519,1
-33.171886,141.186519,1
-33.171886,141.186519,1
-33.171886,141.186519,1
-33.171886,141.186519,1
-33.171886,141.186519,1
-33.171886,141.186519,1
-33.171886,141.186519,1
-33.171886,141.186519,1
-33.171886,141.186519,1
-33.171886,141.186519,1
-33.171886,141.186519,1
-33.171886,141.186519,1
-33.171886,141.186519,1
-33.171886,141.186519,1
-33.171886,141.186519,1
-33.171886,141.186519,1
-33.171886,141.186519,1
-33.171886,141.186519,1
-33.171886,141.186519,1
-33.171886,141.186519,1
-33.171886,141.186519,1
-33.171885,141.186514,1
-33.171885,141.186514,1
-33.171885,141.186514,1
-33.171885,141.186514,1
-33.171885,141.186514,1
-33.171885,141.186514,1
-33.171885,141.186514,1
-33.171885,141.186514,1
-33.171885,141.186514,1
-33.171885,141.186514,1
-33.171885,141.186514,1
-33.171885,141.186514,1
-33.171885,141.186514,1
-33.171885,141.186514,1
-33.171885,141.186514,1
-33.171885,141.186514,1
-33.171885,141.186514,1
-33.171885,141.186514,1
-33.171885,141.186514,1
-33.171885,141.186514,1
-33.171885,141.186514,1
-33.171885,141.186514,1
-33.171885,141.186514,1
-33.171885,141.186514,1
-33.171885,141.186514,1
-33.171885,141.186514,1
-33.171885,141.186514,1
-33.171885,141.186514,1
-33.171885,141.186514,1
-33.171885,141.186514,1
-33.171885,141.186514,1
-33.171885,141.186514,1
-33.171885,141.186514,1
-33.171885,141.186514,1
-33.171885,141.186514,1
-33.171885,141.186514,1
-33.171822,141.191365,1
-33.171822,141.191365,1
-33.171822,141.191365,1
-33.171822,141.191365,1
-33.171822,141.191365,1
-33.171822,141.191365,1
-33.171822,141.191365,1
-33.171745,141.183998,1
-33.171682,141.184384,1
-33.171673,141.184041,1
-33.171601,141.162877,1
-33.171601,141.162877,1
-33.171601,141.162877,1
-33.171601,141.162877,1
-33.171601,141.162877,1
-33.171601,141.162877,1
-33.171601,141.162877,1
-33.171601,141.162877,1
-33.171601,141.162877,1
-33.171559,141.148891,1
-33.171559,141.148891,1
-33.171559,141.148891,1
-33.171559,141.148891,1
-33.171559,141.148891,1
-33.171559,141.148891,1
-33.171559,141.148891,1
-33.171559,141.148891,1
-33.171559,141.148891,1
-33.171559,141.148891,1
-33.171559,141.148891,1
-33.171559,141.148891,1
-33.171559,141.148891,1
-33.171559,141.148891,1
-33.171559,141.148891,1
-33.171559,141.148891,1
-33.171559,141.148891,1
-33.171559,141.148891,1
-33.171559,141.148891,1
-33.171559,141.148891,1
-33.171559,141.148891,1
-33.171559,141.148891,1
-33.171559,141.148891,1
-33.171559,141.148891,1
-33.171559,141.148891,1
-33.171559,141.148891,1
-33.171559,141.148891,1
-33.171559,141.148891,1
-33.171559,141.148891,1
-33.171559,141.148891,1
-33.171559,141.148891,1
-33.171559,141.148891,1
-33.171559,141.148891,1
-33.171559,141.148891,1
-33.171559,141.148891,1
-33.171559,141.148891,1
-33.171559,141.148891,1
-33.171559,141.148891,1
-33.171559,141.148891,1
-33.171559,141.148891,1
-33.171559,141.148891,1
-33.171558,141.148893,1
-33.171558,141.148893,1
-33.171558,141.148893,1
-33.171558,141.148893,1
-33.171558,141.148893,1
-33.171558,141.148893,1
-33.171558,141.148893,1
-33.171558,141.148893,1
-33.171558,141.148893,1
-33.171558,141.148893,1
-33.171558,141.148893,1
-33.171558,141.148893,1
-33.171558,141.148893,1
-33.171558,141.148893,1
-33.171558,141.148893,1
-33.171558,141.148893,1
-33.171558,141.148893,1
-33.171558,141.148893,1
-33.171558,141.148893,1
-33.171558,141.148893,1
-33.171558,141.148893,1
-33.171558,141.148893,1
-33.171558,141.148893,1
-33.171558,141.148893,1
-33.171558,141.148893,1
-33.171558,141.148893,1
-33.171558,141.148893,1
-33.171558,141.148893,1
-33.171558,141.148893,1
-33.171558,141.148893,1
-33.171558,141.148893,1
-33.171558,141.148893,1
-33.171558,141.148893,1
-33.171558,141.148893,1
-33.171558,141.148893,1
-33.171546,141.126659,1
-33.171546,141.126659,1
-33.171546,141.126659,1
-33.171546,141.126659,1
-33.171546,141.126659,1
-33.171546,141.126659,1
-33.171546,141.126659,1
-33.171546,141.126659,1
-33.171546,141.126659,1
-33.171546,141.126659,1
-33.171546,141.126659,1
-33.171546,141.126659,1
-33.171546,141.126659,1
-33.171546,141.126659,1
-33.171546,141.126659,1
-33.171546,141.126659,1
-33.171546,141.126659,1
-33.171546,141.126659,1
-33.171546,141.126659,1
-33.171546,141.126659,1
-33.171546,141.126659,1
-33.171546,141.126659,1
-33.171546,141.126659,1
-33.171546,141.126659,1
-33.171546,141.126659,1
-33.171544,141.126657,1
-33.171544,141.126657,1
-33.171544,141.126657,1
-33.171544,141.126657,1
-33.171544,141.126657,1
-33.171544,141.126657,1
-33.171544,141.126657,1
-33.171544,141.126657,1
-33.171544,141.126657,1
-33.171544,141.126657,1
-33.171544,141.126657,1
-33.171544,141.126657,1
-33.171544,141.126657,1
-33.171544,141.126657,1
-33.171544,141.126657,1
-33.171544,141.126657,1
-33.171544,141.126657,1
-33.171544,141.126657,1
-33.171544,141.126657,1
-33.171544,141.126657,1
-33.171544,141.126657,1
-33.171544,141.126657,1
-33.171544,141.126657,1
-33.171544,141.126657,1
-33.171544,141.126657,1
-33.171544,141.126657,1
-33.171302,141.140882,1
-33.171302,141.140882,1
-33.171302,141.140882,1
-33.171302,141.140882,1
-33.171302,141.140882,1
-33.171302,141.140882,1
-33.171302,141.140882,1
-33.171302,141.140882,1
-33.171302,141.140882,1
-33.171302,141.140882,1
-33.171302,141.140882,1
-33.171302,141.140882,1
-33.171302,141.140882,1
-33.171302,141.140882,1
-33.171302,141.140882,1
-33.171302,141.140882,1
-33.171302,141.140882,1
-33.171302,141.140882,1
-33.171302,141.140882,1
-33.171302,141.140882,1
-33.171302,141.140882,1
-33.171302,141.140882,1
-33.171302,141.140882,1
-33.171302,141.140882,1
-33.171302,141.140882,1
-33.171302,141.140882,1
-33.171302,141.140882,1
-33.171302,141.140882,1
-33.171302,141.140882,1
-33.171302,141.140882,1
-33.171302,141.140882,1
-33.171302,141.140882,1
-33.171302,141.140882,1
-33.171302,141.140882,1
-33.171302,141.140882,1
-33.171302,141.140882,1
-33.171302,141.140882,1
-33.171302,141.140882,1
-33.171302,141.140882,1
-33.171292,141.128005,1
-33.171292,141.128005,1
-33.171281,141.19225,1
-33.171281,141.19225,1
-33.171281,141.19225,1
-33.171281,141.19225,1
-33.171281,141.19225,1
-33.171281,141.19225,1
-33.171281,141.19225,1
-33.171281,141.19225,1
-33.171281,141.19225,1
-33.171281,141.19225,1
-33.171281,141.19225,1
-33.171259,141.16652,1
-33.171259,141.16652,1
-33.171259,141.16652,1
-33.171259,141.16652,1
-33.171259,141.16652,1
-33.171259,141.16652,1
-33.171259,141.16652,1
-33.171259,141.16652,1
-33.171259,141.16652,1
-33.171259,141.16652,1
-33.171259,141.16652,1
-33.171259,141.16652,1
-33.171259,141.16652,1
-33.171259,141.16652,1
-33.171259,141.16652,1
-33.171259,141.16652,1
-33.171259,141.16652,1
-33.171259,141.16652,1
-33.171259,141.16652,1
-33.171259,141.16652,1
-33.171259,141.16652,1
-33.171259,141.16652,1
-33.171259,141.16652,1
-33.171259,141.16652,1
-33.171259,141.16652,1
-33.171259,141.16652,1
-33.171259,141.16652,1
-33.171259,141.16652,1
-33.171259,141.16652,1
-33.171259,141.16652,1
-33.171259,141.16652,1
-33.171259,141.16652,1
-33.171259,141.16652,1
-33.171259,141.16652,1
-33.171259,141.16652,1
-33.171259,141.16652,1
-33.171259,141.16652,1
-33.171259,141.16652,1
-33.171259,141.16652,1
-33.171229,141.153717,1
-33.171229,141.153717,1
-33.171229,141.153717,1
-33.171229,141.153717,1
-33.171229,141.153717,1
-33.171229,141.153717,1
-33.171229,141.153717,1
-33.171229,141.153717,1
-33.171229,141.153717,1
-33.171229,141.153717,1
-33.171229,141.153717,1
-33.171229,141.153717,1
-33.171228,141.179442,1
-33.171228,141.179442,1
-33.171228,141.179442,1
-33.171228,141.179442,1
-33.170874,141.181305,1
-33.170874,141.181305,1
-33.170874,141.181305,1
-33.170874,141.181305,1
-33.170874,141.181305,1
-33.170874,141.181305,1
-33.170874,141.181305,1
-33.170874,141.181305,1
-33.170874,141.181305,1
-33.170874,141.181305,1
-33.170874,141.181305,1
-33.170874,141.181305,1
-33.170874,141.181305,1
-33.170874,141.181305,1
-33.170874,141.181305,1
-33.170874,141.181305,1
-33.170874,141.181305,1
-33.170874,141.181305,1
-33.170874,141.181305,1
-33.170874,141.181305,1
-33.170874,141.181305,1
-33.170874,141.181305,1
-33.170874,141.181305,1
-33.170874,141.181305,1
-33.170874,141.181305,1
-33.170874,141.181305,1
-33.170874,141.181305,1
-33.170874,141.181305,1
-33.170874,141.181305,1
-33.170874,141.181305,1
-33.170874,141.181305,1
-33.170874,141.181305,1
-33.170874,141.181305,1
-33.170874,141.181305,1
-33.17087,141.181302,1
-33.17087,141.181302,1
-33.17087,141.181302,1
-33.17087,141.181302,1
-33.17087,141.181302,1
-33.17087,141.181302,1
-33.17087,141.181302,1
-33.17087,141.181302,1
-33.17087,141.181302,1
-33.17087,141.181302,1
-33.17087,141.181302,1
-33.17087,141.181302,1
-33.17087,141.181302,1
-33.17087,141.181302,1
-33.17087,141.181302,1
-33.17087,141.181302,1
-33.17087,141.181302,1
-33.17087,141.181302,1
-33.17087,141.181302,1
-33.17087,141.181302,1
-33.17087,141.181302,1
-33.17087,141.181302,1
-33.17087,141.181302,1
-33.17087,141.181302,1
-33.17087,141.181302,1
-33.17087,141.181302,1
-33.17087,141.181302,1
-33.17087,141.181302,1
-33.17087,141.181302,1
-33.17087,141.181302,1
-33.17087,141.181302,1
-33.17087,141.181302,1
-33.17087,141.181302,1
-33.17087,141.181302,1
-33.17087,141.181302,1
-33.17087,141.181302,1
-33.17087,141.181302,1
-33.17087,141.181302,1
-33.17087,141.181302,1
-33.17087,141.181302,1
-33.17087,141.181302,1
-33.17087,141.181302,1
-33.17087,141.181302,1
-33.17087,141.181302,1
-33.170554,141.126775,1
-33.170283,141.192678,1
-33.170283,141.192678,1
-33.170283,141.192678,1
-33.170283,141.192678,1
-33.170283,141.192678,1
-33.170283,141.192678,1
-33.170283,141.192678,1
-33.170283,141.192678,1
-33.170283,141.192678,1
-33.170283,141.192678,1
-33.170283,141.192678,1
-33.170283,141.192678,1
-33.170283,141.192678,1
-33.170283,141.192678,1
-33.170283,141.192678,1
-33.170283,141.192678,1
-33.170283,141.192678,1
-33.170283,141.192678,1
-33.170283,141.192678,1
-33.170283,141.192678,1
-33.170283,141.192678,1
-33.170283,141.192678,1
-33.170283,141.192678,1
-33.170283,141.192678,1
-33.170283,141.192678,1
-33.170283,141.192678,1
-33.170283,141.192678,1
-33.170283,141.192678,1
-33.170283,141.192678,1
-33.170283,141.192678,1
-33.170283,141.192678,1
-33.170283,141.192678,1
-33.170283,141.192678,1
-33.170283,141.192678,1
-33.170283,141.192678,1
-33.170283,141.192678,1
-33.17028,141.192683,1
-33.17028,141.192683,1
-33.17028,141.192683,1
-33.17028,141.192683,1
-33.17028,141.192683,1
-33.17028,141.192683,1
-33.17028,141.192683,1
-33.17028,141.192683,1
-33.17028,141.192683,1
-33.17028,141.192683,1
-33.17028,141.192683,1
-33.17028,141.192683,1
-33.17028,141.192683,1
-33.17028,141.192683,1
-33.17028,141.192683,1
-33.17028,141.192683,1
-33.17028,141.192683,1
-33.17028,141.192683,1
-33.17028,141.192683,1
-33.17028,141.192683,1
-33.17028,141.192683,1
-33.17028,141.192683,1
-33.17028,141.192683,1
-33.17028,141.192683,1
-33.17028,141.192683,1
-33.17028,141.192683,1
-33.17028,141.192683,1
-33.17028,141.192683,1
-33.17028,141.192683,1
-33.170016,141.164177,1
-33.170016,141.164177,1
-33.170016,141.164177,1
-33.170016,141.164177,1
-33.170016,141.164177,1
-33.170016,141.164177,1
-33.170016,141.164177,1
-33.170016,141.164177,1
-33.170016,141.164177,1
-33.170016,141.164177,1
-33.170016,141.164177,1
-33.170016,141.164177,1
-33.170016,141.164177,1
-33.170016,141.164177,1
-33.170016,141.164177,1
-33.170016,141.164177,1
-33.170016,141.164177,1
-33.170016,141.164177,1
-33.170016,141.164177,1
-33.170016,141.164177,1
-33.170016,141.164177,1
-33.170016,141.164177,1
-33.170016,141.164177,1
-33.170016,141.164177,1
-33.170016,141.164177,1
-33.170016,141.164177,1
-33.170016,141.164177,1
-33.170016,141.164177,1
-33.170016,141.164177,1
-33.170016,141.164177,1
-33.170016,141.164177,1
-33.170016,141.164177,1
-33.170016,141.164177,1
-33.170016,141.164177,1
-33.170016,141.164177,1
-33.170016,141.164177,1
-33.170016,141.164177,1
-33.170016,141.164177,1
-33.170016,141.164177,1
-33.170016,141.164177,1
-33.170016,141.164177,1
-33.170016,141.164177,1
-33.170016,141.164177,1
-33.170016,141.164177,1
-33.170016,141.164177,1
-33.170016,141.164177,1
-33.170016,141.164177,1
-33.170014,141.164174,1
-33.170014,141.164174,1
-33.170014,141.164174,1
-33.170014,141.164174,1
-33.170014,141.164174,1
-33.170014,141.164174,1
-33.170014,141.164174,1
-33.170014,141.164174,1
-33.170014,141.164174,1
-33.170014,141.164174,1
-33.170014,141.164174,1
-33.170014,141.164174,1
-33.170014,141.164174,1
-33.170014,141.164174,1
-33.170014,141.164174,1
-33.170014,141.164174,1
-33.170014,141.164174,1
-33.170014,141.164174,1
-33.170014,141.164174,1
-33.170014,141.164174,1
-33.170014,141.164174,1
-33.170014,141.164174,1
-33.170014,141.164174,1
-33.170014,141.164174,1
-33.170014,141.164174,1
-33.170014,141.164174,1
-33.170014,141.164174,1
-33.169821,141.178332,1
-33.169755,141.179149,1
-33.169755,141.179149,1
-33.1695,141.147283,1
-33.1695,141.147283,1
-33.1695,141.147283,1
-33.1695,141.147283,1
-33.1695,141.147283,1
-33.1695,141.147283,1
-33.1695,141.147283,1
-33.169325,141.18143,1
-33.169312,141.178028,1
-33.169231,141.178867,1
-33.169182,141.17976,1
-33.169182,141.17976,1
-33.168892,141.180322,1
-33.168892,141.180322,1
-33.168892,141.180322,1
-33.168892,141.180322,1
-33.168876,141.179194,1
-33.16858,141.174764,1
-33.16858,141.174764,1
-33.16858,141.174764,1
-33.16858,141.174764,1
-33.16858,141.174764,1
-33.16858,141.174764,1
-33.16858,141.174764,1
-33.16858,141.174764,1
-33.16858,141.174764,1
-33.16858,141.174764,1
-33.16858,141.174764,1
-33.16858,141.174764,1
-33.16858,141.174764,1
-33.16858,141.174764,1
-33.16858,141.174764,1
-33.16858,141.174764,1
-33.16858,141.174764,1
-33.16858,141.174764,1
-33.16858,141.174764,1
-33.16858,141.174764,1
-33.16858,141.174764,1
-33.168577,141.125936,1
-33.168577,141.125936,1
-33.168577,141.125936,1
-33.168577,141.125936,1
-33.168577,141.125936,1
-33.168577,141.125936,1
-33.168404,141.192936,1
-33.16834,141.166845,1
-33.16834,141.166845,1
-33.16834,141.166845,1
-33.16834,141.166845,1
-33.16834,141.166845,1
-33.16834,141.166845,1
-33.16834,141.166845,1
-33.16834,141.166845,1
-33.16834,141.166845,1
-33.16834,141.166845,1
-33.16834,141.166845,1
-33.16834,141.166845,1
-33.16834,141.166845,1
-33.16834,141.166845,1
-33.16834,141.166845,1
-33.16834,141.166845,1
-33.168011,141.181249,1
-33.168011,141.181249,1
-33.168011,141.181249,1
-33.168011,141.181249,1
-33.168011,141.181249,1
-33.168011,141.181249,1
-33.168011,141.181249,1
-33.168011,141.181249,1
-33.167936,141.148542,1
-33.167936,141.148542,1
-33.167936,141.148542,1
-33.167936,141.148542,1
-33.167936,141.148542,1
-33.167936,141.148542,1
-33.167936,141.148542,1
-33.167936,141.148542,1
-33.167936,141.148542,1
-33.167936,141.148542,1
-33.167936,141.148542,1
-33.167936,141.148542,1
-33.167936,141.148542,1
-33.167936,141.148542,1
-33.167936,141.148542,1
-33.167936,141.148542,1
-33.167936,141.148542,1
-33.167936,141.148542,1
-33.167936,141.148542,1
-33.167936,141.148542,1
-33.167936,141.148542,1
-33.167936,141.148542,1
-33.167936,141.148542,1
-33.167936,141.148542,1
-33.167936,141.148542,1
-33.167936,141.148542,1
-33.167936,141.148542,1
-33.167936,141.148542,1
-33.167936,141.148542,1
-33.167936,141.148542,1
-33.167936,141.148542,1
-33.167936,141.148542,1
-33.167936,141.148542,1
-33.167936,141.148542,1
-33.167936,141.148542,1
-33.167936,141.148542,1
-33.167936,141.148542,1
-33.167936,141.148542,1
-33.167936,141.148542,1
-33.167936,141.148542,1
-33.167936,141.148542,1
-33.167932,141.148544,1
-33.167932,141.148544,1
-33.167932,141.148544,1
-33.167932,141.148544,1
-33.167932,141.148544,1
-33.167932,141.148544,1
-33.167932,141.148544,1
-33.167932,141.148544,1
-33.167932,141.148544,1
-33.167932,141.148544,1
-33.167932,141.148544,1
-33.167932,141.148544,1
-33.167932,141.148544,1
-33.167932,141.148544,1
-33.167932,141.148544,1
-33.167932,141.148544,1
-33.167932,141.148544,1
-33.167932,141.148544,1
-33.167932,141.148544,1
-33.167932,141.148544,1
-33.167932,141.148544,1
-33.167932,141.148544,1
-33.167932,141.148544,1
-33.167932,141.148544,1
-33.167932,141.148544,1
-33.167932,141.148544,1
-33.167932,141.148544,1
-33.167932,141.148544,1
-33.167932,141.148544,1
-33.167932,141.148544,1
-33.167932,141.148544,1
-33.167932,141.148544,1
-33.167493,141.146484,1
-33.167428,141.182155,1
-33.167428,141.182155,1
-33.167428,141.182155,1
-33.167428,141.182155,1
-33.167428,141.182155,1
-33.167428,141.182155,1
-33.167428,141.182155,1
-33.167428,141.182155,1
-33.167428,141.182155,1
-33.167428,141.182155,1
-33.167428,141.182155,1
-33.167428,141.182155,1
-33.167428,141.182155,1
-33.167428,141.182155,1
-33.167428,141.182155,1
-33.167428,141.182155,1
-33.167428,141.182155,1
-33.167428,141.182155,1
-33.167428,141.182155,1
-33.167428,141.182155,1
-33.167428,141.182155,1
-33.167428,141.182155,1
-33.167428,141.182155,1
-33.167428,141.182155,1
-33.167428,141.182155,1
-33.167428,141.182155,1
-33.167428,141.182155,1
-33.167428,141.182155,1
-33.167428,141.182155,1
-33.167428,141.182155,1
-33.167428,141.182155,1
-33.167428,141.182155,1
-33.167428,141.182155,1
-33.167428,141.182155,1
-33.167428,141.182155,1
-33.167428,141.182155,1
-33.167428,141.182155,1
-33.167428,141.182155,1
-33.167428,141.182155,1
-33.167428,141.182155,1
-33.167428,141.182155,1
-33.167428,141.182155,1
-33.167428,141.182155,1
-33.167428,141.182155,1
-33.167428,141.182155,1
-33.167428,141.182155,1
-33.167428,141.182155,1
-33.167428,141.182155,1
-33.167428,141.182155,1
-33.167428,141.182155,1
-33.167428,141.182155,1
-33.167428,141.182155,1
-33.167428,141.182155,1
-33.167428,141.182155,1
-33.167428,141.182155,1
-33.167428,141.182155,1
-33.167428,141.182155,1
-33.167428,141.182155,1
-33.167428,141.182155,1
-33.167428,141.182155,1
-33.167428,141.182155,1
-33.167428,141.182155,1
-33.167428,141.182155,1
-33.167428,141.182155,1
-33.167428,141.182155,1
-33.167428,141.182155,1
-33.167428,141.182155,1
-33.167428,141.182155,1
-33.167428,141.182155,1
-33.167428,141.182155,1
-33.167428,141.182155,1
-33.167428,141.182155,1
-33.167428,141.182155,1
-33.167428,141.182155,1
-33.167428,141.182155,1
-33.167428,141.182155,1
-33.167428,141.182155,1
-33.167428,141.182155,1
-33.167428,141.182155,1
-33.167428,141.182155,1
-33.167428,141.182155,1
-33.167428,141.182155,1
-33.167428,141.182155,1
-33.167428,141.182155,1
-33.167428,141.182155,1
-33.167428,141.182155,1
-33.167428,141.182155,1
-33.167428,141.182155,1
-33.167428,141.182155,1
-33.167428,141.182155,1
-33.167428,141.182155,1
-33.167428,141.182155,1
-33.167428,141.182155,1
-33.167428,141.182155,1
-33.167428,141.182155,1
-33.167428,141.182155,1
-33.167428,141.182155,1
-33.167428,141.182155,1
-33.167428,141.182155,1
-33.167428,141.182155,1
-33.167428,141.182155,1
-33.167428,141.182155,1
-33.167428,141.182155,1
-33.167428,141.182155,1
-33.167428,141.182155,1
-33.167428,141.182155,1
-33.167428,141.182155,1
-33.167428,141.182155,1
-33.167428,141.182155,1
-33.167428,141.182155,1
-33.167428,141.182155,1
-33.167428,141.182155,1
-33.167428,141.182155,1
-33.167428,141.182155,1
-33.167428,141.182155,1
-33.167428,141.182155,1
-33.167428,141.182155,1
-33.167428,141.182155,1
-33.167428,141.182155,1
-33.167428,141.182155,1
-33.167428,141.182155,1
-33.167428,141.182155,1
-33.167428,141.182155,1
-33.167428,141.182155,1
-33.167428,141.182155,1
-33.167428,141.182155,1
-33.167428,141.182155,1
-33.167428,141.182155,1
-33.167428,141.182155,1
-33.167428,141.182155,1
-33.167428,141.182155,1
-33.167428,141.182155,1
-33.167428,141.182155,1
-33.167428,141.182155,1
-33.167428,141.182155,1
-33.167428,141.182155,1
-33.167428,141.182155,1
-33.167428,141.182155,1
-33.167428,141.182155,1
-33.167428,141.182155,1
-33.167428,141.182155,1
-33.167428,141.182155,1
-33.167428,141.182155,1
-33.167428,141.182155,1
-33.167428,141.182155,1
-33.167428,141.182155,1
-33.167428,141.182155,1
-33.167428,141.182155,1
-33.167428,141.182155,1
-33.167428,141.182155,1
-33.167428,141.182155,1
-33.167428,141.182155,1
-33.167428,141.182155,1
-33.167428,141.182155,1
-33.167428,141.182155,1
-33.167428,141.182155,1
-33.167428,141.182155,1
-33.167428,141.182155,1
-33.167428,141.182155,1
-33.167428,141.182155,1
-33.167428,141.182155,1
-33.167428,141.182155,1
-33.167428,141.182155,1
-33.167428,141.182155,1
-33.167428,141.182155,1
-33.167428,141.182155,1
-33.167428,141.182155,1
-33.167428,141.182155,1
-33.167428,141.182155,1
-33.167428,141.182155,1
-33.167428,141.182155,1
-33.167428,141.182155,1
-33.167428,141.182155,1
-33.167428,141.182155,1
-33.167428,141.182155,1
-33.167428,141.182155,1
-33.167428,141.182155,1
-33.167428,141.182155,1
-33.167428,141.182155,1
-33.167428,141.182155,1
-33.167428,141.182155,1
-33.167428,141.182155,1
-33.167428,141.182155,1
-33.167428,141.182155,1
-33.167428,141.182155,1
-33.167428,141.182155,1
-33.167428,141.182155,1
-33.167428,141.182155,1
-33.167428,141.182155,1
-33.167428,141.182155,1
-33.167428,141.182155,1
-33.167428,141.182155,1
-33.167428,141.182155,1
-33.167428,141.182155,1
-33.167428,141.182155,1
-33.167428,141.182155,1
-33.167428,141.182155,1
-33.167428,141.182155,1
-33.167428,141.182155,1
-33.167428,141.182155,1
-33.167428,141.182155,1
-33.167428,141.182155,1
-33.167428,141.182155,1
-33.167428,141.182155,1
-33.167428,141.182155,1
-33.167428,141.182155,1
-33.167428,141.182155,1
-33.167428,141.182155,1
-33.167428,141.182155,1
-33.167428,141.182155,1
-33.167428,141.182155,1
-33.167428,141.182155,1
-33.167428,141.182155,1
-33.167428,141.182155,1
-33.167428,141.182155,1
-33.167428,141.182155,1
-33.167428,141.182155,1
-33.167428,141.182155,1
-33.167428,141.182155,1
-33.167428,141.182155,1
-33.167428,141.182155,1
-33.167428,141.182155,1
-33.167428,141.182155,1
-33.167428,141.182155,1
-33.167428,141.182155,1
-33.167428,141.182155,1
-33.167428,141.182155,1
-33.167428,141.182155,1
-33.167428,141.182155,1
-33.167428,141.182155,1
-33.167428,141.182155,1
-33.167428,141.182155,1
-33.167428,141.182155,1
-33.167428,141.182155,1
-33.167428,141.182155,1
-33.167428,141.182155,1
-33.167428,141.182155,1
-33.167428,141.182155,1
-33.167428,141.182155,1
-33.167428,141.182155,1
-33.167428,141.182155,1
-33.167428,141.182155,1
-33.167428,141.182155,1
-33.167428,141.182155,1
-33.167428,141.182155,1
-33.167428,141.182155,1
-33.167428,141.182155,1
-33.167428,141.182155,1
-33.167428,141.182155,1
-33.167428,141.182155,1
-33.167428,141.182155,1
-33.167428,141.182155,1
-33.167428,141.182155,1
-33.167428,141.182155,1
-33.167428,141.182155,1
-33.167428,141.182155,1
-33.167428,141.182155,1
-33.167428,141.182155,1
-33.167428,141.182155,1
-33.167428,141.182155,1
-33.167428,141.182155,1
-33.167428,141.182155,1
-33.167428,141.182155,1
-33.167428,141.182155,1
-33.167428,141.182155,1
-33.167428,141.182155,1
-33.167428,141.182155,1
-33.167428,141.182155,1
-33.167428,141.182155,1
-33.167428,141.182155,1
-33.167428,141.182155,1
-33.167428,141.182155,1
-33.167428,141.182155,1
-33.167428,141.182155,1
-33.167428,141.182155,1
-33.167428,141.182155,1
-33.167428,141.182155,1
-33.167428,141.182155,1
-33.167428,141.182155,1
-33.167428,141.182155,1
-33.167428,141.182155,1
-33.167428,141.182155,1
-33.167428,141.182155,1
-33.167428,141.182155,1
-33.167428,141.182155,1
-33.167428,141.182155,1
-33.167428,141.182155,1
-33.167428,141.182155,1
-33.167428,141.182155,1
-33.167428,141.182155,1
-33.167428,141.182155,1
-33.167428,141.182155,1
-33.167428,141.182155,1
-33.167428,141.182155,1
-33.167428,141.182155,1
-33.167428,141.182155,1
-33.167428,141.182155,1
-33.167428,141.182155,1
-33.167428,141.182155,1
-33.167428,141.182155,1
-33.167428,141.182155,1
-33.167428,141.182155,1
-33.167428,141.182155,1
-33.167428,141.182155,1
-33.167428,141.182155,1
-33.167428,141.182155,1
-33.167428,141.182155,1
-33.167428,141.182155,1
-33.167428,141.182155,1
-33.167428,141.182155,1
-33.167428,141.182155,1
-33.167428,141.182155,1
-33.167428,141.182155,1
-33.167428,141.182155,1
-33.167428,141.182155,1
-33.167428,141.182155,1
-33.167428,141.182155,1
-33.167428,141.182155,1
-33.167428,141.182155,1
-33.167428,141.182155,1
-33.167428,141.182155,1
-33.167428,141.182155,1
-33.167428,141.182155,1
-33.167428,141.182155,1
-33.167428,141.182155,1
-33.167428,141.182155,1
-33.167428,141.182155,1
-33.167428,141.182155,1
-33.167428,141.182155,1
-33.167428,141.182155,1
-33.167428,141.182155,1
-33.167428,141.182155,1
-33.167428,141.182155,1
-33.167428,141.182155,1
-33.167428,141.182155,1
-33.167428,141.182155,1
-33.167428,141.182155,1
-33.167428,141.182155,1
-33.167428,141.182155,1
-33.167428,141.182155,1
-33.167428,141.182155,1
-33.167428,141.182155,1
-33.167428,141.182155,1
-33.167428,141.182155,1
-33.167428,141.182155,1
-33.167428,141.182155,1
-33.167428,141.182155,1
-33.167428,141.182155,1
-33.167428,141.182155,1
-33.167428,141.182155,1
-33.167428,141.182155,1
-33.167428,141.182155,1
-33.167428,141.182155,1
-33.167428,141.182155,1
-33.167428,141.182155,1
-33.167428,141.182155,1
-33.167428,141.182155,1
-33.167428,141.182155,1
-33.167428,141.182155,1
-33.167428,141.182155,1
-33.167428,141.182155,1
-33.167428,141.182155,1
-33.167428,141.182155,1
-33.167428,141.182155,1
-33.167428,141.182155,1
-33.167428,141.182155,1
-33.167428,141.182155,1
-33.167428,141.182155,1
-33.167428,141.182155,1
-33.167428,141.182155,1
-33.167428,141.182155,1
-33.167428,141.182155,1
-33.167428,141.182155,1
-33.167428,141.182155,1
-33.167428,141.182155,1
-33.167428,141.182155,1
-33.167428,141.182155,1
-33.167428,141.182155,1
-33.167428,141.182155,1
-33.167428,141.182155,1
-33.167428,141.182155,1
-33.167428,141.182155,1
-33.167428,141.182155,1
-33.167428,141.182155,1
-33.167428,141.182155,1
-33.167428,141.182155,1
-33.167428,141.182155,1
-33.167428,141.182155,1
-33.167428,141.182155,1
-33.167428,141.182155,1
-33.167428,141.182155,1
-33.167428,141.182155,1
-33.167428,141.182155,1
-33.167428,141.182155,1
-33.167428,141.182155,1
-33.167428,141.182155,1
-33.167428,141.182155,1
-33.167428,141.182155,1
-33.167428,141.182155,1
-33.167428,141.182155,1
-33.167428,141.182155,1
-33.167428,141.182155,1
-33.167428,141.182155,1
-33.167428,141.182155,1
-33.167428,141.182155,1
-33.167428,141.182155,1
-33.167428,141.182155,1
-33.167428,141.182155,1
-33.167428,141.182155,1
-33.167428,141.182155,1
-33.167428,141.182155,1
-33.167428,141.182155,1
-33.167428,141.182155,1
-33.167428,141.182155,1
-33.167428,141.182155,1
-33.167428,141.182155,1
-33.167428,141.182155,1
-33.167428,141.182155,1
-33.167428,141.182155,1
-33.167428,141.182155,1
-33.167428,141.182155,1
-33.167428,141.182155,1
-33.167428,141.182155,1
-33.167428,141.182155,1
-33.167428,141.182155,1
-33.167428,141.182155,1
-33.167428,141.182155,1
-33.167428,141.182155,1
-33.167428,141.182155,1
-33.167428,141.182155,1
-33.167428,141.182155,1
-33.167428,141.182155,1
-33.167428,141.182155,1
-33.167428,141.182155,1
-33.167428,141.182155,1
-33.167428,141.182155,1
-33.167428,141.182155,1
-33.167428,141.182155,1
-33.167428,141.182155,1
-33.167428,141.182155,1
-33.167428,141.182155,1
-33.167428,141.182155,1
-33.167428,141.182155,1
-33.167428,141.182155,1
-33.167428,141.182155,1
-33.167428,141.182155,1
-33.167428,141.182155,1
-33.167428,141.182155,1
-33.167428,141.182155,1
-33.167428,141.182155,1
-33.167428,141.182155,1
-33.167428,141.182155,1
-33.167428,141.182155,1
-33.167428,141.182155,1
-33.167428,141.182155,1
-33.167428,141.182155,1
-33.167428,141.182155,1
-33.167428,141.182155,1
-33.167428,141.182155,1
-33.167428,141.182155,1
-33.167428,141.182155,1
-33.167428,141.182155,1
-33.167428,141.182155,1
-33.167428,141.182155,1
-33.167428,141.182155,1
-33.167428,141.182155,1
-33.167428,141.182155,1
-33.167428,141.182155,1
-33.167428,141.182155,1
-33.167428,141.182155,1
-33.167428,141.182155,1
-33.167428,141.182155,1
-33.167428,141.182155,1
-33.167428,141.182155,1
-33.167428,141.182155,1
-33.167428,141.182155,1
-33.167428,141.182155,1
-33.167428,141.182155,1
-33.167428,141.182155,1
-33.167428,141.182155,1
-33.167428,141.182155,1
-33.167428,141.182155,1
-33.167428,141.182155,1
-33.167428,141.182155,1
-33.167428,141.182155,1
-33.167428,141.182155,1
-33.167428,141.182155,1
-33.167428,141.182155,1
-33.167428,141.182155,1
-33.167428,141.182155,1
-33.167428,141.182155,1
-33.167428,141.182155,1
-33.167428,141.182155,1
-33.167428,141.182155,1
-33.167428,141.182155,1
-33.167428,141.182155,1
-33.167428,141.182155,1
-33.167428,141.182155,1
-33.167428,141.182155,1
-33.167428,141.182155,1
-33.167428,141.182155,1
-33.167428,141.182155,1
-33.167428,141.182155,1
-33.167428,141.182155,1
-33.167428,141.182155,1
-33.167428,141.182155,1
-33.167428,141.182155,1
-33.167428,141.182155,1
-33.167428,141.182155,1
-33.167428,141.182155,1
-33.167428,141.182155,1
-33.167428,141.182155,1
-33.167428,141.182155,1
-33.167428,141.182155,1
-33.167428,141.182155,1
-33.167428,141.182155,1
-33.167428,141.182155,1
-33.167428,141.182155,1
-33.167428,141.182155,1
-33.167428,141.182155,1
-33.167428,141.182155,1
-33.167428,141.182155,1
-33.167428,141.182155,1
-33.167428,141.182155,1
-33.167428,141.182155,1
-33.167428,141.182155,1
-33.167428,141.182155,1
-33.167428,141.182155,1
-33.167428,141.182155,1
-33.167428,141.182155,1
-33.167428,141.182155,1
-33.167428,141.182155,1
-33.167428,141.182155,1
-33.167428,141.182155,1
-33.167428,141.182155,1
-33.167428,141.182155,1
-33.167428,141.182155,1
-33.167428,141.182155,1
-33.167428,141.182155,1
-33.167428,141.182155,1
-33.167428,141.182155,1
-33.167428,141.182155,1
-33.167428,141.182155,1
-33.167428,141.182155,1
-33.167428,141.182155,1
-33.167428,141.182155,1
-33.167428,141.182155,1
-33.167428,141.182155,1
-33.167428,141.182155,1
-33.167428,141.182155,1
-33.167428,141.182155,1
-33.167428,141.182155,1
-33.167428,141.182155,1
-33.167428,141.182155,1
-33.167428,141.182155,1
-33.167428,141.182155,1
-33.167428,141.182155,1
-33.167428,141.182155,1
-33.167428,141.182155,1
-33.167428,141.182155,1
-33.167428,141.182155,1
-33.167428,141.182155,1
-33.167428,141.182155,1
-33.167428,141.182155,1
-33.167428,141.182155,1
-33.167428,141.182155,1
-33.167428,141.182155,1
-33.167428,141.182155,1
-33.167428,141.182155,1
-33.167428,141.182155,1
-33.167428,141.182155,1
-33.167428,141.182155,1
-33.167428,141.182155,1
-33.167428,141.182155,1
-33.167428,141.182155,1
-33.167428,141.182155,1
-33.167428,141.182155,1
-33.167428,141.182155,1
-33.167428,141.182155,1
-33.167428,141.182155,1
-33.167428,141.182155,1
-33.167428,141.182155,1
-33.167428,141.182155,1
-33.167428,141.182155,1
-33.167428,141.182155,1
-33.167428,141.182155,1
-33.167428,141.182155,1
-33.167428,141.182155,1
-33.167428,141.182155,1
-33.167428,141.182155,1
-33.167428,141.182155,1
-33.167428,141.182155,1
-33.167428,141.182155,1
-33.167428,141.182155,1
-33.167428,141.182155,1
-33.167428,141.182155,1
-33.167428,141.182155,1
-33.167428,141.182155,1
-33.167428,141.182155,1
-33.167428,141.182155,1
-33.167428,141.182155,1
-33.167428,141.182155,1
-33.167428,141.182155,1
-33.167428,141.182155,1
-33.167428,141.182155,1
-33.167428,141.182155,1
-33.167428,141.182155,1
-33.167428,141.182155,1
-33.167428,141.182155,1
-33.167428,141.182155,1
-33.167428,141.182155,1
-33.167428,141.182155,1
-33.167428,141.182155,1
-33.167428,141.182155,1
-33.167428,141.182155,1
-33.167428,141.182155,1
-33.167428,141.182155,1
-33.167428,141.182155,1
-33.167428,141.182155,1
-33.167428,141.182155,1
-33.167428,141.182155,1
-33.167428,141.182155,1
-33.167428,141.182155,1
-33.167428,141.182155,1
-33.167428,141.182155,1
-33.167428,141.182155,1
-33.167428,141.182155,1
-33.167428,141.182155,1
-33.167428,141.182155,1
-33.167428,141.182155,1
-33.167428,141.182155,1
-33.167428,141.182155,1
-33.167428,141.182155,1
-33.167428,141.182155,1
-33.167428,141.182155,1
-33.167428,141.182155,1
-33.167428,141.182155,1
-33.167428,141.182155,1
-33.167428,141.182155,1
-33.167428,141.182155,1
-33.167428,141.182155,1
-33.167428,141.182155,1
-33.167428,141.182155,1
-33.167428,141.182155,1
-33.167428,141.182155,1
-33.167428,141.182155,1
-33.167428,141.182155,1
-33.167428,141.182155,1
-33.167428,141.182155,1
-33.167428,141.182155,1
-33.167428,141.182155,1
-33.167428,141.182155,1
-33.167428,141.182155,1
-33.167428,141.182155,1
-33.167428,141.182155,1
-33.167428,141.182155,1
-33.167428,141.182155,1
-33.167428,141.182155,1
-33.167428,141.182155,1
-33.167428,141.182155,1
-33.167428,141.182155,1
-33.167428,141.182155,1
-33.167428,141.182155,1
-33.167428,141.182155,1
-33.167428,141.182155,1
-33.167428,141.182155,1
-33.167428,141.182155,1
-33.167428,141.182155,1
-33.167428,141.182155,1
-33.167428,141.182155,1
-33.167428,141.182155,1
-33.167428,141.182155,1
-33.167428,141.182155,1
-33.167428,141.182155,1
-33.167428,141.182155,1
-33.167428,141.182155,1
-33.167428,141.182155,1
-33.167428,141.182155,1
-33.167428,141.182155,1
-33.167428,141.182155,1
-33.167428,141.182155,1
-33.167428,141.182155,1
-33.167428,141.182155,1
-33.167428,141.182155,1
-33.167428,141.182155,1
-33.167428,141.182155,1
-33.167428,141.182155,1
-33.167428,141.182155,1
-33.167428,141.182155,1
-33.167428,141.182155,1
-33.167428,141.182155,1
-33.167428,141.182155,1
-33.167428,141.182155,1
-33.167428,141.182155,1
-33.167428,141.182155,1
-33.167428,141.182155,1
-33.167428,141.182155,1
-33.167428,141.182155,1
-33.167428,141.182155,1
-33.167428,141.182155,1
-33.167428,141.182155,1
-33.167428,141.182155,1
-33.167428,141.182155,1
-33.167428,141.182155,1
-33.167428,141.182155,1
-33.167428,141.182155,1
-33.167428,141.182155,1
-33.167428,141.182155,1
-33.167428,141.182155,1
-33.167428,141.182155,1
-33.167428,141.182155,1
-33.167428,141.182155,1
-33.167428,141.182155,1
-33.167428,141.182155,1
-33.167428,141.182155,1
-33.167428,141.182155,1
-33.167428,141.182155,1
-33.167428,141.182155,1
-33.167428,141.182155,1
-33.167428,141.182155,1
-33.167428,141.182155,1
-33.167428,141.182155,1
-33.167428,141.182155,1
-33.167428,141.182155,1
-33.167428,141.182155,1
-33.167428,141.182155,1
-33.167428,141.182155,1
-33.167428,141.182155,1
-33.167428,141.182155,1
-33.167428,141.182155,1
-33.167428,141.182155,1
-33.167428,141.182155,1
-33.167428,141.182155,1
-33.167428,141.182155,1
-33.167428,141.182155,1
-33.167428,141.182155,1
-33.167428,141.182155,1
-33.167428,141.182155,1
-33.167428,141.182155,1
-33.167428,141.182155,1
-33.167428,141.182155,1
-33.167428,141.182155,1
-33.167428,141.182155,1
-33.167428,141.182155,1
-33.167428,141.182155,1
-33.167428,141.182155,1
-33.167428,141.182155,1
-33.167428,141.182155,1
-33.167428,141.182155,1
-33.167428,141.182155,1
-33.167428,141.182155,1
-33.167428,141.182155,1
-33.167428,141.182155,1
-33.167428,141.182155,1
-33.167428,141.182155,1
-33.167428,141.182155,1
-33.167428,141.182155,1
-33.167428,141.182155,1
-33.167428,141.182155,1
-33.167428,141.182155,1
-33.167428,141.182155,1
-33.167428,141.182155,1
-33.167428,141.182155,1
-33.167428,141.182155,1
-33.167428,141.182155,1
-33.167428,141.182155,1
-33.167428,141.182155,1
-33.167428,141.182155,1
-33.167428,141.182155,1
-33.167428,141.182155,1
-33.167428,141.182155,1
-33.167428,141.182155,1
-33.167428,141.182155,1
-33.167428,141.182155,1
-33.167428,141.182155,1
-33.167428,141.182155,1
-33.167428,141.182155,1
-33.167428,141.182155,1
-33.167428,141.182155,1
-33.167428,141.182155,1
-33.167428,141.182155,1
-33.167428,141.182155,1
-33.167428,141.182155,1
-33.167428,141.182155,1
-33.167428,141.182155,1
-33.167428,141.182155,1
-33.167428,141.182155,1
-33.167428,141.182155,1
-33.167428,141.182155,1
-33.167428,141.182155,1
-33.167428,141.182155,1
-33.167428,141.182155,1
-33.167428,141.182155,1
-33.167428,141.182155,1
-33.167428,141.182155,1
-33.167428,141.182155,1
-33.167428,141.182155,1
-33.167428,141.182155,1
-33.167428,141.182155,1
-33.167428,141.182155,1
-33.167428,141.182155,1
-33.167428,141.182155,1
-33.167428,141.182155,1
-33.167428,141.182155,1
-33.167428,141.182155,1
-33.167428,141.182155,1
-33.167428,141.182155,1
-33.167428,141.182155,1
-33.167428,141.182155,1
-33.167428,141.182155,1
-33.167428,141.182155,1
-33.167428,141.182155,1
-33.167428,141.182155,1
-33.167428,141.182155,1
-33.167428,141.182155,1
-33.167428,141.182155,1
-33.167428,141.182155,1
-33.167428,141.182155,1
-33.167428,141.182155,1
-33.167428,141.182155,1
-33.167428,141.182155,1
-33.167428,141.182155,1
-33.167428,141.182155,1
-33.167428,141.182155,1
-33.167428,141.182155,1
-33.167428,141.182155,1
-33.167428,141.182155,1
-33.167428,141.182155,1
-33.167428,141.182155,1
-33.167428,141.182155,1
-33.167428,141.182155,1
-33.167428,141.182155,1
-33.167428,141.182155,1
-33.167428,141.182155,1
-33.167428,141.182155,1
-33.167428,141.182155,1
-33.167428,141.182155,1
-33.167428,141.182155,1
-33.167428,141.182155,1
-33.167428,141.182155,1
-33.167428,141.182155,1
-33.167428,141.182155,1
-33.167428,141.182155,1
-33.167428,141.182155,1
-33.167428,141.182155,1
-33.167428,141.182155,1
-33.167428,141.182155,1
-33.167428,141.182155,1
-33.167428,141.182155,1
-33.167428,141.182155,1
-33.167428,141.182155,1
-33.167428,141.182155,1
-33.167428,141.182155,1
-33.167428,141.182155,1
-33.167428,141.182155,1
-33.167428,141.182155,1
-33.167428,141.182155,1
-33.167428,141.182155,1
-33.167428,141.182155,1
-33.167428,141.182155,1
-33.167428,141.182155,1
-33.167428,141.182155,1
-33.167428,141.182155,1
-33.167428,141.182155,1
-33.167428,141.182155,1
-33.167428,141.182155,1
-33.167428,141.182155,1
-33.167428,141.182155,1
-33.167428,141.182155,1
-33.167428,141.182155,1
-33.167428,141.182155,1
-33.167428,141.182155,1
-33.167428,141.182155,1
-33.167428,141.182155,1
-33.167428,141.182155,1
-33.167428,141.182155,1
-33.167428,141.182155,1
-33.167428,141.182155,1
-33.167428,141.182155,1
-33.167428,141.182155,1
-33.167428,141.182155,1
-33.167428,141.182155,1
-33.167428,141.182155,1
-33.167428,141.182155,1
-33.167428,141.182155,1
-33.167428,141.182155,1
-33.167428,141.182155,1
-33.167428,141.182155,1
-33.167428,141.182155,1
-33.167428,141.182155,1
-33.167428,141.182155,1
-33.167428,141.182155,1
-33.167428,141.182155,1
-33.167428,141.182155,1
-33.167428,141.182155,1
-33.167428,141.182155,1
-33.167428,141.182155,1
-33.167428,141.182155,1
-33.167428,141.182155,1
-33.167428,141.182155,1
-33.167428,141.182155,1
-33.167428,141.182155,1
-33.167428,141.182155,1
-33.167428,141.182155,1
-33.167428,141.182155,1
-33.167428,141.182155,1
-33.167428,141.182155,1
-33.167428,141.182155,1
-33.167428,141.182155,1
-33.167428,141.182155,1
-33.167428,141.182155,1
-33.167428,141.182155,1
-33.167428,141.182155,1
-33.167428,141.182155,1
-33.167428,141.182155,1
-33.167428,141.182155,1
-33.167428,141.182155,1
-33.167428,141.182155,1
-33.167428,141.182155,1
-33.167428,141.182155,1
-33.167428,141.182155,1
-33.167428,141.182155,1
-33.167428,141.182155,1
-33.167428,141.182155,1
-33.167428,141.182155,1
-33.167428,141.182155,1
-33.167428,141.182155,1
-33.167428,141.182155,1
-33.167428,141.182155,1
-33.167428,141.182155,1
-33.167428,141.182155,1
-33.167428,141.182155,1
-33.167428,141.182155,1
-33.167428,141.182155,1
-33.167428,141.182155,1
-33.167428,141.182155,1
-33.167428,141.182155,1
-33.167428,141.182155,1
-33.167428,141.182155,1
-33.167428,141.182155,1
-33.167428,141.182155,1
-33.167428,141.182155,1
-33.167428,141.182155,1
-33.167428,141.182155,1
-33.167428,141.182155,1
-33.167428,141.182155,1
-33.167428,141.182155,1
-33.167428,141.182155,1
-33.167428,141.182155,1
-33.167428,141.182155,1
-33.167428,141.182155,1
-33.167428,141.182155,1
-33.167428,141.182155,1
-33.167428,141.182155,1
-33.167428,141.182155,1
-33.167428,141.182155,1
-33.167428,141.182155,1
-33.167428,141.182155,1
-33.167428,141.182155,1
-33.167428,141.182155,1
-33.167428,141.182155,1
-33.167428,141.182155,1
-33.167428,141.182155,1
-33.167428,141.182155,1
-33.167428,141.182155,1
-33.167428,141.182155,1
-33.167428,141.182155,1
-33.167428,141.182155,1
-33.167428,141.182155,1
-33.167428,141.182155,1
-33.167428,141.182155,1
-33.167428,141.182155,1
-33.167428,141.182155,1
-33.167428,141.182155,1
-33.167428,141.182155,1
-33.167428,141.182155,1
-33.167428,141.182155,1
-33.167428,141.182155,1
-33.167428,141.182155,1
-33.167428,141.182155,1
-33.167428,141.182155,1
-33.167428,141.182155,1
-33.167428,141.182155,1
-33.167428,141.182155,1
-33.167428,141.182155,1
-33.167428,141.182155,1
-33.167428,141.182155,1
-33.167428,141.182155,1
-33.167428,141.182155,1
-33.167428,141.182155,1
-33.167428,141.182155,1
-33.167428,141.182155,1
-33.167428,141.182155,1
-33.167428,141.182155,1
-33.167428,141.182155,1
-33.167428,141.182155,1
-33.167428,141.182155,1
-33.167428,141.182155,1
-33.167428,141.182155,1
-33.167428,141.182155,1
-33.167428,141.182155,1
-33.167428,141.182155,1
-33.167428,141.182155,1
-33.167428,141.182155,1
-33.167428,141.182155,1
-33.167428,141.182155,1
-33.167428,141.182155,1
-33.167428,141.182155,1
-33.167428,141.182155,1
-33.167428,141.182155,1
-33.167428,141.182155,1
-33.167428,141.182155,1
-33.167428,141.182155,1
-33.167428,141.182155,1
-33.167428,141.182155,1
-33.167428,141.182155,1
-33.167428,141.182155,1
-33.167428,141.182155,1
-33.167428,141.182155,1
-33.167428,141.182155,1
-33.167428,141.182155,1
-33.167428,141.182155,1
-33.167428,141.182155,1
-33.167428,141.182155,1
-33.167428,141.182155,1
-33.167428,141.182155,1
-33.167428,141.182155,1
-33.167428,141.182155,1
-33.167428,141.182155,1
-33.167428,141.182155,1
-33.167428,141.182155,1
-33.167428,141.182155,1
-33.167428,141.182155,1
-33.167428,141.182155,1
-33.167428,141.182155,1
-33.167428,141.182155,1
-33.167428,141.182155,1
-33.167428,141.182155,1
-33.167428,141.182155,1
-33.167428,141.182155,1
-33.167428,141.182155,1
-33.167428,141.182155,1
-33.167428,141.182155,1
-33.167428,141.182155,1
-33.167428,141.182155,1
-33.167428,141.182155,1
-33.167428,141.182155,1
-33.167428,141.182155,1
-33.167428,141.182155,1
-33.167428,141.182155,1
-33.167428,141.182155,1
-33.167428,141.182155,1
-33.167428,141.182155,1
-33.167428,141.182155,1
-33.167428,141.182155,1
-33.167428,141.182155,1
-33.167428,141.182155,1
-33.167428,141.182155,1
-33.167428,141.182155,1
-33.167428,141.182155,1
-33.167428,141.182155,1
-33.167428,141.182155,1
-33.167428,141.182155,1
-33.167428,141.182155,1
-33.167428,141.182155,1
-33.167428,141.182155,1
-33.167428,141.182155,1
-33.167428,141.182155,1
-33.167428,141.182155,1
-33.167428,141.182155,1
-33.167428,141.182155,1
-33.167428,141.182155,1
-33.167428,141.182155,1
-33.167428,141.182155,1
-33.167428,141.182155,1
-33.167428,141.182155,1
-33.167428,141.182155,1
-33.167428,141.182155,1
-33.167428,141.182155,1
-33.167428,141.182155,1
-33.167428,141.182155,1
-33.167428,141.182155,1
-33.167428,141.182155,1
-33.167428,141.182155,1
-33.167428,141.182155,1
-33.167428,141.182155,1
-33.167428,141.182155,1
-33.167428,141.182155,1
-33.167428,141.182155,1
-33.167428,141.182155,1
-33.167428,141.182155,1
-33.167428,141.182155,1
-33.167428,141.182155,1
-33.167428,141.182155,1
-33.167428,141.182155,1
-33.167428,141.182155,1
-33.167428,141.182155,1
-33.167428,141.182155,1
-33.167428,141.182155,1
-33.167428,141.182155,1
-33.167428,141.182155,1
-33.167428,141.182155,1
-33.167428,141.182155,1
-33.167428,141.182155,1
-33.167428,141.182155,1
-33.167428,141.182155,1
-33.167428,141.182155,1
-33.167428,141.182155,1
-33.167428,141.182155,1
-33.167428,141.182155,1
-33.167428,141.182155,1
-33.167428,141.182155,1
-33.167428,141.182155,1
-33.167428,141.182155,1
-33.167428,141.182155,1
-33.167428,141.182155,1
-33.167428,141.182155,1
-33.167428,141.182155,1
-33.167428,141.182155,1
-33.167428,141.182155,1
-33.167428,141.182155,1
-33.167428,141.182155,1
-33.167428,141.182155,1
-33.167428,141.182155,1
-33.167428,141.182155,1
-33.167428,141.182155,1
-33.167428,141.182155,1
-33.167428,141.182155,1
-33.167428,141.182155,1
-33.167428,141.182155,1
-33.167428,141.182155,1
-33.167428,141.182155,1
-33.167428,141.182155,1
-33.167428,141.182155,1
-33.167428,141.182155,1
-33.167428,141.182155,1
-33.167428,141.182155,1
-33.167428,141.182155,1
-33.167428,141.182155,1
-33.167428,141.182155,1
-33.167428,141.182155,1
-33.167428,141.182155,1
-33.167428,141.182155,1
-33.167428,141.182155,1
-33.167428,141.182155,1
-33.167428,141.182155,1
-33.167428,141.182155,1
-33.167428,141.182155,1
-33.167428,141.182155,1
-33.167428,141.182155,1
-33.167428,141.182155,1
-33.167428,141.182155,1
-33.167428,141.182155,1
-33.167428,141.182155,1
-33.167428,141.182155,1
-33.167428,141.182155,1
-33.167428,141.182155,1
-33.167428,141.182155,1
-33.167428,141.182155,1
-33.167428,141.182155,1
-33.167428,141.182155,1
-33.167428,141.182155,1
-33.167428,141.182155,1
-33.167428,141.182155,1
-33.167428,141.182155,1
-33.167428,141.182155,1
-33.167428,141.182155,1
-33.167428,141.182155,1
-33.167428,141.182155,1
-33.167428,141.182155,1
-33.167428,141.182155,1
-33.167428,141.182155,1
-33.167428,141.182155,1
-33.167428,141.182155,1
-33.167428,141.182155,1
-33.167428,141.182155,1
-33.167428,141.182155,1
-33.167428,141.182155,1
-33.167428,141.182155,1
-33.167428,141.182155,1
-33.167428,141.182155,1
-33.167428,141.182155,1
-33.167428,141.182155,1
-33.167428,141.182155,1
-33.167428,141.182155,1
-33.167428,141.182155,1
-33.167428,141.182155,1
-33.167428,141.182155,1
-33.167428,141.182155,1
-33.167428,141.182155,1
-33.167428,141.182155,1
-33.167428,141.182155,1
-33.167428,141.182155,1
-33.167428,141.182155,1
-33.167428,141.182155,1
-33.167428,141.182155,1
-33.167428,141.182155,1
-33.167428,141.182155,1
-33.167428,141.182155,1
-33.167428,141.182155,1
-33.167428,141.182155,1
-33.167428,141.182155,1
-33.167428,141.182155,1
-33.167428,141.182155,1
-33.167428,141.182155,1
-33.167428,141.182155,1
-33.167428,141.182155,1
-33.167428,141.182155,1
-33.167428,141.182155,1
-33.167428,141.182155,1
-33.167428,141.182155,1
-33.167428,141.182155,1
-33.167428,141.182155,1
-33.167428,141.182155,1
-33.167428,141.182155,1
-33.167428,141.182155,1
-33.167428,141.182155,1
-33.167428,141.182155,1
-33.167428,141.182155,1
-33.167428,141.182155,1
-33.167428,141.182155,1
-33.167428,141.182155,1
-33.167428,141.182155,1
-33.167428,141.182155,1
-33.167428,141.182155,1
-33.167428,141.182155,1
-33.167428,141.182155,1
-33.167428,141.182155,1
-33.167428,141.182155,1
-33.167428,141.182155,1
-33.167428,141.182155,1
-33.167428,141.182155,1
-33.167428,141.182155,1
-33.167428,141.182155,1
-33.167428,141.182155,1
-33.167428,141.182155,1
-33.167428,141.182155,1
-33.167428,141.182155,1
-33.167428,141.182155,1
-33.167428,141.182155,1
-33.167428,141.182155,1
-33.167428,141.182155,1
-33.167428,141.182155,1
-33.167428,141.182155,1
-33.167428,141.182155,1
-33.167428,141.182155,1
-33.167428,141.182155,1
-33.167428,141.182155,1
-33.167428,141.182155,1
-33.167428,141.182155,1
-33.167428,141.182155,1
-33.167428,141.182155,1
-33.167428,141.182155,1
-33.167428,141.182155,1
-33.167428,141.182155,1
-33.167428,141.182155,1
-33.167428,141.182155,1
-33.167428,141.182155,1
-33.167428,141.182155,1
-33.167428,141.182155,1
-33.167428,141.182155,1
-33.167428,141.182155,1
-33.167428,141.182155,1
-33.167428,141.182155,1
-33.167428,141.182155,1
-33.167428,141.182155,1
-33.167428,141.182155,1
-33.167428,141.182155,1
-33.167428,141.182155,1
-33.167428,141.182155,1
-33.167428,141.182155,1
-33.167428,141.182155,1
-33.167428,141.182155,1
-33.167428,141.182155,1
-33.167428,141.182155,1
-33.167428,141.182155,1
-33.167428,141.182155,1
-33.167428,141.182155,1
-33.167428,141.182155,1
-33.167428,141.182155,1
-33.167428,141.182155,1
-33.167428,141.182155,1
-33.167428,141.182155,1
-33.167428,141.182155,1
-33.167428,141.182155,1
-33.167428,141.182155,1
-33.167428,141.182155,1
-33.167428,141.182155,1
-33.167428,141.182155,1
-33.167428,141.182155,1
-33.167428,141.182155,1
-33.167428,141.182155,1
-33.167428,141.182155,1
-33.167428,141.182155,1
-33.167428,141.182155,1
-33.167428,141.182155,1
-33.167428,141.182155,1
-33.167428,141.182155,1
-33.167428,141.182155,1
-33.167428,141.182155,1
-33.167428,141.182155,1
-33.167428,141.182155,1
-33.167428,141.182155,1
-33.167428,141.182155,1
-33.167428,141.182155,1
-33.167428,141.182155,1
-33.167428,141.182155,1
-33.167428,141.182155,1
-33.167428,141.182155,1
-33.167428,141.182155,1
-33.167428,141.182155,1
-33.167428,141.182155,1
-33.167428,141.182155,1
-33.167428,141.182155,1
-33.167428,141.182155,1
-33.167428,141.182155,1
-33.167428,141.182155,1
-33.167428,141.182155,1
-33.167428,141.182155,1
-33.167428,141.182155,1
-33.167428,141.182155,1
-33.167428,141.182155,1
-33.167428,141.182155,1
-33.167428,141.182155,1
-33.167428,141.182155,1
-33.167428,141.182155,1
-33.167428,141.182155,1
-33.167428,141.182155,1
-33.167428,141.182155,1
-33.167428,141.182155,1
-33.167428,141.182155,1
-33.167428,141.182155,1
-33.167428,141.182155,1
-33.167428,141.182155,1
-33.167428,141.182155,1
-33.167428,141.182155,1
-33.167428,141.182155,1
-33.167428,141.182155,1
-33.167428,141.182155,1
-33.167428,141.182155,1
-33.167428,141.182155,1
-33.167428,141.182155,1
-33.167428,141.182155,1
-33.167428,141.182155,1
-33.167428,141.182155,1
-33.167428,141.182155,1
-33.167428,141.182155,1
-33.167428,141.182155,1
-33.167428,141.182155,1
-33.167428,141.182155,1
-33.167428,141.182155,1
-33.167428,141.182155,1
-33.167428,141.182155,1
-33.167428,141.182155,1
-33.167428,141.182155,1
-33.167428,141.182155,1
-33.167428,141.182155,1
-33.167428,141.182155,1
-33.167428,141.182155,1
-33.167428,141.182155,1
-33.167428,141.182155,1
-33.167428,141.182155,1
-33.167428,141.182155,1
-33.167428,141.182155,1
-33.167428,141.182155,1
-33.167428,141.182155,1
-33.167428,141.182155,1
-33.167428,141.182155,1
-33.167428,141.182155,1
-33.167428,141.182155,1
-33.167428,141.182155,1
-33.167428,141.182155,1
-33.167428,141.182155,1
-33.167428,141.182155,1
-33.167428,141.182155,1
-33.167428,141.182155,1
-33.167428,141.182155,1
-33.167428,141.182155,1
-33.167428,141.182155,1
-33.167428,141.182155,1
-33.167428,141.182155,1
-33.167428,141.182155,1
-33.167428,141.182155,1
-33.167428,141.182155,1
-33.167428,141.182155,1
-33.167428,141.182155,1
-33.167428,141.182155,1
-33.167428,141.182155,1
-33.167428,141.182155,1
-33.167428,141.182155,1
-33.167428,141.182155,1
-33.167428,141.182155,1
-33.167428,141.182155,1
-33.167428,141.182155,1
-33.167428,141.182155,1
-33.167428,141.182155,1
-33.167428,141.182155,1
-33.167428,141.182155,1
-33.167428,141.182155,1
-33.167428,141.182155,1
-33.167428,141.182155,1
-33.167428,141.182155,1
-33.167428,141.182155,1
-33.167428,141.182155,1
-33.167428,141.182155,1
-33.167428,141.182155,1
-33.167428,141.182155,1
-33.167428,141.182155,1
-33.167428,141.182155,1
-33.167428,141.182155,1
-33.167428,141.182155,1
-33.167428,141.182155,1
-33.167428,141.182155,1
-33.167428,141.182155,1
-33.167428,141.182155,1
-33.167428,141.182155,1
-33.167428,141.182155,1
-33.167428,141.182155,1
-33.167428,141.182155,1
-33.167428,141.182155,1
-33.167428,141.182155,1
-33.167428,141.182155,1
-33.167428,141.182155,1
-33.167428,141.182155,1
-33.167428,141.182155,1
-33.167428,141.182155,1
-33.167428,141.182155,1
-33.167428,141.182155,1
-33.167428,141.182155,1
-33.167428,141.182155,1
-33.167428,141.182155,1
-33.167428,141.182155,1
-33.167428,141.182155,1
-33.167428,141.182155,1
-33.167428,141.182155,1
-33.167428,141.182155,1
-33.167428,141.182155,1
-33.167428,141.182155,1
-33.167428,141.182155,1
-33.167428,141.182155,1
-33.167428,141.182155,1
-33.167428,141.182155,1
-33.167428,141.182155,1
-33.167428,141.182155,1
-33.167428,141.182155,1
-33.167428,141.182155,1
-33.167428,141.182155,1
-33.167428,141.182155,1
-33.167428,141.182155,1
-33.167428,141.182155,1
-33.167428,141.182155,1
-33.167428,141.182155,1
-33.167428,141.182155,1
-33.167428,141.182155,1
-33.167428,141.182155,1
-33.167428,141.182155,1
-33.167428,141.182155,1
-33.167428,141.182155,1
-33.167428,141.182155,1
-33.167428,141.182155,1
-33.167428,141.182155,1
-33.167428,141.182155,1
-33.167428,141.182155,1
-33.167428,141.182155,1
-33.167428,141.182155,1
-33.167428,141.182155,1
-33.167428,141.182155,1
-33.167428,141.182155,1
-33.167428,141.182155,1
-33.167428,141.182155,1
-33.167428,141.182155,1
-33.167428,141.182155,1
-33.167428,141.182155,1
-33.167428,141.182155,1
-33.167428,141.182155,1
-33.167428,141.182155,1
-33.167428,141.182155,1
-33.167428,141.182155,1
-33.167428,141.182155,1
-33.167428,141.182155,1
-33.167428,141.182155,1
-33.167428,141.182155,1
-33.167428,141.182155,1
-33.167428,141.182155,1
-33.167428,141.182155,1
-33.167428,141.182155,1
-33.167428,141.182155,1
-33.167428,141.182155,1
-33.167428,141.182155,1
-33.167428,141.182155,1
-33.167428,141.182155,1
-33.167428,141.182155,1
-33.167428,141.182155,1
-33.167428,141.182155,1
-33.167428,141.182155,1
-33.167428,141.182155,1
-33.167428,141.182155,1
-33.167428,141.182155,1
-33.167428,141.182155,1
-33.167428,141.182155,1
-33.167428,141.182155,1
-33.167428,141.182155,1
-33.167428,141.182155,1
-33.167428,141.182155,1
-33.167428,141.182155,1
-33.167428,141.182155,1
-33.167428,141.182155,1
-33.167428,141.182155,1
-33.167428,141.182155,1
-33.167428,141.182155,1
-33.167428,141.182155,1
-33.167428,141.182155,1
-33.167428,141.182155,1
-33.167428,141.182155,1
-33.167428,141.182155,1
-33.167428,141.182155,1
-33.167428,141.182155,1
-33.167428,141.182155,1
-33.167428,141.182155,1
-33.167428,141.182155,1
-33.167428,141.182155,1
-33.167428,141.182155,1
-33.167428,141.182155,1
-33.167428,141.182155,1
-33.167428,141.182155,1
-33.167428,141.182155,1
-33.167428,141.182155,1
-33.167428,141.182155,1
-33.167428,141.182155,1
-33.167428,141.182155,1
-33.167428,141.182155,1
-33.167428,141.182155,1
-33.167428,141.182155,1
-33.167428,141.182155,1
-33.167428,141.182155,1
-33.167428,141.182155,1
-33.167428,141.182155,1
-33.167428,141.182155,1
-33.167428,141.182155,1
-33.167428,141.182155,1
-33.167428,141.182155,1
-33.167428,141.182155,1
-33.167428,141.182155,1
-33.167428,141.182155,1
-33.167428,141.182155,1
-33.167428,141.182155,1
-33.167428,141.182155,1
-33.167428,141.182155,1
-33.167428,141.182155,1
-33.167428,141.182155,1
-33.167428,141.182155,1
-33.167428,141.182155,1
-33.167428,141.182155,1
-33.167428,141.182155,1
-33.167428,141.182155,1
-33.167428,141.182155,1
-33.167428,141.182155,1
-33.167428,141.182155,1
-33.167428,141.182155,1
-33.167428,141.182155,1
-33.167428,141.182155,1
-33.167428,141.182155,1
-33.167428,141.182155,1
-33.167428,141.182155,1
-33.167428,141.182155,1
-33.167428,141.182155,1
-33.167428,141.182155,1
-33.167428,141.182155,1
-33.167428,141.182155,1
-33.167428,141.182155,1
-33.167428,141.182155,1
-33.167428,141.182155,1
-33.167428,141.182155,1
-33.167428,141.182155,1
-33.167428,141.182155,1
-33.167428,141.182155,1
-33.167428,141.182155,1
-33.167428,141.182155,1
-33.167428,141.182155,1
-33.167428,141.182155,1
-33.167428,141.182155,1
-33.167428,141.182155,1
-33.167428,141.182155,1
-33.167428,141.182155,1
-33.167428,141.182155,1
-33.167428,141.182155,1
-33.167428,141.182155,1
-33.167428,141.182155,1
-33.167428,141.182155,1
-33.167428,141.182155,1
-33.167428,141.182155,1
-33.167428,141.182155,1
-33.167428,141.182155,1
-33.167428,141.182155,1
-33.167428,141.182155,1
-33.167428,141.182155,1
-33.167428,141.182155,1
-33.167428,141.182155,1
-33.167428,141.182155,1
-33.167428,141.182155,1
-33.167428,141.182155,1
-33.167428,141.182155,1
-33.167428,141.182155,1
-33.167428,141.182155,1
-33.167428,141.182155,1
-33.167428,141.182155,1
-33.167428,141.182155,1
-33.167428,141.182155,1
-33.167428,141.182155,1
-33.167428,141.182155,1
-33.167428,141.182155,1
-33.167428,141.182155,1
-33.167428,141.182155,1
-33.167428,141.182155,1
-33.167428,141.182155,1
-33.167428,141.182155,1
-33.167428,141.182155,1
-33.167428,141.182155,1
-33.167428,141.182155,1
-33.167428,141.182155,1
-33.167428,141.182155,1
-33.167428,141.182155,1
-33.167428,141.182155,1
-33.167428,141.182155,1
-33.167428,141.182155,1
-33.167428,141.182155,1
-33.167428,141.182155,1
-33.167428,141.182155,1
-33.167428,141.182155,1
-33.167428,141.182155,1
-33.167428,141.182155,1
-33.167428,141.182155,1
-33.167428,141.182155,1
-33.167428,141.182155,1
-33.167428,141.182155,1
-33.167428,141.182155,1
-33.167428,141.182155,1
-33.167428,141.182155,1
-33.167428,141.182155,1
-33.167428,141.182155,1
-33.167428,141.182155,1
-33.167428,141.182155,1
-33.167428,141.182155,1
-33.167428,141.182155,1
-33.167428,141.182155,1
-33.167428,141.182155,1
-33.167428,141.182155,1
-33.167428,141.182155,1
-33.167428,141.182155,1
-33.167428,141.182155,1
-33.167428,141.182155,1
-33.167428,141.182155,1
-33.167428,141.182155,1
-33.167428,141.182155,1
-33.167428,141.182155,1
-33.167428,141.182155,1
-33.167428,141.182155,1
-33.167428,141.182155,1
-33.167428,141.182155,1
-33.167428,141.182155,1
-33.167428,141.182155,1
-33.167428,141.182155,1
-33.167428,141.182155,1
-33.167428,141.182155,1
-33.167428,141.182155,1
-33.167428,141.182155,1
-33.167428,141.182155,1
-33.167428,141.182155,1
-33.167428,141.182155,1
-33.167428,141.182155,1
-33.167428,141.182155,1
-33.167428,141.182155,1
-33.167428,141.182155,1
-33.167428,141.182155,1
-33.167428,141.182155,1
-33.167428,141.182155,1
-33.167428,141.182155,1
-33.167428,141.182155,1
-33.167428,141.182155,1
-33.167428,141.182155,1
-33.167428,141.182155,1
-33.167428,141.182155,1
-33.167428,141.182155,1
-33.167428,141.182155,1
-33.167428,141.182155,1
-33.167428,141.182155,1
-33.167428,141.182155,1
-33.167428,141.182155,1
-33.167428,141.182155,1
-33.167428,141.182155,1
-33.167428,141.182155,1
-33.167428,141.182155,1
-33.167428,141.182155,1
-33.167428,141.182155,1
-33.167428,141.182155,1
-33.167428,141.182155,1
-33.167428,141.182155,1
-33.167428,141.182155,1
-33.167428,141.182155,1
-33.167428,141.182155,1
-33.167428,141.182155,1
-33.167428,141.182155,1
-33.167428,141.182155,1
-33.167428,141.182155,1
-33.167428,141.182155,1
-33.167428,141.182155,1
-33.167428,141.182155,1
-33.167428,141.182155,1
-33.167428,141.182155,1
-33.167428,141.182155,1
-33.167428,141.182155,1
-33.167428,141.182155,1
-33.167428,141.182155,1
-33.167428,141.182155,1
-33.167428,141.182155,1
-33.167428,141.182155,1
-33.167428,141.182155,1
-33.167428,141.182155,1
-33.167428,141.182155,1
-33.167428,141.182155,1
-33.167428,141.182155,1
-33.167428,141.182155,1
-33.167428,141.182155,1
-33.167428,141.182155,1
-33.167428,141.182155,1
-33.167428,141.182155,1
-33.167428,141.182155,1
-33.167428,141.182155,1
-33.167428,141.182155,1
-33.167428,141.182155,1
-33.167428,141.182155,1
-33.167428,141.182155,1
-33.167428,141.182155,1
-33.167428,141.182155,1
-33.167428,141.182155,1
-33.167428,141.182155,1
-33.167428,141.182155,1
-33.167428,141.182155,1
-33.167428,141.182155,1
-33.167428,141.182155,1
-33.167428,141.182155,1
-33.167428,141.182155,1
-33.167428,141.182155,1
-33.167428,141.182155,1
-33.167428,141.182155,1
-33.167428,141.182155,1
-33.167428,141.182155,1
-33.167428,141.182155,1
-33.167428,141.182155,1
-33.167428,141.182155,1
-33.167428,141.182155,1
-33.167428,141.182155,1
-33.167428,141.182155,1
-33.167428,141.182155,1
-33.167428,141.182155,1
-33.167428,141.182155,1
-33.167428,141.182155,1
-33.167428,141.182155,1
-33.167428,141.182155,1
-33.167428,141.182155,1
-33.167428,141.182155,1
-33.167428,141.182155,1
-33.167428,141.182155,1
-33.167428,141.182155,1
-33.167428,141.182155,1
-33.167428,141.182155,1
-33.167428,141.182155,1
-33.167428,141.182155,1
-33.167428,141.182155,1
-33.167428,141.182155,1
-33.167428,141.182155,1
-33.167428,141.182155,1
-33.167428,141.182155,1
-33.167428,141.182155,1
-33.167428,141.182155,1
-33.167428,141.182155,1
-33.167428,141.182155,1
-33.167428,141.182155,1
-33.167428,141.182155,1
-33.167428,141.182155,1
-33.167428,141.182155,1
-33.167428,141.182155,1
-33.167428,141.182155,1
-33.167428,141.182155,1
-33.167428,141.182155,1
-33.167428,141.182155,1
-33.167428,141.182155,1
-33.167428,141.182155,1
-33.167428,141.182155,1
-33.167428,141.182155,1
-33.167428,141.182155,1
-33.167428,141.182155,1
-33.167428,141.182155,1
-33.167428,141.182155,1
-33.167428,141.182155,1
-33.167428,141.182155,1
-33.167428,141.182155,1
-33.167428,141.182155,1
-33.167428,141.182155,1
-33.167428,141.182155,1
-33.167428,141.182155,1
-33.167428,141.182155,1
-33.167428,141.182155,1
-33.167428,141.182155,1
-33.167428,141.182155,1
-33.167428,141.182155,1
-33.167428,141.182155,1
-33.167428,141.182155,1
-33.167428,141.182155,1
-33.167428,141.182155,1
-33.167428,141.182155,1
-33.167428,141.182155,1
-33.167428,141.182155,1
-33.167428,141.182155,1
-33.167428,141.182155,1
-33.167428,141.182155,1
-33.167428,141.182155,1
-33.167428,141.182155,1
-33.167428,141.182155,1
-33.167428,141.182155,1
-33.167428,141.182155,1
-33.167428,141.182155,1
-33.167428,141.182155,1
-33.167428,141.182155,1
-33.167428,141.182155,1
-33.167428,141.182155,1
-33.167428,141.182155,1
-33.167428,141.182155,1
-33.167428,141.182155,1
-33.167428,141.182155,1
-33.167428,141.182155,1
-33.167428,141.182155,1
-33.167428,141.182155,1
-33.167428,141.182155,1
-33.167428,141.182155,1
-33.167428,141.182155,1
-33.167428,141.182155,1
-33.167428,141.182155,1
-33.167428,141.182155,1
-33.167428,141.182155,1
-33.167428,141.182155,1
-33.167428,141.182155,1
-33.167428,141.182155,1
-33.167428,141.182155,1
-33.167428,141.182155,1
-33.167428,141.182155,1
-33.167428,141.182155,1
-33.167428,141.182155,1
-33.167428,141.182155,1
-33.167411,141.193095,1
-33.167233,141.179624,1
-33.167191,141.192021,1
-33.167191,141.192021,1
-33.167191,141.192021,1
-33.167191,141.192021,1
-33.167191,141.192021,1
-33.167191,141.192021,1
-33.167191,141.192021,1
-33.167191,141.192021,1
-33.167191,141.192021,1
-33.167191,141.192021,1
-33.167077,141.143163,1
-33.167077,141.143163,1
-33.167077,141.143163,1
-33.167012,141.176159,1
-33.167012,141.176159,1
-33.167012,141.176161,1
-33.167012,141.176159,1
-33.167012,141.176159,1
-33.167012,141.176159,1
-33.167012,141.176159,1
-33.167012,141.176159,1
-33.167012,141.176159,1
-33.167012,141.176159,1
-33.167012,141.176161,1
-33.167012,141.176161,1
-33.167012,141.176161,1
-33.167012,141.176161,1
-33.167012,141.176161,1
-33.167012,141.176159,1
-33.167012,141.176159,1
-33.167012,141.176159,1
-33.167012,141.176159,1
-33.167012,141.176161,1
-33.167012,141.176161,1
-33.167012,141.176161,1
-33.167012,141.176161,1
-33.167012,141.176159,1
-33.167012,141.176159,1
-33.167012,141.176159,1
-33.167012,141.176159,1
-33.167012,141.176161,1
-33.167012,141.176161,1
-33.167012,141.176159,1
-33.167012,141.176161,1
-33.167012,141.176161,1
-33.167012,141.176161,1
-33.167012,141.176159,1
-33.167012,141.176159,1
-33.167012,141.176161,1
-33.167012,141.176161,1
-33.167012,141.176161,1
-33.167012,141.176161,1
-33.167012,141.176161,1
-33.167012,141.176161,1
-33.167012,141.176161,1
-33.167012,141.176161,1
-33.167012,141.176161,1
-33.167012,141.176161,1
-33.167012,141.176161,1
-33.167012,141.176161,1
-33.167012,141.176161,1
-33.167012,141.176161,1
-33.167012,141.176161,1
-33.167012,141.176159,1
-33.167012,141.176161,1
-33.167012,141.176159,1
-33.167012,141.176161,1
-33.167012,141.176161,1
-33.167012,141.176161,1
-33.167012,141.176161,1
-33.167012,141.176161,1
-33.167012,141.176161,1
-33.167012,141.176161,1
-33.167012,141.176159,1
-33.167012,141.176161,1
-33.167012,141.176161,1
-33.167012,141.176161,1
-33.167012,141.176161,1
-33.167012,141.176159,1
-33.167012,141.176159,1
-33.167012,141.176159,1
-33.167012,141.176159,1
-33.167012,141.176159,1
-33.167012,141.176159,1
-33.167012,141.176161,1
-33.167012,141.176161,1
-33.167012,141.176159,1
-33.167012,141.176161,1
-33.167012,141.176161,1
-33.166905,141.175773,1
-33.166876,141.127259,1
-33.166876,141.127259,1
-33.166876,141.127259,1
-33.166876,141.127259,1
-33.166876,141.127259,1
-33.166876,141.127259,1
-33.166876,141.127259,1
-33.166876,141.127259,1
-33.166876,141.127259,1
-33.166876,141.127259,1
-33.166876,141.127259,1
-33.166876,141.127259,1
-33.166876,141.127259,1
-33.166876,141.127259,1
-33.166876,141.127259,1
-33.166876,141.127259,1
-33.166876,141.127259,1
-33.166876,141.127259,1
-33.166876,141.127259,1
-33.166876,141.127259,1
-33.166873,141.127264,1
-33.166873,141.127264,1
-33.166873,141.127264,1
-33.166873,141.127264,1
-33.166873,141.127264,1
-33.166873,141.127264,1
-33.166873,141.127264,1
-33.166873,141.127264,1
-33.166873,141.127264,1
-33.166873,141.127264,1
-33.166873,141.127264,1
-33.166873,141.127264,1
-33.166873,141.127264,1
-33.166873,141.127264,1
-33.166873,141.127264,1
-33.166873,141.127264,1
-33.166873,141.127264,1
-33.166873,141.127264,1
-33.166873,141.127264,1
-33.166873,141.127264,1
-33.166873,141.127264,1
-33.166873,141.127264,1
-33.166873,141.127264,1
-33.166873,141.127264,1
-33.166873,141.127264,1
-33.166873,141.127264,1
-33.166873,141.127264,1
-33.166873,141.127264,1
-33.166873,141.127264,1
-33.166873,141.127264,1
-33.166873,141.127264,1
-33.166873,141.127264,1
-33.166873,141.127264,1
-33.166762,141.168222,1
-33.166762,141.168222,1
-33.166762,141.168222,1
-33.166762,141.168222,1
-33.166762,141.168222,1
-33.166762,141.168222,1
-33.166762,141.168222,1
-33.166762,141.168222,1
-33.166762,141.168222,1
-33.166762,141.168222,1
-33.166762,141.168222,1
-33.166762,141.168222,1
-33.166762,141.168222,1
-33.166762,141.168222,1
-33.166762,141.168222,1
-33.166762,141.168222,1
-33.166762,141.168222,1
-33.166762,141.168222,1
-33.166762,141.168222,1
-33.166762,141.168222,1
-33.166762,141.168222,1
-33.166762,141.168222,1
-33.166762,141.168222,1
-33.166762,141.168222,1
-33.166762,141.168222,1
-33.166762,141.168222,1
-33.166762,141.168222,1
-33.166762,141.168222,1
-33.166762,141.168222,1
-33.166762,141.168222,1
-33.166759,141.168226,1
-33.166759,141.168226,1
-33.166759,141.168226,1
-33.166759,141.168226,1
-33.166759,141.168226,1
-33.166759,141.168226,1
-33.166759,141.168226,1
-33.166759,141.168226,1
-33.166759,141.168226,1
-33.166759,141.168226,1
-33.166759,141.168226,1
-33.166759,141.168226,1
-33.166759,141.168226,1
-33.166759,141.168226,1
-33.166759,141.168226,1
-33.166759,141.168226,1
-33.166759,141.168226,1
-33.166759,141.168226,1
-33.166759,141.168226,1
-33.166759,141.168226,1
-33.166759,141.168226,1
-33.166759,141.168226,1
-33.166759,141.168226,1
-33.166759,141.168226,1
-33.166759,141.168226,1
-33.166759,141.168226,1
-33.166759,141.168226,1
-33.166759,141.168226,1
-33.166759,141.168226,1
-33.166759,141.168226,1
-33.166759,141.168226,1
-33.166759,141.168226,1
-33.166759,141.168226,1
-33.166759,141.168226,1
-33.166759,141.168226,1
-33.166759,141.168226,1
-33.166759,141.168226,1
-33.166759,141.168226,1
-33.166759,141.168226,1
-33.166759,141.168226,1
-33.166759,141.168226,1
-33.166675,141.127263,1
-33.16659,141.174829,1
-33.166348,141.182558,1
-33.166348,141.182558,1
-33.166348,141.182558,1
-33.166348,141.182558,1
-33.166348,141.182558,1
-33.166348,141.182558,1
-33.166348,141.182558,1
-33.166348,141.182558,1
-33.166348,141.182558,1
-33.166348,141.182558,1
-33.166348,141.182558,1
-33.166348,141.182558,1
-33.166348,141.182558,1
-33.166348,141.182558,1
-33.166348,141.182558,1
-33.166348,141.182558,1
-33.166348,141.182558,1
-33.166348,141.182558,1
-33.166348,141.182558,1
-33.166348,141.182558,1
-33.166348,141.182558,1
-33.166348,141.182558,1
-33.166348,141.182558,1
-33.166348,141.182558,1
-33.166348,141.182558,1
-33.166348,141.182558,1
-33.166348,141.182558,1
-33.166348,141.182558,1
-33.166348,141.182558,1
-33.166348,141.182558,1
-33.166348,141.182558,1
-33.166348,141.182558,1
-33.166348,141.182558,1
-33.166348,141.182558,1
-33.166348,141.182558,1
-33.166348,141.182558,1
-33.166348,141.182558,1
-33.166345,141.182561,1
-33.166345,141.182561,1
-33.166345,141.182561,1
-33.166345,141.182561,1
-33.166345,141.182561,1
-33.166345,141.182561,1
-33.166345,141.182561,1
-33.166345,141.182561,1
-33.166345,141.182561,1
-33.166345,141.182561,1
-33.166345,141.182561,1
-33.166345,141.182561,1
-33.166345,141.182561,1
-33.166345,141.182561,1
-33.166345,141.182561,1
-33.166345,141.182561,1
-33.166345,141.182561,1
-33.166345,141.182561,1
-33.166345,141.182561,1
-33.166345,141.182561,1
-33.166345,141.182561,1
-33.166345,141.182561,1
-33.166345,141.182561,1
-33.166345,141.182561,1
-33.166345,141.182561,1
-33.166345,141.182561,1
-33.166345,141.182561,1
-33.166345,141.182561,1
-33.166345,141.182561,1
-33.166345,141.182561,1
-33.166345,141.182561,1
-33.166345,141.182561,1
-33.166132,141.167138,1
-33.166014,141.174098,1
-33.165901,141.176043,1
-33.165807,141.171575,1
-33.165807,141.171575,1
-33.165807,141.171575,1
-33.165807,141.171575,1
-33.165807,141.171575,1
-33.165807,141.171575,1
-33.165807,141.171575,1
-33.165807,141.171575,1
-33.165807,141.171575,1
-33.165807,141.171575,1
-33.165807,141.171575,1
-33.165807,141.171575,1
-33.165807,141.171575,1
-33.165807,141.171575,1
-33.165807,141.171575,1
-33.165807,141.171575,1
-33.165807,141.171575,1
-33.165807,141.171575,1
-33.165807,141.171575,1
-33.165637,141.14469,1
-33.165637,141.14469,1
-33.165637,141.14469,1
-33.165637,141.14469,1
-33.165637,141.14469,1
-33.165637,141.14469,1
-33.165637,141.14469,1
-33.165637,141.14469,1
-33.165637,141.14469,1
-33.165637,141.14469,1
-33.165637,141.14469,1
-33.165637,141.14469,1
-33.165637,141.14469,1
-33.165637,141.14469,1
-33.165637,141.14469,1
-33.165637,141.14469,1
-33.165637,141.14469,1
-33.165637,141.14469,1
-33.165637,141.14469,1
-33.165637,141.14469,1
-33.165637,141.14469,1
-33.165637,141.14469,1
-33.165637,141.14469,1
-33.165637,141.14469,1
-33.165637,141.14469,1
-33.165636,141.144688,1
-33.165636,141.144688,1
-33.165636,141.144688,1
-33.165636,141.144688,1
-33.165636,141.144688,1
-33.165636,141.144688,1
-33.165636,141.144688,1
-33.165636,141.144688,1
-33.165636,141.144688,1
-33.165636,141.144688,1
-33.165636,141.144688,1
-33.165636,141.144688,1
-33.165636,141.144688,1
-33.165636,141.144688,1
-33.165636,141.144688,1
-33.165636,141.144688,1
-33.165636,141.144688,1
-33.165636,141.144688,1
-33.165636,141.144688,1
-33.165636,141.144688,1
-33.165636,141.144688,1
-33.165636,141.144688,1
-33.165636,141.144688,1
-33.165636,141.144688,1
-33.165636,141.144688,1
-33.165636,141.144688,1
-33.165636,141.144688,1
-33.165636,141.144688,1
-33.165636,141.144688,1
-33.165636,141.144688,1
-33.165636,141.144688,1
-33.165636,141.144688,1
-33.165636,141.144688,1
-33.165616,141.193348,1
-33.165616,141.193348,1
-33.165616,141.193348,1
-33.165616,141.193348,1
-33.165616,141.193348,1
-33.165616,141.193348,1
-33.165616,141.193348,1
-33.165616,141.193348,1
-33.165616,141.193348,1
-33.165616,141.193348,1
-33.165616,141.193348,1
-33.165616,141.193348,1
-33.165616,141.193348,1
-33.165616,141.193348,1
-33.165616,141.193348,1
-33.165616,141.193348,1
-33.165616,141.193348,1
-33.165616,141.193348,1
-33.165616,141.193348,1
-33.165616,141.193348,1
-33.165616,141.193348,1
-33.165616,141.193348,1
-33.165616,141.193348,1
-33.165612,141.193344,1
-33.165612,141.193344,1
-33.165612,141.193344,1
-33.165612,141.193344,1
-33.165612,141.193344,1
-33.165612,141.193344,1
-33.165612,141.193344,1
-33.165612,141.193344,1
-33.165612,141.193344,1
-33.165612,141.193344,1
-33.165612,141.193344,1
-33.165612,141.193344,1
-33.165612,141.193344,1
-33.165612,141.193344,1
-33.165612,141.193344,1
-33.165612,141.193344,1
-33.165612,141.193344,1
-33.165612,141.193344,1
-33.165612,141.193344,1
-33.165612,141.193344,1
-33.165612,141.193344,1
-33.165612,141.193344,1
-33.165612,141.193344,1
-33.165612,141.193344,1
-33.165612,141.193344,1
-33.165612,141.193344,1
-33.165612,141.193344,1
-33.165612,141.193344,1
-33.165612,141.193344,1
-33.165612,141.193344,1
-33.165612,141.193344,1
-33.165612,141.193344,1
-33.165612,141.193344,1
-33.165612,141.193344,1
-33.165612,141.193344,1
-33.165612,141.193344,1
-33.165612,141.193344,1
-33.165612,141.193344,1
-33.165612,141.193344,1
-33.165612,141.193344,1
-33.165591,141.166879,1
-33.165311,141.166804,1
-33.165209,141.177068,1
-33.165122,141.166664,1
-33.165038,141.17608,1
-33.165036,141.146596,1
-33.165036,141.146596,1
-33.165036,141.146596,1
-33.165036,141.146596,1
-33.165036,141.146596,1
-33.165036,141.146596,1
-33.165023,141.166621,1
-33.164903,141.152166,1
-33.164903,141.152166,1
-33.164903,141.152166,1
-33.164903,141.152166,1
-33.164887,141.157247,1
-33.164887,141.157247,1
-33.164887,141.157247,1
-33.164887,141.157247,1
-33.164887,141.157247,1
-33.164887,141.157247,1
-33.164887,141.157247,1
-33.164887,141.157247,1
-33.164887,141.157247,1
-33.164762,141.177632,1
-33.164499,141.175613,1
-33.164499,141.175613,1
-33.164151,141.176171,1
-33.164139,141.172957,1
-33.164139,141.172958,1
-33.164139,141.172958,1
-33.164139,141.172958,1
-33.164139,141.172957,1
-33.164139,141.172957,1
-33.164139,141.172958,1
-33.164139,141.172957,1
-33.164139,141.172957,1
-33.164139,141.172957,1
-33.164139,141.172958,1
-33.164139,141.172957,1
-33.164139,141.172958,1
-33.164139,141.172957,1
-33.164139,141.172957,1
-33.164139,141.172958,1
-33.164139,141.172957,1
-33.164139,141.172958,1
-33.164139,141.172958,1
-33.164139,141.172958,1
-33.164139,141.172958,1
-33.164139,141.172958,1
-33.164139,141.172958,1
-33.164139,141.172958,1
-33.164139,141.172958,1
-33.164139,141.172958,1
-33.164139,141.172957,1
-33.164139,141.172958,1
-33.164139,141.172958,1
-33.164139,141.172957,1
-33.164139,141.172957,1
-33.164139,141.172957,1
-33.164139,141.172957,1
-33.164139,141.172958,1
-33.164139,141.172958,1
-33.164139,141.172957,1
-33.164139,141.172957,1
-33.164139,141.172958,1
-33.164139,141.172957,1
-33.164139,141.172957,1
-33.164139,141.172957,1
-33.164139,141.172957,1
-33.164139,141.172957,1
-33.164139,141.172957,1
-33.164139,141.172957,1
-33.164139,141.172958,1
-33.164139,141.172958,1
-33.164139,141.172957,1
-33.164139,141.172958,1
-33.164139,141.172957,1
-33.164139,141.172958,1
-33.164139,141.172957,1
-33.164139,141.172957,1
-33.164139,141.172958,1
-33.164139,141.172958,1
-33.164139,141.172957,1
-33.164139,141.172957,1
-33.164139,141.172958,1
-33.164139,141.172958,1
-33.164139,141.172957,1
-33.164139,141.172958,1
-33.164139,141.172958,1
-33.164139,141.172958,1
-33.164139,141.172958,1
-33.164139,141.172957,1
-33.164139,141.172958,1
-33.164139,141.172957,1
-33.164139,141.172957,1
-33.164139,141.172957,1
-33.164139,141.172958,1
-33.163814,141.174861,1
-33.163743,141.126592,1
-33.163743,141.126592,1
-33.163743,141.126592,1
-33.163602,141.162145,1
-33.163602,141.162145,1
-33.163602,141.162145,1
-33.163602,141.162145,1
-33.163602,141.162145,1
-33.163602,141.162145,1
-33.163602,141.162145,1
-33.163602,141.162145,1
-33.163602,141.162145,1
-33.163602,141.162145,1
-33.163602,141.162145,1
-33.163602,141.162145,1
-33.163602,141.162145,1
-33.163602,141.162145,1
-33.163602,141.162145,1
-33.163602,141.162145,1
-33.163602,141.162145,1
-33.163602,141.162145,1
-33.163602,141.162145,1
-33.163602,141.162145,1
-33.163602,141.162145,1
-33.163602,141.162145,1
-33.163574,141.157416,1
-33.163572,141.141653,1
-33.163572,141.141653,1
-33.163572,141.141653,1
-33.163572,141.141653,1
-33.163572,141.141653,1
-33.163572,141.141653,1
-33.163572,141.141653,1
-33.163572,141.141653,1
-33.163563,141.182302,1
-33.163563,141.182302,1
-33.163563,141.182302,1
-33.163563,141.182302,1
-33.163563,141.182302,1
-33.163563,141.182302,1
-33.163563,141.182302,1
-33.163563,141.182302,1
-33.163486,141.147603,1
-33.163441,141.147839,1
-33.163441,141.147839,1
-33.163441,141.147839,1
-33.163441,141.147839,1
-33.163441,141.147839,1
-33.163441,141.147839,1
-33.163441,141.147839,1
-33.163441,141.147839,1
-33.163441,141.147839,1
-33.163441,141.147839,1
-33.163441,141.147839,1
-33.163441,141.147839,1
-33.163441,141.147839,1
-33.163441,141.147839,1
-33.163441,141.147839,1
-33.163441,141.147839,1
-33.163441,141.147839,1
-33.163441,141.147839,1
-33.163441,141.147839,1
-33.163441,141.147839,1
-33.163441,141.147839,1
-33.163441,141.147839,1
-33.163441,141.147839,1
-33.163441,141.147839,1
-33.163441,141.147839,1
-33.163441,141.147839,1
-33.163441,141.147839,1
-33.163441,141.147839,1
-33.163441,141.147839,1
-33.163439,141.147836,1
-33.163439,141.147836,1
-33.163439,141.147836,1
-33.163439,141.147836,1
-33.163439,141.147836,1
-33.163439,141.147836,1
-33.163439,141.147836,1
-33.163439,141.147836,1
-33.163439,141.147836,1
-33.163439,141.147836,1
-33.163439,141.147836,1
-33.163439,141.147836,1
-33.163439,141.147836,1
-33.163439,141.147836,1
-33.163439,141.147836,1
-33.163439,141.147836,1
-33.163439,141.147836,1
-33.163439,141.147836,1
-33.163439,141.147836,1
-33.163439,141.147836,1
-33.163439,141.147836,1
-33.163439,141.147836,1
-33.163439,141.147836,1
-33.163439,141.147836,1
-33.163439,141.147836,1
-33.163439,141.147836,1
-33.163439,141.147836,1
-33.163439,141.147836,1
-33.163439,141.147836,1
-33.163439,141.147836,1
-33.163439,141.147836,1
-33.163439,141.147836,1
-33.16332,141.158499,1
-33.16332,141.158499,1
-33.16332,141.153497,1
-33.16332,141.158499,1
-33.16332,141.158499,1
-33.16332,141.153497,1
-33.16332,141.153497,1
-33.16332,141.153497,1
-33.16332,141.158499,1
-33.16332,141.153497,1
-33.16332,141.153497,1
-33.16332,141.153497,1
-33.16332,141.153497,1
-33.16332,141.158499,1
-33.16332,141.158499,1
-33.16332,141.153497,1
-33.16332,141.153497,1
-33.16332,141.153497,1
-33.16332,141.153497,1
-33.16332,141.153497,1
-33.16332,141.153497,1
-33.16332,141.153497,1
-33.16332,141.153497,1
-33.16332,141.153497,1
-33.16332,141.153497,1
-33.16332,141.153497,1
-33.16332,141.153497,1
-33.16332,141.153497,1
-33.16332,141.153497,1
-33.16332,141.153497,1
-33.16332,141.158499,1
-33.16332,141.158499,1
-33.16332,141.158499,1
-33.16332,141.158499,1
-33.16332,141.158499,1
-33.16332,141.158499,1
-33.16332,141.158499,1
-33.16332,141.158499,1
-33.16332,141.158499,1
-33.16332,141.158499,1
-33.16332,141.158499,1
-33.16332,141.158499,1
-33.16332,141.158499,1
-33.16332,141.158499,1
-33.16332,141.158499,1
-33.16332,141.153497,1
-33.16332,141.153497,1
-33.16332,141.153497,1
-33.16332,141.153497,1
-33.16332,141.153497,1
-33.16332,141.153497,1
-33.16332,141.153497,1
-33.16332,141.153497,1
-33.16332,141.153497,1
-33.16332,141.153497,1
-33.16332,141.153497,1
-33.16332,141.153497,1
-33.16332,141.153497,1
-33.16332,141.158499,1
-33.16332,141.153497,1
-33.16332,141.158499,1
-33.16332,141.153497,1
-33.16332,141.153497,1
-33.16332,141.153497,1
-33.16332,141.158499,1
-33.16332,141.158499,1
-33.16332,141.158499,1
-33.16332,141.158499,1
-33.16332,141.153497,1
-33.16332,141.158499,1
-33.16332,141.158499,1
-33.16332,141.158499,1
-33.16332,141.158499,1
-33.16332,141.158499,1
-33.16332,141.153497,1
-33.16332,141.153497,1
-33.16332,141.153497,1
-33.16332,141.153497,1
-33.163318,141.158502,1
-33.163318,141.158502,1
-33.163318,141.158502,1
-33.163318,141.158502,1
-33.163318,141.158502,1
-33.163318,141.158502,1
-33.163318,141.158502,1
-33.163318,141.158502,1
-33.163318,141.158502,1
-33.163318,141.158502,1
-33.163318,141.158502,1
-33.163318,141.158502,1
-33.163318,141.158502,1
-33.163318,141.158502,1
-33.163318,141.158502,1
-33.163318,141.158502,1
-33.163318,141.158502,1
-33.163318,141.158502,1
-33.163318,141.158502,1
-33.163318,141.158502,1
-33.163318,141.158502,1
-33.163318,141.158502,1
-33.163318,141.158502,1
-33.163318,141.158502,1
-33.163318,141.158502,1
-33.163318,141.158502,1
-33.163318,141.158502,1
-33.163318,141.158502,1
-33.163318,141.158502,1
-33.163318,141.158502,1
-33.163318,141.158502,1
-33.163318,141.158502,1
-33.163318,141.158502,1
-33.163318,141.158502,1
-33.163318,141.158502,1
-33.163318,141.158502,1
-33.163318,141.158502,1
-33.163318,141.158502,1
-33.163318,141.158502,1
-33.163318,141.158502,1
-33.163318,141.158502,1
-33.163318,141.158502,1
-33.163318,141.158502,1
-33.163318,141.158502,1
-33.163318,141.158502,1
-33.163318,141.158502,1
-33.163317,141.153501,1
-33.163317,141.153501,1
-33.163317,141.153501,1
-33.163317,141.153501,1
-33.163317,141.153501,1
-33.163317,141.153501,1
-33.163317,141.153501,1
-33.163317,141.153501,1
-33.163317,141.153501,1
-33.163317,141.153501,1
-33.163317,141.153501,1
-33.163317,141.153501,1
-33.163317,141.153501,1
-33.163317,141.153501,1
-33.163317,141.153501,1
-33.163317,141.153501,1
-33.163317,141.153501,1
-33.163317,141.153501,1
-33.163317,141.153501,1
-33.163317,141.153501,1
-33.163317,141.153501,1
-33.163317,141.153501,1
-33.163317,141.153501,1
-33.163317,141.153501,1
-33.163317,141.153501,1
-33.163317,141.153501,1
-33.163317,141.153501,1
-33.163317,141.153501,1
-33.163317,141.153501,1
-33.163317,141.153501,1
-33.163317,141.153501,1
-33.163317,141.153501,1
-33.163317,141.153501,1
-33.163317,141.153501,1
-33.162663,141.192677,1
-33.162663,141.192677,1
-33.162663,141.192677,1
-33.162663,141.192677,1
-33.162663,141.192677,1
-33.162663,141.192677,1
-33.162663,141.192677,1
-33.162663,141.192677,1
-33.162663,141.192677,1
-33.162663,141.192677,1
-33.162663,141.192677,1
-33.162663,141.192677,1
-33.162663,141.192677,1
-33.162663,141.192677,1
-33.162663,141.192677,1
-33.162663,141.192677,1
-33.162663,141.192677,1
-33.162465,141.183693,1
-33.162465,141.183693,1
-33.16216,141.127847,1
-33.16216,141.127847,1
-33.16216,141.127847,1
-33.16216,141.127847,1
-33.16216,141.127847,1
-33.16216,141.127847,1
-33.16216,141.127847,1
-33.16216,141.127847,1
-33.16216,141.127847,1
-33.16216,141.127847,1
-33.16216,141.127847,1
-33.16216,141.127847,1
-33.16216,141.127847,1
-33.16216,141.127847,1
-33.16216,141.127847,1
-33.16216,141.127847,1
-33.162155,141.127847,1
-33.162155,141.127847,1
-33.162155,141.127847,1
-33.162155,141.127847,1
-33.162155,141.127847,1
-33.162155,141.127847,1
-33.162155,141.127847,1
-33.162155,141.127847,1
-33.162155,141.127847,1
-33.162155,141.127847,1
-33.162155,141.127847,1
-33.162155,141.127847,1
-33.162155,141.127847,1
-33.162155,141.127847,1
-33.162155,141.127847,1
-33.162155,141.127847,1
-33.162155,141.127847,1
-33.162155,141.127847,1
-33.162155,141.127847,1
-33.162155,141.127847,1
-33.162155,141.127847,1
-33.162155,141.127847,1
-33.162155,141.127847,1
-33.162155,141.127847,1
-33.162155,141.127847,1
-33.162081,141.163567,1
-33.162081,141.163567,1
-33.162081,141.163567,1
-33.162081,141.163567,1
-33.162081,141.163567,1
-33.162081,141.163567,1
-33.162081,141.163567,1
-33.162081,141.163567,1
-33.162081,141.163567,1
-33.162081,141.163567,1
-33.162081,141.163567,1
-33.162081,141.163567,1
-33.162081,141.163567,1
-33.162081,141.163567,1
-33.162081,141.163567,1
-33.162081,141.163567,1
-33.162081,141.163567,1
-33.162081,141.163567,1
-33.162081,141.163567,1
-33.162081,141.163567,1
-33.162081,141.163567,1
-33.162081,141.163567,1
-33.162081,141.163567,1
-33.162081,141.163567,1
-33.162081,141.163567,1
-33.162081,141.163567,1
-33.162081,141.163567,1
-33.162081,141.163567,1
-33.162081,141.163567,1
-33.162081,141.163567,1
-33.162081,141.163567,1
-33.162081,141.163567,1
-33.162081,141.163567,1
-33.162081,141.163567,1
-33.162081,141.163567,1
-33.162081,141.163567,1
-33.162081,141.163567,1
-33.162081,141.163567,1
-33.162081,141.163567,1
-33.162081,141.163567,1
-33.162081,141.163567,1
-33.162081,141.163567,1
-33.162081,141.163567,1
-33.162081,141.163567,1
-33.162081,141.163567,1
-33.162077,141.16357,1
-33.162077,141.16357,1
-33.162077,141.16357,1
-33.162077,141.16357,1
-33.162077,141.16357,1
-33.162077,141.16357,1
-33.162077,141.16357,1
-33.162077,141.16357,1
-33.162077,141.16357,1
-33.162077,141.16357,1
-33.162077,141.16357,1
-33.162077,141.16357,1
-33.162077,141.16357,1
-33.162077,141.16357,1
-33.162077,141.16357,1
-33.162077,141.16357,1
-33.162077,141.16357,1
-33.162077,141.16357,1
-33.162077,141.16357,1
-33.162077,141.16357,1
-33.162077,141.16357,1
-33.162077,141.16357,1
-33.162077,141.16357,1
-33.162077,141.16357,1
-33.162077,141.16357,1
-33.162077,141.16357,1
-33.162077,141.16357,1
-33.162077,141.16357,1
-33.162077,141.16357,1
-33.162077,141.16357,1
-33.162077,141.16357,1
-33.162077,141.16357,1
-33.162077,141.16357,1
-33.162077,141.16357,1
-33.161985,141.178511,1
-33.161979,141.183562,1
-33.161979,141.183562,1
-33.161979,141.183562,1
-33.161979,141.183562,1
-33.161979,141.183562,1
-33.161979,141.183562,1
-33.161979,141.183562,1
-33.161979,141.183562,1
-33.161979,141.183562,1
-33.161979,141.183562,1
-33.161979,141.183562,1
-33.161979,141.183562,1
-33.161979,141.183562,1
-33.161979,141.183562,1
-33.161979,141.183562,1
-33.161979,141.183562,1
-33.161979,141.183562,1
-33.161979,141.183562,1
-33.161979,141.183562,1
-33.161979,141.183562,1
-33.161979,141.183562,1
-33.161979,141.183562,1
-33.161979,141.183562,1
-33.161979,141.183562,1
-33.161979,141.183562,1
-33.161979,141.183562,1
-33.161979,141.183562,1
-33.161979,141.183562,1
-33.161979,141.183562,1
-33.161979,141.183562,1
-33.161979,141.183562,1
-33.161979,141.183562,1
-33.161979,141.183562,1
-33.161979,141.183562,1
-33.161979,141.183562,1
-33.161979,141.183562,1
-33.161979,141.183562,1
-33.161979,141.183562,1
-33.161979,141.183562,1
-33.161979,141.183562,1
-33.161979,141.183562,1
-33.161979,141.183562,1
-33.161979,141.183562,1
-33.161979,141.183562,1
-33.161979,141.183562,1
-33.161977,141.18356,1
-33.161977,141.18356,1
-33.161977,141.18356,1
-33.161977,141.18356,1
-33.161977,141.18356,1
-33.161977,141.18356,1
-33.161977,141.18356,1
-33.161977,141.18356,1
-33.161977,141.18356,1
-33.161977,141.18356,1
-33.161977,141.18356,1
-33.161977,141.18356,1
-33.161977,141.18356,1
-33.161977,141.18356,1
-33.161977,141.18356,1
-33.161977,141.18356,1
-33.161977,141.18356,1
-33.161977,141.18356,1
-33.161977,141.18356,1
-33.161977,141.18356,1
-33.161977,141.18356,1
-33.161977,141.18356,1
-33.161977,141.18356,1
-33.161977,141.18356,1
-33.161977,141.18356,1
-33.161977,141.18356,1
-33.161977,141.18356,1
-33.161977,141.18356,1
-33.161977,141.18356,1
-33.161977,141.18356,1
-33.161968,141.142969,1
-33.161968,141.142969,1
-33.161968,141.142969,1
-33.161968,141.142969,1
-33.161968,141.142969,1
-33.161968,141.142969,1
-33.161968,141.142969,1
-33.161968,141.142969,1
-33.161968,141.142969,1
-33.161968,141.142969,1
-33.161968,141.142969,1
-33.161968,141.142969,1
-33.161968,141.142969,1
-33.161968,141.142969,1
-33.161968,141.142969,1
-33.161968,141.142969,1
-33.161968,141.142969,1
-33.161968,141.142969,1
-33.161968,141.142969,1
-33.161968,141.142969,1
-33.161968,141.142969,1
-33.161968,141.142969,1
-33.161968,141.142969,1
-33.161968,141.142969,1
-33.161968,141.142969,1
-33.161968,141.142969,1
-33.161968,141.142969,1
-33.161968,141.142969,1
-33.161968,141.142969,1
-33.161968,141.142969,1
-33.161968,141.142969,1
-33.161968,141.142969,1
-33.161968,141.142969,1
-33.161968,141.142969,1
-33.161968,141.142969,1
-33.161968,141.142969,1
-33.161968,141.142969,1
-33.161967,141.142968,1
-33.161967,141.142968,1
-33.161967,141.142968,1
-33.161967,141.142968,1
-33.161967,141.142968,1
-33.161967,141.142968,1
-33.161967,141.142968,1
-33.161967,141.142968,1
-33.161967,141.142968,1
-33.161967,141.142968,1
-33.161967,141.142968,1
-33.161967,141.142968,1
-33.161967,141.142968,1
-33.161967,141.142968,1
-33.161967,141.142968,1
-33.161967,141.142968,1
-33.161967,141.142968,1
-33.161967,141.142968,1
-33.161967,141.142968,1
-33.161967,141.142968,1
-33.161967,141.142968,1
-33.161967,141.142968,1
-33.161967,141.142968,1
-33.161967,141.142968,1
-33.161967,141.142968,1
-33.161889,141.174459,1
-33.161889,141.174459,1
-33.161889,141.174459,1
-33.161889,141.174459,1
-33.161889,141.174459,1
-33.161889,141.174459,1
-33.161889,141.174459,1
-33.161889,141.174459,1
-33.161889,141.174459,1
-33.161889,141.174459,1
-33.161889,141.174459,1
-33.161889,141.174459,1
-33.161889,141.174459,1
-33.161889,141.174459,1
-33.161889,141.174459,1
-33.161854,141.178133,1
-33.161742,141.179737,1
-33.161742,141.187431,1
-33.161742,141.187431,1
-33.161742,141.187431,1
-33.161658,141.180879,1
-33.161509,141.178044,1
-33.161509,141.178044,1
-33.161509,141.178044,1
-33.161334,141.127953,1
-33.161229,141.171657,1
-33.161195,141.193993,1
-33.161195,141.193993,1
-33.161195,141.193993,1
-33.161195,141.193993,1
-33.161195,141.193993,1
-33.161195,141.193995,1
-33.161195,141.193995,1
-33.161195,141.193995,1
-33.161195,141.193995,1
-33.161195,141.193993,1
-33.161195,141.193995,1
-33.161195,141.193993,1
-33.161195,141.193993,1
-33.161195,141.193993,1
-33.161195,141.193995,1
-33.161195,141.193995,1
-33.161195,141.193995,1
-33.161195,141.193995,1
-33.161195,141.193995,1
-33.161195,141.193995,1
-33.161195,141.193995,1
-33.161195,141.193993,1
-33.161195,141.193993,1
-33.161195,141.193993,1
-33.161195,141.193993,1
-33.161195,141.193993,1
-33.161195,141.193993,1
-33.161195,141.193993,1
-33.161195,141.193993,1
-33.161195,141.193995,1
-33.161195,141.193995,1
-33.161195,141.193995,1
-33.161195,141.193995,1
-33.161195,141.193995,1
-33.161195,141.193993,1
-33.161195,141.193993,1
-33.161195,141.193995,1
-33.161195,141.193995,1
-33.161195,141.193993,1
-33.161195,141.193993,1
-33.161195,141.193995,1
-33.161195,141.193995,1
-33.161195,141.193993,1
-33.161195,141.193995,1
-33.161195,141.193995,1
-33.161195,141.193995,1
-33.161195,141.193993,1
-33.161195,141.193993,1
-33.161195,141.193995,1
-33.16053,141.12846,1
-33.16053,141.12846,1
-33.16053,141.12846,1
-33.16053,141.12846,1
-33.16048,141.140853,1
-33.16048,141.140853,1
-33.16048,141.140853,1
-33.16048,141.140853,1
-33.16048,141.140853,1
-33.16048,141.140853,1
-33.16048,141.140853,1
-33.16048,141.140853,1
-33.16048,141.140853,1
-33.16048,141.140853,1
-33.16048,141.140853,1
-33.16048,141.140853,1
-33.16048,141.140853,1
-33.160479,141.166653,1
-33.160479,141.166653,1
-33.160479,141.166653,1
-33.160479,141.166653,1
-33.160479,141.166653,1
-33.160479,141.166653,1
-33.160479,141.166653,1
-33.160479,141.166653,1
-33.160479,141.166653,1
-33.160479,141.166653,1
-33.160479,141.166653,1
-33.160479,141.166653,1
-33.160479,141.166653,1
-33.160479,141.166653,1
-33.160479,141.166653,1
-33.160479,141.166653,1
-33.160457,141.153751,1
-33.160457,141.153751,1
-33.160457,141.153751,1
-33.160457,141.153751,1
-33.160457,141.153751,1
-33.160457,141.153751,1
-33.160427,141.179489,1
-33.160427,141.179489,1
-33.160427,141.179489,1
-33.160427,141.179489,1
-33.160427,141.179489,1
-33.160427,141.179489,1
-33.160427,141.179489,1
-33.160427,141.179489,1
-33.160407,141.192348,1
-33.160407,141.192348,1
-33.160407,141.192348,1
-33.160407,141.192348,1
-33.160407,141.192348,1
-33.160407,141.192348,1
-33.160407,141.192348,1
-33.160407,141.192348,1
-33.160407,141.192348,1
-33.160407,141.192348,1
-33.160407,141.192348,1
-33.160407,141.192348,1
-33.160407,141.192348,1
-33.160407,141.192348,1
-33.160407,141.192348,1
-33.160407,141.192348,1
-33.160407,141.192348,1
-33.160407,141.192348,1
-33.160407,141.192348,1
-33.160407,141.192348,1
-33.160407,141.192348,1
-33.160377,141.178232,1
-33.160377,141.178232,1
-33.160299,141.172866,1
-33.160261,141.175846,1
-33.160261,141.175846,1
-33.160261,141.175846,1
-33.160261,141.175846,1
-33.160261,141.175846,1
-33.160261,141.175846,1
-33.160261,141.175846,1
-33.160261,141.175846,1
-33.160261,141.175846,1
-33.160261,141.175846,1
-33.160261,141.175846,1
-33.160261,141.175846,1
-33.160261,141.175846,1
-33.160261,141.175846,1
-33.160261,141.175846,1
-33.160261,141.175846,1
-33.160261,141.175846,1
-33.160261,141.175846,1
-33.160261,141.175846,1
-33.160261,141.175846,1
-33.160261,141.175846,1
-33.160261,141.175846,1
-33.160261,141.175846,1
-33.160261,141.175846,1
-33.160261,141.175846,1
-33.160261,141.175846,1
-33.160261,141.175846,1
-33.160261,141.175846,1
-33.160261,141.175846,1
-33.160261,141.175846,1
-33.160257,141.175845,1
-33.160257,141.175845,1
-33.160257,141.175845,1
-33.160257,141.175845,1
-33.160257,141.175845,1
-33.160257,141.175845,1
-33.160257,141.175845,1
-33.160257,141.175845,1
-33.160257,141.175845,1
-33.160257,141.175845,1
-33.160257,141.175845,1
-33.160257,141.175845,1
-33.160257,141.175845,1
-33.160257,141.175845,1
-33.160257,141.175845,1
-33.160257,141.175845,1
-33.160257,141.175845,1
-33.160257,141.175845,1
-33.160257,141.175845,1
-33.160257,141.175845,1
-33.160257,141.175845,1
-33.160257,141.175845,1
-33.160257,141.175845,1
-33.160257,141.175845,1
-33.160257,141.175845,1
-33.160257,141.175845,1
-33.160257,141.175845,1
-33.160257,141.175845,1
-33.160257,141.175845,1
-33.160219,141.173883,1
-33.160219,141.173883,1
-33.160126,141.1766,1
-33.16008,141.128155,1
-33.159837,141.177856,1
-33.159837,141.177856,1
-33.159837,141.177856,1
-33.159627,141.190953,1
-33.159627,141.190953,1
-33.159627,141.190953,1
-33.159627,141.190953,1
-33.159627,141.190953,1
-33.159627,141.190953,1
-33.159627,141.190953,1
-33.159627,141.190953,1
-33.159627,141.190953,1
-33.159627,141.190953,1
-33.159627,141.190953,1
-33.159627,141.190953,1
-33.159627,141.190953,1
-33.159627,141.190953,1
-33.159627,141.190953,1
-33.159627,141.190953,1
-33.159627,141.190953,1
-33.159611,141.128197,1
-33.159464,141.178674,1
-33.159288,141.140432,1
-33.159288,141.140432,1
-33.159108,141.183049,1
-33.159108,141.183049,1
-33.159108,141.183049,1
-33.159108,141.183049,1
-33.159108,141.183049,1
-33.159108,141.183049,1
-33.159108,141.183049,1
-33.159108,141.183049,1
-33.159108,141.183049,1
-33.159108,141.183049,1
-33.159108,141.183049,1
-33.159108,141.183049,1
-33.159108,141.183049,1
-33.159108,141.183049,1
-33.159097,141.127172,1
-33.159097,141.127172,1
-33.159097,141.127172,1
-33.159097,141.127172,1
-33.159097,141.127172,1
-33.159097,141.127172,1
-33.158983,141.176585,1
-33.158983,141.176585,1
-33.158983,141.176585,1
-33.158495,141.177493,1
-33.158349,141.176808,1
-33.158349,141.176808,1
-33.158349,141.176808,1
-33.158349,141.176808,1
-33.158349,141.176808,1
-33.158349,141.176808,1
-33.158349,141.176808,1
-33.158349,141.176808,1
-33.158218,141.175841,1
-33.157987,141.192349,1
-33.157987,141.192349,1
-33.157987,141.192349,1
-33.157987,141.192349,1
-33.157987,141.192349,1
-33.157987,141.192349,1
-33.157987,141.192349,1
-33.157987,141.192349,1
-33.157987,141.192349,1
-33.157987,141.192349,1
-33.157987,141.192349,1
-33.157987,141.192349,1
-33.157987,141.192349,1
-33.157987,141.192349,1
-33.157987,141.192349,1
-33.157987,141.192349,1
-33.157987,141.192349,1
-33.157987,141.192349,1
-33.157987,141.192349,1
-33.157987,141.192349,1
-33.157987,141.192349,1
-33.157987,141.192349,1
-33.157987,141.192349,1
-33.157987,141.192349,1
-33.157987,141.192349,1
-33.157987,141.192349,1
-33.157987,141.192349,1
-33.157987,141.192349,1
-33.157987,141.192349,1
-33.157987,141.192349,1
-33.157987,141.192349,1
-33.157987,141.192349,1
-33.157987,141.192349,1
-33.157987,141.192349,1
-33.157987,141.192349,1
-33.157987,141.192349,1
-33.157987,141.192349,1
-33.157987,141.192349,1
-33.157987,141.192349,1
-33.157987,141.192349,1
-33.157986,141.192345,1
-33.157986,141.192345,1
-33.157986,141.192345,1
-33.157986,141.192345,1
-33.157986,141.192345,1
-33.157986,141.192345,1
-33.157986,141.192345,1
-33.157986,141.192345,1
-33.157986,141.192345,1
-33.157986,141.192345,1
-33.157986,141.192345,1
-33.157986,141.192345,1
-33.157986,141.192345,1
-33.157986,141.192345,1
-33.157986,141.192345,1
-33.157986,141.192345,1
-33.157986,141.192345,1
-33.157986,141.192345,1
-33.157986,141.192345,1
-33.157986,141.192345,1
-33.157986,141.192345,1
-33.157986,141.192345,1
-33.157986,141.192345,1
-33.157914,141.171178,1
-33.157914,141.171178,1
-33.157914,141.171178,1
-33.157914,141.171178,1
-33.157914,141.171178,1
-33.157914,141.171178,1
-33.157914,141.171178,1
-33.157914,141.171178,1
-33.157914,141.171178,1
-33.157914,141.171178,1
-33.157914,141.171178,1
-33.157914,141.171178,1
-33.157914,141.171178,1
-33.157809,141.190286,1
-33.157774,141.189599,1
-33.157717,141.17909,1
-33.157687,141.141753,1
-33.157687,141.141753,1
-33.157687,141.141753,1
-33.157687,141.141753,1
-33.157687,141.141753,1
-33.157687,141.141753,1
-33.157687,141.141753,1
-33.157687,141.141753,1
-33.157687,141.141753,1
-33.157687,141.141753,1
-33.157687,141.141753,1
-33.157687,141.141753,1
-33.157687,141.141753,1
-33.157687,141.141753,1
-33.157687,141.141753,1
-33.157687,141.141753,1
-33.157687,141.141753,1
-33.157687,141.141753,1
-33.157687,141.141753,1
-33.157687,141.141753,1
-33.157687,141.141753,1
-33.157687,141.141753,1
-33.157687,141.141753,1
-33.157687,141.141753,1
-33.157687,141.141753,1
-33.157687,141.141753,1
-33.157687,141.141753,1
-33.157687,141.141753,1
-33.157687,141.141753,1
-33.157684,141.141749,1
-33.157684,141.141749,1
-33.157684,141.141749,1
-33.157684,141.141749,1
-33.157684,141.141749,1
-33.157684,141.141749,1
-33.157684,141.141749,1
-33.157684,141.141749,1
-33.157684,141.141749,1
-33.157684,141.141749,1
-33.157684,141.141749,1
-33.157684,141.141749,1
-33.157684,141.141749,1
-33.157684,141.141749,1
-33.157684,141.141749,1
-33.157684,141.141749,1
-33.157684,141.141749,1
-33.157684,141.141749,1
-33.157684,141.141749,1
-33.157684,141.141749,1
-33.157684,141.141749,1
-33.157684,141.141749,1
-33.157684,141.141749,1
-33.157684,141.141749,1
-33.157684,141.141749,1
-33.157684,141.141749,1
-33.157684,141.141749,1
-33.157684,141.141749,1
-33.157684,141.141749,1
-33.157684,141.141749,1
-33.157684,141.141749,1
-33.157605,141.187969,1
-33.157533,141.184194,1
-33.157533,141.184194,1
-33.157533,141.184194,1
-33.157533,141.184194,1
-33.157533,141.184194,1
-33.157533,141.184194,1
-33.157533,141.184194,1
-33.157533,141.184194,1
-33.157533,141.184194,1
-33.157533,141.184194,1
-33.157533,141.184194,1
-33.157533,141.184194,1
-33.157533,141.184194,1
-33.157533,141.184194,1
-33.157533,141.184194,1
-33.157533,141.184194,1
-33.157533,141.184194,1
-33.157533,141.184194,1
-33.157533,141.184194,1
-33.157533,141.184194,1
-33.157533,141.184194,1
-33.157533,141.184194,1
-33.157533,141.184194,1
-33.157533,141.184194,1
-33.157533,141.184194,1
-33.157533,141.184194,1
-33.157533,141.184194,1
-33.157533,141.184194,1
-33.157533,141.184194,1
-33.157533,141.184194,1
-33.157533,141.184194,1
-33.157533,141.184194,1
-33.157533,141.184194,1
-33.157533,141.184194,1
-33.157533,141.184194,1
-33.157533,141.184194,1
-33.157533,141.184194,1
-33.157533,141.184194,1
-33.157533,141.184194,1
-33.157533,141.184194,1
-33.157533,141.184194,1
-33.157533,141.184194,1
-33.157533,141.184194,1
-33.157533,141.184194,1
-33.157529,141.184194,1
-33.157529,141.184194,1
-33.157529,141.184194,1
-33.157529,141.184194,1
-33.157529,141.184194,1
-33.157529,141.184194,1
-33.157529,141.184194,1
-33.157529,141.184194,1
-33.157529,141.184194,1
-33.157529,141.184194,1
-33.157529,141.184194,1
-33.157529,141.184194,1
-33.157529,141.184194,1
-33.157529,141.184194,1
-33.157529,141.184194,1
-33.157529,141.184194,1
-33.157529,141.184194,1
-33.157529,141.184194,1
-33.157529,141.184194,1
-33.157529,141.184194,1
-33.157529,141.184194,1
-33.157529,141.184194,1
-33.157529,141.184194,1
-33.157529,141.184194,1
-33.157529,141.184194,1
-33.157529,141.184194,1
-33.157529,141.184194,1
-33.157529,141.184194,1
-33.157529,141.184194,1
-33.157482,141.128451,1
-33.157482,141.128451,1
-33.157482,141.128451,1
-33.157482,141.128451,1
-33.157482,141.128451,1
-33.157482,141.128451,1
-33.157482,141.128451,1
-33.157482,141.128451,1
-33.157482,141.128451,1
-33.157482,141.128451,1
-33.157482,141.128451,1
-33.157482,141.128451,1
-33.157482,141.128451,1
-33.157482,141.128451,1
-33.157482,141.128451,1
-33.157482,141.128451,1
-33.157482,141.128451,1
-33.157482,141.128451,1
-33.157482,141.128451,1
-33.157482,141.128451,1
-33.157482,141.128451,1
-33.157482,141.128451,1
-33.157482,141.128451,1
-33.157482,141.128451,1
-33.157482,141.128451,1
-33.157482,141.128451,1
-33.157482,141.128451,1
-33.157482,141.128451,1
-33.157482,141.128451,1
-33.157482,141.128451,1
-33.157482,141.128451,1
-33.157478,141.128453,1
-33.157478,141.128453,1
-33.157478,141.128453,1
-33.157478,141.128453,1
-33.157478,141.128453,1
-33.157478,141.128453,1
-33.157478,141.128453,1
-33.157478,141.128453,1
-33.157478,141.128453,1
-33.157478,141.128453,1
-33.157478,141.128453,1
-33.157478,141.128453,1
-33.157478,141.128453,1
-33.157478,141.128453,1
-33.157478,141.128453,1
-33.157478,141.128453,1
-33.157478,141.128453,1
-33.157478,141.128453,1
-33.157478,141.128453,1
-33.157478,141.128453,1
-33.157478,141.128453,1
-33.157478,141.128453,1
-33.157478,141.128453,1
-33.157478,141.128453,1
-33.157366,141.185019,1
-33.157353,141.16567,1
-33.157353,141.16567,1
-33.157353,141.16567,1
-33.157353,141.16567,1
-33.156899,141.160375,1
-33.156899,141.160375,1
-33.156899,141.160375,1
-33.156899,141.160375,1
-33.156899,141.160375,1
-33.156899,141.160375,1
-33.156899,141.160375,1
-33.156899,141.160375,1
-33.156899,141.160375,1
-33.156899,141.160375,1
-33.15678,141.178209,1
-33.15678,141.178208,1
-33.15678,141.178209,1
-33.15678,141.178209,1
-33.15678,141.178208,1
-33.15678,141.178208,1
-33.15678,141.178208,1
-33.15678,141.178208,1
-33.15678,141.178208,1
-33.15678,141.178208,1
-33.15678,141.178208,1
-33.15678,141.178209,1
-33.15678,141.178209,1
-33.15678,141.178208,1
-33.15678,141.178209,1
-33.15678,141.178208,1
-33.15678,141.178208,1
-33.15678,141.178209,1
-33.15678,141.178208,1
-33.15678,141.178208,1
-33.15678,141.178209,1
-33.15678,141.178209,1
-33.15678,141.178209,1
-33.15678,141.178208,1
-33.15678,141.178209,1
-33.15678,141.178209,1
-33.15678,141.178208,1
-33.15678,141.178208,1
-33.15678,141.178208,1
-33.15678,141.178208,1
-33.15678,141.178208,1
-33.15678,141.178208,1
-33.15678,141.178209,1
-33.15678,141.178208,1
-33.15678,141.178208,1
-33.15678,141.178208,1
-33.15678,141.178209,1
-33.15678,141.178209,1
-33.15678,141.178209,1
-33.15678,141.178209,1
-33.15678,141.178209,1
-33.15678,141.178209,1
-33.15678,141.178209,1
-33.15678,141.178209,1
-33.15678,141.178209,1
-33.15678,141.178208,1
-33.15678,141.178208,1
-33.15678,141.178209,1
-33.15678,141.178209,1
-33.15678,141.178208,1
-33.15678,141.178208,1
-33.15678,141.178208,1
-33.15678,141.178208,1
-33.15678,141.178209,1
-33.15678,141.178209,1
-33.15678,141.178208,1
-33.15678,141.178209,1
-33.15678,141.178209,1
-33.15678,141.178208,1
-33.15678,141.178209,1
-33.15678,141.178208,1
-33.15678,141.178208,1
-33.15678,141.178209,1
-33.15678,141.178209,1
-33.15678,141.178208,1
-33.15678,141.178208,1
-33.156423,141.154638,1
-33.156423,141.154638,1
-33.156423,141.154638,1
-33.156423,141.154638,1
-33.156423,141.154638,1
-33.156423,141.154638,1
-33.156423,141.154638,1
-33.156423,141.154638,1
-33.156423,141.154638,1
-33.156301,141.172556,1
-33.156301,141.172556,1
-33.156301,141.172556,1
-33.156301,141.172556,1
-33.156301,141.172556,1
-33.156301,141.172556,1
-33.156301,141.172556,1
-33.156301,141.172556,1
-33.156301,141.172556,1
-33.156301,141.172556,1
-33.156301,141.172556,1
-33.156301,141.172556,1
-33.156301,141.172556,1
-33.156301,141.172556,1
-33.156301,141.172556,1
-33.156301,141.172556,1
-33.156301,141.172556,1
-33.156301,141.172556,1
-33.156301,141.172556,1
-33.156301,141.172556,1
-33.156301,141.172556,1
-33.156301,141.172556,1
-33.156301,141.172556,1
-33.156301,141.172556,1
-33.156301,141.172556,1
-33.156301,141.172556,1
-33.156301,141.172556,1
-33.156301,141.172556,1
-33.156301,141.172556,1
-33.156301,141.172556,1
-33.156301,141.172556,1
-33.156301,141.172556,1
-33.156301,141.172556,1
-33.156301,141.172556,1
-33.156301,141.172556,1
-33.156301,141.172556,1
-33.156301,141.172556,1
-33.156301,141.172556,1
-33.156301,141.172556,1
-33.1563,141.17256,1
-33.1563,141.17256,1
-33.1563,141.17256,1
-33.1563,141.17256,1
-33.1563,141.17256,1
-33.1563,141.17256,1
-33.1563,141.17256,1
-33.1563,141.17256,1
-33.1563,141.17256,1
-33.1563,141.17256,1
-33.1563,141.17256,1
-33.1563,141.17256,1
-33.1563,141.17256,1
-33.1563,141.17256,1
-33.1563,141.17256,1
-33.1563,141.17256,1
-33.1563,141.17256,1
-33.1563,141.17256,1
-33.1563,141.17256,1
-33.1563,141.17256,1
-33.1563,141.17256,1
-33.1563,141.17256,1
-33.1563,141.17256,1
-33.1563,141.17256,1
-33.1563,141.17256,1
-33.1563,141.17256,1
-33.1563,141.17256,1
-33.1563,141.17256,1
-33.1563,141.17256,1
-33.1563,141.17256,1
-33.1563,141.17256,1
-33.1563,141.17256,1
-33.1563,141.17256,1
-33.1563,141.17256,1
-33.156158,141.171784,1
-33.155931,141.149221,1
-33.155931,141.149221,1
-33.155931,141.149221,1
-33.155931,141.149221,1
-33.155931,141.149221,1
-33.155931,141.149221,1
-33.155931,141.149221,1
-33.155931,141.149221,1
-33.155931,141.149221,1
-33.155931,141.149221,1
-33.155931,141.149221,1
-33.155931,141.149221,1
-33.155931,141.149221,1
-33.155931,141.149221,1
-33.155931,141.149221,1
-33.155931,141.149221,1
-33.155931,141.149221,1
-33.155931,141.149221,1
-33.155931,141.149221,1
-33.155875,141.167783,1
-33.155813,141.167032,1
-33.155813,141.167032,1
-33.155813,141.167032,1
-33.155813,141.167032,1
-33.155813,141.167032,1
-33.155813,141.167032,1
-33.155813,141.167032,1
-33.155813,141.167032,1
-33.155813,141.167032,1
-33.155813,141.167032,1
-33.155813,141.167032,1
-33.155813,141.167032,1
-33.155813,141.167032,1
-33.155813,141.167032,1
-33.155813,141.167032,1
-33.155813,141.167032,1
-33.155813,141.167032,1
-33.155813,141.167032,1
-33.155813,141.167032,1
-33.155813,141.167032,1
-33.155813,141.167032,1
-33.155813,141.167032,1
-33.155813,141.167032,1
-33.155813,141.167032,1
-33.155813,141.167032,1
-33.155813,141.167032,1
-33.155813,141.167032,1
-33.155813,141.167032,1
-33.155813,141.167032,1
-33.155813,141.167032,1
-33.155813,141.167032,1
-33.155813,141.167032,1
-33.155813,141.167032,1
-33.155813,141.167032,1
-33.155811,141.167037,1
-33.155811,141.167037,1
-33.155811,141.167037,1
-33.155811,141.167037,1
-33.155811,141.167037,1
-33.155811,141.167037,1
-33.155811,141.167037,1
-33.155811,141.167037,1
-33.155811,141.167037,1
-33.155811,141.167037,1
-33.155811,141.167037,1
-33.155811,141.167037,1
-33.155811,141.167037,1
-33.155811,141.167037,1
-33.155811,141.167037,1
-33.155811,141.167037,1
-33.155811,141.167037,1
-33.155811,141.167037,1
-33.155811,141.167037,1
-33.155811,141.167037,1
-33.155811,141.167037,1
-33.155811,141.167037,1
-33.155811,141.167037,1
-33.155811,141.167037,1
-33.155811,141.167037,1
-33.155811,141.167037,1
-33.155811,141.167037,1
-33.155811,141.167037,1
-33.155811,141.167037,1
-33.155811,141.167037,1
-33.155811,141.167037,1
-33.155811,141.167037,1
-33.155811,141.167037,1
-33.155777,141.166786,1
-33.155389,141.143712,1
-33.155389,141.143712,1
-33.155389,141.143712,1
-33.155389,141.143712,1
-33.155292,141.161546,1
-33.155292,141.161546,1
-33.155292,141.161546,1
-33.155292,141.161546,1
-33.155292,141.161546,1
-33.155292,141.161546,1
-33.155292,141.161546,1
-33.155292,141.161546,1
-33.155292,141.161546,1
-33.155292,141.161546,1
-33.155292,141.161546,1
-33.155292,141.161546,1
-33.155292,141.161546,1
-33.155292,141.161546,1
-33.155292,141.161546,1
-33.155292,141.161546,1
-33.155292,141.161546,1
-33.155292,141.161546,1
-33.155292,141.161546,1
-33.155292,141.161546,1
-33.155292,141.161546,1
-33.155292,141.161546,1
-33.155288,141.161541,1
-33.155288,141.161541,1
-33.155288,141.161541,1
-33.155288,141.161541,1
-33.155288,141.161541,1
-33.155288,141.161541,1
-33.155288,141.161541,1
-33.155288,141.161541,1
-33.155288,141.161541,1
-33.155288,141.161541,1
-33.155288,141.161541,1
-33.155288,141.161541,1
-33.155288,141.161541,1
-33.155288,141.161541,1
-33.155288,141.161541,1
-33.155288,141.161541,1
-33.155288,141.161541,1
-33.155288,141.161541,1
-33.155288,141.161541,1
-33.155288,141.161541,1
-33.155288,141.161541,1
-33.155288,141.161541,1
-33.155288,141.161541,1
-33.155288,141.161541,1
-33.155288,141.161541,1
-33.155288,141.161541,1
-33.15527,141.161101,1
-33.155252,141.160994,1
-33.155244,141.160801,1
-33.155244,141.160726,1
-33.155199,141.160308,1
-33.155052,141.169583,1
-33.154941,141.157508,1
-33.15487,141.138097,1
-33.154835,141.156067,1
-33.154835,141.156067,1
-33.154835,141.156067,1
-33.154835,141.156071,1
-33.154835,141.156071,1
-33.154835,141.156071,1
-33.154835,141.156067,1
-33.154835,141.156067,1
-33.154835,141.156067,1
-33.154835,141.156071,1
-33.154835,141.156071,1
-33.154835,141.156071,1
-33.154835,141.156067,1
-33.154835,141.156071,1
-33.154835,141.156071,1
-33.154835,141.156067,1
-33.154835,141.156071,1
-33.154835,141.156071,1
-33.154835,141.156071,1
-33.154835,141.156071,1
-33.154835,141.156067,1
-33.154835,141.156067,1
-33.154835,141.156067,1
-33.154835,141.156071,1
-33.154835,141.156071,1
-33.154835,141.156071,1
-33.154835,141.156067,1
-33.154835,141.156071,1
-33.154835,141.156067,1
-33.154835,141.156071,1
-33.154835,141.156071,1
-33.154835,141.156067,1
-33.154835,141.156071,1
-33.154835,141.156071,1
-33.154835,141.156067,1
-33.154835,141.156067,1
-33.154835,141.156067,1
-33.154835,141.156067,1
-33.154835,141.156067,1
-33.154835,141.156067,1
-33.154835,141.156067,1
-33.154835,141.156067,1
-33.154835,141.156067,1
-33.154835,141.156071,1
-33.154835,141.156067,1
-33.154835,141.156067,1
-33.154835,141.156067,1
-33.154835,141.156067,1
-33.154835,141.156071,1
-33.154835,141.156067,1
-33.154835,141.156067,1
-33.154835,141.156071,1
-33.154835,141.156067,1
-33.154835,141.156067,1
-33.154835,141.156067,1
-33.154835,141.156067,1
-33.154835,141.156067,1
-33.154835,141.156067,1
-33.154835,141.156067,1
-33.154835,141.156071,1
-33.154835,141.156071,1
-33.154835,141.156071,1
-33.154835,141.156071,1
-33.154835,141.156071,1
-33.154835,141.156071,1
-33.154835,141.156071,1
-33.154835,141.156067,1
-33.154835,141.156067,1
-33.154835,141.156067,1
-33.154835,141.156067,1
-33.154835,141.156071,1
-33.154835,141.156067,1
-33.154835,141.156071,1
-33.154835,141.156067,1
-33.154835,141.156067,1
-33.154835,141.156071,1
-33.154835,141.156071,1
-33.154835,141.156067,1
-33.154835,141.156071,1
-33.154775,141.137648,1
-33.154775,141.137648,1
-33.154775,141.137648,1
-33.154424,141.127874,1
-33.154424,141.127874,1
-33.154424,141.127874,1
-33.154401,141.132589,1
-33.154401,141.132589,1
-33.154356,141.150643,1
-33.154356,141.150643,1
-33.154356,141.150643,1
-33.154356,141.150643,1
-33.154356,141.150643,1
-33.154356,141.150643,1
-33.154356,141.150643,1
-33.154356,141.150643,1
-33.154356,141.150643,1
-33.154356,141.150643,1
-33.154356,141.150643,1
-33.154356,141.150643,1
-33.154356,141.150643,1
-33.154356,141.150643,1
-33.154356,141.150643,1
-33.154356,141.150643,1
-33.154356,141.150643,1
-33.154356,141.150643,1
-33.154356,141.150643,1
-33.154356,141.150643,1
-33.154356,141.150643,1
-33.154356,141.150643,1
-33.154356,141.150643,1
-33.154356,141.150643,1
-33.154356,141.150643,1
-33.154356,141.150643,1
-33.154356,141.150643,1
-33.154356,141.150643,1
-33.154356,141.150643,1
-33.154356,141.150643,1
-33.154356,141.150643,1
-33.154356,141.150643,1
-33.154356,141.150643,1
-33.154356,141.150643,1
-33.154356,141.150643,1
-33.154356,141.150643,1
-33.154356,141.150643,1
-33.154356,141.150643,1
-33.154356,141.150643,1
-33.154356,141.150643,1
-33.154356,141.150643,1
-33.154356,141.150643,1
-33.154356,141.150643,1
-33.154356,141.150643,1
-33.154356,141.150643,1
-33.154356,141.150643,1
-33.154354,141.150644,1
-33.154354,141.150644,1
-33.154354,141.150644,1
-33.154354,141.150644,1
-33.154354,141.150644,1
-33.154354,141.150644,1
-33.154354,141.150644,1
-33.154354,141.150644,1
-33.154354,141.150644,1
-33.154354,141.150644,1
-33.154354,141.150644,1
-33.154354,141.150644,1
-33.154354,141.150644,1
-33.154354,141.150644,1
-33.154354,141.150644,1
-33.154354,141.150644,1
-33.154354,141.150644,1
-33.154354,141.150644,1
-33.154354,141.150644,1
-33.154354,141.150644,1
-33.154354,141.150644,1
-33.154354,141.150644,1
-33.154354,141.150644,1
-33.154354,141.150644,1
-33.154354,141.150644,1
-33.154354,141.150644,1
-33.154354,141.150644,1
-33.154354,141.150644,1
-33.154354,141.150644,1
-33.154354,141.150644,1
-33.154354,141.150644,1
-33.154354,141.150644,1
-33.153829,141.14511,1
-33.153829,141.14511,1
-33.153829,141.14511,1
-33.153829,141.14511,1
-33.153829,141.14511,1
-33.153829,141.14511,1
-33.153829,141.14511,1
-33.153829,141.14511,1
-33.153829,141.14511,1
-33.153829,141.14511,1
-33.153829,141.14511,1
-33.153829,141.14511,1
-33.153829,141.14511,1
-33.153829,141.14511,1
-33.153829,141.14511,1
-33.153829,141.14511,1
-33.153829,141.14511,1
-33.153829,141.14511,1
-33.153829,141.14511,1
-33.153829,141.14511,1
-33.153829,141.14511,1
-33.153829,141.14511,1
-33.153829,141.14511,1
-33.153829,141.14511,1
-33.153829,141.14511,1
-33.153829,141.14511,1
-33.153826,141.145109,1
-33.153826,141.145109,1
-33.153826,141.145109,1
-33.153826,141.145109,1
-33.153826,141.145109,1
-33.153826,141.145109,1
-33.153826,141.145109,1
-33.153826,141.145109,1
-33.153826,141.145109,1
-33.153826,141.145109,1
-33.153826,141.145109,1
-33.153826,141.145109,1
-33.153826,141.145109,1
-33.153826,141.145109,1
-33.153826,141.145109,1
-33.153826,141.145109,1
-33.153826,141.145109,1
-33.153826,141.145109,1
-33.153826,141.145109,1
-33.153826,141.145109,1
-33.153285,141.139597,1
-33.153285,141.139597,1
-33.153285,141.139597,1
-33.153285,141.139597,1
-33.153285,141.139597,1
-33.153285,141.139597,1
-33.153285,141.139597,1
-33.153285,141.139597,1
-33.153285,141.139597,1
-33.153285,141.139597,1
-33.153285,141.139597,1
-33.153285,141.139597,1
-33.153285,141.139597,1
-33.153285,141.139597,1
-33.153285,141.139597,1
-33.153285,141.139597,1
-33.153285,141.139597,1
-33.153285,141.139597,1
-33.153285,141.139597,1
-33.153285,141.139597,1
-33.153285,141.139597,1
-33.153285,141.139597,1
-33.153285,141.139597,1
-33.153285,141.139597,1
-33.153285,141.139597,1
-33.153285,141.139597,1
-33.153285,141.139597,1
-33.153285,141.139597,1
-33.153285,141.139597,1
-33.153285,141.139597,1
-33.153285,141.139597,1
-33.153285,141.139597,1
-33.153285,141.139597,1
-33.153285,141.139597,1
-33.153285,141.139597,1
-33.153284,141.139598,1
-33.153284,141.139598,1
-33.153284,141.139598,1
-33.153284,141.139598,1
-33.153284,141.139598,1
-33.153284,141.139598,1
-33.153284,141.139598,1
-33.153284,141.139598,1
-33.153284,141.139598,1
-33.153284,141.139598,1
-33.153284,141.139598,1
-33.153284,141.139598,1
-33.153284,141.139598,1
-33.153284,141.139598,1
-33.153284,141.139598,1
-33.153284,141.139598,1
-33.153284,141.139598,1
-33.152865,141.129032,1
-33.152865,141.129032,1
-33.152865,141.129032,1
-33.152865,141.129032,1
-33.152865,141.129032,1
-33.152865,141.129032,1
-33.152865,141.129032,1
-33.152865,141.129032,1
-33.152865,141.129032,1
-33.152865,141.129032,1
-33.152865,141.129032,1
-33.152865,141.129032,1
-33.152865,141.129032,1
-33.152865,141.129032,1
-33.152865,141.129032,1
-33.152865,141.129032,1
-33.152865,141.129032,1
-33.152865,141.129032,1
-33.152865,141.129032,1
-33.152865,141.129032,1
-33.152865,141.129032,1
-33.152865,141.129032,1
-33.152863,141.129034,1
-33.152863,141.129034,1
-33.152863,141.129034,1
-33.152863,141.129034,1
-33.152863,141.129034,1
-33.152863,141.129034,1
-33.152863,141.129034,1
-33.152863,141.129034,1
-33.152863,141.129034,1
-33.152863,141.129034,1
-33.152863,141.129034,1
-33.152863,141.129034,1
-33.152863,141.129034,1
-33.152863,141.129034,1
-33.152863,141.129034,1
-33.152863,141.129034,1
-33.152863,141.129034,1
-33.152863,141.129034,1
-33.152863,141.129034,1
-33.152863,141.129034,1
-33.152863,141.129034,1
-33.152863,141.129034,1
-33.152863,141.129034,1
-33.152863,141.129034,1
-33.152863,141.129034,1
-33.152863,141.129034,1
-33.152863,141.129034,1
-33.152779,141.134034,1
-33.152779,141.134034,1
-33.152779,141.134034,1
-33.152779,141.134034,1
-33.152779,141.134034,1
-33.152779,141.134034,1
-33.152779,141.134034,1
-33.152779,141.134034,1
-33.152779,141.134034,1
-33.152779,141.134034,1
-33.152779,141.134034,1
-33.152779,141.134034,1
-33.152779,141.134034,1
-33.152779,141.134034,1
-33.152779,141.134034,1
-33.152779,141.134034,1
-33.152779,141.134034,1
-33.152779,141.134034,1
-33.152779,141.134034,1
-33.152779,141.134034,1
-33.152779,141.134034,1
-33.152777,141.134031,1
-33.152777,141.134031,1
-33.152777,141.134031,1
-33.152777,141.134031,1
-33.152777,141.134031,1
-33.152777,141.134031,1
-33.152777,141.134031,1
-33.152777,141.134031,1
-33.152777,141.134031,1
-33.152777,141.134031,1
-33.152777,141.134031,1
-33.152777,141.134031,1
-33.152777,141.134031,1
-33.152777,141.134031,1
-33.152777,141.134031,1
-33.152777,141.134031,1
-33.152777,141.134031,1
-33.152777,141.134031,1
-33.148096,141.189353,1
-33.140248,141.148564,1
-33.140248,141.148564,1
-33.139073,141.191092,1
-32.65,117.11667,1
-32.624443,142.074722,1
-32.6,117.1,1
-32.6,117.1,1
-32.6,117.1,1
-32.540962,151.102466,1
-32.540962,151.102466,1
-32.540962,151.102466,1
-32.540962,151.102466,1
-32.540962,151.102466,1
-32.540962,151.102466,1
-32.540962,151.102466,1
-32.540962,151.102466,1
-32.540962,151.102466,1
-32.540962,151.102466,1
-32.5,137.7667,1
-32.5,117.4,1
-32.4,117.4,1
-32.4,117,1
-32.251895,150.805291,1
-32.251895,150.805291,1
-32.1,117,1
-32.1,117,1
-32.1,117,1
-31.933333,126.966667,1
-31.816389,127.782222,1
-31.65,127.433333,1
-31.4,138.6333,1
-31.4,138.6333,1
-31.333332,138.666672,1
-31.016666,125.333336,1
-31.016666,125.333336,1
-31,135,1
-31,135,1
-31,135,1
-31,135,1
-31,135,1
-31,135,1
-31,135,1
-31,135,1
-31,135,1
-31,135,1
-30.95,121.15,1
-30.836901,143.600501,1
-30.48537,136.8872,1
-30.478187,136.9275,1
-30.39984,136.86086,1
-30.39984,136.86086,1
-30.39984,136.86086,1
-30.39984,136.86086,1
-30.39984,136.86086,1
-30.39984,136.86086,1
-30.39984,136.86086,1
-30.39984,136.86086,1
-30.39984,136.86086,1
-30.39984,136.86086,1
-30.39958,136.86249,1
-30.39958,136.86249,1
-30.39958,136.86249,1
-30.39958,136.86249,1
-30.39958,136.86249,1
-30.39958,136.86249,1
-30.39958,136.86249,1
-30.39958,136.86249,1
-30.39958,136.86249,1
-30.39958,136.86249,1
-30.39958,136.86249,1
-30.39958,136.86249,1
-30.39958,136.86249,1
-30.39958,136.86249,1
-30.39955,136.86264,1
-30.39955,136.86264,1
-30.39955,136.86264,1
-30.39955,136.86264,1
-30.39955,136.86264,1
-30.39955,136.86264,1
-30.39931,136.86055,1
-30.39931,136.86055,1
-30.3993,136.86356,1
-30.3993,136.86356,1
-30.3993,136.86356,1
-30.3993,136.86356,1
-30.3993,136.86356,1
-30.3993,136.86356,1
-30.3993,136.86356,1
-30.3993,136.86356,1
-30.3993,136.86356,1
-30.3993,136.86356,1
-30.3993,136.86356,1
-30.3993,136.86356,1
-30.39926,136.86432,1
-30.39925,136.86423,1
-30.39925,136.86423,1
-30.39916,136.85817,1
-30.39916,136.85817,1
-30.39916,136.85817,1
-30.39916,136.85817,1
-30.39916,136.85817,1
-30.39916,136.85817,1
-30.39916,136.85817,1
-30.39916,136.85817,1
-30.39916,136.85817,1
-30.39916,136.85817,1
-30.39916,136.85817,1
-30.39916,136.85817,1
-30.39916,136.85817,1
-30.39916,136.85817,1
-30.39916,136.85817,1
-30.39916,136.85817,1
-30.39901,136.86575,1
-30.39901,136.86575,1
-30.39901,136.86575,1
-30.39901,136.86575,1
-30.39901,136.86575,1
-30.39901,136.86575,1
-30.39901,136.86575,1
-30.39874,136.86739,1
-30.39874,136.86739,1
-30.39874,136.86739,1
-30.39874,136.86739,1
-30.39874,136.86739,1
-30.39874,136.86739,1
-30.39874,136.86739,1
-30.39874,136.86739,1
-30.39874,136.86739,1
-30.39874,136.86739,1
-30.39868,136.86811,1
-30.39865,136.85815,1
-30.39865,136.85815,1
-30.39865,136.85815,1
-30.39865,136.85815,1
-30.39845,136.86902,1
-30.39845,136.86902,1
-30.39845,136.86902,1
-30.39845,136.86902,1
-30.39845,136.86902,1
-30.39845,136.86902,1
-30.39845,136.86902,1
-30.39823,136.8569,1
-30.39823,136.8569,1
-30.39823,136.8569,1
-30.39823,136.8569,1
-30.39823,136.8569,1
-30.39823,136.8569,1
-30.39823,136.8569,1
-30.39823,136.8569,1
-30.39823,136.8569,1
-30.39816,136.87065,1
-30.39816,136.87065,1
-30.39816,136.87065,1
-30.39816,136.87065,1
-30.39816,136.87067,1
-30.39816,136.87065,1
-30.39816,136.87065,1
-30.39816,136.87065,1
-30.39816,136.87065,1
-30.39797,136.86903,1
-30.39797,136.86903,1
-30.39797,136.86903,1
-30.39797,136.86903,1
-30.39797,136.86903,1
-30.39797,136.86903,1
-30.39789,136.87229,1
-30.39789,136.87229,1
-30.39789,136.87229,1
-30.39789,136.87229,1
-30.39789,136.87229,1
-30.39789,136.87229,1
-30.39764,136.87356,1
-30.39761,136.86966,1
-30.3976,136.87392,1
-30.3976,136.87392,1
-30.3976,136.87392,1
-30.3976,136.87392,1
-30.3976,136.87392,1
-30.3976,136.87392,1
-30.3976,136.87392,1
-30.3976,136.87392,1
-30.3976,136.87392,1
-30.39731,136.87555,1
-30.39731,136.87555,1
-30.39731,136.87555,1
-30.39731,136.87555,1
-30.39731,136.87555,1
-30.39731,136.87555,1
-30.39731,136.87555,1
-30.39731,136.87555,1
-30.39731,136.87555,1
-30.3973,136.85563,1
-30.3973,136.85563,1
-30.3973,136.85563,1
-30.3973,136.85563,1
-30.3973,136.85563,1
-30.3973,136.85563,1
-30.3973,136.85563,1
-30.3973,136.85563,1
-30.3973,136.85563,1
-30.3973,136.85563,1
-30.39729,136.87048,1
-30.39729,136.87048,1
-30.39729,136.87048,1
-30.39729,136.87048,1
-30.39729,136.87048,1
-30.39729,136.87048,1
-30.39729,136.87048,1
-30.39729,136.87048,1
-30.39729,136.87048,1
-30.39701,136.87717,1
-30.39701,136.87717,1
-30.39701,136.87717,1
-30.39701,136.87717,1
-30.39701,136.87717,1
-30.39701,136.87717,1
-30.39701,136.87717,1
-30.39701,136.87717,1
-30.39701,136.87717,1
-30.39701,136.87717,1
-30.39701,136.87717,1
-30.39701,136.87717,1
-30.39701,136.87717,1
-30.39701,136.87717,1
-30.39681,136.85543,1
-30.39681,136.85543,1
-30.39671,136.8788,1
-30.39671,136.8788,1
-30.39671,136.8788,1
-30.39671,136.8788,1
-30.39671,136.8788,1
-30.39671,136.8788,1
-30.39671,136.8788,1
-30.39671,136.8788,1
-30.39671,136.8788,1
-30.39671,136.8788,1
-30.39671,136.8788,1
-30.39671,136.8788,1
-30.39671,136.8788,1
-30.39661,136.87194,1
-30.39661,136.87194,1
-30.39661,136.87194,1
-30.39661,136.87194,1
-30.39661,136.87194,1
-30.39661,136.87194,1
-30.39661,136.87194,1
-30.39661,136.87194,1
-30.39661,136.87194,1
-30.39661,136.87194,1
-30.39661,136.87194,1
-30.39661,136.87194,1
-30.39661,136.87194,1
-30.39661,136.87194,1
-30.39661,136.87194,1
-30.39636,136.88042,1
-30.39636,136.88042,1
-30.39636,136.85436,1
-30.39636,136.88042,1
-30.39636,136.88042,1
-30.39636,136.88042,1
-30.39636,136.85436,1
-30.39636,136.88042,1
-30.39636,136.85436,1
-30.39636,136.88042,1
-30.39636,136.85436,1
-30.39636,136.85436,1
-30.39636,136.88042,1
-30.39636,136.88042,1
-30.39601,136.88204,1
-30.39601,136.88204,1
-30.39601,136.88204,1
-30.39601,136.88204,1
-30.39601,136.88204,1
-30.39601,136.88204,1
-30.39601,136.88204,1
-30.39601,136.88204,1
-30.39601,136.88204,1
-30.39601,136.88204,1
-30.39601,136.88204,1
-30.39601,136.88204,1
-30.39585,136.87335,1
-30.39585,136.87335,1
-30.39585,136.87335,1
-30.39585,136.87335,1
-30.39585,136.87335,1
-30.39585,136.87335,1
-30.39585,136.87335,1
-30.39585,136.87335,1
-30.39585,136.87335,1
-30.39566,136.88362,1
-30.39566,136.88362,1
-30.39566,136.88362,1
-30.39566,136.88362,1
-30.39566,136.88362,1
-30.39566,136.88362,1
-30.39566,136.88362,1
-30.39566,136.88362,1
-30.39566,136.88362,1
-30.39566,136.88362,1
-30.39543,136.85309,1
-30.39543,136.85309,1
-30.39543,136.85309,1
-30.39543,136.85309,1
-30.39543,136.85309,1
-30.39543,136.85309,1
-30.39543,136.85309,1
-30.3953,136.88528,1
-30.3953,136.88528,1
-30.3953,136.88528,1
-30.3953,136.88528,1
-30.3953,136.88528,1
-30.3953,136.88528,1
-30.3953,136.88528,1
-30.3953,136.88528,1
-30.3953,136.88528,1
-30.3953,136.88528,1
-30.3953,136.88528,1
-30.3953,136.88528,1
-30.3953,136.88528,1
-30.39527,136.88533,1
-30.39527,136.88533,1
-30.39495,136.8869,1
-30.39495,136.8869,1
-30.39495,136.8869,1
-30.39495,136.8869,1
-30.39495,136.8869,1
-30.39495,136.8869,1
-30.39495,136.8869,1
-30.39494,136.85641,1
-30.39494,136.85641,1
-30.39494,136.85641,1
-30.39494,136.87464,1
-30.39494,136.87464,1
-30.39494,136.87464,1
-30.39494,136.87464,1
-30.39494,136.87464,1
-30.39494,136.87464,1
-30.39494,136.87464,1
-30.39494,136.87464,1
-30.39494,136.87464,1
-30.39494,136.87464,1
-30.39463,136.8885,1
-30.39463,136.8885,1
-30.39463,136.8885,1
-30.39463,136.8885,1
-30.39463,136.8885,1
-30.39463,136.8885,1
-30.39463,136.8885,1
-30.39463,136.8885,1
-30.39463,136.8885,1
-30.39463,136.8885,1
-30.39463,136.8885,1
-30.3945,136.85183,1
-30.3945,136.85183,1
-30.3945,136.85183,1
-30.3945,136.85183,1
-30.3945,136.85183,1
-30.3945,136.85183,1
-30.3945,136.85183,1
-30.3945,136.85183,1
-30.3945,136.85183,1
-30.3945,136.85183,1
-30.3945,136.85183,1
-30.39424,136.89011,1
-30.39424,136.89011,1
-30.39424,136.89011,1
-30.39424,136.89011,1
-30.39424,136.89011,1
-30.39424,136.89011,1
-30.39424,136.89011,1
-30.39424,136.89011,1
-30.39386,136.87559,1
-30.39386,136.87559,1
-30.39386,136.87559,1
-30.39386,136.87559,1
-30.39386,136.87559,1
-30.39386,136.87559,1
-30.39386,136.87559,1
-30.39386,136.87559,1
-30.39386,136.87559,1
-30.39386,136.87559,1
-30.39386,136.87559,1
-30.39374,136.89167,1
-30.39374,136.89167,1
-30.39374,136.89167,1
-30.39374,136.89167,1
-30.39374,136.89167,1
-30.39374,136.89167,1
-30.39374,136.89167,1
-30.39374,136.89167,1
-30.39372,136.85094,1
-30.39372,136.85094,1
-30.39363,136.85062,1
-30.39363,136.85062,1
-30.39363,136.85062,1
-30.39362,136.85059,1
-30.39362,136.85059,1
-30.39362,136.85059,1
-30.39362,136.85059,1
-30.39356,136.85056,1
-30.39356,136.85056,1
-30.39356,136.85056,1
-30.39356,136.85056,1
-30.39356,136.85056,1
-30.39356,136.85056,1
-30.39356,136.85056,1
-30.39356,136.85056,1
-30.39356,136.85056,1
-30.39356,136.85056,1
-30.39356,136.85056,1
-30.39332,136.89268,1
-30.39315,136.89319,1
-30.39315,136.89319,1
-30.39315,136.89319,1
-30.39315,136.89319,1
-30.39315,136.89319,1
-30.39315,136.89319,1
-30.39315,136.89319,1
-30.39315,136.89319,1
-30.39315,136.89319,1
-30.39315,136.89319,1
-30.39315,136.89319,1
-30.39315,136.89319,1
-30.39291,136.8768,1
-30.39291,136.8768,1
-30.39291,136.8768,1
-30.39291,136.8768,1
-30.39291,136.8768,1
-30.39291,136.8768,1
-30.39291,136.8768,1
-30.39291,136.8768,1
-30.39291,136.8768,1
-30.39291,136.8768,1
-30.39291,136.8768,1
-30.39261,136.84931,1
-30.39261,136.84931,1
-30.39261,136.84931,1
-30.39261,136.84931,1
-30.39258,136.89472,1
-30.39258,136.89472,1
-30.39258,136.89472,1
-30.39258,136.89472,1
-30.39258,136.89472,1
-30.39258,136.89472,1
-30.39258,136.89472,1
-30.39258,136.89472,1
-30.39258,136.89472,1
-30.39258,136.89472,1
-30.39258,136.89472,1
-30.39228,136.89543,1
-30.39203,136.87812,1
-30.39203,136.87812,1
-30.39203,136.87812,1
-30.39203,136.87812,1
-30.39203,136.87812,1
-30.39203,136.87812,1
-30.39203,136.87812,1
-30.39203,136.87812,1
-30.39203,136.87812,1
-30.39201,136.89625,1
-30.39201,136.89625,1
-30.39201,136.89625,1
-30.39201,136.89625,1
-30.39201,136.89625,1
-30.39201,136.89625,1
-30.39201,136.89625,1
-30.39181,136.84926,1
-30.39181,136.84926,1
-30.39181,136.84926,1
-30.39143,136.89777,1
-30.39143,136.89777,1
-30.39143,136.89777,1
-30.39143,136.89777,1
-30.39143,136.89777,1
-30.39143,136.89777,1
-30.39143,136.89777,1
-30.3912,136.84898,1
-30.3912,136.84898,1
-30.3912,136.84898,1
-30.3912,136.84898,1
-30.3912,136.84898,1
-30.3912,136.84898,1
-30.3912,136.84898,1
-30.3912,136.84898,1
-30.3912,136.84898,1
-30.39108,136.87898,1
-30.39091,136.87914,1
-30.39091,136.87914,1
-30.39091,136.87914,1
-30.39091,136.87914,1
-30.39091,136.87914,1
-30.39091,136.87914,1
-30.39091,136.87914,1
-30.39091,136.87914,1
-30.39091,136.87914,1
-30.39091,136.87914,1
-30.39091,136.87914,1
-30.39091,136.87914,1
-30.39091,136.87914,1
-30.39085,136.8993,1
-30.39085,136.8993,1
-30.39085,136.8993,1
-30.39085,136.8993,1
-30.39085,136.8993,1
-30.39085,136.8993,1
-30.39085,136.8993,1
-30.39085,136.8993,1
-30.39085,136.8993,1
-30.39085,136.8993,1
-30.39085,136.8993,1
-30.39026,136.90081,1
-30.39026,136.90081,1
-30.39026,136.90081,1
-30.39026,136.90081,1
-30.39026,136.90081,1
-30.39026,136.90081,1
-30.39026,136.90081,1
-30.39026,136.90081,1
-30.39005,136.9014,1
-30.39001,136.85945,1
-30.39001,136.85945,1
-30.39001,136.85945,1
-30.39001,136.85945,1
-30.39001,136.85945,1
-30.38978,136.84868,1
-30.38978,136.84868,1
-30.38978,136.84868,1
-30.38978,136.84868,1
-30.38978,136.84868,1
-30.38978,136.84868,1
-30.38978,136.84868,1
-30.38978,136.84868,1
-30.38978,136.84868,1
-30.38974,136.85036,1
-30.38974,136.85036,1
-30.38974,136.85036,1
-30.38974,136.87956,1
-30.38974,136.85036,1
-30.38974,136.85036,1
-30.38974,136.87956,1
-30.38974,136.85036,1
-30.38974,136.85036,1
-30.38974,136.85036,1
-30.38969,136.90234,1
-30.38969,136.90234,1
-30.38969,136.90234,1
-30.38969,136.90234,1
-30.38969,136.90234,1
-30.38969,136.90234,1
-30.38969,136.90234,1
-30.38969,136.90234,1
-30.38969,136.90234,1
-30.38954,136.87951,1
-30.38954,136.87951,1
-30.38954,136.87951,1
-30.38954,136.87951,1
-30.38954,136.87951,1
-30.38954,136.87951,1
-30.38954,136.87951,1
-30.38954,136.87951,1
-30.38954,136.87951,1
-30.38954,136.87951,1
-30.38954,136.87951,1
-30.38954,136.87951,1
-30.38954,136.87951,1
-30.38954,136.87951,1
-30.38941,136.85198,1
-30.38941,136.85198,1
-30.38941,136.85198,1
-30.38941,136.85198,1
-30.38941,136.85198,1
-30.38941,136.85198,1
-30.38941,136.85198,1
-30.38941,136.85198,1
-30.38941,136.85198,1
-30.38941,136.85198,1
-30.38933,136.87908,1
-30.38933,136.87908,1
-30.38933,136.87908,1
-30.38933,136.87908,1
-30.38933,136.87908,1
-30.38933,136.87908,1
-30.38933,136.87908,1
-30.38933,136.87908,1
-30.38933,136.87908,1
-30.38933,136.87908,1
-30.38933,136.87908,1
-30.38933,136.87908,1
-30.3893,136.85213,1
-30.3893,136.85213,1
-30.38927,136.84873,1
-30.38927,136.84873,1
-30.38908,136.85361,1
-30.38908,136.85361,1
-30.38908,136.85361,1
-30.38908,136.85361,1
-30.38908,136.85361,1
-30.38908,136.85361,1
-30.38908,136.85361,1
-30.38908,136.85361,1
-30.38908,136.85361,1
-30.38908,136.85361,1
-30.38904,136.87803,1
-30.38904,136.87803,1
-30.38904,136.87803,1
-30.38904,136.87803,1
-30.38904,136.87803,1
-30.38904,136.87803,1
-30.38904,136.87803,1
-30.38904,136.87803,1
-30.38904,136.87803,1
-30.38904,136.87803,1
-30.38904,136.87803,1
-30.38876,136.85523,1
-30.38876,136.85523,1
-30.38876,136.85523,1
-30.38876,136.85523,1
-30.38876,136.85523,1
-30.38876,136.85523,1
-30.38876,136.85523,1
-30.38867,136.85554,1
-30.38842,136.85684,1
-30.38842,136.85684,1
-30.38842,136.85684,1
-30.38842,136.85684,1
-30.38842,136.85684,1
-30.38842,136.85684,1
-30.38842,136.85684,1
-30.38842,136.85684,1
-30.38842,136.85684,1
-30.38836,136.84839,1
-30.38836,136.84839,1
-30.38836,136.84839,1
-30.38836,136.84839,1
-30.38836,136.84839,1
-30.38829,136.90342,1
-30.38829,136.90342,1
-30.38829,136.90342,1
-30.38829,136.90342,1
-30.38829,136.87667,1
-30.38829,136.87667,1
-30.38829,136.90342,1
-30.38829,136.87667,1
-30.38829,136.87667,1
-30.38829,136.90342,1
-30.38829,136.87667,1
-30.38829,136.90342,1
-30.38829,136.87667,1
-30.38829,136.87667,1
-30.38829,136.87667,1
-30.38829,136.87667,1
-30.38829,136.90336,1
-30.38829,136.87667,1
-30.38829,136.87667,1
-30.3881,136.85846,1
-30.3881,136.85846,1
-30.3881,136.85846,1
-30.3881,136.85846,1
-30.3881,136.85846,1
-30.3881,136.85846,1
-30.3881,136.85846,1
-30.3881,136.85846,1
-30.38806,136.85848,1
-30.38777,136.86008,1
-30.38777,136.86008,1
-30.38777,136.86008,1
-30.38777,136.86008,1
-30.38777,136.86008,1
-30.38777,136.86008,1
-30.38777,136.86008,1
-30.38777,136.86008,1
-30.38777,136.86008,1
-30.38773,136.87607,1
-30.38773,136.87607,1
-30.38773,136.87607,1
-30.38773,136.87607,1
-30.38773,136.87607,1
-30.38744,136.86169,1
-30.38744,136.86169,1
-30.38744,136.86169,1
-30.38744,136.86169,1
-30.38744,136.86169,1
-30.38744,136.86169,1
-30.38744,136.86169,1
-30.38744,136.86169,1
-30.38744,136.86169,1
-30.38744,136.86169,1
-30.38744,136.86169,1
-30.38739,136.86164,1
-30.38709,136.86331,1
-30.38709,136.86331,1
-30.38709,136.86331,1
-30.38709,136.86331,1
-30.38709,136.86331,1
-30.38709,136.86331,1
-30.38709,136.86331,1
-30.38709,136.86331,1
-30.38709,136.86331,1
-30.38709,136.86331,1
-30.38709,136.86331,1
-30.38702,136.90261,1
-30.38702,136.90261,1
-30.38702,136.90261,1
-30.38702,136.90261,1
-30.38702,136.90261,1
-30.38702,136.90261,1
-30.38702,136.90261,1
-30.38702,136.90261,1
-30.38702,136.90261,1
-30.38702,136.90261,1
-30.38702,136.90261,1
-30.38693,136.84809,1
-30.38693,136.84809,1
-30.38693,136.84809,1
-30.38693,136.84809,1
-30.38693,136.84809,1
-30.38693,136.84809,1
-30.38693,136.84809,1
-30.38693,136.84809,1
-30.38683,136.86447,1
-30.38683,136.86447,1
-30.38683,136.86447,1
-30.38683,136.86447,1
-30.38683,136.86447,1
-30.38683,136.86447,1
-30.38683,136.86447,1
-30.38683,136.86447,1
-30.38683,136.86447,1
-30.38683,136.86447,1
-30.3868,136.86457,1
-30.38658,136.86611,1
-30.38658,136.86611,1
-30.38658,136.86611,1
-30.38658,136.86611,1
-30.38658,136.86611,1
-30.38658,136.86611,1
-30.38658,136.86611,1
-30.38658,136.86611,1
-30.38658,136.86611,1
-30.38658,136.86611,1
-30.38658,136.86611,1
-30.38658,136.86611,1
-30.38639,136.87569,1
-30.38639,136.87569,1
-30.38639,136.87569,1
-30.38639,136.87569,1
-30.38639,136.87569,1
-30.38639,136.87569,1
-30.38639,136.87569,1
-30.38639,136.87569,1
-30.38639,136.87569,1
-30.38639,136.87569,1
-30.38639,136.87569,1
-30.38639,136.87569,1
-30.38639,136.87569,1
-30.38639,136.87569,1
-30.38639,136.87569,1
-30.38639,136.87569,1
-30.38623,136.86773,1
-30.38623,136.86773,1
-30.38623,136.86773,1
-30.38623,136.86773,1
-30.38623,136.86773,1
-30.38623,136.86773,1
-30.38613,136.84805,1
-30.38613,136.84805,1
-30.38595,136.86935,1
-30.38595,136.86935,1
-30.38595,136.86935,1
-30.38595,136.86935,1
-30.38595,136.86935,1
-30.38595,136.86935,1
-30.38595,136.86935,1
-30.38595,136.86935,1
-30.38595,136.86935,1
-30.38595,136.86935,1
-30.38595,136.86935,1
-30.38593,136.84793,1
-30.38584,136.9018,1
-30.38584,136.9018,1
-30.38577,136.84784,1
-30.38577,136.84784,1
-30.38577,136.84784,1
-30.38577,136.84784,1
-30.38577,136.84784,1
-30.38577,136.84784,1
-30.38576,136.90181,1
-30.38576,136.90181,1
-30.38576,136.90181,1
-30.38576,136.90181,1
-30.38576,136.90181,1
-30.38576,136.90181,1
-30.38576,136.90181,1
-30.38576,136.90181,1
-30.38576,136.90181,1
-30.38576,136.90181,1
-30.38576,136.90181,1
-30.38576,136.90181,1
-30.3857,136.87097,1
-30.3857,136.87097,1
-30.3857,136.87097,1
-30.3857,136.87097,1
-30.3857,136.87097,1
-30.3857,136.87097,1
-30.3857,136.87097,1
-30.3857,136.87097,1
-30.3857,136.87097,1
-30.38557,136.84883,1
-30.38556,136.84898,1
-30.38555,136.84892,1
-30.38551,136.84781,1
-30.38551,136.84781,1
-30.38551,136.84781,1
-30.38551,136.84781,1
-30.38551,136.84781,1
-30.38551,136.84781,1
-30.38551,136.84781,1
-30.38551,136.84781,1
-30.38551,136.84781,1
-30.38549,136.85907,1
-30.38545,136.87258,1
-30.38545,136.87258,1
-30.38545,136.87258,1
-30.38545,136.87258,1
-30.38545,136.87258,1
-30.38545,136.87258,1
-30.38545,136.87258,1
-30.38545,136.87258,1
-30.3854,136.85937,1
-30.3854,136.85938,1
-30.38538,136.87423,1
-30.38538,136.87423,1
-30.38538,136.87423,1
-30.38538,136.87423,1
-30.38538,136.87423,1
-30.38538,136.87423,1
-30.38538,136.87423,1
-30.38538,136.87423,1
-30.38535,136.85905,1
-30.38522,136.85904,1
-30.38518,136.90208,1
-30.38518,136.90197,1
-30.38518,136.90197,1
-30.38518,136.90208,1
-30.38518,136.90197,1
-30.38518,136.90208,1
-30.38518,136.90197,1
-30.38518,136.90208,1
-30.38518,136.90208,1
-30.38518,136.90197,1
-30.38518,136.90208,1
-30.38518,136.90197,1
-30.38509,136.90154,1
-30.38505,136.87584,1
-30.38505,136.87584,1
-30.38505,136.87584,1
-30.38505,136.87584,1
-30.38505,136.87584,1
-30.38505,136.87584,1
-30.38505,136.87584,1
-30.38505,136.87584,1
-30.38505,136.87584,1
-30.38505,136.87584,1
-30.38505,136.87584,1
-30.38505,136.87584,1
-30.38499,136.87576,1
-30.38499,136.87576,1
-30.38493,136.86021,1
-30.38492,136.90135,1
-30.38484,136.85928,1
-30.3848,136.90877,1
-30.3848,136.90877,1
-30.3848,136.90877,1
-30.3848,136.90877,1
-30.3848,136.90877,1
-30.38478,136.85929,1
-30.38478,136.85928,1
-30.38478,136.85929,1
-30.38477,136.87748,1
-30.38477,136.85929,1
-30.38477,136.87748,1
-30.38477,136.87748,1
-30.38477,136.85927,1
-30.38477,136.87748,1
-30.38477,136.87748,1
-30.38477,136.87748,1
-30.38477,136.87748,1
-30.38477,136.87748,1
-30.38477,136.87748,1
-30.38477,136.87748,1
-30.38477,136.87748,1
-30.38477,136.87748,1
-30.38477,136.87748,1
-30.38477,136.87748,1
-30.38477,136.87748,1
-30.38473,136.86089,1
-30.38472,136.87149,1
-30.38472,136.87149,1
-30.38472,136.87149,1
-30.38472,136.87149,1
-30.38472,136.87149,1
-30.38472,136.87149,1
-30.38472,136.87149,1
-30.38472,136.87149,1
-30.38472,136.87149,1
-30.38472,136.87149,1
-30.38472,136.87149,1
-30.38472,136.87149,1
-30.38472,136.87149,1
-30.38472,136.87149,1
-30.38467,136.90112,1
-30.38467,136.90112,1
-30.38467,136.90112,1
-30.38467,136.90112,1
-30.38467,136.90112,1
-30.38467,136.90112,1
-30.38467,136.90112,1
-30.38464,136.86052,1
-30.38461,136.86178,1
-30.38461,136.86178,1
-30.38461,136.86178,1
-30.38461,136.86178,1
-30.38459,136.90195,1
-30.38455,136.9015,1
-30.38454,136.90652,1
-30.38454,136.90652,1
-30.38454,136.90652,1
-30.38454,136.90652,1
-30.38454,136.90652,1
-30.38452,136.90134,1
-30.3845,136.90099,1
-30.3845,136.90099,1
-30.3845,136.90099,1
-30.3845,136.90099,1
-30.3845,136.90099,1
-30.3845,136.90099,1
-30.3845,136.90099,1
-30.3845,136.90099,1
-30.3845,136.90099,1
-30.3845,136.90099,1
-30.3845,136.90099,1
-30.3844,136.87909,1
-30.3844,136.87909,1
-30.3844,136.87909,1
-30.3844,136.87909,1
-30.3844,136.87909,1
-30.3844,136.87909,1
-30.3844,136.87909,1
-30.3844,136.87909,1
-30.3844,136.87909,1
-30.3844,136.87909,1
-30.3844,136.87909,1
-30.3844,136.87909,1
-30.3844,136.87909,1
-30.38439,136.90109,1
-30.38433,136.86046,1
-30.38411,136.88072,1
-30.38411,136.88072,1
-30.38411,136.88072,1
-30.38411,136.88072,1
-30.38411,136.88072,1
-30.38411,136.88072,1
-30.38411,136.88072,1
-30.38411,136.88072,1
-30.38411,136.88072,1
-30.38411,136.88072,1
-30.38411,136.88072,1
-30.38407,136.90813,1
-30.38407,136.84768,1
-30.38407,136.84768,1
-30.38407,136.84768,1
-30.38407,136.84768,1
-30.38407,136.84768,1
-30.38407,136.84768,1
-30.38407,136.84768,1
-30.38407,136.84768,1
-30.38407,136.84768,1
-30.38407,136.90813,1
-30.38407,136.84768,1
-30.38407,136.84768,1
-30.38407,136.84768,1
-30.38377,136.91692,1
-30.38377,136.91692,1
-30.38377,136.91692,1
-30.38377,136.91692,1
-30.38374,136.87504,1
-30.38374,136.87504,1
-30.38374,136.87504,1
-30.38374,136.87504,1
-30.38374,136.87504,1
-30.38374,136.87504,1
-30.38374,136.87504,1
-30.38374,136.87504,1
-30.38374,136.87504,1
-30.38374,136.87504,1
-30.38374,136.87504,1
-30.38374,136.87504,1
-30.38374,136.87504,1
-30.38374,136.87504,1
-30.38374,136.87504,1
-30.38374,136.87504,1
-30.38374,136.87504,1
-30.38374,136.87504,1
-30.38374,136.87504,1
-30.38374,136.87504,1
-30.38374,136.87504,1
-30.38374,136.87504,1
-30.38374,136.87504,1
-30.38374,136.87504,1
-30.38374,136.87504,1
-30.38374,136.87504,1
-30.38374,136.87504,1
-30.38374,136.87504,1
-30.38374,136.87504,1
-30.38374,136.87504,1
-30.38374,136.87504,1
-30.38374,136.87504,1
-30.38374,136.87504,1
-30.38374,136.87504,1
-30.38374,136.87504,1
-30.38374,136.87504,1
-30.38374,136.87504,1
-30.38374,136.87504,1
-30.38374,136.87504,1
-30.38374,136.87504,1
-30.38374,136.87504,1
-30.38374,136.87504,1
-30.38374,136.87504,1
-30.38374,136.87504,1
-30.38374,136.87504,1
-30.38374,136.87504,1
-30.38374,136.87504,1
-30.38374,136.87504,1
-30.38374,136.87504,1
-30.38374,136.87504,1
-30.38374,136.87504,1
-30.38374,136.87504,1
-30.38374,136.87504,1
-30.38374,136.87504,1
-30.38374,136.87504,1
-30.38374,136.87504,1
-30.38374,136.87504,1
-30.38374,136.87504,1
-30.38374,136.87504,1
-30.38374,136.87504,1
-30.38374,136.87504,1
-30.38374,136.87504,1
-30.38374,136.87504,1
-30.38374,136.87504,1
-30.38374,136.87504,1
-30.38374,136.87504,1
-30.38374,136.87504,1
-30.38374,136.87504,1
-30.38374,136.87504,1
-30.38374,136.87504,1
-30.38374,136.87504,1
-30.38374,136.87504,1
-30.38374,136.87504,1
-30.38374,136.87504,1
-30.38374,136.87504,1
-30.38374,136.87504,1
-30.38374,136.87504,1
-30.38374,136.87504,1
-30.38374,136.87504,1
-30.38374,136.87504,1
-30.38374,136.87504,1
-30.38374,136.87504,1
-30.38374,136.87504,1
-30.38374,136.87504,1
-30.38374,136.87504,1
-30.38374,136.87504,1
-30.38374,136.87504,1
-30.38374,136.87504,1
-30.38374,136.87504,1
-30.38374,136.87504,1
-30.38374,136.87504,1
-30.38374,136.87504,1
-30.38374,136.87504,1
-30.38374,136.87504,1
-30.38374,136.87504,1
-30.38374,136.87504,1
-30.38374,136.87504,1
-30.38374,136.87504,1
-30.38374,136.87504,1
-30.38374,136.87504,1
-30.38374,136.87504,1
-30.38374,136.87504,1
-30.38374,136.87504,1
-30.38374,136.87504,1
-30.38374,136.87504,1
-30.38374,136.87504,1
-30.38374,136.87504,1
-30.38374,136.87504,1
-30.38374,136.87504,1
-30.38374,136.87504,1
-30.38374,136.87504,1
-30.38374,136.87504,1
-30.38374,136.87504,1
-30.38374,136.87504,1
-30.38374,136.87504,1
-30.38374,136.87504,1
-30.38374,136.87504,1
-30.38373,136.85944,1
-30.38363,136.88228,1
-30.38363,136.88228,1
-30.38363,136.88228,1
-30.38363,136.88228,1
-30.38347,136.90011,1
-30.38347,136.90011,1
-30.38347,136.90011,1
-30.38347,136.90011,1
-30.38347,136.90011,1
-30.38347,136.90011,1
-30.38347,136.90011,1
-30.38347,136.90011,1
-30.38347,136.90011,1
-30.38347,136.90011,1
-30.38347,136.90011,1
-30.38347,136.90011,1
-30.38347,136.90011,1
-30.38347,136.90011,1
-30.38347,136.90011,1
-30.38347,136.90011,1
-30.38347,136.90011,1
-30.38347,136.90011,1
-30.38347,136.90011,1
-30.38347,136.90011,1
-30.38347,136.90011,1
-30.38347,136.90011,1
-30.38347,136.90011,1
-30.38347,136.90011,1
-30.38347,136.90011,1
-30.38347,136.90011,1
-30.38347,136.90011,1
-30.38347,136.90011,1
-30.38347,136.90011,1
-30.38347,136.90011,1
-30.38347,136.90011,1
-30.38347,136.90011,1
-30.38347,136.90011,1
-30.38347,136.90011,1
-30.38347,136.90011,1
-30.38347,136.90011,1
-30.38347,136.90011,1
-30.38347,136.90011,1
-30.38347,136.90011,1
-30.38347,136.90011,1
-30.38347,136.90011,1
-30.38347,136.90011,1
-30.38347,136.90011,1
-30.38347,136.90011,1
-30.38347,136.90011,1
-30.38347,136.90011,1
-30.38347,136.90011,1
-30.38347,136.90011,1
-30.38347,136.90011,1
-30.38347,136.90011,1
-30.38347,136.90011,1
-30.38347,136.90011,1
-30.38347,136.90011,1
-30.38347,136.90011,1
-30.38347,136.90011,1
-30.38347,136.90011,1
-30.38347,136.90011,1
-30.38347,136.90011,1
-30.38347,136.90011,1
-30.38347,136.90011,1
-30.38347,136.90011,1
-30.38347,136.90011,1
-30.3833,136.87143,1
-30.3833,136.87143,1
-30.3833,136.87143,1
-30.3833,136.87143,1
-30.3833,136.87143,1
-30.3833,136.87143,1
-30.3833,136.87143,1
-30.3833,136.87143,1
-30.3833,136.87143,1
-30.3833,136.87143,1
-30.38326,136.90016,1
-30.38326,136.90016,1
-30.38326,136.90016,1
-30.38326,136.90016,1
-30.38324,136.90018,1
-30.38324,136.90018,1
-30.38324,136.88334,1
-30.38324,136.90018,1
-30.38324,136.90018,1
-30.38324,136.90018,1
-30.38324,136.90018,1
-30.38324,136.90018,1
-30.38324,136.90018,1
-30.38324,136.90018,1
-30.38324,136.90018,1
-30.38324,136.90018,1
-30.38324,136.90018,1
-30.38324,136.90018,1
-30.38324,136.90018,1
-30.38324,136.90018,1
-30.38324,136.88334,1
-30.38324,136.90018,1
-30.38324,136.90018,1
-30.38324,136.90018,1
-30.38324,136.90018,1
-30.38316,136.88826,1
-30.38314,136.88384,1
-30.38314,136.88384,1
-30.38314,136.88384,1
-30.38314,136.88384,1
-30.38314,136.88384,1
-30.38314,136.88384,1
-30.38314,136.88384,1
-30.38314,136.88384,1
-30.38314,136.88384,1
-30.38314,136.88384,1
-30.38314,136.88384,1
-30.38314,136.88384,1
-30.38314,136.88384,1
-30.38314,136.88384,1
-30.38314,136.88384,1
-30.38311,136.89177,1
-30.3831,136.89316,1
-30.38305,136.89323,1
-30.38299,136.89024,1
-30.38296,136.91056,1
-30.38296,136.91056,1
-30.38296,136.91056,1
-30.38296,136.91056,1
-30.38296,136.91056,1
-30.38296,136.91056,1
-30.38292,136.91074,1
-30.38288,136.89758,1
-30.38288,136.89758,1
-30.38275,136.89791,1
-30.38272,136.89675,1
-30.38272,136.89596,1
-30.38264,136.84756,1
-30.38264,136.84756,1
-30.38264,136.84756,1
-30.38264,136.84756,1
-30.38264,136.84756,1
-30.38264,136.84756,1
-30.38264,136.84756,1
-30.38264,136.84756,1
-30.38264,136.84756,1
-30.38264,136.84756,1
-30.38264,136.84756,1
-30.38262,136.88538,1
-30.38262,136.88538,1
-30.38262,136.88538,1
-30.38262,136.88538,1
-30.38262,136.88538,1
-30.38262,136.88538,1
-30.38262,136.88538,1
-30.38262,136.88538,1
-30.38262,136.88538,1
-30.38262,136.88538,1
-30.38262,136.88538,1
-30.38259,136.89688,1
-30.38257,136.89688,1
-30.38252,136.90019,1
-30.38251,136.91185,1
-30.38248,136.89563,1
-30.38247,136.89583,1
-30.38245,136.91412,1
-30.38244,136.89585,1
-30.38243,136.91416,1
-30.38243,136.91416,1
-30.38243,136.91416,1
-30.38243,136.91416,1
-30.3824,136.89925,1
-30.38239,136.89897,1
-30.38238,136.89895,1
-30.38238,136.89914,1
-30.38236,136.8979,1
-30.38236,136.89748,1
-30.38234,136.91095,1
-30.38234,136.91095,1
-30.38234,136.89899,1
-30.38234,136.91095,1
-30.38234,136.91095,1
-30.38234,136.91095,1
-30.38231,136.89869,1
-30.38231,136.89919,1
-30.38229,136.89921,1
-30.38227,136.89925,1
-30.38227,136.89925,1
-30.38226,136.84755,1
-30.38225,136.89896,1
-30.38223,136.89781,1
-30.38223,136.89778,1
-30.38222,136.89794,1
-30.38222,136.8992,1
-30.38218,136.88694,1
-30.38218,136.88694,1
-30.38218,136.88694,1
-30.38218,136.88694,1
-30.38218,136.88694,1
-30.38218,136.88694,1
-30.38218,136.88694,1
-30.38218,136.88694,1
-30.38218,136.88694,1
-30.38218,136.88694,1
-30.38218,136.88694,1
-30.38218,136.88694,1
-30.38218,136.88694,1
-30.38218,136.88694,1
-30.38218,136.88694,1
-30.38214,136.89929,1
-30.38212,136.88769,1
-30.38212,136.88769,1
-30.38212,136.88769,1
-30.38212,136.88769,1
-30.38212,136.87366,1
-30.38206,136.89785,1
-30.38206,136.89785,1
-30.38206,136.89785,1
-30.38205,136.89785,1
-30.38205,136.89785,1
-30.38205,136.89785,1
-30.38205,136.89785,1
-30.38205,136.89785,1
-30.38205,136.89785,1
-30.38205,136.89785,1
-30.38205,136.89785,1
-30.38205,136.89785,1
-30.38205,136.89785,1
-30.38205,136.89785,1
-30.38204,136.85252,1
-30.38204,136.87372,1
-30.38204,136.86248,1
-30.38203,136.86267,1
-30.38203,136.89757,1
-30.38201,136.86251,1
-30.382,136.8736,1
-30.38199,136.89935,1
-30.38199,136.8958,1
-30.38199,136.89935,1
-30.38199,136.89935,1
-30.38199,136.89935,1
-30.38199,136.8958,1
-30.38199,136.8958,1
-30.38199,136.89935,1
-30.38199,136.89935,1
-30.38199,136.89935,1
-30.38199,136.89935,1
-30.38198,136.87265,1
-30.38198,136.8594,1
-30.38198,136.8594,1
-30.38197,136.85162,1
-30.38196,136.8731,1
-30.38195,136.88938,1
-30.38195,136.88938,1
-30.38195,136.88938,1
-30.38195,136.88938,1
-30.38195,136.88938,1
-30.38195,136.88938,1
-30.38195,136.88938,1
-30.38195,136.88938,1
-30.38195,136.88938,1
-30.38195,136.88938,1
-30.38195,136.88938,1
-30.38195,136.88938,1
-30.38194,136.86308,1
-30.38194,136.86308,1
-30.38194,136.88227,1
-30.38192,136.88218,1
-30.38191,136.8628,1
-30.38191,136.86173,1
-30.38191,136.86319,1
-30.38191,136.8628,1
-30.38191,136.8628,1
-30.38191,136.8628,1
-30.38191,136.8628,1
-30.38191,136.8628,1
-30.38191,136.8628,1
-30.38191,136.8628,1
-30.38191,136.8628,1
-30.38191,136.8628,1
-30.38191,136.8628,1
-30.38191,136.8628,1
-30.38191,136.8628,1
-30.38191,136.8628,1
-30.3819,136.89424,1
-30.38189,136.86446,1
-30.38189,136.85948,1
-30.38189,136.87441,1
-30.38189,136.87422,1
-30.38189,136.84753,1
-30.38189,136.88272,1
-30.38189,136.86446,1
-30.38189,136.86446,1
-30.38189,136.84753,1
-30.38189,136.89299,1
-30.38189,136.85875,1
-30.38189,136.89105,1
-30.38189,136.86446,1
-30.38189,136.85615,1
-30.38189,136.88272,1
-30.38189,136.89105,1
-30.38189,136.87441,1
-30.38189,136.89105,1
-30.38189,136.85615,1
-30.38189,136.85781,1
-30.38189,136.85781,1
-30.38189,136.88272,1
-30.38189,136.88272,1
-30.38189,136.88439,1
-30.38189,136.88272,1
-30.38189,136.89105,1
-30.38189,136.89105,1
-30.38189,136.88272,1
-30.38189,136.87939,1
-30.38189,136.85781,1
-30.38189,136.87939,1
-30.38189,136.88373,1
-30.38189,136.86446,1
-30.38189,136.85948,1
-30.38189,136.85615,1
-30.38189,136.87441,1
-30.38189,136.88439,1
-30.38189,136.88272,1
-30.38189,136.87441,1
-30.38189,136.88272,1
-30.38189,136.85948,1
-30.38189,136.85615,1
-30.38189,136.85781,1
-30.38189,136.86941,1
-30.38189,136.86446,1
-30.38189,136.89105,1
-30.38189,136.86941,1
-30.38189,136.89105,1
-30.38189,136.86941,1
-30.38189,136.85615,1
-30.38189,136.85781,1
-30.38189,136.88439,1
-30.38189,136.87939,1
-30.38189,136.85948,1
-30.38189,136.86941,1
-30.38189,136.86941,1
-30.38189,136.88439,1
-30.38189,136.84753,1
-30.38189,136.8868,1
-30.38189,136.85948,1
-30.38189,136.85948,1
-30.38189,136.85781,1
-30.38189,136.85781,1
-30.38189,136.86941,1
-30.38189,136.85615,1
-30.38189,136.85948,1
-30.38189,136.86941,1
-30.38189,136.85781,1
-30.38189,136.85781,1
-30.38189,136.85781,1
-30.38189,136.85781,1
-30.38189,136.88272,1
-30.38189,136.87441,1
-30.38189,136.86941,1
-30.38189,136.89105,1
-30.38189,136.85615,1
-30.38189,136.87319,1
-30.38189,136.86446,1
-30.38189,136.88439,1
-30.38189,136.86941,1
-30.38189,136.86446,1
-30.38189,136.88272,1
-30.38189,136.87939,1
-30.38189,136.86446,1
-30.38189,136.84753,1
-30.38189,136.86446,1
-30.38189,136.86446,1
-30.38189,136.86446,1
-30.38189,136.86941,1
-30.38189,136.87939,1
-30.38189,136.85615,1
-30.38189,136.86446,1
-30.38189,136.85615,1
-30.38189,136.85615,1
-30.38189,136.86941,1
-30.38189,136.85948,1
-30.38189,136.85948,1
-30.38189,136.87939,1
-30.38189,136.85948,1
-30.38189,136.89299,1
-30.38189,136.86446,1
-30.38189,136.85615,1
-30.38189,136.87939,1
-30.38189,136.89105,1
-30.38189,136.85615,1
-30.38189,136.85615,1
-30.38189,136.85781,1
-30.38189,136.86446,1
-30.38189,136.85615,1
-30.38189,136.89105,1
-30.38189,136.85948,1
-30.38189,136.87939,1
-30.38189,136.89105,1
-30.38189,136.87441,1
-30.38189,136.87441,1
-30.38189,136.87441,1
-30.38189,136.88272,1
-30.38189,136.85948,1
-30.38189,136.88439,1
-30.38189,136.86446,1
-30.38189,136.88439,1
-30.38189,136.88439,1
-30.38189,136.85615,1
-30.38189,136.88439,1
-30.38189,136.85781,1
-30.38189,136.85781,1
-30.38189,136.84753,1
-30.38189,136.85948,1
-30.38189,136.89105,1
-30.38189,136.88272,1
-30.38189,136.87939,1
-30.38189,136.87939,1
-30.38189,136.87441,1
-30.38189,136.85948,1
-30.38189,136.87441,1
-30.38189,136.85615,1
-30.38189,136.85781,1
-30.38189,136.87939,1
-30.38189,136.89105,1
-30.38189,136.88439,1
-30.38189,136.87441,1
-30.38189,136.86941,1
-30.38189,136.88439,1
-30.38188,136.88043,1
-30.38188,136.89437,1
-30.38188,136.87774,1
-30.38188,136.87274,1
-30.38188,136.86775,1
-30.38188,136.88605,1
-30.38188,136.86775,1
-30.38188,136.8977,1
-30.38188,136.88605,1
-30.38188,136.86608,1
-30.38188,136.86608,1
-30.38188,136.86114,1
-30.38188,136.89603,1
-30.38188,136.89603,1
-30.38188,136.88106,1
-30.38188,136.86775,1
-30.38188,136.89437,1
-30.38188,136.88605,1
-30.38188,136.88772,1
-30.38188,136.86775,1
-30.38188,136.86608,1
-30.38188,136.88106,1
-30.38188,136.85282,1
-30.38188,136.87774,1
-30.38188,136.86608,1
-30.38188,136.88772,1
-30.38188,136.87274,1
-30.38188,136.89437,1
-30.38188,136.88605,1
-30.38188,136.8977,1
-30.38188,136.84782,1
-30.38188,136.86608,1
-30.38188,136.88605,1
-30.38188,136.84782,1
-30.38188,136.86114,1
-30.38188,136.89603,1
-30.38188,136.89437,1
-30.38188,136.89437,1
-30.38188,136.89437,1
-30.38188,136.89271,1
-30.38188,136.87774,1
-30.38188,136.87274,1
-30.38188,136.88772,1
-30.38188,136.88532,1
-30.38188,136.88772,1
-30.38188,136.88106,1
-30.38188,136.88605,1
-30.38188,136.88605,1
-30.38188,136.88605,1
-30.38188,136.88043,1
-30.38188,136.89271,1
-30.38188,136.85282,1
-30.38188,136.86608,1
-30.38188,136.85282,1
-30.38188,136.87774,1
-30.38188,136.8977,1
-30.38188,136.84782,1
-30.38188,136.88106,1
-30.38188,136.84782,1
-30.38188,136.84782,1
-30.38188,136.89271,1
-30.38188,136.89437,1
-30.38188,136.8977,1
-30.38188,136.86775,1
-30.38188,136.87274,1
-30.38188,136.8977,1
-30.38188,136.8977,1
-30.38188,136.84782,1
-30.38188,136.89603,1
-30.38188,136.84782,1
-30.38188,136.86608,1
-30.38188,136.86775,1
-30.38188,136.88605,1
-30.38188,136.88772,1
-30.38188,136.88605,1
-30.38188,136.84782,1
-30.38188,136.86608,1
-30.38188,136.89437,1
-30.38188,136.88532,1
-30.38188,136.87774,1
-30.38188,136.86608,1
-30.38188,136.85282,1
-30.38188,136.88605,1
-30.38188,136.86114,1
-30.38188,136.87774,1
-30.38188,136.88772,1
-30.38188,136.88772,1
-30.38188,136.87274,1
-30.38188,136.88605,1
-30.38188,136.86775,1
-30.38188,136.89437,1
-30.38188,136.84782,1
-30.38188,136.87274,1
-30.38188,136.88532,1
-30.38188,136.89603,1
-30.38188,136.87774,1
-30.38188,136.89271,1
-30.38188,136.89603,1
-30.38188,136.89271,1
-30.38188,136.86114,1
-30.38188,136.89603,1
-30.38188,136.86114,1
-30.38188,136.87274,1
-30.38188,136.85282,1
-30.38188,136.89271,1
-30.38188,136.86608,1
-30.38188,136.88605,1
-30.38188,136.87274,1
-30.38188,136.89271,1
-30.38188,136.8977,1
-30.38188,136.88106,1
-30.38188,136.87274,1
-30.38188,136.8977,1
-30.38188,136.88772,1
-30.38188,136.89271,1
-30.38188,136.89271,1
-30.38188,136.89271,1
-30.38188,136.89603,1
-30.38188,136.88106,1
-30.38188,136.8977,1
-30.38188,136.86298,1
-30.38188,136.88106,1
-30.38188,136.85197,1
-30.38188,136.8977,1
-30.38188,136.87774,1
-30.38188,136.87394,1
-30.38188,136.85282,1
-30.38188,136.87774,1
-30.38188,136.87274,1
-30.38188,136.89603,1
-30.38188,136.89603,1
-30.38188,136.89437,1
-30.38188,136.89271,1
-30.38188,136.87394,1
-30.38188,136.88106,1
-30.38188,136.87423,1
-30.38188,136.86114,1
-30.38188,136.89603,1
-30.38188,136.88772,1
-30.38188,136.86775,1
-30.38188,136.88106,1
-30.38188,136.86608,1
-30.38188,136.86608,1
-30.38188,136.89603,1
-30.38188,136.89603,1
-30.38188,136.86775,1
-30.38188,136.89271,1
-30.38188,136.85197,1
-30.38188,136.89603,1
-30.38188,136.87394,1
-30.38188,136.86114,1
-30.38188,136.89603,1
-30.38188,136.88605,1
-30.38188,136.89271,1
-30.38188,136.8977,1
-30.38188,136.89437,1
-30.38188,136.89437,1
-30.38188,136.89437,1
-30.38188,136.87274,1
-30.38188,136.86608,1
-30.38188,136.86608,1
-30.38188,136.86608,1
-30.38188,136.89437,1
-30.38188,136.88772,1
-30.38188,136.88772,1
-30.38188,136.88043,1
-30.38188,136.86775,1
-30.38188,136.89603,1
-30.38188,136.88605,1
-30.38188,136.89271,1
-30.38188,136.89603,1
-30.38188,136.88106,1
-30.38188,136.86608,1
-30.38188,136.86608,1
-30.38188,136.86608,1
-30.38188,136.85282,1
-30.38188,136.84782,1
-30.38188,136.89437,1
-30.38188,136.88106,1
-30.38188,136.87774,1
-30.38188,136.89271,1
-30.38188,136.87774,1
-30.38188,136.89437,1
-30.38188,136.89437,1
-30.38188,136.86608,1
-30.38188,136.87774,1
-30.38188,136.86608,1
-30.38188,136.88605,1
-30.38188,136.84782,1
-30.38188,136.86114,1
-30.38188,136.89271,1
-30.38188,136.88532,1
-30.38187,136.84949,1
-30.38187,136.88274,1
-30.38187,136.85115,1
-30.38187,136.87607,1
-30.38187,136.87607,1
-30.38187,136.84949,1
-30.38187,136.85448,1
-30.38187,136.87607,1
-30.38187,136.87607,1
-30.38187,136.87607,1
-30.38187,136.85115,1
-30.38187,136.85448,1
-30.38187,136.84949,1
-30.38187,136.84949,1
-30.38187,136.84949,1
-30.38187,136.87607,1
-30.38187,136.87607,1
-30.38187,136.84949,1
-30.38187,136.85115,1
-30.38187,136.84949,1
-30.38187,136.84949,1
-30.38187,136.84949,1
-30.38187,136.87607,1
-30.38187,136.84949,1
-30.38187,136.84949,1
-30.38187,136.87607,1
-30.38187,136.85448,1
-30.38187,136.87607,1
-30.38187,136.85115,1
-30.38187,136.85448,1
-30.38187,136.85115,1
-30.38187,136.84949,1
-30.38187,136.85448,1
-30.38187,136.87607,1
-30.38187,136.84949,1
-30.38187,136.87607,1
-30.38187,136.87607,1
-30.38187,136.88278,1
-30.38187,136.87607,1
-30.38187,136.85448,1
-30.38187,136.87607,1
-30.38187,136.85448,1
-30.38187,136.85448,1
-30.38187,136.87607,1
-30.38187,136.85115,1
-30.38187,136.85448,1
-30.38187,136.85448,1
-30.38187,136.85115,1
-30.38187,136.85448,1
-30.38187,136.87607,1
-30.38187,136.85448,1
-30.38186,136.85957,1
-30.38186,136.87108,1
-30.38186,136.87108,1
-30.38186,136.87108,1
-30.38186,136.87108,1
-30.38186,136.8742,1
-30.38186,136.87108,1
-30.38186,136.87108,1
-30.38186,136.87108,1
-30.38186,136.87108,1
-30.38186,136.87108,1
-30.38186,136.87108,1
-30.38186,136.87108,1
-30.38185,136.88456,1
-30.38184,136.86158,1
-30.38184,136.85872,1
-30.38184,136.89803,1
-30.38184,136.86273,1
-30.38184,136.86158,1
-30.38184,136.86158,1
-30.38184,136.89803,1
-30.38184,136.86419,1
-30.38184,136.88456,1
-30.38184,136.86158,1
-30.38184,136.89803,1
-30.38184,136.85872,1
-30.38184,136.86419,1
-30.38184,136.86158,1
-30.38184,136.86158,1
-30.38184,136.88283,1
-30.38184,136.86158,1
-30.38184,136.86158,1
-30.38184,136.86158,1
-30.38184,136.86419,1
-30.38184,136.85164,1
-30.38184,136.86158,1
-30.38183,136.88453,1
-30.38183,136.86303,1
-30.38183,136.84549,1
-30.38183,136.84549,1
-30.38183,136.84549,1
-30.38183,136.84549,1
-30.38182,136.88452,1
-30.38182,136.89928,1
-30.38181,136.85213,1
-30.38181,136.88702,1
-30.38181,136.88702,1
-30.38181,136.88784,1
-30.38181,136.86299,1
-30.3818,136.86409,1
-30.3818,136.88785,1
-30.38179,136.8869,1
-30.38179,136.89814,1
-30.38179,136.85207,1
-30.38178,136.86411,1
-30.38178,136.8493,1
-30.38178,136.8869,1
-30.38178,136.8641,1
-30.38178,136.88706,1
-30.38178,136.88685,1
-30.38176,136.86309,1
-30.38176,136.85214,1
-30.38175,136.87912,1
-30.38175,136.88763,1
-30.38175,136.85953,1
-30.38175,136.88692,1
-30.38174,136.86168,1
-30.38174,136.85216,1
-30.38174,136.86168,1
-30.38174,136.861,1
-30.38174,136.86168,1
-30.38174,136.86168,1
-30.38173,136.86417,1
-30.38172,136.86739,1
-30.38172,136.86739,1
-30.381702,136.904012,1
-30.3817,136.85534,1
-30.3817,136.85534,1
-30.3817,136.89811,1
-30.3817,136.85534,1
-30.3817,136.85534,1
-30.38167,136.88591,1
-30.38167,136.88449,1
-30.38167,136.88598,1
-30.38167,136.88054,1
-30.38167,136.88592,1
-30.38166,136.88714,1
-30.38166,136.88601,1
-30.38165,136.886,1
-30.38165,136.88595,1
-30.38163,136.85449,1
-30.38163,136.85449,1
-30.38163,136.88589,1
-30.38162,136.86579,1
-30.38161,136.90565,1
-30.38161,136.90565,1
-30.38161,136.90565,1
-30.38161,136.90565,1
-30.38161,136.90565,1
-30.38159,136.86562,1
-30.38156,136.88082,1
-30.38152,136.90097,1
-30.38152,136.90097,1
-30.38152,136.90097,1
-30.38152,136.90097,1
-30.38149,136.88685,1
-30.38144,136.89394,1
-30.381367,136.900222,1
-30.38133,136.90075,1
-30.381328,136.90013,1
-30.38132,136.91687,1
-30.38126,136.90021,1
-30.38126,136.90021,1
-30.38126,136.90021,1
-30.38126,136.90021,1
-30.38126,136.90021,1
-30.38126,136.90021,1
-30.38126,136.90021,1
-30.38126,136.90021,1
-30.38126,136.90021,1
-30.38126,136.90021,1
-30.38126,136.90021,1
-30.38126,136.90021,1
-30.38126,136.90021,1
-30.38126,136.90021,1
-30.38126,136.90021,1
-30.38126,136.90021,1
-30.38126,136.90021,1
-30.38126,136.90021,1
-30.38126,136.90021,1
-30.38126,136.90021,1
-30.38124,136.9005,1
-30.38122,136.90031,1
-30.38122,136.90031,1
-30.38122,136.90031,1
-30.38122,136.90031,1
-30.38122,136.90031,1
-30.38122,136.90031,1
-30.38122,136.90031,1
-30.38122,136.90031,1
-30.38122,136.90031,1
-30.38122,136.90031,1
-30.38122,136.90031,1
-30.38122,136.90031,1
-30.38122,136.90031,1
-30.38122,136.90031,1
-30.38122,136.90031,1
-30.38115,136.89044,1
-30.38114,136.8673,1
-30.38112,136.84019,1
-30.38112,136.84019,1
-30.38112,136.84019,1
-30.38112,136.84019,1
-30.38112,136.84019,1
-30.38112,136.84019,1
-30.38098,136.84743,1
-30.38098,136.84743,1
-30.38098,136.84743,1
-30.38098,136.84743,1
-30.38098,136.84743,1
-30.38098,136.84743,1
-30.38098,136.84743,1
-30.38098,136.84743,1
-30.3809,136.8935,1
-30.380895,136.893203,1
-30.38064,136.89889,1
-30.38064,136.89889,1
-30.38064,136.89889,1
-30.38064,136.89889,1
-30.38064,136.89889,1
-30.38064,136.89889,1
-30.38064,136.89889,1
-30.38064,136.89889,1
-30.38064,136.89889,1
-30.38064,136.89889,1
-30.38064,136.89889,1
-30.38064,136.89889,1
-30.38064,136.89889,1
-30.380557,136.899976,1
-30.38048,136.84739,1
-30.38048,136.84739,1
-30.38048,136.84739,1
-30.38048,136.84739,1
-30.38048,136.84739,1
-30.38048,136.84739,1
-30.38048,136.84739,1
-30.38048,136.84739,1
-30.38048,136.84739,1
-30.38048,136.84739,1
-30.38048,136.84739,1
-30.38048,136.84739,1
-30.38048,136.84739,1
-30.38048,136.84739,1
-30.38048,136.84739,1
-30.37982,136.90409,1
-30.37977,136.84733,1
-30.37977,136.84733,1
-30.37977,136.84733,1
-30.37977,136.84733,1
-30.37977,136.84733,1
-30.37977,136.84733,1
-30.37977,136.84733,1
-30.37968,136.90342,1
-30.37955,136.84802,1
-30.37946,136.84811,1
-30.37944,136.84834,1
-30.37944,136.84851,1
-30.37943,136.84726,1
-30.37943,136.84726,1
-30.37943,136.84726,1
-30.37943,136.84726,1
-30.37943,136.84726,1
-30.37939,136.92468,1
-30.37935,136.84734,1
-30.37935,136.84734,1
-30.37932,136.8487,1
-30.37927,136.89832,1
-30.37927,136.89832,1
-30.37927,136.89832,1
-30.37927,136.89832,1
-30.37927,136.89832,1
-30.37927,136.89832,1
-30.37927,136.89832,1
-30.37927,136.89832,1
-30.37927,136.89832,1
-30.37927,136.89832,1
-30.37927,136.89832,1
-30.37927,136.89832,1
-30.37927,136.89832,1
-30.37927,136.89832,1
-30.37927,136.89832,1
-30.37925,136.92523,1
-30.37925,136.92523,1
-30.37925,136.92523,1
-30.37903,136.84727,1
-30.37903,136.84727,1
-30.37903,136.84727,1
-30.37903,136.84727,1
-30.37903,136.84727,1
-30.37903,136.84727,1
-30.37903,136.84727,1
-30.37903,136.84727,1
-30.37861,136.8411,1
-30.37861,136.8411,1
-30.37861,136.8411,1
-30.37861,136.8411,1
-30.37861,136.8411,1
-30.37794,136.84778,1
-30.37794,136.84778,1
-30.37794,136.84778,1
-30.37794,136.84778,1
-30.37794,136.84778,1
-30.37794,136.84778,1
-30.37794,136.84778,1
-30.37794,136.84778,1
-30.37794,136.84778,1
-30.37794,136.84778,1
-30.37794,136.84778,1
-30.37794,136.84778,1
-30.3779,136.89777,1
-30.3779,136.89777,1
-30.3779,136.89777,1
-30.3779,136.89777,1
-30.3779,136.89777,1
-30.3779,136.89777,1
-30.3779,136.89777,1
-30.3779,136.89777,1
-30.3779,136.89777,1
-30.3779,136.89777,1
-30.3779,136.89777,1
-30.3779,136.89777,1
-30.3779,136.89777,1
-30.3779,136.89777,1
-30.37787,136.925226,1
-30.37778,136.84629,1
-30.37778,136.84629,1
-30.37776,136.89775,1
-30.37776,136.89775,1
-30.37776,136.89775,1
-30.37776,136.89775,1
-30.37776,136.89775,1
-30.37776,136.89775,1
-30.37776,136.89775,1
-30.37772,136.90345,1
-30.37772,136.90345,1
-30.37741,136.84932,1
-30.37741,136.84932,1
-30.37741,136.84932,1
-30.37741,136.84932,1
-30.37741,136.84932,1
-30.37741,136.84932,1
-30.37741,136.84932,1
-30.37741,136.84932,1
-30.37741,136.84932,1
-30.37741,136.84932,1
-30.37687,136.85087,1
-30.37687,136.85087,1
-30.37687,136.85087,1
-30.37687,136.85087,1
-30.37687,136.85087,1
-30.37687,136.85087,1
-30.37687,136.85087,1
-30.37687,136.85087,1
-30.37687,136.85087,1
-30.37687,136.85087,1
-30.37673,136.85111,1
-30.37673,136.85111,1
-30.37673,136.85111,1
-30.37673,136.85111,1
-30.37673,136.85111,1
-30.37673,136.85111,1
-30.37673,136.85111,1
-30.37673,136.85111,1
-30.37673,136.85111,1
-30.37673,136.85111,1
-30.37673,136.85111,1
-30.37673,136.85111,1
-30.37673,136.85111,1
-30.37673,136.85111,1
-30.37673,136.85111,1
-30.37673,136.85111,1
-30.37653,136.89727,1
-30.37653,136.89727,1
-30.37653,136.89727,1
-30.37653,136.89727,1
-30.37653,136.89727,1
-30.37653,136.89727,1
-30.37653,136.89727,1
-30.37653,136.89727,1
-30.37653,136.89727,1
-30.37653,136.89727,1
-30.37653,136.89727,1
-30.37653,136.89727,1
-30.37653,136.89727,1
-30.37653,136.89727,1
-30.37653,136.89727,1
-30.37634,136.85242,1
-30.37634,136.85242,1
-30.37634,136.85242,1
-30.37634,136.85242,1
-30.37634,136.85242,1
-30.37634,136.85242,1
-30.37634,136.85242,1
-30.37634,136.85242,1
-30.37634,136.85242,1
-30.37634,136.85242,1
-30.37634,136.85242,1
-30.37634,136.85242,1
-30.37601,136.92522,1
-30.37601,136.89649,1
-30.37601,136.92522,1
-30.37601,136.92522,1
-30.37599,136.89709,1
-30.37599,136.89709,1
-30.37599,136.89709,1
-30.37599,136.89709,1
-30.37599,136.89709,1
-30.37599,136.89709,1
-30.37599,136.89709,1
-30.37599,136.89709,1
-30.37599,136.89709,1
-30.37599,136.89709,1
-30.37599,136.89709,1
-30.37594,136.84208,1
-30.37594,136.84208,1
-30.37594,136.84208,1
-30.37588,136.89649,1
-30.3758,136.85396,1
-30.3758,136.85396,1
-30.3758,136.85396,1
-30.3758,136.85396,1
-30.3758,136.85396,1
-30.3758,136.85396,1
-30.3758,136.85396,1
-30.3758,136.85396,1
-30.3758,136.85396,1
-30.3758,136.85396,1
-30.3758,136.85396,1
-30.37576,136.89655,1
-30.37575,136.89698,1
-30.37575,136.89698,1
-30.37575,136.89698,1
-30.37575,136.89698,1
-30.3757,136.89685,1
-30.37569,136.89723,1
-30.37566,136.89789,1
-30.37558,136.89687,1
-30.37527,136.85551,1
-30.37527,136.85551,1
-30.37527,136.85551,1
-30.37527,136.85551,1
-30.37527,136.85551,1
-30.37527,136.85551,1
-30.37527,136.85551,1
-30.37527,136.85551,1
-30.37525,136.89679,1
-30.37525,136.89679,1
-30.37525,136.89679,1
-30.37516,136.89677,1
-30.37516,136.89677,1
-30.37516,136.89677,1
-30.37516,136.89677,1
-30.37516,136.89677,1
-30.37516,136.89677,1
-30.37516,136.89677,1
-30.37516,136.89677,1
-30.37516,136.89677,1
-30.37516,136.89677,1
-30.37516,136.89677,1
-30.37488,136.8564,1
-30.37488,136.8564,1
-30.37488,136.8564,1
-30.37488,136.8564,1
-30.37488,136.8564,1
-30.37488,136.8564,1
-30.37488,136.8564,1
-30.37488,136.8564,1
-30.37488,136.8564,1
-30.37488,136.8564,1
-30.37488,136.8564,1
-30.37474,136.85705,1
-30.37474,136.85705,1
-30.37474,136.85705,1
-30.37474,136.85705,1
-30.37474,136.85705,1
-30.37474,136.85705,1
-30.37474,136.85705,1
-30.37474,136.85705,1
-30.37445,136.89656,1
-30.37444,136.89653,1
-30.37423,136.85877,1
-30.37423,136.85877,1
-30.37421,136.8586,1
-30.37421,136.8586,1
-30.37421,136.8586,1
-30.37421,136.8586,1
-30.37421,136.8586,1
-30.37421,136.8586,1
-30.37421,136.8586,1
-30.37421,136.8586,1
-30.37421,136.8586,1
-30.37421,136.8586,1
-30.37378,136.89629,1
-30.37378,136.89629,1
-30.37378,136.89629,1
-30.37378,136.89629,1
-30.37378,136.89629,1
-30.37378,136.89629,1
-30.37378,136.89629,1
-30.37378,136.89629,1
-30.37378,136.89629,1
-30.37378,136.89629,1
-30.37378,136.89629,1
-30.37368,136.86015,1
-30.37368,136.86015,1
-30.37368,136.86015,1
-30.37368,136.86015,1
-30.37368,136.86015,1
-30.37368,136.86015,1
-30.37368,136.86015,1
-30.37368,136.86015,1
-30.37368,136.86015,1
-30.37368,136.86015,1
-30.37368,136.86015,1
-30.37357,136.84296,1
-30.37357,136.84296,1
-30.37357,136.84296,1
-30.37357,136.84296,1
-30.37357,136.84296,1
-30.37357,136.84296,1
-30.37357,136.84296,1
-30.37357,136.84296,1
-30.37357,136.84296,1
-30.37357,136.84296,1
-30.37357,136.84296,1
-30.37342,136.86312,1
-30.37339,136.86319,1
-30.3732,136.86172,1
-30.3732,136.86172,1
-30.37315,136.8617,1
-30.37315,136.8617,1
-30.37315,136.8617,1
-30.37315,136.8617,1
-30.37315,136.8617,1
-30.37315,136.8617,1
-30.37315,136.8617,1
-30.37315,136.8617,1
-30.37315,136.8617,1
-30.37315,136.8617,1
-30.37315,136.8617,1
-30.37315,136.8617,1
-30.37314,136.86428,1
-30.37314,136.86428,1
-30.37278,136.89597,1
-30.37263,136.86326,1
-30.37263,136.86326,1
-30.37263,136.86326,1
-30.37263,136.86326,1
-30.37263,136.86326,1
-30.37263,136.86326,1
-30.37263,136.86326,1
-30.37263,136.86326,1
-30.37263,136.86326,1
-30.37263,136.86326,1
-30.37263,136.86326,1
-30.37263,136.86326,1
-30.37263,136.86326,1
-30.37258,136.86386,1
-30.37258,136.86386,1
-30.37258,136.86386,1
-30.37258,136.86386,1
-30.37258,136.86386,1
-30.37258,136.86386,1
-30.37258,136.86386,1
-30.37239,136.8958,1
-30.37239,136.8958,1
-30.37239,136.8958,1
-30.37239,136.8958,1
-30.37239,136.8958,1
-30.37239,136.8958,1
-30.37239,136.8958,1
-30.37239,136.8958,1
-30.37239,136.8958,1
-30.37236,136.86429,1
-30.37236,136.86429,1
-30.37236,136.86429,1
-30.37236,136.86429,1
-30.37236,136.86429,1
-30.37236,136.86429,1
-30.37235,136.86412,1
-30.37235,136.86412,1
-30.37235,136.86412,1
-30.37235,136.86412,1
-30.37235,136.86412,1
-30.37235,136.86412,1
-30.37235,136.86412,1
-30.37235,136.86412,1
-30.37235,136.86412,1
-30.37235,136.86412,1
-30.37235,136.86412,1
-30.37235,136.86412,1
-30.37235,136.86412,1
-30.37235,136.86412,1
-30.37235,136.86412,1
-30.37235,136.86412,1
-30.37228,136.86454,1
-30.37228,136.86454,1
-30.37228,136.86454,1
-30.37228,136.86487,1
-30.37228,136.86487,1
-30.37228,136.86454,1
-30.37228,136.86454,1
-30.37228,136.86487,1
-30.37228,136.86487,1
-30.37228,136.86487,1
-30.37228,136.86454,1
-30.37228,136.86487,1
-30.37228,136.86454,1
-30.37228,136.86487,1
-30.37228,136.86487,1
-30.37228,136.86487,1
-30.37228,136.86487,1
-30.37228,136.86487,1
-30.37228,136.86487,1
-30.37228,136.86487,1
-30.37228,136.86487,1
-30.37228,136.86487,1
-30.37228,136.86454,1
-30.37224,136.86553,1
-30.37224,136.86553,1
-30.37221,136.89577,1
-30.37221,136.89577,1
-30.37221,136.89577,1
-30.37221,136.89577,1
-30.37198,136.91052,1
-30.37198,136.91052,1
-30.37198,136.91052,1
-30.37198,136.91052,1
-30.37198,136.91052,1
-30.37198,136.91052,1
-30.37198,136.91052,1
-30.37198,136.91052,1
-30.37198,136.91052,1
-30.37198,136.91052,1
-30.37198,136.91052,1
-30.37198,136.91052,1
-30.37195,136.86649,1
-30.37195,136.86649,1
-30.37195,136.86649,1
-30.37195,136.86649,1
-30.37195,136.86649,1
-30.37195,136.86649,1
-30.37195,136.86649,1
-30.37195,136.86649,1
-30.37195,136.86649,1
-30.3718,136.87034,1
-30.3718,136.87034,1
-30.3718,136.87034,1
-30.3718,136.87034,1
-30.3718,136.87034,1
-30.3718,136.87034,1
-30.3718,136.87034,1
-30.3718,136.87034,1
-30.3718,136.87034,1
-30.3718,136.87034,1
-30.3718,136.87034,1
-30.3718,136.87034,1
-30.3718,136.87034,1
-30.3718,136.87034,1
-30.3718,136.87034,1
-30.3718,136.87034,1
-30.3718,136.87034,1
-30.3718,136.87034,1
-30.3718,136.87034,1
-30.3718,136.87034,1
-30.3718,136.87034,1
-30.3718,136.87034,1
-30.3718,136.87034,1
-30.3718,136.87034,1
-30.3718,136.87034,1
-30.3718,136.87034,1
-30.3718,136.87034,1
-30.3718,136.87034,1
-30.3718,136.87034,1
-30.3718,136.87034,1
-30.3718,136.87034,1
-30.3718,136.87034,1
-30.3718,136.87034,1
-30.3718,136.87034,1
-30.3718,136.87034,1
-30.3718,136.87034,1
-30.3718,136.87034,1
-30.3718,136.87034,1
-30.3718,136.87034,1
-30.3718,136.87034,1
-30.37179,136.86047,1
-30.37179,136.86047,1
-30.37179,136.86047,1
-30.37179,136.86047,1
-30.37179,136.86047,1
-30.37179,136.86047,1
-30.37179,136.86047,1
-30.37179,136.86047,1
-30.37179,136.86047,1
-30.37179,136.86047,1
-30.37179,136.86047,1
-30.37179,136.86047,1
-30.37179,136.86047,1
-30.37179,136.86047,1
-30.37179,136.86047,1
-30.37179,136.86047,1
-30.37179,136.86047,1
-30.37167,136.86882,1
-30.37161,136.86811,1
-30.37161,136.86811,1
-30.37161,136.86811,1
-30.37161,136.86811,1
-30.37161,136.86811,1
-30.37161,136.86811,1
-30.37161,136.86811,1
-30.37161,136.86811,1
-30.37161,136.86811,1
-30.37161,136.86811,1
-30.37161,136.86811,1
-30.37161,136.86811,1
-30.3714,136.86895,1
-30.3714,136.86895,1
-30.3714,136.86895,1
-30.3714,136.86895,1
-30.3714,136.86895,1
-30.3714,136.86895,1
-30.3714,136.86895,1
-30.3714,136.86895,1
-30.3714,136.86895,1
-30.3714,136.86895,1
-30.3714,136.86895,1
-30.3714,136.86895,1
-30.3714,136.86895,1
-30.3714,136.86895,1
-30.3714,136.86895,1
-30.3714,136.86895,1
-30.3714,136.86895,1
-30.37128,136.86972,1
-30.37128,136.86972,1
-30.37128,136.86972,1
-30.37128,136.86972,1
-30.37128,136.86972,1
-30.37128,136.86972,1
-30.37128,136.86972,1
-30.37112,136.8712,1
-30.37112,136.8712,1
-30.37112,136.8712,1
-30.37112,136.8712,1
-30.37112,136.8712,1
-30.37102,136.8717,1
-30.37102,136.8717,1
-30.37101,136.89532,1
-30.37101,136.89532,1
-30.37101,136.89532,1
-30.37101,136.89532,1
-30.37101,136.89532,1
-30.37101,136.89532,1
-30.37101,136.89532,1
-30.37101,136.89532,1
-30.37101,136.89532,1
-30.37101,136.89532,1
-30.371,136.87136,1
-30.371,136.87136,1
-30.371,136.87136,1
-30.371,136.87136,1
-30.371,136.87136,1
-30.371,136.87136,1
-30.371,136.87136,1
-30.371,136.87136,1
-30.371,136.87136,1
-30.371,136.87136,1
-30.37075,136.873,1
-30.37075,136.873,1
-30.37075,136.873,1
-30.37075,136.873,1
-30.37075,136.873,1
-30.37075,136.873,1
-30.37075,136.873,1
-30.3705,136.87464,1
-30.3705,136.87464,1
-30.3705,136.87464,1
-30.3705,136.87464,1
-30.3705,136.87464,1
-30.3705,136.87464,1
-30.3705,136.87464,1
-30.3705,136.87464,1
-30.3705,136.87464,1
-30.3705,136.87464,1
-30.3705,136.87464,1
-30.37048,136.88873,1
-30.37048,136.88873,1
-30.37048,136.88873,1
-30.37048,136.88873,1
-30.37048,136.88873,1
-30.37048,136.88873,1
-30.37024,136.87628,1
-30.37024,136.87628,1
-30.37024,136.87628,1
-30.37024,136.87628,1
-30.37024,136.87628,1
-30.37024,136.87628,1
-30.37024,136.87628,1
-30.37024,136.87628,1
-30.36979,136.87758,1
-30.36979,136.87758,1
-30.36979,136.87758,1
-30.36979,136.87758,1
-30.36979,136.87758,1
-30.36979,136.87758,1
-30.36979,136.87758,1
-30.36979,136.87758,1
-30.36979,136.87758,1
-30.36973,136.8778,1
-30.36973,136.8778,1
-30.36973,136.87784,1
-30.36973,136.8778,1
-30.36973,136.8778,1
-30.36973,136.8778,1
-30.36973,136.8778,1
-30.36973,136.87784,1
-30.36973,136.8778,1
-30.36973,136.8778,1
-30.36973,136.8778,1
-30.36973,136.8778,1
-30.36972,136.84358,1
-30.36968,136.89489,1
-30.36968,136.89489,1
-30.36968,136.89489,1
-30.36968,136.89489,1
-30.36968,136.89489,1
-30.36968,136.89489,1
-30.36968,136.89489,1
-30.36968,136.89489,1
-30.36964,136.89483,1
-30.36964,136.89483,1
-30.36964,136.89483,1
-30.36964,136.89483,1
-30.36964,136.89483,1
-30.36964,136.89483,1
-30.36964,136.89483,1
-30.36964,136.89483,1
-30.36941,136.89479,1
-30.36941,136.89479,1
-30.36941,136.89479,1
-30.36941,136.89479,1
-30.36941,136.89479,1
-30.36941,136.89479,1
-30.36941,136.89479,1
-30.36941,136.89479,1
-30.36896,136.8792,1
-30.36896,136.8792,1
-30.36896,136.8792,1
-30.36896,136.8792,1
-30.36896,136.8792,1
-30.36896,136.8792,1
-30.36896,136.8792,1
-30.36896,136.8792,1
-30.36896,136.8792,1
-30.36826,136.89433,1
-30.36826,136.89433,1
-30.36826,136.89433,1
-30.36826,136.89433,1
-30.36826,136.89433,1
-30.36826,136.89433,1
-30.36826,136.89433,1
-30.36826,136.89433,1
-30.36826,136.89433,1
-30.36826,136.89433,1
-30.36826,136.89433,1
-30.36826,136.89433,1
-30.36826,136.89433,1
-30.36819,136.88061,1
-30.36819,136.88061,1
-30.36819,136.88061,1
-30.36819,136.88061,1
-30.36819,136.88061,1
-30.36819,136.88061,1
-30.36819,136.88061,1
-30.36819,136.88061,1
-30.36819,136.88061,1
-30.36819,136.88061,1
-30.36812,136.89212,1
-30.36801,136.89429,1
-30.36799,136.89381,1
-30.36797,136.89267,1
-30.36792,136.89406,1
-30.3679,136.89421,1
-30.36789,136.89269,1
-30.36789,136.89267,1
-30.36784,136.91224,1
-30.36784,136.91224,1
-30.36784,136.91224,1
-30.36784,136.91224,1
-30.36784,136.91224,1
-30.36784,136.91224,1
-30.36774,136.85758,1
-30.36774,136.85758,1
-30.36757,136.85763,1
-30.36757,136.85763,1
-30.36757,136.85763,1
-30.36757,136.85763,1
-30.36757,136.85763,1
-30.36757,136.85763,1
-30.36742,136.88202,1
-30.36742,136.88202,1
-30.36742,136.88202,1
-30.36742,136.88202,1
-30.36742,136.88202,1
-30.36742,136.88202,1
-30.36742,136.88202,1
-30.36742,136.88202,1
-30.36742,136.88202,1
-30.36742,136.88202,1
-30.36742,136.88202,1
-30.36716,136.89346,1
-30.36716,136.89346,1
-30.36716,136.89346,1
-30.36716,136.89346,1
-30.36716,136.89346,1
-30.36716,136.89346,1
-30.36716,136.89346,1
-30.36716,136.89346,1
-30.36716,136.89346,1
-30.36716,136.89346,1
-30.36716,136.89346,1
-30.36716,136.89346,1
-30.36716,136.89346,1
-30.36716,136.89346,1
-30.36716,136.89346,1
-30.36679,136.92295,1
-30.3667,136.89266,1
-30.3667,136.89266,1
-30.3667,136.89266,1
-30.3667,136.89266,1
-30.3667,136.89266,1
-30.3667,136.89266,1
-30.3667,136.89266,1
-30.3667,136.89266,1
-30.36665,136.88343,1
-30.36665,136.88343,1
-30.36665,136.88343,1
-30.36665,136.88343,1
-30.36665,136.88343,1
-30.36665,136.88343,1
-30.36665,136.88343,1
-30.36665,136.88343,1
-30.36665,136.88343,1
-30.36665,136.88343,1
-30.36647,136.892,1
-30.36647,136.892,1
-30.36647,136.892,1
-30.36647,136.892,1
-30.36647,136.892,1
-30.36647,136.892,1
-30.36647,136.892,1
-30.36647,136.892,1
-30.36636,136.89166,1
-30.36589,136.88484,1
-30.36589,136.88484,1
-30.36589,136.88484,1
-30.36589,136.88484,1
-30.36589,136.88484,1
-30.36589,136.88484,1
-30.36589,136.88484,1
-30.36589,136.88484,1
-30.36577,136.89054,1
-30.36577,136.89054,1
-30.36577,136.89054,1
-30.36577,136.89054,1
-30.36577,136.89054,1
-30.36577,136.89054,1
-30.36577,136.89054,1
-30.36577,136.89054,1
-30.36577,136.89054,1
-30.36577,136.89054,1
-30.36567,136.85747,1
-30.36567,136.85747,1
-30.36567,136.85747,1
-30.36567,136.85747,1
-30.36567,136.85747,1
-30.36567,136.85747,1
-30.36563,136.84413,1
-30.36563,136.84413,1
-30.36563,136.84413,1
-30.36563,136.84413,1
-30.36563,136.84413,1
-30.36563,136.84413,1
-30.36563,136.84413,1
-30.36563,136.84413,1
-30.36563,136.84413,1
-30.36524,136.84422,1
-30.36524,136.84422,1
-30.36524,136.84422,1
-30.36513,136.8862,1
-30.36513,136.8862,1
-30.36513,136.8862,1
-30.36513,136.8862,1
-30.36513,136.8862,1
-30.36513,136.8862,1
-30.36513,136.8862,1
-30.36513,136.8862,1
-30.36513,136.8862,1
-30.36513,136.8862,1
-30.36513,136.8862,1
-30.36513,136.8862,1
-30.36508,136.88908,1
-30.36508,136.88908,1
-30.36508,136.88908,1
-30.36508,136.88908,1
-30.36438,136.88762,1
-30.36438,136.88762,1
-30.36438,136.88762,1
-30.36438,136.88762,1
-30.36438,136.88762,1
-30.36438,136.88762,1
-30.36438,136.88762,1
-30.36438,136.88762,1
-30.36438,136.88762,1
-30.36438,136.88762,1
-30.36438,136.88762,1
-30.36438,136.88762,1
-30.36369,136.92505,1
-30.36369,136.92505,1
-30.36369,136.92505,1
-30.36369,136.92505,1
-30.36369,136.92505,1
-30.36369,136.92505,1
-30.36278,136.84461,1
-30.36278,136.84461,1
-30.36173,136.88622,1
-30.36173,136.88622,1
-30.36173,136.88622,1
-30.36135,136.8862,1
-30.36135,136.8862,1
-30.36135,136.8862,1
-30.36135,136.8862,1
-30.36135,136.8862,1
-30.36135,136.8862,1
-30.36135,136.8862,1
-30.36095,136.88568,1
-30.36095,136.88568,1
-30.36095,136.88568,1
-30.36095,136.88568,1
-30.36095,136.88568,1
-30.36095,136.88568,1
-30.36054,136.90653,1
-30.36054,136.90653,1
-30.36054,136.90653,1
-30.36051,136.90858,1
-30.36051,136.90858,1
-30.35977,136.88393,1
-30.35977,136.88393,1
-30.35977,136.88393,1
-30.35972,136.90361,1
-30.35963,136.90407,1
-30.35963,136.90407,1
-30.35963,136.90407,1
-30.35963,136.90407,1
-30.35963,136.90407,1
-30.35951,136.88388,1
-30.35951,136.88388,1
-30.35951,136.88388,1
-30.35951,136.88388,1
-30.35951,136.88388,1
-30.35951,136.88388,1
-30.35951,136.88388,1
-30.35951,136.88388,1
-30.35951,136.88388,1
-30.35951,136.88388,1
-30.35951,136.88388,1
-30.35951,136.88388,1
-30.35951,136.88388,1
-30.35951,136.88388,1
-30.35951,136.88388,1
-30.35951,136.88388,1
-30.35951,136.88388,1
-30.35951,136.88388,1
-30.35951,136.88388,1
-30.35951,136.88388,1
-30.35951,136.88388,1
-30.35951,136.88388,1
-30.35951,136.88388,1
-30.35854,136.90622,1
-30.35854,136.90622,1
-30.35836,136.89178,1
-30.35836,136.90912,1
-30.35836,136.90912,1
-30.35836,136.90912,1
-30.35836,136.90912,1
-30.35836,136.89178,1
-30.35835,136.90956,1
-30.35835,136.90956,1
-30.35835,136.90956,1
-30.35835,136.90956,1
-30.35835,136.90956,1
-30.35835,136.90956,1
-30.35815,136.88357,1
-30.35815,136.88357,1
-30.35815,136.88357,1
-30.35815,136.88357,1
-30.35806,136.91058,1
-30.35735,136.90788,1
-30.35735,136.90788,1
-30.35638,136.87496,1
-30.35638,136.87496,1
-30.35635,136.91329,1
-30.3555,136.85976,1
-30.35537,136.86837,1
-30.35537,136.86837,1
-30.35537,136.86837,1
-30.35537,136.86837,1
-30.35537,136.86837,1
-30.35537,136.86837,1
-30.35537,136.86837,1
-30.35537,136.86837,1
-30.35537,136.86837,1
-30.35537,136.86837,1
-30.35537,136.86837,1
-30.35537,136.86837,1
-30.35537,136.86837,1
-30.35523,136.87075,1
-30.35523,136.86745,1
-30.35523,136.87075,1
-30.35523,136.86745,1
-30.35523,136.87075,1
-30.35523,136.87075,1
-30.35523,136.86745,1
-30.35522,136.87019,1
-30.35522,136.87019,1
-30.35522,136.87019,1
-30.35522,136.87019,1
-30.35521,136.86699,1
-30.35521,136.86699,1
-30.35521,136.86699,1
-30.35521,136.86699,1
-30.35515,136.87184,1
-30.35515,136.87184,1
-30.35515,136.87184,1
-30.35515,136.87184,1
-30.35515,136.87184,1
-30.35515,136.87184,1
-30.35515,136.87184,1
-30.35515,136.87184,1
-30.35515,136.87184,1
-30.35515,136.87184,1
-30.35515,136.87184,1
-30.35515,136.87184,1
-30.35513,136.88214,1
-30.35513,136.88214,1
-30.35513,136.88214,1
-30.35513,136.88214,1
-30.35513,136.88214,1
-30.35513,136.88214,1
-30.35492,136.88194,1
-30.35483,136.87646,1
-30.35483,136.87646,1
-30.35483,136.87646,1
-30.35483,136.87646,1
-30.35483,136.87646,1
-30.35483,136.87646,1
-30.35483,136.87646,1
-30.35483,136.87646,1
-30.35483,136.87646,1
-30.35483,136.87646,1
-30.35483,136.87646,1
-30.35483,136.87646,1
-30.35483,136.87646,1
-30.35483,136.87646,1
-30.35483,136.87646,1
-30.35468,136.86439,1
-30.35456,136.88171,1
-30.35456,136.88171,1
-30.35456,136.88171,1
-30.35456,136.88171,1
-30.35456,136.88171,1
-30.35456,136.88171,1
-30.35456,136.88171,1
-30.35456,136.88171,1
-30.35456,136.88171,1
-30.35456,136.88171,1
-30.35453,136.85805,1
-30.35453,136.85805,1
-30.35453,136.85805,1
-30.35453,136.85805,1
-30.35453,136.85805,1
-30.35453,136.85805,1
-30.35453,136.85805,1
-30.35453,136.85805,1
-30.35453,136.85805,1
-30.35453,136.85805,1
-30.35453,136.85805,1
-30.35453,136.85805,1
-30.35453,136.85805,1
-30.35453,136.85805,1
-30.35442,136.85622,1
-30.35442,136.85622,1
-30.35442,136.85622,1
-30.35442,136.85622,1
-30.35442,136.85622,1
-30.35442,136.85622,1
-30.35442,136.85622,1
-30.35442,136.85622,1
-30.35442,136.85622,1
-30.35442,136.85622,1
-30.35442,136.85622,1
-30.35442,136.85622,1
-30.35442,136.85622,1
-30.35442,136.85622,1
-30.35442,136.85622,1
-30.35437,136.84969,1
-30.35402,136.84923,1
-30.35402,136.84923,1
-30.35402,136.84923,1
-30.35402,136.84923,1
-30.35402,136.84923,1
-30.35402,136.84923,1
-30.35402,136.84923,1
-30.35402,136.84923,1
-30.35402,136.84923,1
-30.35402,136.84923,1
-30.35332,136.8923,1
-30.3532,136.89211,1
-30.3532,136.89211,1
-30.3532,136.89211,1
-30.3532,136.89211,1
-30.3532,136.89211,1
-30.35096,136.92265,1
-30.35096,136.92265,1
-30.35096,136.92265,1
-30.34914,136.85231,1
-30.34705,136.92279,1
-30.34705,136.92279,1
-30.34705,136.92279,1
-30.34705,136.92279,1
-30.34705,136.92279,1
-30.34705,136.92279,1
-30.34705,136.92279,1
-30.34705,136.92279,1
-30.34705,136.92279,1
-30.34705,136.92279,1
-30.34705,136.92279,1
-30.34647,136.92481,1
-30.34647,136.92481,1
-30.34532,136.89765,1
-30.34532,136.89765,1
-30.34532,136.89765,1
-30.345,136.89765,1
-30.345,136.89765,1
-30.345,136.89765,1
-30.345,136.89765,1
-30.345,136.89765,1
-30.345,136.89765,1
-30.34422,136.92198,1
-30.34422,136.92198,1
-30.34422,136.92198,1
-30.34422,136.92198,1
-30.34422,136.92198,1
-30.34422,136.92198,1
-30.34422,136.92198,1
-30.34422,136.92198,1
-30.34422,136.92198,1
-30.34422,136.92198,1
-30.34422,136.92198,1
-30.34422,136.92198,1
-30.34422,136.92198,1
-30.34422,136.92198,1
-30.34158,136.92382,1
-30.34158,136.92382,1
-30.34158,136.92382,1
-30.34158,136.92382,1
-30.34158,136.92382,1
-30.34158,136.92382,1
-30.34158,136.92382,1
-30.34158,136.92382,1
-30.34158,136.92382,1
-30.34158,136.92382,1
-30.34048,136.92476,1
-30.33962,136.92471,1
-30.33962,136.92471,1
-30.33765,136.89731,1
-30.33759,136.89737,1
-30.33759,136.89737,1
-30.33694,136.85132,1
-30.32459,136.88799,1
-30.32459,136.88799,1
-30.32459,136.88799,1
-30.32459,136.88799,1
-30.31098,136.90328,1
-30.31098,136.90328,1
-30.31098,136.90328,1
-30.31098,136.90328,1
-30.31098,136.90328,1
-30.31098,136.90328,1
-30.31098,136.90328,1
-30.31098,136.90328,1
-30.31098,136.90328,1
-30.31098,136.90328,1
-30.31098,136.90328,1
-30.31098,136.90328,1
-30.31098,136.90328,1
-30.31098,136.90328,1
-30.31098,136.90328,1
-30.31098,136.90328,1
-30.31098,136.90328,1
-30.31098,136.90328,1
-30.31098,136.90328,1
-30.31098,136.90328,1
-30.31098,136.90328,1
-30.31098,136.90328,1
-30.31098,136.90328,1
-30.31098,136.90328,1
-30.31098,136.90328,1
-30.31098,136.90328,1
-30.31098,136.90328,1
-30.31098,136.90328,1
-30.31098,136.90328,1
-30.31098,136.90328,1
-30.31098,136.90328,1
-30.31098,136.90328,1
-30.31098,136.90328,1
-30.31098,136.90328,1
-30.31098,136.90328,1
-30.31098,136.90328,1
-30.31098,136.90328,1
-30.31098,136.90328,1
-30.31098,136.90328,1
-30.31098,136.90328,1
-30.31098,136.90328,1
-30.31098,136.90328,1
-30.31098,136.90328,1
-30.31098,136.90328,1
-30.31098,136.90328,1
-30.31098,136.90328,1
-30.31098,136.90328,1
-30.31098,136.90328,1
-30.31098,136.90328,1
-30.31098,136.90328,1
-30.31098,136.90328,1
-30.31098,136.90328,1
-30.31098,136.90328,1
-30.31098,136.90328,1
-30.31098,136.90328,1
-30.31098,136.90328,1
-30.31098,136.90328,1
-30.31098,136.90328,1
-30.31098,136.90328,1
-30.31098,136.90328,1
-30.31098,136.90328,1
-30.31098,136.90328,1
-30.31098,136.90328,1
-30.31098,136.90328,1
-30.31098,136.90328,1
-30.31098,136.90328,1
-30.31098,136.90328,1
-30.31098,136.90328,1
-30.31098,136.90328,1
-30.31098,136.90328,1
-30.31098,136.90328,1
-30.31098,136.90328,1
-30.31098,136.90328,1
-30.31098,136.90328,1
-30.31098,136.90328,1
-30.31098,136.90328,1
-30.31098,136.90328,1
-30.31098,136.90328,1
-30.31098,136.90328,1
-30.31098,136.90328,1
-30.31098,136.90328,1
-30.31098,136.90328,1
-30.31098,136.90328,1
-30.31098,136.90328,1
-30.31098,136.90328,1
-30.31098,136.90328,1
-30.31098,136.90328,1
-30.31098,136.90328,1
-30.31098,136.90328,1
-30.31098,136.90328,1
-30.31098,136.90328,1
-30.31098,136.90328,1
-30.31098,136.90328,1
-30.31098,136.90328,1
-30.31098,136.90328,1
-30.31098,136.90328,1
-30.31098,136.90328,1
-30.31098,136.90328,1
-30.31098,136.90328,1
-30.31098,136.90328,1
-30.31098,136.90328,1
-30.31098,136.90328,1
-30.31098,136.90328,1
-30.31098,136.90328,1
-30.31098,136.90328,1
-30.31098,136.90328,1
-30.31098,136.90328,1
-30.31098,136.90328,1
-30.31098,136.90328,1
-30.31098,136.90328,1
-30.31098,136.90328,1
-30.31098,136.90328,1
-30.31098,136.90328,1
-30.31098,136.90328,1
-30.31098,136.90328,1
-30.31098,136.90328,1
-30.31098,136.90328,1
-30.31098,136.90328,1
-30.31098,136.90328,1
-30.31098,136.90328,1
-30.31098,136.90328,1
-30.31098,136.90328,1
-30.31098,136.90328,1
-30.31098,136.90328,1
-30.29942,136.87291,1
-30.28748,136.90678,1
-30.2665,136.93116,1
-30.2665,136.93116,1
-30.2665,136.93116,1
-30.2665,136.93116,1
-30.2665,136.93116,1
-30.2665,136.93116,1
-30.2665,136.93116,1
-30.2665,136.93116,1
-30.2665,136.93116,1
-30.2665,136.93116,1
-30.2665,136.93116,1
-30.2665,136.93116,1
-30.2665,136.93116,1
-30.2665,136.93116,1
-30.2665,136.93116,1
-30.2665,136.93116,1
-30.2665,136.93116,1
-30.2665,136.93116,1
-30.2665,136.93116,1
-30.2665,136.93116,1
-30.2665,136.93116,1
-30.2665,136.93116,1
-30.2665,136.93116,1
-30.2665,136.93116,1
-30.2665,136.93116,1
-30.25675,136.90656,1
-30.25675,136.90656,1
-30.2453,136.93457,1
-30.2453,136.93457,1
-30.15777,137.01485,1
-30.083334,145.93333,1
-30.083334,145.93333,1
-30.083334,145.93333,1
-30.008333,127.033333,1
-29.4667,134.45,1
-29.466667,134.416667,1
-29,132,1
-29,132,1
-26.88333,132.25,1
-26.6667,132.5,1
-26.6667,132.5,1
-26.6667,132.5,1
-26.6667,132.5,1
-26.6667,132.5,1
-26.6667,132.5,1
-26.6667,132.5,1
-26.6667,132.5,1
-26.48333,131.88333,1
-26.4,146.233333,1
-26.4,146.233333,1
-26.4,146.233333,1
-26.4,146.233333,1
-26.4,146.233333,1
-26.4,146.233333,1
-26.4,146.233333,1
-26.4,146.233333,1
-26.4,146.233333,1
-26.4,146.233333,1
-26.4,146.233333,1
-26.398333,145.251111,1
-26.21667,121.33333,1
-26.21667,121.33333,1
-26.21667,121.33333,1
-26.21667,121.33333,1
-26.21667,121.33333,1
-26.196389,121.349167,1
-26.162884,132.02391,1
-26.1,113.3,1
-25.8538395,113.8958573,1
-25.819167,113.019722,1
-25.48333,131.88333,1
-25.48333,131.88333,1
-25.480678,132.890462,1
-25.4572,132.3152,1
-25.45578,132.316499,1
-25.381225,132.625986,1
-25.3333,131,1
-25.2,113.1,1
-25.2,113.1,1
-25.2,113.1,1
-25.2,113.1,1
-25.2,113.1,1
-25.2,113.1,1
-25.2,113.1,1
-25.1432816,113.1044631,1
-25.1,113.1,1
-25.1,113.1,1
-25.1,113.1,1
-25.1,113.1,1
-25.1,113.1,1
-25.1,113.1,1
-25.1,113.1,1
-25.1,113,1
-25.1,113.1,1
-25.1,113.1,1
-25.1,113.1,1
-25.1,113.1,1
-25.1,113.1,1
-25.1,113.1,1
-25.1,113.2,1
-25.1,113.1,1
-25.1,113.1,1
-25.1,113.1,1
-25.1,113.1,1
-25.1,113.1,1
-25.0821703,113.0511297,1
-25,121,1
-25,113.1,1
-25,113.1,1
-25,113.1,1
-25,113.1,1
-25,113.1,1
-25,113.1,1
-25,113.1,1
-25,113.1,1
-25,113.1,1
-25,113.1,1
-25,113.1,1
-25,113.1,1
-25,113.1,1
-25,113.1,1
-25,113.1,1
-25,113.1,1
-25,113.1,1
-25,113.1,1
-24.9,113.1,1
-24.9,113.1,1
-24.9,113.1,1
-24.9,113.1,1
-24.9,113.1,1
-24.87,113.13,1
-24.87,113.13,1
-24.87,113.13,1
-24.8667,113.1333,1
-24.8667,113.1333,1
-24.866667,113.133333,1
-24.85,127.9,1
-24.8468906,113.140017,1
-24.831907,129.084621,1
-24.831905,129.251319,1
-24.8,113.2,1
-24.8,113.2,1
-24.8,113.2,1
-24.8,113.2,1
-24.8,113.2,1
-24.8,113.2,1
-24.8,113.2,1
-24.8,113.2,1
-24.8,113.2,1
-24.8,113.2,1
-24.8,113.2,1
-24.8,113.2,1
-24.8,113.2,1
-24.8,113.2,1
-24.8,113.2,1
-24.8,113.2,1
-24.8,113.2,1
-24.8,113.2,1
-24.8,113.2,1
-24.8,113.2,1
-24.8,113.2,1
-24.8,113.2,1
-24.8,113.2,1
-24.8,113.2,1
-24.8,113.2,1
-24.8,113.2,1
-24.8,113.2,1
-24.8,113.2,1
-24.8,113.2,1
-24.8,113.2,1
-24.8,113.2,1
-24.8,113.2,1
-24.8,113.2,1
-24.8,113.2,1
-24.8,113,1
-24.8,113.2,1
-24.8,113.2,1
-24.8,113.2,1
-24.5,112,1
-24.3763,131.5349,1
-24.374884,131.536195,1
-24.36667,131.4,1
-24.253452,132.771509,1
-24.253218,132.771542,1
-24.253134,132.771947,1
-24.252065,132.767988,1
-24.251737,132.77338,1
-24.251565,132.769651,1
-24.250008,132.765661,1
-24.249853,132.775411,1
-24.249437,132.77658,1
-24.248826,132.773056,1
-24.248532,132.772707,1
-24.248415,132.773369,1
-24.248017,132.773937,1
-24.247797,132.776136,1
-24.247717,132.775665,1
-24.247539,132.776446,1
-24.246467,132.772881,1
-24.246185,132.773988,1
-24.245944,132.775381,1
-24.089738,132.609556,1
-24.087774,132.708255,1
-24.086789,132.703986,1
-24.085741,132.706315,1
-24.084641,132.696167,1
-24.083607,132.694062,1
-24.083531,132.694417,1
-24.082953,132.680062,1
-24.082817,132.678275,1
-24.082668,132.69167,1
-24.082442,132.677377,1
-24.082305,132.692139,1
-24.0815,132.692654,1
-24.081321,132.6802,1
-24.081309,132.677034,1
-24.081008,132.706124,1
-24.080917,132.69528,1
-24.080762,132.696355,1
-24.080209,132.680711,1
-24.079646,132.680495,1
-24.078957,132.680862,1
-24.078821,132.677246,1
-24.071885,132.653411,1
-24.070459,132.634669,1
-24.070449,132.711169,1
-24.070166,132.633829,1
-24.069391,132.633912,1
-24.069318,132.635604,1
-24.067415,132.634538,1
-24.066958,132.632482,1
-24.066883,132.634636,1
-24.066678,132.634158,1
-24.066024,132.634534,1
-23.698604,129.067976,1
-23.698603,129.151308,1
-23.698603,129.084642,1
-23.698603,129.117975,1
-23.698602,129.301307,1
-23.631934,129.367973,1
-23.548601,129.351305,1
-23.498601,129.351305,1
-23.481934,129.351305,1
-23.34859,130.56796,1
-23.3319,129.418003,1
-23.331891,130.467994,1
-23.298592,130.367961,1
-23.248599,129.418002,1
-23.248579,131.901281,1
-23.165301,129.168003,1
-23.1,129,1
-23.1,129,1
-23.1,129,1
-23.081857,134.667953,1
-22.831884,131.167983,1
-22.665245,136.167933,1
-22.498552,135.251241,1
-22.448552,135.28454,1
-22.248578,131.801272,1
-22.231857,134.567946,1
-22.165267,133.251258,1
-21.998546,136.001229,1
-21.915299,129.084592,1
-21.748552,135.251235,1
-21.665241,136.667919,1
-21.498561,134.001245,1
-21,115.2,1
-21,115.2,1
-21,115.2,1
-21,115.2,1
-21,115.2,1
-21,115.3,1
-21,115.3,1
-21,115.3,1
-21,115.4,1
-21,115.3,1
-21,115.3,1
-21,115.3,1
-21,115.3,1
-21,115.3,1
-20.9604574,115.3286029,1
-20.9,115.4,1
-20.9,115.4,1
-20.8,115.3,1
-20.8,115.5,1
-20.7654557,115.4011018,1
-20.75,114.41667,1
-20.75,114.41667,1
-20.75,114.41667,1
-20.415252,135.251224,1
-20.4,115.5,1
-20.248577,131.834555,1
-20.165294,129.501274,1
-19.58189,129.917966,1
-19.265271,132.65124,1
-17.381882,131.10124,1
