latitude,longitude,time_bp
-34.12,141.92,1
-34.12,141.92,1
-34.12,141.92,1
-34.12,141.92,1
-34.12,141.92,1
-34.12,141.92,1
-34.12,141.92,1
-34.12,141.92,1
-34.12,141.92,1
-34.12,141.92,1
-34.12,141.92,1
-34.12,141.92,1
-34.12,141.92,1
-34.12,141.92,1
-34.12,141.92,1
-34.12,141.92,1
-34.12,141.92,1
-34.12,141.92,1
-34.12,141.92,1
-34.12,141.92,1
-34.12,141.92,1
-34.12,141.92,1
-34.12,141.92,1
-34.12,141.92,1
-34.12,141.92,1
-34.12,141.92,1
-34.12,141.92,1
-34.12,141.92,1
-34.12,141.92,1
-34.12,141.92,1
-34.12,141.92,1
-34.12,141.92,1
-34.12,141.92,1
-33.348622,141.091718,1
-33.341361,141.062017,1
-33.223787,141.316503,1
-33.219019,141.217762,1
-33.17469,141.303738,1
-33.173255,141.307992,1
-33.108196,141.248332,1
-33.097027,141.284713,1
-33.03639,134.53298,1
-33.035,134.5344,1
-33.035,134.5344,1
-32.60242,135.43347,1
-32.6,135.425,1
-32.6,135.425,1
-32.6,135.425,1
-32.302073,141.527017,1
-32.3019,141.5263,1
-32.28333,120.58333,1
-32.25009,140.93557,1
-32.25,135.13,1
-32.24662,140.93847,1
-32.22,135.15,1
-32.22,135.15,1
-32.2103,135.1542,1
-32.1642,135.0525,1
-32.145,134.7311,1
-32.144,134.73415,1
-32.03154,139.82239,1
-31.95959,140.25006,1
-31.9594,140.25,1
-31.9594,140.25,1
-31.75,121.7,1
-31.73345,132.77979,1
-31.69173,132.78023,1
-31.66579,132.86493,1
-31.66579,132.86493,1
-31.6589,133.3294,1
-31.65886,133.32948,1
-31.6211,132.8239,1
-31.6211,132.8239,1
-31.608333,119.816667,1
-31.60814,129.10936,1
-31.60789,133.82687,1
-31.60782,133.82479,1
-31.60781,133.82477,1
-31.6078,133.82478,1
-31.60774,133.82552,1
-31.59521,133.83671,1
-31.5728,132.795,1
-31.5728,132.795,1
-31.5728,132.795,1
-31.5728,132.795,1
-31.57136,132.79421,1
-31.57136,132.79421,1
-31.57136,132.79421,1
-31.56465,130.38566,1
-31.5542,132.8156,1
-31.5542,132.8156,1
-31.5541,132.81523,1
-31.48238,131.26675,1
-31.48238,131.26675,1
-31.48238,131.26675,1
-31.4522,132.8289,1
-31.4509,132.83022,1
-31.445833,123.523611,1
-31.443056,123.527778,1
-31.44032,140.43626,1
-31.43136,140.45283,1
-31.33,137.47,1
-31.283333,120.558333,1
-31.25,138.77,1
-31.24027,136.55158,1
-31.21683,134.76598,1
-31.21683,134.76598,1
-31.21275,142.311413,1
-31.20506,133.99041,1
-31.20505,133.9904,1
-31.20503,133.99039,1
-31.2,142.3,1
-31.2,142.3,1
-31.18322,134.76403,1
-31.17338,140.6769,1
-31.17338,140.6769,1
-31.17338,140.6769,1
-31.12612,134.00578,1
-31.12611,134.00575,1
-31.12611,134.00575,1
-31.1261,134.00576,1
-31.1261,134.00577,1
-31.11403,134.01151,1
-31.10206,134.02449,1
-31.09331,138.80827,1
-31.083753,141.699135,1
-31.083753,141.699135,1
-31.05,121.083333,1
-31.05,121.083333,1
-31.044695,141.78725,1
-31.016667,121.066667,1
-30.97789,137.22705,1
-30.97,135.73,1
-30.96017,132.22879,1
-30.96017,132.22879,1
-30.96017,132.22879,1
-30.96017,132.22879,1
-30.96017,132.22879,1
-30.96017,132.22879,1
-30.96017,132.22879,1
-30.96017,132.22879,1
-30.96017,132.22879,1
-30.96017,132.22879,1
-30.96017,132.22879,1
-30.96017,132.22879,1
-30.96017,132.22879,1
-30.95441,132.17855,1
-30.95441,132.17855,1
-30.95441,132.17855,1
-30.95441,132.17855,1
-30.95441,132.17855,1
-30.95441,132.17855,1
-30.95441,132.17855,1
-30.95441,132.17855,1
-30.95441,132.17855,1
-30.95441,132.17855,1
-30.95441,132.17855,1
-30.95441,132.17855,1
-30.95441,132.17855,1
-30.95441,132.17855,1
-30.95441,132.17855,1
-30.95441,132.17855,1
-30.95441,132.17855,1
-30.95174,137.19055,1
-30.92438,132.09753,1
-30.92438,132.09753,1
-30.9239,134.0306,1
-30.92251,134.03185,1
-30.92031,132.21042,1
-30.92031,132.21042,1
-30.92031,132.21042,1
-30.92031,132.21042,1
-30.92031,132.21042,1
-30.92031,132.21042,1
-30.92031,132.21042,1
-30.92031,132.21042,1
-30.92031,132.21042,1
-30.92031,132.21042,1
-30.92031,132.21042,1
-30.92031,132.21042,1
-30.92031,132.21042,1
-30.92031,132.21042,1
-30.92031,132.21042,1
-30.92031,132.21042,1
-30.92031,132.21042,1
-30.92031,132.21042,1
-30.91749,132.22278,1
-30.91749,132.22278,1
-30.91749,132.22278,1
-30.91749,132.22278,1
-30.91749,132.22278,1
-30.91749,132.22278,1
-30.91749,132.22278,1
-30.91749,132.22278,1
-30.91749,132.22278,1
-30.91749,132.22278,1
-30.91749,132.22278,1
-30.91749,132.22278,1
-30.91749,132.22278,1
-30.91749,132.22278,1
-30.91749,132.22278,1
-30.91749,132.22278,1
-30.91749,132.22278,1
-30.91749,132.22278,1
-30.917,132.20253,1
-30.917,132.20253,1
-30.917,132.20252,1
-30.917,132.20252,1
-30.917,132.20252,1
-30.917,132.20252,1
-30.917,132.20252,1
-30.917,132.20252,1
-30.917,132.20252,1
-30.917,132.20252,1
-30.917,132.20252,1
-30.917,132.20252,1
-30.917,132.20252,1
-30.917,132.20252,1
-30.917,132.20252,1
-30.917,132.20252,1
-30.917,132.20252,1
-30.917,132.20252,1
-30.917,132.20252,1
-30.917,132.20252,1
-30.917,132.20252,1
-30.917,132.20252,1
-30.917,132.20252,1
-30.917,132.20252,1
-30.917,132.20252,1
-30.917,132.20252,1
-30.917,132.20252,1
-30.917,132.20252,1
-30.917,132.20252,1
-30.917,132.20252,1
-30.917,132.20252,1
-30.917,132.20252,1
-30.917,132.20252,1
-30.917,132.20252,1
-30.917,132.20252,1
-30.917,132.20252,1
-30.917,132.20252,1
-30.917,132.20252,1
-30.917,132.20252,1
-30.916995,132.202519,1
-30.9167,134.0167,1
-30.916232,132.167878,1
-30.91623,132.16788,1
-30.91623,132.16788,1
-30.91623,132.16788,1
-30.91623,132.16788,1
-30.91623,132.16788,1
-30.91623,132.16788,1
-30.91623,132.16788,1
-30.91623,132.16788,1
-30.91623,132.16788,1
-30.91623,132.16788,1
-30.91623,132.16788,1
-30.91623,132.16788,1
-30.91623,132.16788,1
-30.91623,132.16788,1
-30.91623,132.16788,1
-30.91623,132.16788,1
-30.91623,132.16788,1
-30.91623,132.16788,1
-30.91623,132.16788,1
-30.91623,132.16788,1
-30.91623,132.16788,1
-30.91623,132.16788,1
-30.91623,132.16788,1
-30.91623,132.16788,1
-30.8953,132.1669,1
-30.8953,132.1669,1
-30.8819,132.2056,1
-30.88183,132.20562,1
-30.88183,132.20562,1
-30.88183,132.20562,1
-30.88183,132.20562,1
-30.88183,132.20562,1
-30.88183,132.20562,1
-30.88183,132.20562,1
-30.88183,132.20562,1
-30.88183,132.20562,1
-30.88183,132.20562,1
-30.88183,132.20562,1
-30.88183,132.20562,1
-30.88183,132.20562,1
-30.88183,132.20562,1
-30.88183,132.20562,1
-30.88183,132.20562,1
-30.88183,132.20562,1
-30.88183,132.20562,1
-30.88183,132.20562,1
-30.88183,132.20562,1
-30.88183,132.20562,1
-30.88183,132.20562,1
-30.88183,132.20562,1
-30.88183,132.20562,1
-30.88183,132.20562,1
-30.88183,132.20562,1
-30.88183,132.20562,1
-30.86882,132.18236,1
-30.86882,132.18236,1
-30.86882,132.18236,1
-30.86882,132.18236,1
-30.86882,132.18236,1
-30.86206,132.17325,1
-30.86206,132.17325,1
-30.86206,132.17325,1
-30.8536,134.1167,1
-30.85216,134.11812,1
-30.829167,120.338889,1
-30.82911,132.25905,1
-30.82856,132.25881,1
-30.81286,132.28019,1
-30.755278,119.57,1
-30.75,121.466667,1
-30.75,121.466667,1
-30.75,121.766667,1
-30.75,121.8,1
-30.74831,132.27717,1
-30.73693,132.25947,1
-30.7333,134.2167,1
-30.71929,132.29564,1
-30.71929,132.29564,1
-30.71929,132.29564,1
-30.71929,132.29564,1
-30.71457,137.17903,1
-30.6964,134.20577,1
-30.6911,134.5222,1
-30.6911,134.5222,1
-30.6833,134.2,1
-30.660897,142.723102,1
-30.660897,142.723102,1
-30.660897,142.723102,1
-30.660897,142.723102,1
-30.65772,132.34113,1
-30.65742,132.3428,1
-30.65742,132.3428,1
-30.65742,132.34277,1
-30.657117,142.724465,1
-30.657117,142.724465,1
-30.6417,139.4772,1
-30.6417,139.4772,1
-30.63628,140.66446,1
-30.59091,139.54045,1
-30.5908,139.5406,1
-30.5908,132.29977,1
-30.58957,132.30531,1
-30.58952,132.28269,1
-30.58949,132.2827,1
-30.58921,132.30898,1
-30.58921,132.30898,1
-30.58921,132.30898,1
-30.58921,132.30898,1
-30.58921,132.30898,1
-30.58921,132.30898,1
-30.58921,132.30898,1
-30.58921,132.30898,1
-30.58921,132.30898,1
-30.58921,132.30898,1
-30.58921,132.30898,1
-30.58921,132.30898,1
-30.58879,132.30181,1
-30.5881,133.2206,1
-30.58795,132.28323,1
-30.58791,132.28328,1
-30.58791,132.28328,1
-30.58694,132.24139,1
-30.58674,133.22186,1
-30.58667,132.24139,1
-30.58667,132.24139,1
-30.58667,132.24139,1
-30.58667,132.24139,1
-30.58667,132.24139,1
-30.58559,132.24351,1
-30.58558,132.24349,1
-30.58558,132.24349,1
-30.58558,132.24349,1
-30.58493,132.2625,1
-30.5795,132.21705,1
-30.5795,132.21705,1
-30.57551,132.21908,1
-30.57551,132.21908,1
-30.57551,132.21908,1
-30.5755,132.21909,1
-30.5755,132.21909,1
-30.5755,132.21909,1
-30.566667,121.091667,1
-30.56047,139.43488,1
-30.55,122.283333,1
-30.543889,121.1225,1
-30.543889,121.1225,1
-30.543889,121.261111,1
-30.543611,121.261111,1
-30.542778,121.261944,1
-30.53573,132.11234,1
-30.53573,132.11234,1
-30.53573,132.11234,1
-30.53573,132.11234,1
-30.53573,132.11234,1
-30.53573,132.11234,1
-30.53573,132.11234,1
-30.53566,132.11242,1
-30.53566,132.11242,1
-30.53566,132.11242,1
-30.53566,132.11242,1
-30.53477,132.11487,1
-30.53339,132.11404,1
-30.53339,132.11404,1
-30.53339,132.11404,1
-30.53339,132.11404,1
-30.53339,132.11404,1
-30.53339,132.11404,1
-30.53339,132.11404,1
-30.53339,132.11404,1
-30.53339,132.11404,1
-30.53339,132.11404,1
-30.53339,132.11404,1
-30.53339,132.11404,1
-30.53339,132.11404,1
-30.53339,132.11404,1
-30.53339,132.11404,1
-30.53339,132.11404,1
-30.53339,132.11404,1
-30.53339,132.11404,1
-30.53339,132.11404,1
-30.53339,132.11404,1
-30.53339,132.11404,1
-30.53339,132.11404,1
-30.53339,132.11404,1
-30.53337,132.11401,1
-30.53337,132.11401,1
-30.53337,132.11401,1
-30.53337,132.11401,1
-30.53267,132.11557,1
-30.5314,132.6642,1
-30.53095,132.11568,1
-30.52853,132.11739,1
-30.52853,132.11739,1
-30.52852,132.11736,1
-30.52852,132.11736,1
-30.52852,132.11736,1
-30.52852,132.11736,1
-30.52852,132.11736,1
-30.52852,132.11736,1
-30.52852,132.11736,1
-30.52773,135.55523,1
-30.5,127.05,1
-30.5,127.05,1
-30.46866,139.03594,1
-30.4678,139.0347,1
-30.4678,139.0347,1
-30.466667,122.35,1
-30.466667,122.4,1
-30.466667,122.4,1
-30.466667,122.4,1
-30.466667,122.35,1
-30.466667,122.4,1
-30.45976,131.83514,1
-30.45026,136.86928,1
-30.45026,136.86928,1
-30.45,132.76666,1
-30.45,132.76666,1
-30.45,131.83333,1
-30.45,131.83,1
-30.45,131.83,1
-30.45,131.83,1
-30.45,131.83,1
-30.45,131.83,1
-30.45,131.83,1
-30.45,131.83,1
-30.45,131.83,1
-30.45,131.83,1
-30.45,131.83,1
-30.45,131.83,1
-30.45,131.83,1
-30.45,131.83,1
-30.45,131.83,1
-30.45,131.83,1
-30.45,131.83,1
-30.45,131.83,1
-30.45,131.83,1
-30.45,131.83,1
-30.45,131.83,1
-30.45,131.83,1
-30.45,131.83,1
-30.45,131.83,1
-30.45,131.83,1
-30.45,131.83,1
-30.45,131.83,1
-30.45,131.83,1
-30.45,131.83,1
-30.45,131.83,1
-30.45,131.83,1
-30.45,131.83,1
-30.45,131.83,1
-30.45,131.83,1
-30.45,131.83,1
-30.45,131.83,1
-30.45,131.83,1
-30.45,131.83,1
-30.45,131.83,1
-30.45,131.83,1
-30.45,131.83,1
-30.45,131.83,1
-30.45,131.83,1
-30.45,131.83,1
-30.45,131.83,1
-30.45,131.83,1
-30.45,131.83,1
-30.45,131.83,1
-30.45,131.83,1
-30.45,131.83,1
-30.45,131.83,1
-30.45,131.83,1
-30.45,131.83,1
-30.45,131.83,1
-30.45,131.83,1
-30.45,131.83,1
-30.45,131.83,1
-30.45,131.83,1
-30.45,131.83,1
-30.45,131.83,1
-30.45,131.83,1
-30.45,131.83,1
-30.45,131.83,1
-30.45,131.83,1
-30.45,131.83,1
-30.45,131.83,1
-30.45,131.83,1
-30.45,131.83,1
-30.45,131.83,1
-30.45,131.83,1
-30.45,131.83,1
-30.45,131.83,1
-30.45,122.416667,1
-30.45,131.833333,1
-30.44379,137.82975,1
-30.43621,136.87819,1
-30.43621,136.87819,1
-30.43454,136.87449,1
-30.433333,123.570833,1
-30.429167,123.575,1
-30.429167,123.575,1
-30.429167,123.575,1
-30.429167,123.575,1
-30.429167,123.575,1
-30.429167,123.575,1
-30.429167,123.575,1
-30.429167,123.575,1
-30.429167,123.575,1
-30.429167,123.575,1
-30.429167,123.575,1
-30.429167,123.575,1
-30.429167,123.575,1
-30.429167,123.575,1
-30.429167,123.575,1
-30.429167,123.575,1
-30.429167,123.575,1
-30.429167,123.575,1
-30.429167,123.575,1
-30.42814,136.95039,1
-30.426389,121.260278,1
-30.42071,137.85998,1
-30.42071,137.85998,1
-30.4167,131.8333,1
-30.4167,131.8167,1
-30.416667,122.358333,1
-30.416667,122.366667,1
-30.416667,122.358333,1
-30.41532,136.85331,1
-30.41532,136.85331,1
-30.41387,136.87101,1
-30.41387,136.87101,1
-30.41387,136.87101,1
-30.41387,136.87101,1
-30.4136,136.8708,1
-30.4136,136.8708,1
-30.4125,119.245833,1
-30.39817,136.86667,1
-30.39817,136.86667,1
-30.39817,136.86667,1
-30.397222,121.1225,1
-30.397222,121.1225,1
-30.397222,121.1225,1
-30.397222,121.1225,1
-30.397222,121.1225,1
-30.397222,121.1225,1
-30.396944,121.058889,1
-30.396944,121.058889,1
-30.396944,121.058889,1
-30.396944,121.058889,1
-30.396944,121.058889,1
-30.396944,121.058889,1
-30.396944,121.058889,1
-30.3917,136.84104,1
-30.3917,136.84104,1
-30.38843,136.84919,1
-30.38784,136.92842,1
-30.38676,137.92832,1
-30.38676,137.92832,1
-30.38133,136.90075,1
-30.38047,139.70668,1
-30.3803,139.7067,1
-30.3803,139.7067,1
-30.37909,136.84755,1
-30.378889,121.124167,1
-30.37806,136.90578,1
-30.37788,136.84628,1
-30.37778,136.84629,1
-30.37725,136.89703,1
-30.37725,136.89703,1
-30.37725,136.89703,1
-30.37725,136.89703,1
-30.37725,136.89703,1
-30.37725,136.89703,1
-30.37725,136.89703,1
-30.37725,136.89703,1
-30.36245,136.89654,1
-30.35977,137.99209,1
-30.35977,137.99209,1
-30.35977,137.99209,1
-30.3594,137.9919,1
-30.3594,137.9919,1
-30.3594,137.9919,1
-30.3594,137.9919,1
-30.356944,119.5825,1
-30.35155,136.924,1
-30.35155,136.924,1
-30.350278,121.11667,1
-30.350278,121.11667,1
-30.350278,121.11667,1
-30.350278,121.11667,1
-30.350278,121.11667,1
-30.350278,121.11667,1
-30.350278,121.11667,1
-30.35,120.95,1
-30.35,120.95,1
-30.35,119.68333,1
-30.348611,119.202778,1
-30.348611,119.202778,1
-30.33452,131.593746,1
-30.33452,131.593746,1
-30.33452,131.59375,1
-30.33452,131.59375,1
-30.33452,131.59375,1
-30.32671,136.84809,1
-30.3189,133.2161,1
-30.31884,134.75651,1
-30.31884,134.75651,1
-30.31884,134.75651,1
-30.31884,134.75651,1
-30.31736,133.2176,1
-30.3128,134.75516,1
-30.308333,119.716667,1
-30.30478,134.75386,1
-30.30478,134.75386,1
-30.30478,134.75386,1
-30.30478,134.75386,1
-30.30478,134.75386,1
-30.30478,134.75386,1
-30.3,119.725,1
-30.29728,134.76252,1
-30.29566,139.40545,1
-30.2953,139.4056,1
-30.2953,139.4056,1
-30.291667,119.733333,1
-30.291667,119.733333,1
-30.28705,138.10086,1
-30.283333,121.75,1
-30.283333,121.75,1
-30.283333,121.75,1
-30.283333,121.75,1
-30.28333,119.73333,1
-30.28333,119.73333,1
-30.2778,138.8064,1
-30.2778,138.8064,1
-30.2772,139.5694,1
-30.2772,139.5694,1
-30.2762,138.80825,1
-30.275,133.0275,1
-30.275,133.0275,1
-30.27366,133.02883,1
-30.27159,137.98498,1
-30.27159,137.98498,1
-30.2714,137.985,1
-30.2714,137.985,1
-30.26673,139.55895,1
-30.25431,131.55138,1
-30.2525,119.266667,1
-30.25,119.255556,1
-30.24539,139.56053,1
-30.2377,139.23666,1
-30.233333,123.683333,1
-30.201389,120.974167,1
-30.20029,139.59763,1
-30.2,121.816667,1
-30.18671,137.72485,1
-30.17444,131.57167,1
-30.17431,137.74433,1
-30.17431,137.74433,1
-30.17278,131.57917,1
-30.17278,131.57917,1
-30.17278,131.57917,1
-30.17278,131.57917,1
-30.17278,131.57917,1
-30.17278,131.57917,1
-30.17278,131.57917,1
-30.17278,131.57917,1
-30.17278,131.57917,1
-30.17111,131.61127,1
-30.1667,131.5833,1
-30.1667,134.6667,1
-30.1667,131.5833,1
-30.1667,131.5833,1
-30.1667,131.5833,1
-30.166111,144.4725,1
-30.166111,144.4725,1
-30.16611,131.58444,1
-30.16611,131.58444,1
-30.16611,131.58444,1
-30.16611,131.58444,1
-30.16611,131.58444,1
-30.1661,131.5844,1
-30.1661,131.5844,1
-30.16596,139.61969,1
-30.1656,139.62,1
-30.1656,139.62,1
-30.1514,137.8983,1
-30.1514,137.8983,1
-30.14574,139.5258,1
-30.12139,139.55496,1
-30.116667,118.05,1
-30.1156,137.7472,1
-30.11363,131.63434,1
-30.11093,139.57921,1
-30.11093,139.57921,1
-30.1108,139.5797,1
-30.1108,139.5797,1
-30.10348,139.42246,1
-30.1028,139.4194,1
-30.1028,139.4194,1
-30.09786,131.4684,1
-30.0978,131.4683,1
-30.0978,131.4683,1
-30.09353,130.09419,1
-30.09093,130.08266,1
-30.09093,130.08266,1
-30.08295,139.63673,1
-30.08191,139.61683,1
-30.08155,130.07644,1
-30.073611,127.914722,1
-30.066667,117.85,1
-30.06463,131.65443,1
-30.06401,131.44035,1
-30.06401,131.44035,1
-30.06401,131.44035,1
-30.058611,120.898056,1
-30.058611,120.898056,1
-30.0414,131.6639,1
-30.0414,131.6639,1
-30.04139,131.66389,1
-30.04139,131.66389,1
-30.04139,131.66389,1
-30.04139,131.66389,1
-30.0275,120.921111,1
-30.022222,123.769444,1
-30.02101,131.40895,1
-30.02101,131.40895,1
-30.0189,135.06815,1
-30.0189,135.06815,1
-30.0189,135.06815,1
-30.0189,135.06815,1
-30.0189,135.06815,1
-30.0189,135.06815,1
-30.01871,135.06789,1
-30.018611,121.056389,1
-30.018611,121.056389,1
-30.018333,121.046667,1
-30.018056,121.029722,1
-30.018056,121.062222,1
-30.018056,121.062222,1
-30.018056,120.963611,1
-30.018056,121.062222,1
-30.0175,120.980278,1
-30.01528,131.85083,1
-30.01324,135.0907,1
-30.01324,135.0907,1
-30.01318,135.08953,1
-30.0114,138.0494,1
-30.0114,138.0494,1
-30.01111,131.80778,1
-30.01111,131.80778,1
-30.0111,131.6639,1
-30.0111,131.6639,1
-30.0111,131.6639,1
-30.0111,131.6639,1
-30.01003,135.14917,1
-30.01003,135.14917,1
-30.01003,135.14917,1
-30.01003,135.14917,1
-30.01003,135.14917,1
-30.01003,135.14917,1
-30.01003,135.14917,1
-30.01003,135.14917,1
-30.01003,135.14917,1
-30.01003,135.14917,1
-30.00862,135.06058,1
-30.0086,135.0606,1
-30.00566,138.05698,1
-30.0056,138.0569,1
-30.00442,131.69221,1
-30.00434,131.69226,1
-30,123.8,1
-29.983333,119.75,1
-29.981389,124.016944,1
-29.98074,131.70611,1
-29.975833,119.271389,1
-29.975833,119.271389,1
-29.975,123.866667,1
-29.975,123.866667,1
-29.975,123.866667,1
-29.975,123.866667,1
-29.975,123.866667,1
-29.972222,121.052222,1
-29.97014,135.15344,1
-29.969722,120.987778,1
-29.968056,121.006389,1
-29.96785,130.05808,1
-29.96785,130.05808,1
-29.966667,123.766667,1
-29.966667,123.766667,1
-29.966667,123.766667,1
-29.966667,123.766667,1
-29.966667,123.766667,1
-29.966667,123.766667,1
-29.966667,123.766667,1
-29.966667,123.766667,1
-29.966667,123.766667,1
-29.966667,123.766667,1
-29.966667,123.766667,1
-29.966667,123.766667,1
-29.966667,123.766667,1
-29.96325,130.05677,1
-29.949444,121.101667,1
-29.935833,116.886111,1
-29.930556,123.772222,1
-29.930556,123.772222,1
-29.930556,123.772222,1
-29.930556,123.772222,1
-29.930556,123.772222,1
-29.930556,123.772222,1
-29.930556,123.772222,1
-29.930556,123.772222,1
-29.930556,123.772222,1
-29.930556,123.772222,1
-29.925,123.527778,1
-29.925,123.527778,1
-29.922222,121.134722,1
-29.922222,121.134722,1
-29.9203,130.07,1
-29.9203,130.07,1
-29.91908,130.07162,1
-29.91908,130.07162,1
-29.91908,130.07162,1
-29.91908,130.07162,1
-29.91908,130.07162,1
-29.91908,130.07162,1
-29.91908,130.07162,1
-29.91908,130.07162,1
-29.91536,130.07546,1
-29.91536,130.07546,1
-29.91535,130.07546,1
-29.91535,130.07546,1
-29.914722,123.900278,1
-29.90818,131.21322,1
-29.90818,131.21322,1
-29.90818,131.21322,1
-29.904167,116.841667,1
-29.9014,131.235,1
-29.9014,131.235,1
-29.9014,131.23498,1
-29.89659,132.02303,1
-29.894444,123.508333,1
-29.89191,130.10013,1
-29.89191,130.10013,1
-29.89191,130.10013,1
-29.88993,133.58341,1
-29.88993,133.58341,1
-29.88926,133.58338,1
-29.88926,133.58338,1
-29.88926,133.58338,1
-29.88926,133.58338,1
-29.88926,133.58338,1
-29.889257,133.583382,1
-29.889257,133.583382,1
-29.888889,123.583333,1
-29.88787,133.58869,1
-29.8872,132.0806,1
-29.8872,132.0806,1
-29.88715,132.08045,1
-29.88703,133.58939,1
-29.88695,130.09998,1
-29.88695,130.09998,1
-29.88695,130.09998,1
-29.88486,133.56687,1
-29.88486,133.56687,1
-29.8847,133.5669,1
-29.88229,131.57913,1
-29.88155,132.12702,1
-29.88155,132.12702,1
-29.88155,132.12702,1
-29.88155,132.12702,1
-29.88155,132.12702,1
-29.8802,131.57923,1
-29.8797,132.5717,1
-29.8797,132.5717,1
-29.87882,131.57339,1
-29.87626,133.61824,1
-29.87626,133.61824,1
-29.87626,133.61824,1
-29.87626,133.61824,1
-29.87626,133.61824,1
-29.87608,133.59493,1
-29.87608,133.59493,1
-29.87608,133.59493,1
-29.87608,133.59493,1
-29.87608,133.59493,1
-29.87601,133.61924,1
-29.87594,133.58144,1
-29.87594,133.58144,1
-29.87594,133.58144,1
-29.87594,133.58144,1
-29.8758,133.58139,1
-29.87558,133.59482,1
-29.87558,133.59482,1
-29.87553,133.59493,1
-29.87553,133.59493,1
-29.87553,133.59493,1
-29.87553,133.59493,1
-29.87553,133.59493,1
-29.875529,133.594935,1
-29.875529,133.594935,1
-29.87537,133.58692,1
-29.875,123.444444,1
-29.875,123.444444,1
-29.87361,131.57861,1
-29.87249,132.21252,1
-29.8706,132.1272,1
-29.8706,132.1272,1
-29.8706,132.1272,1
-29.8706,132.1272,1
-29.86873,133.58219,1
-29.86873,133.58219,1
-29.86832,132.57021,1
-29.86832,132.57021,1
-29.86832,132.57021,1
-29.86832,132.57021,1
-29.86832,132.57021,1
-29.86832,132.57021,1
-29.86652,133.56132,1
-29.86652,133.56132,1
-29.865278,119.976389,1
-29.863889,123.402778,1
-29.86242,132.6252,1
-29.86242,132.6252,1
-29.86242,132.6252,1
-29.86242,132.6252,1
-29.86242,132.6252,1
-29.8594,130.1022,1
-29.8594,130.1022,1
-29.8594,130.1022,1
-29.858333,123.377778,1
-29.858333,123.377778,1
-29.85827,130.10369,1
-29.85801,130.10366,1
-29.85801,130.10366,1
-29.8565,130.10377,1
-29.8565,130.10377,1
-29.8565,130.10377,1
-29.8565,130.10377,1
-29.8565,130.10377,1
-29.8565,130.10377,1
-29.85202,130.10361,1
-29.85202,130.10361,1
-29.85202,130.10361,1
-29.85202,130.10361,1
-29.85202,130.10361,1
-29.85202,130.10361,1
-29.85202,130.10361,1
-29.85202,130.10361,1
-29.85199,130.10362,1
-29.8511,132.74465,1
-29.8511,132.74465,1
-29.8494,132.7461,1
-29.84665,132.53165,1
-29.84665,132.53165,1
-29.84665,132.53165,1
-29.84665,132.53165,1
-29.84665,132.53165,1
-29.84665,132.53165,1
-29.845007,140.781579,1
-29.845,132.5331,1
-29.845,132.5331,1
-29.844444,120.959444,1
-29.8397,140.7183,1
-29.8397,140.7183,1
-29.83822,140.7196,1
-29.83822,140.7196,1
-29.8375,120.959722,1
-29.8375,120.959722,1
-29.83359,132.52071,1
-29.833333,120.916667,1
-29.83213,140.80267,1
-29.8319,132.5219,1
-29.831389,119.943611,1
-29.830556,123.35,1
-29.830556,123.35,1
-29.830556,123.35,1
-29.830556,123.35,1
-29.830556,123.35,1
-29.830556,123.35,1
-29.818889,119.937778,1
-29.80631,140.75484,1
-29.8,122.47,1
-29.799903,141.14917,1
-29.79948,132.81078,1
-29.79948,132.81078,1
-29.79948,132.81078,1
-29.79948,132.81078,1
-29.7981,132.8122,1
-29.7981,132.8122,1
-29.79672,140.74808,1
-29.78084,132.88418,1
-29.78084,132.88418,1
-29.78084,132.88418,1
-29.78084,132.88418,1
-29.78084,132.88418,1
-29.77636,131.11732,1
-29.77057,131.10794,1
-29.77057,131.10794,1
-29.7614,132.8858,1
-29.7614,132.8858,1
-29.7614,132.8858,1
-29.75191,131.09646,1
-29.75181,135.52288,1
-29.74618,131.19167,1
-29.74618,131.19167,1
-29.74618,131.19167,1
-29.74618,131.19167,1
-29.74353,138.36922,1
-29.74353,138.36922,1
-29.74353,138.36922,1
-29.74353,138.36922,1
-29.74353,138.36922,1
-29.74353,138.36922,1
-29.7433,138.3694,1
-29.7433,138.3694,1
-29.73257,131.08592,1
-29.73257,131.08592,1
-29.7325,131.0858,1
-29.7325,131.0858,1
-29.7325,131.0858,1
-29.7325,131.0858,1
-29.72068,131.2524,1
-29.72009,125.32097,1
-29.70278,135.59339,1
-29.70229,131.29386,1
-29.70229,131.29386,1
-29.70229,131.29386,1
-29.7022,131.2939,1
-29.7022,131.2939,1
-29.7022,131.2939,1
-29.7,140.5833,1
-29.68511,125.1772,1
-29.68511,125.1772,1
-29.680235,134.092213,1
-29.66931,125.13029,1
-29.667669,116.969784,1
-29.6575,125.098333,1
-29.62706,135.3751,1
-29.60641,140.4161,1
-29.60641,140.4161,1
-29.60641,140.4161,1
-29.60641,140.4161,1
-29.60641,140.4161,1
-29.60641,140.4161,1
-29.60641,140.4161,1
-29.60641,140.4161,1
-29.60641,140.4161,1
-29.6,117.183333,1
-29.6,117.183333,1
-29.6,117.183333,1
-29.5953,137.4011,1
-29.5953,137.4011,1
-29.583333,125.083333,1
-29.583333,125.083333,1
-29.583333,125.083333,1
-29.583333,125.083333,1
-29.5592,130.1389,1
-29.5592,130.1389,1
-29.55781,130.14016,1
-29.55781,130.14016,1
-29.54113,129.10453,1
-29.54113,129.10453,1
-29.54113,129.10453,1
-29.5411,129.1044,1
-29.5411,129.1044,1
-29.5319,130.1394,1
-29.5319,130.1394,1
-29.5319,130.1394,1
-29.53052,130.14089,1
-29.53052,130.14089,1
-29.53052,130.14089,1
-29.52972,130.14139,1
-29.52972,130.14139,1
-29.52963,127.066,1
-29.52902,129.17046,1
-29.5289,129.1708,1
-29.5289,129.1708,1
-29.51222,130.14806,1
-29.51222,130.14806,1
-29.5106,129.265,1
-29.5106,129.265,1
-29.5106,129.265,1
-29.5106,129.265,1
-29.51034,129.26448,1
-29.51034,129.26448,1
-29.50945,130.1525,1
-29.50945,130.1525,1
-29.5077,134.55901,1
-29.5077,134.55901,1
-29.5075,130.15194,1
-29.5069,130.1528,1
-29.5069,130.1528,1
-29.5069,130.1528,1
-29.5069,130.1528,1
-29.5069,130.1528,1
-29.5069,130.1528,1
-29.50545,130.15423,1
-29.50545,130.15423,1
-29.50545,130.15423,1
-29.50545,130.15423,1
-29.50545,130.15423,1
-29.50545,130.15423,1
-29.5001,134.56455,1
-29.5001,134.56455,1
-29.50009,134.56456,1
-29.5,130.1667,1
-29.5,134,1
-29.5,130.1667,1
-29.5,125.233333,1
-29.5,125.233333,1
-29.5,125.233333,1
-29.5,125.233333,1
-29.4969,134.56851,1
-29.4939,133.2653,1
-29.4939,133.2653,1
-29.4906,130.1725,1
-29.4906,130.1725,1
-29.48479,129.43065,1
-29.48479,129.43065,1
-29.483333,119.6,1
-29.48285,127.07118,1
-29.48285,127.07118,1
-29.48285,127.07118,1
-29.48125,130.16935,1
-29.47802,129.45434,1
-29.475989,142.229411,1
-29.46922,129.48888,1
-29.46922,129.48888,1
-29.46922,129.48888,1
-29.46922,129.48888,1
-29.466667,142.23334,1
-29.45772,140.89383,1
-29.45728,130.17272,1
-29.45728,130.17272,1
-29.45728,130.17272,1
-29.45728,130.17272,1
-29.45728,130.17272,1
-29.45728,130.17272,1
-29.45728,130.17272,1
-29.45728,130.17272,1
-29.45728,130.17272,1
-29.45728,130.17272,1
-29.45728,130.17272,1
-29.45728,130.17272,1
-29.4511,133.0864,1
-29.4511,133.0864,1
-29.45,134.4333,1
-29.44925,129.56572,1
-29.44925,129.56572,1
-29.4483,137.0433,1
-29.4483,137.0433,1
-29.44686,137.04464,1
-29.44686,137.04464,1
-29.420279,146.13417,1
-29.4192,132.9083,1
-29.4192,132.9083,1
-29.41762,132.90978,1
-29.41762,132.90978,1
-29.41762,132.90978,1
-29.41762,132.90978,1
-29.41762,132.90978,1
-29.417534,146.136449,1
-29.416666,146.11667,1
-29.41607,140.46223,1
-29.4158,130.69229,1
-29.41571,140.47879,1
-29.41571,140.47879,1
-29.41571,140.47879,1
-29.41571,140.47879,1
-29.41571,140.47879,1
-29.41571,140.47879,1
-29.41571,140.47879,1
-29.41571,140.47879,1
-29.41571,140.47879,1
-29.41476,130.74795,1
-29.41476,130.74795,1
-29.41476,130.74795,1
-29.4133,130.7494,1
-29.4133,130.7494,1
-29.4125,129.8408,1
-29.4125,129.8408,1
-29.41219,129.84006,1
-29.41219,129.84006,1
-29.41219,129.84006,1
-29.409166,146.15083,1
-29.409166,146.15083,1
-29.404445,146.152947,1
-29.40388,132.857,1
-29.4023,129.90588,1
-29.4023,129.90588,1
-29.4023,129.90588,1
-29.40208,130.18534,1
-29.40208,130.18534,1
-29.40208,130.18534,1
-29.40208,130.18534,1
-29.40208,130.18534,1
-29.4,122.468056,1
-29.4,122.468056,1
-29.4,122.468056,1
-29.4,122.468056,1
-29.4,122.468056,1
-29.4,122.468056,1
-29.4,122.468056,1
-29.4,122.468056,1
-29.3998,139.98546,1
-29.3998,139.98546,1
-29.398611,146.15083,1
-29.39618,146.153129,1
-29.39618,146.153129,1
-29.38711,140.40266,1
-29.38711,140.40266,1
-29.38711,140.40266,1
-29.38711,140.40266,1
-29.38477,129.95382,1
-29.3836,129.9761,1
-29.3836,129.9761,1
-29.38334,129.97613,1
-29.38334,129.97613,1
-29.381944,122.468056,1
-29.381944,122.468056,1
-29.3761,130.0294,1
-29.3761,130.0294,1
-29.3761,130.0294,1
-29.3761,130.0294,1
-29.37507,130.02939,1
-29.37507,130.02939,1
-29.375,142.01389,1
-29.375,142.01389,1
-29.37,132.5417,1
-29.3689,130.0508,1
-29.3689,130.0508,1
-29.36863,130.05046,1
-29.36863,130.05046,1
-29.36813,132.73528,1
-29.36344,130.76097,1
-29.3583,134.4667,1
-29.3583,134.4667,1
-29.3583,134.4667,1
-29.3583,134.4667,1
-29.3583,134.4667,1
-29.3583,134.4667,1
-29.3583,134.4667,1
-29.3583,134.4667,1
-29.3583,134.4667,1
-29.3583,134.4667,1
-29.3583,134.4667,1
-29.3583,134.4667,1
-29.3583,134.4667,1
-29.3583,134.4667,1
-29.3583,134.4667,1
-29.3583,134.4667,1
-29.3583,134.4667,1
-29.3583,134.4667,1
-29.3583,134.4667,1
-29.3583,134.4667,1
-29.3583,134.4667,1
-29.3583,134.4667,1
-29.3583,134.4667,1
-29.3583,134.4667,1
-29.3583,134.4667,1
-29.3583,134.4667,1
-29.3583,134.4667,1
-29.357222,141.98277,1
-29.357222,141.98361,1
-29.357222,141.98277,1
-29.356667,146.27112,1
-29.354722,124.381389,1
-29.3533,130.1122,1
-29.3533,130.1122,1
-29.35314,130.11169,1
-29.35314,130.11169,1
-29.352598,146.270526,1
-29.3519,132.6992,1
-29.3519,132.6992,1
-29.35066,132.70055,1
-29.35066,132.70055,1
-29.35066,132.70055,1
-29.34788,135.101863,1
-29.34788,135.10186,1
-29.3478,135.1019,1
-29.34666,130.28531,1
-29.34666,130.28531,1
-29.34666,130.28531,1
-29.34666,130.28531,1
-29.34659,130.79123,1
-29.34659,130.79123,1
-29.34194,130.25497,1
-29.34194,130.25497,1
-29.34194,130.25497,1
-29.34194,130.25497,1
-29.34194,130.25497,1
-29.3419,130.255,1
-29.3419,130.255,1
-29.30801,130.80602,1
-29.30801,130.80602,1
-29.3056,122.4167,1
-29.305556,122.416667,1
-29.30519,135.12564,1
-29.30402,135.13264,1
-29.30402,135.13264,1
-29.30402,135.13264,1
-29.3,122.42,1
-29.29851,135.10852,1
-29.294349,146.334424,1
-29.28654,130.20835,1
-29.282222,117.574167,1
-29.275,119.644444,1
-29.2678,127.1311,1
-29.2678,127.1311,1
-29.2678,127.1311,1
-29.265278,122.4,1
-29.26379,130.2135,1
-29.26379,130.2135,1
-29.26379,130.2135,1
-29.261389,124.521667,1
-29.261389,124.521667,1
-29.261389,124.521667,1
-29.261389,124.521667,1
-29.261389,124.521667,1
-29.258333,122.404167,1
-29.257367,145.083314,1
-29.255804,141.065677,1
-29.255804,141.065677,1
-29.255804,141.065677,1
-29.255804,141.065677,1
-29.255804,141.065677,1
-29.25211,130.80438,1
-29.240278,124.540278,1
-29.237884,137.899272,1
-29.237872,145.122997,1
-29.234817,141.041361,1
-29.234384,141.042078,1
-29.234357,141.04133,1
-29.234357,141.04133,1
-29.234167,124.518889,1
-29.230594,141.037424,1
-29.230594,141.037424,1
-29.230369,141.038065,1
-29.230071,141.037683,1
-29.229593,141.037912,1
-29.228221,141.034937,1
-29.228095,141.0357,1
-29.227907,141.034861,1
-29.227779,141.035181,1
-29.227689,141.036005,1
-29.227689,141.036005,1
-29.227689,141.036005,1
-29.227382,141.035135,1
-29.227373,141.03573,1
-29.215279,145.08083,1
-29.215279,145.08083,1
-29.215279,145.08083,1
-29.20974,130.80459,1
-29.205382,140.99562,1
-29.205382,140.99562,1
-29.205382,140.99562,1
-29.205382,140.99562,1
-29.2,141.96666,1
-29.2,141.96666,1
-29.2,146.25,1
-29.2,146.25,1
-29.1999,130.80831,1
-29.1999,130.80831,1
-29.197778,116.543889,1
-29.196758,145.039042,1
-29.19606,130.22208,1
-29.19606,130.22208,1
-29.19606,130.22208,1
-29.195331,141.031572,1
-29.195331,141.031572,1
-29.195331,141.031572,1
-29.195331,141.031572,1
-29.195331,141.031572,1
-29.195331,141.031572,1
-29.195331,141.031572,1
-29.195331,141.031572,1
-29.195331,141.031572,1
-29.195331,141.031572,1
-29.195331,141.031572,1
-29.195331,141.031572,1
-29.195331,141.031572,1
-29.195331,141.031572,1
-29.195331,141.031572,1
-29.195331,141.031572,1
-29.195331,141.031572,1
-29.1944,141.064017,1
-29.1944,141.064017,1
-29.193938,145.022108,1
-29.1913,145.0537,1
-29.189167,116.4525,1
-29.189167,116.4525,1
-29.188915,141.037546,1
-29.188796,141.038522,1
-29.188796,141.038522,1
-29.188617,141.038065,1
-29.188409,141.038553,1
-29.188291,141.037637,1
-29.183996,141.035287,1
-29.183103,141.03486,1
-29.182115,145.023137,1
-29.18099,131.94294,1
-29.18099,131.94294,1
-29.18099,131.94294,1
-29.18099,131.94294,1
-29.18099,131.94294,1
-29.180554,141.065676,1
-29.180554,141.065676,1
-29.180378,141.027506,1
-29.17927,141.15408,1
-29.178152,146.31726,1
-29.175,134.1333,1
-29.175,134.1333,1
-29.175,134.1333,1
-29.175,134.1333,1
-29.175,134.1333,1
-29.175,134.1333,1
-29.171389,116.3875,1
-29.171389,116.3875,1
-29.17097,141.083176,1
-29.17097,141.083176,1
-29.17097,141.083176,1
-29.169351,140.997174,1
-29.169351,140.997174,1
-29.169351,140.997174,1
-29.169351,140.997174,1
-29.169351,140.997174,1
-29.169351,140.997174,1
-29.16935,140.99717,1
-29.16935,140.99717,1
-29.16935,140.99717,1
-29.16918,131.95099,1
-29.16918,131.95099,1
-29.168913,141.043771,1
-29.168913,141.043771,1
-29.168913,141.043771,1
-29.168913,141.043771,1
-29.168913,141.043771,1
-29.168913,141.043771,1
-29.168913,141.043771,1
-29.168913,141.043771,1
-29.168913,141.043771,1
-29.168913,141.043771,1
-29.168913,141.043771,1
-29.1667,134.25,1
-29.1667,134.25,1
-29.1667,134.25,1
-29.1667,134.25,1
-29.1667,134.25,1
-29.1667,134.25,1
-29.166666,146.31667,1
-29.166666,146.31667,1
-29.1642,136.7586,1
-29.16272,137.53352,1
-29.1625,137.5336,1
-29.1625,137.5336,1
-29.1617,136.5658,1
-29.1617,136.5658,1
-29.1611,134.1083,1
-29.1611,134.1083,1
-29.1611,134.1083,1
-29.1611,134.1083,1
-29.1611,134.1083,1
-29.1611,134.1083,1
-29.1611,134.1083,1
-29.1611,134.1083,1
-29.1611,134.1083,1
-29.15977,137.41998,1
-29.15977,137.41998,1
-29.15977,137.41998,1
-29.1583,134.3333,1
-29.1583,134.3333,1
-29.1583,134.3333,1
-29.154382,141.110495,1
-29.154382,141.110495,1
-29.154382,141.110495,1
-29.154382,141.110495,1
-29.154382,141.110495,1
-29.154382,141.110495,1
-29.154382,141.110495,1
-29.15028,137.55202,1
-29.15,130.2167,1
-29.15,130.2167,1
-29.149721,141.038286,1
-29.149721,141.038286,1
-29.149721,141.038286,1
-29.149721,141.038286,1
-29.149721,141.038286,1
-29.149721,141.038286,1
-29.149721,141.038286,1
-29.149721,141.038286,1
-29.149721,141.038286,1
-29.149721,141.038286,1
-29.149721,141.038286,1
-29.149721,141.038286,1
-29.149721,141.038286,1
-29.149721,141.038286,1
-29.149721,141.038286,1
-29.149721,141.038286,1
-29.145128,141.056197,1
-29.145128,141.056197,1
-29.145128,141.056197,1
-29.145128,141.056197,1
-29.145128,141.056197,1
-29.145128,141.056197,1
-29.145128,141.056197,1
-29.145128,141.056197,1
-29.145128,141.056197,1
-29.145128,141.056197,1
-29.142794,141.058289,1
-29.139369,141.140777,1
-29.139369,141.140777,1
-29.139369,141.140777,1
-29.139369,141.140777,1
-29.139369,141.140777,1
-29.139369,141.140777,1
-29.139369,141.140777,1
-29.139369,141.140777,1
-29.139258,141.091428,1
-29.139258,141.091428,1
-29.137656,140.992062,1
-29.137656,140.992062,1
-29.137656,140.992062,1
-29.137656,140.992062,1
-29.137656,140.992062,1
-29.137656,140.992062,1
-29.137656,140.992062,1
-29.137656,140.992062,1
-29.137656,140.992062,1
-29.137656,140.992062,1
-29.137656,140.992062,1
-29.137656,140.992062,1
-29.137656,140.992062,1
-29.137656,140.992062,1
-29.137656,140.992062,1
-29.135119,141.034748,1
-29.135119,141.034748,1
-29.135119,141.034748,1
-29.135119,141.034748,1
-29.135119,141.034748,1
-29.135119,141.034748,1
-29.135119,141.034748,1
-29.135119,141.034748,1
-29.13461,138.52074,1
-29.13149,141.062725,1
-29.13149,141.062725,1
-29.13149,141.062725,1
-29.13149,141.062725,1
-29.13149,141.062725,1
-29.13149,141.062725,1
-29.13149,141.062725,1
-29.131451,141.148469,1
-29.13115,130.23503,1
-29.13115,130.23503,1
-29.13115,130.23503,1
-29.130136,141.047512,1
-29.130136,141.047512,1
-29.130136,141.047512,1
-29.130136,141.047512,1
-29.130136,141.047512,1
-29.130136,141.047512,1
-29.130136,141.047512,1
-29.130136,141.047512,1
-29.130136,141.047512,1
-29.130136,141.047512,1
-29.130136,141.047512,1
-29.130136,141.047512,1
-29.12808,137.30899,1
-29.12808,137.30899,1
-29.127628,141.085062,1
-29.127628,141.085062,1
-29.127628,141.085062,1
-29.127628,141.085062,1
-29.12483,140.00563,1
-29.1222,136.5453,1
-29.1222,136.5453,1
-29.12119,136.54545,1
-29.120269,141.050445,1
-29.120269,141.050445,1
-29.120269,141.050445,1
-29.120269,141.050445,1
-29.120269,141.050445,1
-29.120269,141.050445,1
-29.120269,141.050445,1
-29.119861,141.065519,1
-29.119861,141.065519,1
-29.119861,141.065519,1
-29.119861,141.065519,1
-29.119861,141.065519,1
-29.119861,141.065519,1
-29.119861,141.065519,1
-29.119861,141.065519,1
-29.119861,141.065519,1
-29.119861,141.065519,1
-29.119861,141.065519,1
-29.117347,140.950978,1
-29.117347,140.950978,1
-29.117347,140.950978,1
-29.117347,140.950978,1
-29.117347,140.950978,1
-29.117347,140.950978,1
-29.117347,140.950978,1
-29.110594,141.170535,1
-29.110594,141.170535,1
-29.110594,141.170535,1
-29.110594,141.170535,1
-29.10929,131.98565,1
-29.10929,131.98565,1
-29.10929,131.98565,1
-29.10929,131.98565,1
-29.10929,131.98565,1
-29.10929,131.98565,1
-29.10702,138.38612,1
-29.10161,141.064342,1
-29.096981,141.071778,1
-29.096981,141.071778,1
-29.096981,141.071778,1
-29.096981,141.071778,1
-29.096981,141.071778,1
-29.096981,141.071778,1
-29.094916,141.006815,1
-29.094916,141.006815,1
-29.094204,141.062572,1
-29.094204,141.062572,1
-29.094204,141.062572,1
-29.094204,141.062572,1
-29.094204,141.062572,1
-29.094204,141.062572,1
-29.090834,141.20139,1
-29.090834,141.20139,1
-29.090834,141.20139,1
-29.090834,141.20139,1
-29.08862,141.007013,1
-29.08862,141.007013,1
-29.08862,141.007013,1
-29.08862,141.007013,1
-29.08862,141.007013,1
-29.08862,141.007013,1
-29.08862,141.007013,1
-29.08862,141.007013,1
-29.08862,141.007013,1
-29.08862,141.007013,1
-29.08862,141.007013,1
-29.08862,141.007013,1
-29.08862,141.007013,1
-29.08723,136.53065,1
-29.086602,141.07138,1
-29.08627,130.26894,1
-29.083333,127.416667,1
-29.083333,127.416667,1
-29.083333,127.416667,1
-29.083333,127.416667,1
-29.083333,127.416667,1
-29.083333,127.416667,1
-29.081629,141.051317,1
-29.081629,141.051317,1
-29.081629,141.051317,1
-29.081629,141.051317,1
-29.081629,141.051317,1
-29.081629,141.051317,1
-29.081629,141.051317,1
-29.081629,141.051317,1
-29.081629,141.051317,1
-29.081629,141.051317,1
-29.081629,141.051317,1
-29.081026,141.127008,1
-29.081026,141.127008,1
-29.081026,141.127008,1
-29.078642,140.992406,1
-29.078642,140.992406,1
-29.078642,140.992406,1
-29.078642,140.992406,1
-29.076369,141.077889,1
-29.076369,141.077889,1
-29.076369,141.077889,1
-29.076369,141.077889,1
-29.076369,141.077889,1
-29.076369,141.077889,1
-29.076369,141.077889,1
-29.076369,141.077889,1
-29.076369,141.077889,1
-29.076369,141.077889,1
-29.076369,141.077889,1
-29.076369,141.077889,1
-29.076369,141.077889,1
-29.076369,141.077889,1
-29.070667,141.045823,1
-29.070667,141.045823,1
-29.070667,141.045823,1
-29.070667,141.045823,1
-29.070667,141.045823,1
-29.069943,141.090237,1
-29.069943,141.090237,1
-29.069943,141.090237,1
-29.069943,141.090237,1
-29.069943,141.090237,1
-29.069943,141.090237,1
-29.069943,141.090237,1
-29.069943,141.090237,1
-29.0667,146.7167,1
-29.066668,146.71666,1
-29.064649,141.090995,1
-29.064649,141.090995,1
-29.064649,141.090995,1
-29.0642,132.0072,1
-29.0642,132.0072,1
-29.0642,132.0072,1
-29.0642,132.0072,1
-29.06417,141.091224,1
-29.06417,141.091224,1
-29.0641,132.00719,1
-29.0641,132.00719,1
-29.0641,132.00719,1
-29.0641,132.00719,1
-29.0641,132.00719,1
-29.063962,141.091636,1
-29.063947,141.069477,1
-29.063947,141.069477,1
-29.063947,141.069477,1
-29.063947,141.069477,1
-29.063947,141.069477,1
-29.063947,141.069477,1
-29.063947,141.069477,1
-29.063947,141.069477,1
-29.063947,141.069477,1
-29.063947,141.069477,1
-29.063947,141.069477,1
-29.063947,141.069477,1
-29.063947,141.069477,1
-29.063947,141.069477,1
-29.063863,141.090812,1
-29.063592,141.091285,1
-29.061,130.29396,1
-29.061,130.29396,1
-29.059993,141.088157,1
-29.05918,130.29613,1
-29.0567,136.2656,1
-29.0567,136.2656,1
-29.0567,136.2656,1
-29.0567,136.2656,1
-29.056033,141.053346,1
-29.056033,141.053346,1
-29.056033,141.053346,1
-29.056033,141.053346,1
-29.0552,136.26686,1
-29.0552,136.26686,1
-29.0552,136.26686,1
-29.0552,136.26686,1
-29.05,141.86667,1
-29.05,141.86667,1
-29.05,133.32,1
-29.05,133.32,1
-29.0472,132.0167,1
-29.0472,132.0167,1
-29.045427,141.858903,1
-29.045,141.30695,1
-29.045,141.30695,1
-29.044445,141.30722,1
-29.03917,138.47252,1
-29.037054,141.125896,1
-29.035555,141.19556,1
-29.03395,139.58277,1
-29.0314,133.35506,1
-29.03,133.35,1
-29.03,133.35,1
-29.03,133.35,1
-29.03,133.35,1
-29.03,133.35,1
-29.03,133.35,1
-29.028737,141.132941,1
-29.028737,141.132941,1
-29.028178,141.131812,1
-29.028106,141.133154,1
-29.0281,132.0283,1
-29.0281,132.0283,1
-29.02799,132.0283,1
-29.02799,132.0283,1
-29.02799,132.0283,1
-29.02799,132.0283,1
-29.027779,141.49083,1
-29.027053,141.129828,1
-29.027053,141.129828,1
-29.027053,141.129828,1
-29.026836,141.129233,1
-29.026555,141.129736,1
-29.025154,146.672555,1
-29.025026,141.135091,1
-29.025026,141.135091,1
-29.0232,130.31057,1
-29.0232,130.31057,1
-29.0232,130.31057,1
-29.0232,130.31057,1
-29.02255,137.67676,1
-29.02255,137.67676,1
-29.02255,137.67676,1
-29.0225,137.6767,1
-29.0225,137.6767,1
-29.02132,141.135682,1
-29.02132,141.135682,1
-29.02132,141.135682,1
-29.02132,141.135682,1
-29.02024,138.10643,1
-29.02024,138.10643,1
-29.02024,138.10643,1
-29.02024,138.10643,1
-29.02024,138.10643,1
-29.02024,138.10643,1
-29.02024,138.10643,1
-29.02024,138.10643,1
-29.02024,138.10643,1
-29.02024,138.10643,1
-29.02024,138.10643,1
-29.02024,138.10643,1
-29.02024,138.10643,1
-29.02024,138.10643,1
-29.02024,138.10643,1
-29.02024,138.10643,1
-29.02024,138.10643,1
-29.02024,138.10643,1
-29.02024,138.10643,1
-29.02024,138.10643,1
-29.02024,138.10643,1
-29.02024,138.10643,1
-29.02,133.42,1
-29.02,133.42,1
-29.02,133.42,1
-29.018303,141.005148,1
-29.018303,141.005148,1
-29.018303,141.005148,1
-29.018303,141.005148,1
-29.018303,141.005148,1
-29.018303,141.005148,1
-29.018303,141.005148,1
-29.018303,141.005148,1
-29.018303,141.005148,1
-29.017221,141.47528,1
-29.01554,133.40147,1
-29.01394,132.03712,1
-29.01394,132.03712,1
-29.01394,132.03712,1
-29.01394,132.03712,1
-29.01394,132.03712,1
-29.01394,132.03712,1
-29.012307,141.087533,1
-29.012307,141.087533,1
-29.012307,141.087533,1
-29.012307,141.087533,1
-29.012307,141.087533,1
-29.009892,141.064708,1
-29.009892,141.064708,1
-29.009892,141.064708,1
-29.009892,141.064708,1
-29.009892,141.064708,1
-29.009892,141.064708,1
-29.009892,141.064708,1
-29.009892,141.064708,1
-29.009892,141.064708,1
-29.009892,141.064708,1
-29.009892,141.064708,1
-29.009892,141.064708,1
-29.009892,141.064708,1
-29.009892,141.064708,1
-29.009892,141.064708,1
-29.009892,141.064708,1
-29.003157,141.119211,1
-29.003157,141.119211,1
-29.003157,141.119211,1
-29.003157,141.119211,1
-29.003157,141.119211,1
-29.003157,141.119211,1
-29.003157,141.119211,1
-29.003157,141.119211,1
-29.002744,141.116443,1
-29.002289,140.961339,1
-29.002289,140.961339,1
-29.002289,140.961339,1
-29.002289,140.961339,1
-29.002289,140.961339,1
-29.002289,140.961339,1
-29.002289,140.961339,1
-29.002289,140.961339,1
-29.002289,140.961339,1
-29.002289,140.961339,1
-29.002289,140.961339,1
-29.002289,140.961339,1
-29.002289,140.961339,1
-28.998839,140.999123,1
-28.9986,133.38874,1
-28.997401,140.972095,1
-28.997401,140.972095,1
-28.997401,140.972095,1
-28.997401,140.972095,1
-28.997401,140.972095,1
-28.997401,140.972095,1
-28.9974,140.9721,1
-28.9974,140.9721,1
-28.9974,140.9721,1
-28.9968,133.38928,1
-28.99418,130.36527,1
-28.99418,130.36527,1
-28.99418,130.36527,1
-28.99418,130.36527,1
-28.99418,130.36527,1
-28.9932,138.06496,1
-28.9932,138.06496,1
-28.9932,138.06496,1
-28.9932,138.06496,1
-28.9849,132.01186,1
-28.9849,132.01186,1
-28.9833,133.8333,1
-28.9833,133.8333,1
-28.9736,132.0075,1
-28.97356,132.00742,1
-28.95105,136.78197,1
-28.95105,136.78197,1
-28.95105,136.78197,1
-28.9458,129.5403,1
-28.9458,129.5403,1
-28.9458,129.5403,1
-28.9458,129.5403,1
-28.9458,129.5403,1
-28.9458,129.5403,1
-28.933333,141.366667,1
-28.9333,134.2333,1
-28.9331,132.8431,1
-28.9331,132.8431,1
-28.92173,138.07277,1
-28.92173,138.07277,1
-28.92173,138.07277,1
-28.92173,138.07277,1
-28.92173,138.07277,1
-28.92173,138.07277,1
-28.92173,138.07277,1
-28.92173,138.07277,1
-28.92173,138.07277,1
-28.92173,138.07277,1
-28.9217,138.0728,1
-28.9217,138.0728,1
-28.91966,130.43602,1
-28.91966,130.43602,1
-28.91966,130.43602,1
-28.91966,130.43602,1
-28.91966,130.43602,1
-28.9181,130.4375,1
-28.9181,130.4375,1
-28.9167,136.3333,1
-28.91667,122.31667,1
-28.91633,132.84297,1
-28.902222,147.121111,1
-28.88333,121.38333,1
-28.8814,129.5361,1
-28.8814,129.5361,1
-28.873489,141.284549,1
-28.85794,138.15205,1
-28.85794,138.15205,1
-28.85794,138.15205,1
-28.8528,132.5861,1
-28.8528,132.5861,1
-28.85274,132.58602,1
-28.85274,132.58602,1
-28.85035,138.24645,1
-28.85023,130.48304,1
-28.85008,138.2012,1
-28.85008,138.2012,1
-28.85008,138.2012,1
-28.85008,138.2012,1
-28.85008,138.2012,1
-28.8486,130.4844,1
-28.8486,130.4844,1
-28.84645,132.53812,1
-28.83228,130.48535,1
-28.83228,130.48535,1
-28.83228,130.48535,1
-28.8308,130.4867,1
-28.8308,130.4867,1
-28.82319,138.90631,1
-28.82319,138.90631,1
-28.82319,138.90631,1
-28.82319,138.90631,1
-28.82074,130.4969,1
-28.82074,130.4969,1
-28.82074,130.4969,1
-28.82074,130.4969,1
-28.82074,130.4969,1
-28.82074,130.4969,1
-28.82074,130.4969,1
-28.82017,138.948,1
-28.82017,138.948,1
-28.82017,138.948,1
-28.82017,138.948,1
-28.82017,138.948,1
-28.82017,138.948,1
-28.82017,138.948,1
-28.82017,138.948,1
-28.82017,138.948,1
-28.82017,138.948,1
-28.82017,138.948,1
-28.82017,138.948,1
-28.82017,138.948,1
-28.82017,138.948,1
-28.82017,138.948,1
-28.82017,138.948,1
-28.820169,138.948,1
-28.820169,138.948,1
-28.820169,138.948,1
-28.820169,138.948,1
-28.819722,146.789444,1
-28.8153,129.64,1
-28.8153,129.5564,1
-28.8153,129.5564,1
-28.8153,129.64,1
-28.815,129.5333,1
-28.815,129.5333,1
-28.815,129.5333,1
-28.815,129.5333,1
-28.815,129.5333,1
-28.815,129.5333,1
-28.8,141.183333,1
-28.8,141.183333,1
-28.789861,142.763056,1
-28.789861,142.763056,1
-28.783333,144.55,1
-28.75,130.55,1
-28.72289,132.37099,1
-28.688056,125.847222,1
-28.688056,125.847222,1
-28.688056,125.847222,1
-28.666667,125.833333,1
-28.643056,115.6375,1
-28.6178,135.9661,1
-28.6178,135.9661,1
-28.61622,135.96745,1
-28.583334,140.95,1
-28.583333,125.833333,1
-28.5833,130.6667,1
-28.5833,130.6667,1
-28.5833,130.6667,1
-28.5833,130.6667,1
-28.5833,130.6667,1
-28.5833,130.6667,1
-28.5833,130.6667,1
-28.575,146.555278,1
-28.57101,130.75847,1
-28.57048,130.85499,1
-28.57048,130.85499,1
-28.5689,130.8564,1
-28.5689,130.8564,1
-28.56886,130.8774,1
-28.5672,130.8786,1
-28.5672,130.8786,1
-28.56589,130.74198,1
-28.56589,130.74198,1
-28.56589,130.74198,1
-28.56427,131.92338,1
-28.5635,130.99996,1
-28.5635,130.99996,1
-28.5635,130.99996,1
-28.56316,130.79312,1
-28.56316,130.79312,1
-28.56316,130.79312,1
-28.56316,130.79312,1
-28.56316,130.79312,1
-28.5619,131.0014,1
-28.5619,131.0014,1
-28.5617,130.7944,1
-28.5617,130.7944,1
-28.558333,125.808333,1
-28.558333,125.808333,1
-28.558333,125.808333,1
-28.556944,119.091667,1
-28.553889,125.808611,1
-28.55157,131.90279,1
-28.543056,119.086111,1
-28.543056,119.086111,1
-28.543056,119.086111,1
-28.54239,130.07208,1
-28.54239,130.07208,1
-28.54239,130.07208,1
-28.54083,130.26694,1
-28.54083,130.26694,1
-28.54083,130.26694,1
-28.54083,130.26694,1
-28.54083,130.26694,1
-28.54083,130.26694,1
-28.54019,130.04701,1
-28.54019,130.04701,1
-28.54019,130.04701,1
-28.54,130.0469,1
-28.54,130.0469,1
-28.54,130.265,1
-28.54,130.265,1
-28.54,130.265,1
-28.54,130.265,1
-28.54,130.265,1
-28.54,130.265,1
-28.5394,130.14807,1
-28.53698,131.73787,1
-28.53667,130.20889,1
-28.53667,130.20889,1
-28.53611,130.19472,1
-28.53611,132.11917,1
-28.5336,129.91196,1
-28.5336,129.91196,1
-28.5336,129.91196,1
-28.533333,119.095833,1
-28.533333,119.095833,1
-28.533333,119.095833,1
-28.53267,129.9981,1
-28.53221,129.94292,1
-28.53196,129.95754,1
-28.531944,119.193056,1
-28.531944,119.193056,1
-28.531944,119.193056,1
-28.5319,129.8583,1
-28.5319,129.8583,1
-28.53189,129.85821,1
-28.53189,129.85821,1
-28.53189,129.85821,1
-28.53189,129.85821,1
-28.53053,131.55506,1
-28.52929,129.83194,1
-28.52929,129.83194,1
-28.52929,129.83194,1
-28.52903,132.12498,1
-28.51361,128.84667,1
-28.51038,132.10657,1
-28.50908,140.13341,1
-28.5089,132.1864,1
-28.5089,132.1864,1
-28.50869,129.2418,1
-28.50869,129.2418,1
-28.50869,129.2418,1
-28.50827,129.21035,1
-28.50827,129.21035,1
-28.50827,129.21035,1
-28.50704,132.18678,1
-28.50704,132.18678,1
-28.50688,129.01384,1
-28.50688,129.01384,1
-28.50676,129.26193,1
-28.50676,129.26193,1
-28.50248,129.08039,1
-28.5,129,1
-28.5,129,1
-28.5,129.1667,1
-28.5,129,1
-28.5,129,1
-28.5,129.03,1
-28.5,129.02,1
-28.5,129.03,1
-28.49858,134.05593,1
-28.49789,129.32057,1
-28.49789,129.32057,1
-28.49789,129.32057,1
-28.49588,129.33179,1
-28.49588,129.33179,1
-28.49588,129.33179,1
-28.495833,115.216667,1
-28.483,140.81084,1
-28.483,140.81084,1
-28.483,140.81084,1
-28.48096,134.06148,1
-28.48096,134.06148,1
-28.48085,134.37728,1
-28.48022,140.82195,1
-28.48022,140.82195,1
-28.48022,140.82195,1
-28.478333,125.808889,1
-28.478333,125.808889,1
-28.47504,132.18166,1
-28.47504,132.18166,1
-28.47323,132.08255,1
-28.4705,140.34266,1
-28.4667,140.35,1
-28.466667,122.833333,1
-28.466667,122.833333,1
-28.46577,138.85782,1
-28.46577,138.85782,1
-28.46577,138.85782,1
-28.46577,138.85782,1
-28.46577,138.85782,1
-28.46577,138.85782,1
-28.46577,138.85782,1
-28.46577,138.85782,1
-28.46577,138.85782,1
-28.46577,138.85782,1
-28.46577,138.85782,1
-28.4642,138.8592,1
-28.4642,138.8592,1
-28.46355,140.79695,1
-28.46355,140.78029,1
-28.46355,140.79695,1
-28.46355,140.79695,1
-28.46277,129.01026,1
-28.46277,129.01026,1
-28.45083,132.17986,1
-28.45083,132.17986,1
-28.45083,132.17986,1
-28.45083,132.17986,1
-28.45083,132.17986,1
-28.4508,132.18,1
-28.4508,132.18,1
-28.44907,138.86691,1
-28.44907,138.86691,1
-28.44907,138.86691,1
-28.44907,138.86691,1
-28.44907,138.86691,1
-28.44907,138.86691,1
-28.44907,138.86691,1
-28.44907,138.86691,1
-28.44907,138.86691,1
-28.44907,138.86691,1
-28.44907,138.86691,1
-28.44907,138.86691,1
-28.44907,138.86691,1
-28.44689,140.78306,1
-28.44532,138.91061,1
-28.44515,138.93727,1
-28.4436,138.9119,1
-28.4436,138.9119,1
-28.44181,138.88022,1
-28.44181,138.88022,1
-28.44181,138.88022,1
-28.4417,134.5044,1
-28.4417,134.5044,1
-28.4417,134.5044,1
-28.4417,134.5044,1
-28.44161,134.5045,1
-28.44161,134.5045,1
-28.4403,138.8817,1
-28.4403,138.8817,1
-28.4403,138.8817,1
-28.43014,140.85039,1
-28.43,140.8,1
-28.43,140.8,1
-28.42804,140.06109,1
-28.41832,138.81195,1
-28.41832,138.81195,1
-28.41832,138.81195,1
-28.41832,138.81195,1
-28.41832,138.81195,1
-28.4167,138.8133,1
-28.4167,138.8133,1
-28.41026,134.08709,1
-28.39845,138.77236,1
-28.39845,138.77236,1
-28.39133,140.83029,1
-28.38855,140.83862,1
-28.38855,140.83862,1
-28.3725,127.539,1
-28.3725,127.538611,1
-28.3725,127.538611,1
-28.3723,127.535,1
-28.372222,127.510278,1
-28.372222,127.535278,1
-28.37,140.55,1
-28.37,140.55,1
-28.37,140.55,1
-28.37,138.67,1
-28.37,140.55,1
-28.37,140.55,1
-28.37,140.55,1
-28.36454,140.54111,1
-28.3625,127.95972,1
-28.3625,127.95972,1
-28.35601,140.52972,1
-28.35601,140.52972,1
-28.35594,140.52972,1
-28.35333,127.94528,1
-28.3501,140.52416,1
-28.3501,140.52416,1
-28.35,138.65,1
-28.35,140.53,1
-28.35,140.53,1
-28.34972,127.94639,1
-28.34972,127.94639,1
-28.34611,127.94444,1
-28.34611,127.94444,1
-28.33648,140.50444,1
-28.33648,140.50444,1
-28.33648,140.50444,1
-28.33648,140.50444,1
-28.333611,127.397222,1
-28.32537,140.48999,1
-28.32139,126.56861,1
-28.32139,126.56861,1
-28.32139,126.56861,1
-28.32139,126.56861,1
-28.318333,126.044167,1
-28.318333,126.041667,1
-28.316111,126.062778,1
-28.316111,126.062778,1
-28.308333,126.395278,1
-28.301667,126.221389,1
-28.301667,126.221389,1
-28.301667,126.221389,1
-28.298333,125.814167,1
-28.29688,140.91918,1
-28.288333,125.814444,1
-28.28546,138.66334,1
-28.283333,122.116667,1
-28.283333,122.116667,1
-28.283333,122.116667,1
-28.283333,122.116667,1
-28.28333,122.11667,1
-28.28333,122.11667,1
-28.283,140.90529,1
-28.26911,140.91084,1
-28.26667,122.08333,1
-28.26667,122.08333,1
-28.26667,122.05,1
-28.26667,122.05,1
-28.26667,122.05,1
-28.26667,122.08333,1
-28.26667,122.08333,1
-28.266667,122.05,1
-28.266667,122.083333,1
-28.266667,122.083333,1
-28.266667,122.083333,1
-28.266667,122.05,1
-28.266667,122.083333,1
-28.266667,122.083333,1
-28.26232,140.40639,1
-28.2581,139.2081,1
-28.2581,139.2081,1
-28.2581,139.2081,1
-28.25565,140.38472,1
-28.25371,140.39583,1
-28.25,140.4,1
-28.23855,140.9025,1
-28.23577,140.89417,1
-28.23577,140.89417,1
-28.23,133.37,1
-28.23,133.37,1
-28.22235,133.32473,1
-28.22,133.37,1
-28.22,133.37,1
-28.21395,133.35431,1
-28.21356,140.88306,1
-28.21356,140.88306,1
-28.21355,140.9275,1
-28.21355,140.9275,1
-28.21355,140.9275,1
-28.21355,140.9275,1
-28.20799,140.91639,1
-28.20799,140.91639,1
-28.20799,140.91639,1
-28.2,123.6,1
-28.2,123.6,1
-28.2,123.6,1
-28.2,123.58333,1
-28.2,123.6,1
-28.2,123.6,1
-28.2,123.6,1
-28.2,123.6,1
-28.2,123.6,1
-28.2,123.6,1
-28.2,123.6,1
-28.2,123.6,1
-28.2,123.6,1
-28.2,123.6,1
-28.2,123.6,1
-28.2,123.6,1
-28.2,123.6,1
-28.2,123.6,1
-28.2,123.6,1
-28.2,123.6,1
-28.2,123.6,1
-28.2,123.6,1
-28.2,123.6,1
-28.2,123.6,1
-28.2,123.6,1
-28.2,122.13333,1
-28.2,123.6,1
-28.2,123.6,1
-28.2,122.133333,1
-28.1903,140.9069,1
-28.18738,133.38884,1
-28.17436,134.03029,1
-28.16667,123.66667,1
-28.16667,123.66667,1
-28.16667,123.66667,1
-28.16667,123.66667,1
-28.16667,123.66667,1
-28.15097,123.64458,1
-28.14689,140.89139,1
-28.14689,140.89139,1
-28.14689,140.89139,1
-28.14689,140.89139,1
-28.14142,140.9025,1
-28.14142,140.9025,1
-28.14133,140.88584,1
-28.14133,140.88584,1
-28.14133,140.88584,1
-28.14133,140.88584,1
-28.14133,140.88584,1
-28.14133,140.88584,1
-28.14133,140.88584,1
-28.1244,140.6742,1
-28.12399,138.66304,1
-28.12,140.87,1
-28.10596,133.94198,1
-28.10066,133.95754,1
-28.1,144.35,1
-28.1,144.35,1
-28.1,144.35,1
-28.1,144.35,1
-28.0985843,144.3509139,1
-28.09789,123.68647,1
-28.09689,140.84417,1
-28.09689,140.84417,1
-28.09689,140.84417,1
-28.09689,140.84417,1
-28.09688,140.84973,1
-28.09688,140.84973,1
-28.09688,140.84973,1
-28.09688,140.84973,1
-28.09688,140.84973,1
-28.091667,125.958333,1
-28.091667,125.958333,1
-28.091667,125.958333,1
-28.091667,125.958333,1
-28.091667,125.958333,1
-28.091667,125.958333,1
-28.091667,125.958333,1
-28.091667,125.958333,1
-28.091667,125.958333,1
-28.091667,125.958333,1
-28.091667,125.958333,1
-28.091667,125.958333,1
-28.091667,125.958333,1
-28.091667,125.958333,1
-28.091667,125.958333,1
-28.091667,125.958333,1
-28.091667,125.958333,1
-28.091667,125.958333,1
-28.091667,125.958333,1
-28.091667,125.958333,1
-28.091667,125.958333,1
-28.091667,125.958333,1
-28.091667,125.958333,1
-28.091667,125.958333,1
-28.091667,125.958333,1
-28.091667,125.958333,1
-28.091667,125.958333,1
-28.091667,125.958333,1
-28.091667,125.958333,1
-28.08256,140.11898,1
-28.08256,140.11898,1
-28.081795,144.36787,1
-28.081795,144.36787,1
-28.081795,144.36787,1
-28.08,139.93501,1
-28.08,139.93501,1
-28.08,139.93501,1
-28.08,139.93501,1
-28.08,139.93501,1
-28.08,139.93501,1
-28.08,139.93501,1
-28.08,139.93501,1
-28.07982,139.88706,1
-28.07757,139.87077,1
-28.07704,139.85754,1
-28.07704,139.85754,1
-28.07606,140.85528,1
-28.07606,140.85528,1
-28.07606,140.85528,1
-28.07606,140.85528,1
-28.07606,140.85528,1
-28.07606,140.85528,1
-28.07606,140.85528,1
-28.07606,140.85528,1
-28.07606,140.85528,1
-28.07606,140.85528,1
-28.07606,140.85528,1
-28.07606,140.85528,1
-28.07606,140.85528,1
-28.07189,140.84694,1
-28.07189,140.84694,1
-28.07189,140.84694,1
-28.06909,139.61477,1
-28.06904,139.69851,1
-28.06814,139.59156,1
-28.06791,139.5859,1
-28.066667,124.366667,1
-28.066667,124.366667,1
-28.066667,124.366667,1
-28.066667,117.85,1
-28.06661,139.5524,1
-28.062139,143.5145,1
-28.062139,143.5145,1
-28.062139,143.5145,1
-28.062139,143.5145,1
-28.05522,140.8775,1
-28.05522,140.8775,1
-28.04989,139.53657,1
-28.035025,140.745154,1
-28.035025,140.745154,1
-28.03502,140.74515,1
-28.03502,140.74515,1
-28.02456,133.77778,1
-28.02366,139.53202,1
-28.01952,138.39245,1
-28.01952,138.39245,1
-28.01952,138.39245,1
-28.0187,139.53206,1
-28.01622,139.53248,1
-28.01283,139.53446,1
-28.01139,138.36916,1
-28.01138,138.3598,1
-28.01117,139.53646,1
-28.01052,139.53767,1
-28.00983,140.36092,1
-28.00983,140.36092,1
-28.00983,140.36092,1
-28.00983,140.36092,1
-28.00983,140.36092,1
-28.00983,140.36092,1
-28.00983,140.36092,1
-28.00983,140.36092,1
-28.00789,133.77778,1
-28.00079,138.31641,1
-28.00079,138.31641,1
-28.00079,138.31641,1
-27.99341,138.28765,1
-27.99341,138.28765,1
-27.99287,138.28741,1
-27.99287,138.28741,1
-27.9898,140.31298,1
-27.9898,140.31298,1
-27.9898,140.31298,1
-27.98825,140.32267,1
-27.98825,140.32267,1
-27.98825,140.32267,1
-27.98825,140.32267,1
-27.98825,140.32267,1
-27.98556,139.5503,1
-27.983333,123.75,1
-27.983333,123.75,1
-27.98132,138.19685,1
-27.98111,139.55492,1
-27.97733,140.39739,1
-27.97733,140.39739,1
-27.97571,140.34215,1
-27.97157,139.5618,1
-27.960913,140.685848,1
-27.960913,140.685848,1
-27.96091,140.68585,1
-27.95869,137.99491,1
-27.95869,137.99491,1
-27.95647,134.14592,1
-27.9491,140.29363,1
-27.9491,140.29363,1
-27.9491,140.29363,1
-27.9491,140.29363,1
-27.9491,140.29363,1
-27.93996,136.38946,1
-27.92653,138.25797,1
-27.91406,137.9214,1
-27.9128,137.9617,1
-27.91056,139.58839,1
-27.91043,138.17007,1
-27.897763,140.69948,1
-27.897763,140.69948,1
-27.89272,133.68444,1
-27.89272,133.68444,1
-27.8922,137.8833,1
-27.88986,137.86283,1
-27.885278,120.739722,1
-27.88439,133.68444,1
-27.88056,137.83074,1
-27.88049,137.83053,1
-27.88049,137.83053,1
-27.87449,138.16335,1
-27.87449,138.16335,1
-27.87013,138.30182,1
-27.87013,138.30182,1
-27.86025,133.80158,1
-27.85689,138.23773,1
-27.85689,138.23773,1
-27.85689,138.23773,1
-27.85689,138.23773,1
-27.85689,138.23773,1
-27.84878,133.70394,1
-27.848778,139.606052,1
-27.848778,139.606052,1
-27.84513,138.35574,1
-27.84513,138.35574,1
-27.84513,138.35574,1
-27.83375,133.72428,1
-27.83375,133.72428,1
-27.83375,133.72428,1
-27.83375,133.72428,1
-27.83375,133.72428,1
-27.83375,133.72428,1
-27.8332,138.28339,1
-27.830689,140.850689,1
-27.830689,140.850689,1
-27.82188,138.26955,1
-27.82188,138.26955,1
-27.8165,138.33933,1
-27.8132,138.18478,1
-27.8132,138.18478,1
-27.8132,138.18478,1
-27.80669,133.81222,1
-27.80669,133.81222,1
-27.80669,133.81222,1
-27.80483,133.81289,1
-27.80483,133.81289,1
-27.80483,133.81289,1
-27.80223,138.33086,1
-27.80223,138.33086,1
-27.801389,121.668056,1
-27.801389,121.668056,1
-27.801389,121.668056,1
-27.798611,121.681944,1
-27.798611,121.681944,1
-27.797222,121.651389,1
-27.797222,121.651389,1
-27.797222,121.651389,1
-27.797222,121.651389,1
-27.797222,121.651389,1
-27.791389,122.265833,1
-27.791389,122.265833,1
-27.791389,122.265833,1
-27.790278,121.656944,1
-27.790278,121.656944,1
-27.790278,121.656944,1
-27.790278,121.656944,1
-27.790278,121.656944,1
-27.790278,121.656944,1
-27.790278,121.656944,1
-27.790278,121.656944,1
-27.790278,121.656944,1
-27.76973,138.21626,1
-27.76973,138.21626,1
-27.76973,138.21626,1
-27.769537,140.899525,1
-27.769537,140.899525,1
-27.7546,138.2408,1
-27.75406,138.241,1
-27.75406,138.241,1
-27.75406,138.241,1
-27.75406,138.241,1
-27.74227,139.58985,1
-27.735278,122.345278,1
-27.73526,137.106,1
-27.716667,142.716667,1
-27.716667,142.716667,1
-27.716667,142.716667,1
-27.716667,142.716667,1
-27.716667,142.716667,1
-27.716667,142.716667,1
-27.716667,142.716667,1
-27.716667,142.716667,1
-27.716667,142.716667,1
-27.714167,119.531111,1
-27.71162,138.25285,1
-27.706809,142.709552,1
-27.706809,142.709552,1
-27.706809,142.709552,1
-27.706809,142.709552,1
-27.706809,142.709552,1
-27.706809,142.709552,1
-27.697778,119.629722,1
-27.691667,119.606111,1
-27.6717,132.9164,1
-27.6717,132.9164,1
-27.67012,132.91766,1
-27.67012,132.91766,1
-27.6683,132.9147,1
-27.6683,132.9147,1
-27.6669,132.91604,1
-27.661111,116.375,1
-27.64634,139.04759,1
-27.625,132.9119,1
-27.62355,132.91315,1
-27.62355,132.91315,1
-27.62355,132.91315,1
-27.62355,132.91315,1
-27.62355,132.91315,1
-27.62355,132.91315,1
-27.62355,132.91315,1
-27.62011,141.139928,1
-27.616111,141.462778,1
-27.616111,141.462778,1
-27.616111,141.462778,1
-27.59377,132.88708,1
-27.59377,132.88708,1
-27.59377,132.88708,1
-27.59377,132.88708,1
-27.59039,134.83124,1
-27.5656,139.0972,1
-27.5561,134.425,1
-27.5561,134.425,1
-27.5561,134.425,1
-27.5561,134.425,1
-27.55312,134.43408,1
-27.55312,134.43408,1
-27.5457,140.1498,1
-27.5457,140.1498,1
-27.5457,140.1498,1
-27.54434,140.51509,1
-27.54373,134.35108,1
-27.54312,138.70125,1
-27.5417,134.35,1
-27.5417,134.35,1
-27.529795,141.353785,1
-27.526688,141.354444,1
-27.52501,138.70001,1
-27.525,138.6986,1
-27.525,138.6986,1
-27.52343,132.87121,1
-27.520582,141.3959,1
-27.5186,136.4564,1
-27.5186,136.4564,1
-27.51851,141.406778,1
-27.518333,121.1225,1
-27.51062,138.6906,1
-27.51062,138.6906,1
-27.51062,138.6906,1
-27.498482,141.934559,1
-27.498482,141.934559,1
-27.498482,141.934559,1
-27.49361,140.17148,1
-27.49361,140.17148,1
-27.49361,140.17148,1
-27.485712,141.503269,1
-27.48252,133.29467,1
-27.48252,133.29467,1
-27.48252,133.29467,1
-27.48252,133.29467,1
-27.48252,133.29467,1
-27.48252,133.29467,1
-27.482139,141.511583,1
-27.482139,141.511583,1
-27.482139,141.511583,1
-27.482139,141.511583,1
-27.482139,141.511583,1
-27.481191,141.520143,1
-27.48105,140.17793,1
-27.47917,133.33125,1
-27.47917,133.33125,1
-27.4686,133.3206,1
-27.4686,133.3206,1
-27.4625,141.8156,1
-27.4625,141.8156,1
-27.44513,140.21379,1
-27.44373,138.6932,1
-27.44373,138.6932,1
-27.44,120.65,1
-27.4303,133.2375,1
-27.4303,133.2375,1
-27.4303,133.2375,1
-27.43,120.63,1
-27.42879,133.23865,1
-27.42879,133.23865,1
-27.4203,133.26,1
-27.4203,133.26,1
-27.419444,122.695833,1
-27.41909,133.26128,1
-27.41909,133.26128,1
-27.416667,120.666667,1
-27.416667,120.666667,1
-27.416667,120.666667,1
-27.416667,122.683333,1
-27.416667,122.683333,1
-27.40773,140.22895,1
-27.40773,140.22895,1
-27.40453,140.23468,1
-27.40453,140.23468,1
-27.4044,140.2347,1
-27.4044,140.2347,1
-27.40343,138.70081,1
-27.40343,138.70081,1
-27.40074,140.24335,1
-27.40074,140.24335,1
-27.40074,140.24335,1
-27.40074,140.24335,1
-27.4,120.65,1
-27.4,120.65,1
-27.4,120.65,1
-27.4,120.65,1
-27.4,120.65,1
-27.4,120.65,1
-27.4,120.65,1
-27.4,120.65,1
-27.4,120.65,1
-27.4,122.716667,1
-27.4,122.716667,1
-27.3978,140.245,1
-27.3978,140.245,1
-27.38804,140.26553,1
-27.38804,140.26553,1
-27.3878,138.6661,1
-27.3878,138.6661,1
-27.3875,120.701389,1
-27.383333,141.333333,1
-27.383333,141.333333,1
-27.383333,141.95,1
-27.383333,141.95,1
-27.383333,141.95,1
-27.383333,141.333333,1
-27.383333,141.95,1
-27.383333,141.333333,1
-27.383333,141.333333,1
-27.383333,141.333333,1
-27.383333,141.333333,1
-27.383333,141.333333,1
-27.383333,141.333333,1
-27.383333,141.333333,1
-27.383333,141.333333,1
-27.383333,141.333333,1
-27.383333,141.333333,1
-27.383333,141.333333,1
-27.383333,141.333333,1
-27.383333,141.333333,1
-27.383333,141.333333,1
-27.383333,141.95,1
-27.383333,141.95,1
-27.383333,141.95,1
-27.3747,140.26911,1
-27.3747,140.26911,1
-27.3747,140.26911,1
-27.3747,140.26911,1
-27.3747,140.26911,1
-27.3747,140.26911,1
-27.3747,140.26911,1
-27.3747,140.26911,1
-27.3747,140.26911,1
-27.3747,140.26911,1
-27.3747,140.26911,1
-27.3747,140.26911,1
-27.3747,140.26911,1
-27.3747,140.26911,1
-27.3747,140.26911,1
-27.3747,140.26911,1
-27.3739,130.3622,1
-27.3739,130.3622,1
-27.373487,141.292897,1
-27.373487,141.292897,1
-27.373487,141.292897,1
-27.373487,141.292897,1
-27.373487,141.292897,1
-27.37235,130.36367,1
-27.37235,130.36367,1
-27.37,120.813333,1
-27.369722,120.808056,1
-27.3669,130.3517,1
-27.3669,130.3517,1
-27.3669,130.3517,1
-27.3669,130.3517,1
-27.36543,130.35312,1
-27.36543,130.35312,1
-27.36543,130.35312,1
-27.357222,120.768333,1
-27.357222,120.768333,1
-27.35,120.71667,1
-27.35,120.71667,1
-27.35,120.71667,1
-27.35,120.71667,1
-27.35,120.71667,1
-27.35,120.71667,1
-27.35,120.71667,1
-27.35,120.71667,1
-27.35,122.833333,1
-27.34479,140.26359,1
-27.34479,140.26359,1
-27.34479,140.26359,1
-27.34479,140.26359,1
-27.34479,140.26359,1
-27.34479,140.26359,1
-27.34479,140.26359,1
-27.3369,130.2375,1
-27.3369,130.2375,1
-27.3358,130.2261,1
-27.3358,130.2261,1
-27.3356,130.23892,1
-27.33447,130.22752,1
-27.333333,120.65,1
-27.333333,120.65,1
-27.333333,120.65,1
-27.333333,120.65,1
-27.333333,120.65,1
-27.333333,120.65,1
-27.333333,120.65,1
-27.333333,120.65,1
-27.333333,120.733333,1
-27.3333,135.3,1
-27.33287,140.26205,1
-27.33287,140.26205,1
-27.33287,140.26205,1
-27.33287,140.26205,1
-27.33287,140.26205,1
-27.33287,140.26205,1
-27.33287,140.26205,1
-27.33287,140.26205,1
-27.33287,140.26205,1
-27.33287,140.26205,1
-27.33287,140.26205,1
-27.33287,140.26205,1
-27.33287,140.26205,1
-27.326389,120.670556,1
-27.31988,140.26099,1
-27.318889,120.697222,1
-27.318889,120.697222,1
-27.318889,120.697222,1
-27.318889,120.697222,1
-27.318889,120.697222,1
-27.316667,114.783333,1
-27.316667,120.666667,1
-27.316667,120.666667,1
-27.316667,120.666667,1
-27.316667,120.666667,1
-27.316667,120.666667,1
-27.316667,120.666667,1
-27.316667,120.666667,1
-27.3156,140.7597,1
-27.3156,140.7597,1
-27.31413,140.76089,1
-27.30787,140.27627,1
-27.30787,140.27627,1
-27.30787,140.27627,1
-27.298611,121.05,1
-27.29236,140.29056,1
-27.29236,140.29056,1
-27.29236,140.29056,1
-27.29236,140.29056,1
-27.29236,140.29056,1
-27.29236,140.29056,1
-27.29236,140.29056,1
-27.29236,140.29056,1
-27.2869,140.6186,1
-27.2869,140.6186,1
-27.28547,140.61979,1
-27.283333,120.7,1
-27.283333,120.7,1
-27.283333,120.7,1
-27.283333,120.083333,1
-27.283333,120.7,1
-27.278951,114.021242,1
-27.26992,140.21553,1
-27.2667,140.1722,1
-27.26441,140.17451,1
-27.2639,140.2208,1
-27.2639,140.2208,1
-27.261389,121.048056,1
-27.261389,121.049167,1
-27.257222,114.189444,1
-27.25136,140.16488,1
-27.25136,140.16488,1
-27.25136,140.16488,1
-27.25136,140.16488,1
-27.25136,140.16488,1
-27.25136,140.16488,1
-27.25136,140.16488,1
-27.25,140.1833,1
-27.25,140.1833,1
-27.25,140.1833,1
-27.25,140.1833,1
-27.2486,140.6744,1
-27.2486,140.6744,1
-27.24846,140.67444,1
-27.24846,140.67444,1
-27.24846,140.67444,1
-27.24846,140.67444,1
-27.24846,140.67444,1
-27.24846,140.67444,1
-27.24846,140.67444,1
-27.24846,140.67444,1
-27.24846,140.67444,1
-27.24846,140.67444,1
-27.24846,140.67444,1
-27.2403,140.1764,1
-27.24011,140.17974,1
-27.23892,140.19819,1
-27.2375,140.1708,1
-27.2375,140.1708,1
-27.2375,140.1708,1
-27.2375,140.1708,1
-27.2375,140.1708,1
-27.2375,140.1708,1
-27.2375,140.1708,1
-27.2375,140.1708,1
-27.2375,140.1708,1
-27.23605,140.17359,1
-27.23269,140.36578,1
-27.23269,140.36578,1
-27.23238,140.19254,1
-27.2298,140.37221,1
-27.2278,140.1903,1
-27.2278,140.1903,1
-27.2278,140.1903,1
-27.2278,140.1903,1
-27.22506,140.19625,1
-27.22365,140.66498,1
-27.22365,140.66498,1
-27.22365,140.66498,1
-27.22365,140.66498,1
-27.22365,140.66498,1
-27.22365,140.66498,1
-27.22365,140.66498,1
-27.22365,140.66498,1
-27.22365,140.66498,1
-27.22365,140.66498,1
-27.22365,140.66498,1
-27.22365,140.66498,1
-27.22365,140.66498,1
-27.22365,140.66498,1
-27.22365,140.66498,1
-27.22365,140.66498,1
-27.22365,140.66498,1
-27.22365,140.66498,1
-27.22281,140.38745,1
-27.22281,140.38745,1
-27.222778,120.7675,1
-27.221944,121.050556,1
-27.221944,121.050556,1
-27.2197,132.1261,1
-27.21851,140.66617,1
-27.21851,140.66617,1
-27.21851,140.66617,1
-27.21851,140.66617,1
-27.21851,140.66617,1
-27.21851,140.66617,1
-27.21851,140.66617,1
-27.21851,140.66617,1
-27.21851,140.66617,1
-27.21851,140.66617,1
-27.21787,132.12381,1
-27.2167,140.15,1
-27.216667,126.483333,1
-27.21505,132.10884,1
-27.2128,133.5128,1
-27.2128,133.5128,1
-27.21145,133.51396,1
-27.208056,120.573333,1
-27.2069,140.1819,1
-27.2069,140.1819,1
-27.2069,140.1819,1
-27.2069,140.1819,1
-27.2069,140.1819,1
-27.20568,140.18564,1
-27.20466,140.15578,1
-27.20466,140.15578,1
-27.20466,140.15578,1
-27.20466,140.15578,1
-27.20466,140.15578,1
-27.20463,134.99445,1
-27.2044,134.9944,1
-27.2044,134.9944,1
-27.20096,140.18658,1
-27.2,140.8786,1
-27.2,140.8786,1
-27.2,140.55,1
-27.2,140.15,1
-27.2,140.15,1
-27.1998,135.6206,1
-27.19963,140.87957,1
-27.19846,140.87988,1
-27.19846,140.87988,1
-27.1983,135.6219,1
-27.1983,135.6219,1
-27.19429,135.58346,1
-27.1905,135.72071,1
-27.189444,120.785556,1
-27.18528,140.10268,1
-27.18447,134.92368,1
-27.18447,134.92368,1
-27.18346,140.15169,1
-27.18346,140.15169,1
-27.18346,140.15169,1
-27.183333,124.483333,1
-27.1792,140.1017,1
-27.1775,132.8683,1
-27.1767,140.10018,1
-27.1761,132.86983,1
-27.171944,116.594444,1
-27.1717,140.1433,1
-27.1717,140.1433,1
-27.1708,140.0994,1
-27.1706,140.6661,1
-27.1706,140.6661,1
-27.1706,140.6661,1
-27.17041,140.66607,1
-27.17041,140.66607,1
-27.17041,140.66607,1
-27.17041,140.66607,1
-27.17041,140.66607,1
-27.17041,140.66607,1
-27.17041,140.66607,1
-27.17041,140.66607,1
-27.17041,140.66607,1
-27.17041,140.66607,1
-27.17,140.17,1
-27.17,140.17,1
-27.166667,120.5,1
-27.166667,120.5,1
-27.166667,120.5,1
-27.166667,120.5,1
-27.166667,120.5,1
-27.166667,120.5,1
-27.16633,140.15115,1
-27.16412,140.68607,1
-27.16412,140.68607,1
-27.15997,139.69926,1
-27.1597,139.7072,1
-27.1597,139.7072,1
-27.15824,138.70848,1
-27.15568,131.13261,1
-27.15568,131.13261,1
-27.15568,131.13261,1
-27.15357,140.09001,1
-27.14854,131.14488,1
-27.14854,131.14488,1
-27.14854,131.14488,1
-27.14854,131.14488,1
-27.1436,140.0897,1
-27.1436,140.0897,1
-27.1436,140.0897,1
-27.1436,140.0897,1
-27.1436,140.0897,1
-27.14247,140.67783,1
-27.14247,140.67783,1
-27.14247,140.67783,1
-27.1417,140.25,1
-27.13467,140.13827,1
-27.1333,132.4333,1
-27.1333,132.4333,1
-27.1333,132.4333,1
-27.1333,132.4333,1
-27.1333,132.4333,1
-27.1333,132.4333,1
-27.1333,139.7,1
-27.1333,132.4333,1
-27.1331,132.4239,1
-27.1331,132.4239,1
-27.13218,140.14073,1
-27.1319,132.4258,1
-27.13172,132.42521,1
-27.13172,132.42521,1
-27.13172,132.42521,1
-27.13172,132.42521,1
-27.13172,132.42521,1
-27.13172,132.42521,1
-27.13172,132.42521,1
-27.13172,132.42521,1
-27.13172,132.42521,1
-27.13172,132.42521,1
-27.13172,132.42521,1
-27.13172,132.42521,1
-27.13172,132.42521,1
-27.13172,132.42521,1
-27.13172,132.42521,1
-27.13052,132.42719,1
-27.12845,132.85747,1
-27.123333,114.778056,1
-27.123333,114.778056,1
-27.1231,132.8514,1
-27.1231,132.8514,1
-27.1225,114.818056,1
-27.1225,114.818056,1
-27.116667,114.616667,1
-27.11274,140.66126,1
-27.11274,140.66126,1
-27.11167,139.72166,1
-27.11167,139.72166,1
-27.11167,139.72166,1
-27.11167,139.72166,1
-27.11167,139.72166,1
-27.11167,139.72166,1
-27.11167,139.72166,1
-27.10495,138.69845,1
-27.10495,138.69845,1
-27.1,132.4333,1
-27.09651,140.1498,1
-27.09334,140.64818,1
-27.090278,125.214444,1
-27.08727,138.68502,1
-27.0869,131.2208,1
-27.08552,131.22243,1
-27.08552,131.22243,1
-27.08552,131.22243,1
-27.08552,131.22243,1
-27.07981,140.65327,1
-27.06969,140.67263,1
-27.06969,140.67263,1
-27.06969,140.67263,1
-27.06969,140.67263,1
-27.06969,140.67263,1
-27.06969,140.67263,1
-27.06969,140.67263,1
-27.06969,140.67263,1
-27.0667,140.8,1
-27.0667,130.5,1
-27.06424,129.67106,1
-27.06424,129.67106,1
-27.0642,129.6711,1
-27.0642,129.6711,1
-27.0597,137.5983,1
-27.0597,137.5983,1
-27.05855,140.67689,1
-27.05855,140.67689,1
-27.058333,114.1,1
-27.058333,114.1,1
-27.058333,114.1,1
-27.058333,114.1,1
-27.05826,131.26815,1
-27.05826,131.26815,1
-27.05826,131.26815,1
-27.05826,131.26815,1
-27.05826,131.26815,1
-27.05826,131.26815,1
-27.05824,137.59961,1
-27.05824,137.59961,1
-27.0567,137.5775,1
-27.0567,137.5775,1
-27.05642,129.63889,1
-27.05642,129.63889,1
-27.05611,139.70556,1
-27.05611,139.70556,1
-27.05611,139.70556,1
-27.05519,137.57878,1
-27.05491,137.5435,1
-27.05491,137.5435,1
-27.0547,131.7111,1
-27.05394,131.83029,1
-27.05268,137.606,1
-27.05268,137.606,1
-27.05189,140.66567,1
-27.05189,140.66567,1
-27.05077,140.67264,1
-27.05077,140.67264,1
-27.05077,140.67264,1
-27.05077,140.67264,1
-27.05077,140.67264,1
-27.05,132.5056,1
-27.05,132.5056,1
-27.05,132.5056,1
-27.05,132.5,1
-27.048333,117.513056,1
-27.047222,114.573056,1
-27.044339,142.907819,1
-27.0433,131.2933,1
-27.0433,131.2933,1
-27.04298,140.67606,1
-27.04298,140.67606,1
-27.04298,140.67606,1
-27.04298,140.67606,1
-27.04298,140.67606,1
-27.0428,140.1639,1
-27.0428,140.1639,1
-27.042499,142.928239,1
-27.04203,131.29474,1
-27.04067,140.15262,1
-27.04067,140.15262,1
-27.0292,129.8392,1
-27.0292,129.8392,1
-27.02877,139.18346,1
-27.0281,132.5925,1
-27.0281,132.5925,1
-27.02778,129.84038,1
-27.02778,129.84038,1
-27.02778,129.84038,1
-27.02778,129.84038,1
-27.02778,129.84038,1
-27.02778,129.84038,1
-27.02658,132.59378,1
-27.02658,132.59378,1
-27.02658,132.59378,1
-27.02658,132.59378,1
-27.02658,132.59378,1
-27.02658,132.59378,1
-27.02658,132.59378,1
-27.02658,132.59378,1
-27.02658,132.59378,1
-27.0261,131.3144,1
-27.0256,135.2211,1
-27.0256,135.2211,1
-27.02544,139.16356,1
-27.02544,139.16356,1
-27.02544,139.16356,1
-27.02544,139.16356,1
-27.02544,139.16356,1
-27.02544,139.16356,1
-27.02544,139.16356,1
-27.02544,139.16356,1
-27.02544,139.16356,1
-27.02544,139.16356,1
-27.02544,139.16356,1
-27.02544,139.16356,1
-27.02544,139.16356,1
-27.02544,139.16356,1
-27.02544,139.16356,1
-27.02536,129.81628,1
-27.02536,129.81628,1
-27.0249,131.31585,1
-27.0249,131.31585,1
-27.0249,131.31585,1
-27.0249,131.31585,1
-27.0249,131.31585,1
-27.02193,131.28798,1
-27.02193,131.28798,1
-27.02193,131.28798,1
-27.02193,131.28798,1
-27.02193,131.28798,1
-27.02193,131.28798,1
-27.0194,131.33,1
-27.0194,131.2911,1
-27.01815,131.29264,1
-27.01804,131.29939,1
-27.0167,132.7167,1
-27.0167,132.7167,1
-27.0167,132.7167,1
-27.0167,132.7167,1
-27.0167,132.7167,1
-27.0167,132.7167,1
-27.0142,129.87,1
-27.01355,140.9747,1
-27.01355,140.9747,1
-27.01355,140.9747,1
-27.01355,140.9747,1
-27.01355,140.9747,1
-27.01355,140.9747,1
-27.01355,140.9747,1
-27.01264,129.87144,1
-27.01264,129.87144,1
-27.0122,132.5164,1
-27.0122,132.5164,1
-27.0111,132.4894,1
-27.0111,132.4894,1
-27.01069,132.51767,1
-27.01069,132.51767,1
-27.01041,132.5144,1
-27.00998,132.49518,1
-27.00977,132.49089,1
-27.00977,132.49089,1
-27.00977,132.49089,1
-27.00977,132.49089,1
-27.00977,132.49089,1
-27.00977,132.49089,1
-27.00977,132.49089,1
-27.0079,139.29737,1
-27.0079,139.29737,1
-27.0064,138.3817,1
-27.0064,138.3817,1
-27.0064,138.3817,1
-27.0064,138.3817,1
-27.0064,138.3817,1
-27.0064,138.3817,1
-27.006111,114.799167,1
-27.006111,114.799167,1
-27.00462,138.38262,1
-27.00462,138.38262,1
-27.00462,138.38262,1
-27.00462,138.38262,1
-27.00462,138.38262,1
-27.00462,138.38262,1
-27.00462,138.38262,1
-27.00462,138.38262,1
-27.00462,138.38262,1
-27.00462,138.38262,1
-27.00462,138.38262,1
-27.00195,139.68083,1
-27.0003,132.515,1
-27.0003,132.515,1
-27,140.9667,1
-26.99898,132.51628,1
-26.99898,132.51628,1
-26.99859,132.51522,1
-26.995862,143.111484,1
-26.9922,133.4683,1
-26.99076,133.46976,1
-26.99076,133.46976,1
-26.989022,143.149063,1
-26.9883,133.2828,1
-26.9883,133.2828,1
-26.9883,133.2828,1
-26.9883,133.2828,1
-26.9883,133.2828,1
-26.9883,133.2828,1
-26.9883,133.2828,1
-26.9883,133.2828,1
-26.9883,133.2828,1
-26.9883,133.2828,1
-26.988175,143.158375,1
-26.98678,133.28417,1
-26.98678,133.28417,1
-26.98678,133.28417,1
-26.98678,133.28417,1
-26.98678,133.28417,1
-26.98678,133.28417,1
-26.98678,133.28417,1
-26.98678,133.28417,1
-26.98678,133.28417,1
-26.983,140.98025,1
-26.983,140.98025,1
-26.983,140.98025,1
-26.983,140.98025,1
-26.983,140.98025,1
-26.983,140.98025,1
-26.983,140.98025,1
-26.983,140.98025,1
-26.982222,120.606389,1
-26.981667,120.6425,1
-26.97513,139.57422,1
-26.975,140.9917,1
-26.97382,136.06347,1
-26.97382,136.06347,1
-26.97382,136.06347,1
-26.973611,120.558056,1
-26.9736,136.0633,1
-26.9736,136.0633,1
-26.9735,139.34241,1
-26.9735,139.34241,1
-26.9735,139.34241,1
-26.97324,137.52267,1
-26.972778,120.558056,1
-26.97049,140.97192,1
-26.97,140.925,1
-26.97,120.615,1
-26.969445,143.315561,1
-26.9694,138.3617,1
-26.9694,138.3617,1
-26.969178,143.237098,1
-26.9691,140.93025,1
-26.9691,140.93025,1
-26.9691,140.93025,1
-26.9691,140.93025,1
-26.968425,143.246389,1
-26.96798,138.36262,1
-26.967029,143.325241,1
-26.9667,130.6833,1
-26.96527,139.57412,1
-26.965,120.558611,1
-26.96355,140.99414,1
-26.96355,140.99414,1
-26.96355,140.99414,1
-26.96355,140.99414,1
-26.96355,140.99414,1
-26.96355,140.99414,1
-26.96355,140.99414,1
-26.96355,140.99414,1
-26.95938,140.93303,1
-26.95938,140.93303,1
-26.95938,140.93303,1
-26.95938,140.93303,1
-26.95938,140.93303,1
-26.95938,140.93303,1
-26.95938,140.93303,1
-26.95938,140.93303,1
-26.95938,140.93303,1
-26.95938,140.93303,1
-26.95938,140.93303,1
-26.959201,143.554828,1
-26.95784,140.94215,1
-26.95784,140.94215,1
-26.95784,140.94215,1
-26.95784,140.94215,1
-26.95784,140.94215,1
-26.95784,140.94215,1
-26.95784,140.94215,1
-26.95784,140.94215,1
-26.95784,140.94215,1
-26.9578,140.9419,1
-26.9578,140.9419,1
-26.9578,140.9419,1
-26.957643,143.593227,1
-26.95634,139.57457,1
-26.9553,133.6664,1
-26.9553,133.6664,1
-26.95348,133.67456,1
-26.9533,131.4353,1
-26.9533,131.4353,1
-26.95202,131.43681,1
-26.95202,131.43681,1
-26.95202,131.43681,1
-26.95202,131.43681,1
-26.9511,133.5622,1
-26.9511,133.5622,1
-26.95105,140.96359,1
-26.95105,140.96359,1
-26.95081,133.56087,1
-26.95,133.55,1
-26.95,133.55,1
-26.95,140.75,1
-26.948735,143.733241,1
-26.94869,133.58622,1
-26.94869,133.58622,1
-26.94849,140.63458,1
-26.94849,140.63458,1
-26.94849,140.63458,1
-26.947504,143.713368,1
-26.946994,143.682972,1
-26.94689,140.95942,1
-26.94689,140.95942,1
-26.94689,140.95942,1
-26.94689,140.95942,1
-26.94689,140.95942,1
-26.946772,143.693205,1
-26.94439,133.6092,1
-26.94306,140.9164,1
-26.94306,140.9164,1
-26.94306,140.9164,1
-26.943056,117.632778,1
-26.94271,139.54131,1
-26.94271,139.54131,1
-26.94271,139.54131,1
-26.94271,139.54131,1
-26.94271,139.54131,1
-26.94271,139.54131,1
-26.94261,140.18918,1
-26.9425,140.1892,1
-26.9425,140.1892,1
-26.9417,140.92,1
-26.9411,139.5425,1
-26.93716,140.92608,1
-26.93716,140.92608,1
-26.93716,140.92608,1
-26.93716,140.92608,1
-26.93716,140.92608,1
-26.93716,140.92608,1
-26.93716,140.92608,1
-26.93716,140.92608,1
-26.93577,140.92192,1
-26.93577,140.92192,1
-26.93577,140.92192,1
-26.934301,143.88177,1
-26.93425,139.41429,1
-26.93425,139.41429,1
-26.93425,139.41429,1
-26.9333,140.6333,1
-26.9333,140.6333,1
-26.9333,140.6333,1
-26.9333,133.5,1
-26.93,133.5,1
-26.92913,143.930887,1
-26.92708,139.40291,1
-26.92708,139.40291,1
-26.9269,139.4028,1
-26.9269,139.4028,1
-26.921367,144.010006,1
-26.9167,135.25,1
-26.9131,132.9508,1
-26.9131,132.9508,1
-26.9131,132.9508,1
-26.9131,132.9508,1
-26.91149,132.95206,1
-26.91149,132.95206,1
-26.91149,132.95206,1
-26.91149,132.95206,1
-26.90729,140.90417,1
-26.90729,140.90417,1
-26.90729,140.90417,1
-26.9061,140.1336,1
-26.9061,140.1336,1
-26.9061,140.13364,1
-26.8989,133.1228,1
-26.897732,144.096036,1
-26.89746,133.12405,1
-26.89746,133.12405,1
-26.89746,133.12405,1
-26.8958,132.9994,1
-26.8958,132.9994,1
-26.89432,133.00079,1
-26.89432,133.00079,1
-26.89431,133.0032,1
-26.89431,133.0032,1
-26.89382,136.05396,1
-26.88333,132.25,1
-26.8833,135.3,1
-26.87807,133.11201,1
-26.87713,140.93493,1
-26.87713,140.93493,1
-26.87699,140.8906,1
-26.87689,140.9225,1
-26.87689,140.9225,1
-26.87562,140.80891,1
-26.87469,133.02788,1
-26.8744,133.0272,1
-26.8744,133.0272,1
-26.87287,133.02864,1
-26.87287,133.02864,1
-26.87287,133.02864,1
-26.87287,133.02864,1
-26.87287,133.02864,1
-26.87287,133.02864,1
-26.87287,133.02864,1
-26.87287,133.02864,1
-26.87193,140.79476,1
-26.87193,140.79476,1
-26.87193,140.79476,1
-26.87193,140.79476,1
-26.87193,140.79476,1
-26.86852,133.02202,1
-26.8675,140.7669,1
-26.8675,140.7669,1
-26.86742,140.76699,1
-26.86742,140.76699,1
-26.86742,140.76699,1
-26.86742,140.76699,1
-26.86742,140.76699,1
-26.86742,140.76699,1
-26.86718,140.77297,1
-26.866667,126.366667,1
-26.866667,126.366667,1
-26.866667,126.375,1
-26.866667,126.366667,1
-26.866667,126.366667,1
-26.866667,126.366667,1
-26.866667,126.366667,1
-26.866667,126.366667,1
-26.86556,140.07588,1
-26.86516,140.55124,1
-26.86516,140.55124,1
-26.861472,144.393447,1
-26.857619,144.423002,1
-26.85715,136.07958,1
-26.85715,136.07958,1
-26.853127,144.462952,1
-26.85216,144.472953,1
-26.85126,140.52763,1
-26.85126,140.52763,1
-26.85126,140.52763,1
-26.85126,140.52763,1
-26.851122,144.483036,1
-26.850133,144.492897,1
-26.849137,144.502898,1
-26.848211,144.512295,1
-26.847152,144.522901,1
-26.8386,140.6981,1
-26.8386,140.6981,1
-26.83847,140.6982,1
-26.83847,140.6982,1
-26.83847,140.6982,1
-26.83786,140.6826,1
-26.83786,140.6826,1
-26.83786,140.6826,1
-26.83473,136.07172,1
-26.83426,135.06693,1
-26.83426,135.06693,1
-26.83426,135.06693,1
-26.83426,135.06693,1
-26.83426,135.06693,1
-26.830515,144.741914,1
-26.826708,144.771573,1
-26.818889,115.538889,1
-26.818889,115.538889,1
-26.818889,115.538889,1
-26.8145,140.05008,1
-26.8145,140.05008,1
-26.80691,139.92673,1
-26.80691,139.92673,1
-26.80048,134.09047,1
-26.80048,134.09047,1
-26.80048,134.09047,1
-26.80048,134.09047,1
-26.80048,134.09047,1
-26.80048,134.09047,1
-26.8003,134.0906,1
-26.8003,134.0906,1
-26.8003,134.0906,1
-26.8003,134.0906,1
-26.8,120.2,1
-26.8,120.2,1
-26.798414,145.11639,1
-26.79629,139.46077,1
-26.79059,136.04626,1
-26.78489,134.21604,1
-26.78417,120.33583,1
-26.783333,125.95,1
-26.783333,125.95,1
-26.783333,125.95,1
-26.783333,125.95,1
-26.783333,125.95,1
-26.783333,125.95,1
-26.783333,125.95,1
-26.783333,125.95,1
-26.783333,125.95,1
-26.783333,125.95,1
-26.783333,125.95,1
-26.783333,125.95,1
-26.783333,125.95,1
-26.783333,125.95,1
-26.783333,125.95,1
-26.783333,125.95,1
-26.783333,125.95,1
-26.783333,125.95,1
-26.783333,125.95,1
-26.783333,125.95,1
-26.783333,125.95,1
-26.783333,125.95,1
-26.783333,125.95,1
-26.783333,125.95,1
-26.778889,115.541944,1
-26.77883,134.18308,1
-26.77883,134.18308,1
-26.7644,139.5311,1
-26.76212,139.53262,1
-26.76212,139.53262,1
-26.76212,139.53262,1
-26.76212,139.53262,1
-26.76212,139.53262,1
-26.762,135.11899,1
-26.762,135.11899,1
-26.7617,139.53,1
-26.75992,139.53129,1
-26.75,135,1
-26.75,135,1
-26.75,135,1
-26.74599,135.14069,1
-26.74599,135.14069,1
-26.73904,139.52019,1
-26.73904,139.52019,1
-26.73904,139.52019,1
-26.7372,139.5206,1
-26.7352,139.52191,1
-26.7352,139.52191,1
-26.73,139.52,1
-26.7225,114.131944,1
-26.7197,139.4958,1
-26.7197,139.4958,1
-26.71758,139.49722,1
-26.7128,139.5117,1
-26.71158,139.51304,1
-26.71158,139.51304,1
-26.7065,139.67171,1
-26.7033,134.18,1
-26.7033,134.18,1
-26.7025,138.2622,1
-26.7025,138.2622,1
-26.70197,134.18121,1
-26.70197,134.18121,1
-26.70197,134.18121,1
-26.70073,138.26353,1
-26.7,126,1
-26.7,126,1
-26.6972,135.6425,1
-26.6972,135.6425,1
-26.69575,135.6438,1
-26.69448,135.49736,1
-26.69073,134.17365,1
-26.69073,134.17365,1
-26.69073,134.17365,1
-26.69073,134.17365,1
-26.69073,134.17365,1
-26.69073,134.17365,1
-26.6882,139.50244,1
-26.6882,139.50244,1
-26.6494,139.73,1
-26.6494,139.73,1
-26.6494,139.73,1
-26.6494,139.73,1
-26.6474,139.731,1
-26.6474,139.731,1
-26.6474,139.731,1
-26.6474,139.731,1
-26.643044,146.190976,1
-26.6333,130.8,1
-26.6333,130.8,1
-26.6333,130.8,1
-26.6333,130.8,1
-26.6333,130.8,1
-26.6325,132.8622,1
-26.6325,132.8622,1
-26.6312,132.86349,1
-26.6167,120.3833,1
-26.6029,137.33043,1
-26.6029,137.33043,1
-26.6029,137.33043,1
-26.6,120.3833,1
-26.59671,137.77327,1
-26.59671,137.77327,1
-26.5958,137.7719,1
-26.5958,137.7719,1
-26.59463,137.85182,1
-26.59463,137.85182,1
-26.59463,137.85182,1
-26.59463,137.85182,1
-26.59463,137.85182,1
-26.59435,137.77321,1
-26.59435,137.77321,1
-26.59435,137.77321,1
-26.59435,137.77321,1
-26.59435,137.77321,1
-26.5836,137.745,1
-26.5836,137.745,1
-26.5836,137.745,1
-26.5833,120.25,1
-26.58212,137.74627,1
-26.58212,137.74627,1
-26.58212,137.74627,1
-26.58212,137.74627,1
-26.58212,137.74627,1
-26.58212,137.74627,1
-26.58212,137.74627,1
-26.58212,137.74627,1
-26.58212,137.74627,1
-26.58212,137.74627,1
-26.5819,137.7264,1
-26.5819,137.7264,1
-26.58046,137.72766,1
-26.58046,137.72766,1
-26.58046,137.72766,1
-26.58046,137.72766,1
-26.58046,137.72766,1
-26.58046,137.72766,1
-26.58046,137.72766,1
-26.58046,137.72766,1
-26.5789,136.9536,1
-26.5789,136.9536,1
-26.5789,136.9536,1
-26.5789,136.9536,1
-26.5789,136.9536,1
-26.5781,137.035,1
-26.57741,136.95501,1
-26.57741,136.95501,1
-26.57741,136.95501,1
-26.57741,136.95501,1
-26.5767,137.1956,1
-26.5767,137.1956,1
-26.5767,137.1183,1
-26.57655,137.0363,1
-26.57655,137.0363,1
-26.57655,137.0363,1
-26.57655,137.0363,1
-26.57655,137.0363,1
-26.57655,137.0363,1
-26.57524,137.11969,1
-26.57515,137.19678,1
-26.57515,137.19678,1
-26.575,125.916667,1
-26.575,125.916667,1
-26.5749,136.94774,1
-26.5749,136.94774,1
-26.5749,136.94774,1
-26.566667,125.416667,1
-26.566667,120.366667,1
-26.566667,126.416667,1
-26.566667,126.416667,1
-26.55871,134.46944,1
-26.55546,137.71627,1
-26.55546,137.71627,1
-26.55546,137.71627,1
-26.5544,132.8672,1
-26.5544,132.8672,1
-26.5544,132.8672,1
-26.5544,132.8672,1
-26.5544,132.8672,1
-26.55301,132.86863,1
-26.55301,132.86863,1
-26.55301,132.86863,1
-26.546389,113.963611,1
-26.53394,132.93413,1
-26.528889,113.499167,1
-26.528889,113.499167,1
-26.520833,126.025,1
-26.520833,126.025,1
-26.5189,137.7069,1
-26.5189,137.7069,1
-26.5174,137.70821,1
-26.5174,137.70821,1
-26.5174,137.70821,1
-26.5174,137.70821,1
-26.5174,137.70821,1
-26.5174,137.70821,1
-26.51525,134.08971,1
-26.5103,139.4925,1
-26.5103,139.4925,1
-26.50966,139.47981,1
-26.50835,139.49369,1
-26.50835,139.49369,1
-26.50835,139.49369,1
-26.50835,139.49369,1
-26.50835,139.49369,1
-26.5025,130.4286,1
-26.50111,130.43007,1
-26.50111,130.43007,1
-26.50111,130.43007,1
-26.50111,130.43007,1
-26.50111,130.43007,1
-26.50111,130.43007,1
-26.50111,130.43007,1
-26.50111,130.43007,1
-26.50111,130.43007,1
-26.50111,130.43007,1
-26.50111,130.43007,1
-26.49877,130.43836,1
-26.49877,130.43836,1
-26.49877,130.43836,1
-26.49877,130.43836,1
-26.49877,130.43836,1
-26.49877,130.43836,1
-26.49877,130.43836,1
-26.4985738,146.2008799,1
-26.49758,130.45751,1
-26.49758,130.45751,1
-26.49758,130.45751,1
-26.49758,130.45751,1
-26.49758,130.45751,1
-26.49758,130.45751,1
-26.49758,130.45751,1
-26.49758,130.45751,1
-26.49758,130.45751,1
-26.4972,130.4122,1
-26.4972,130.4122,1
-26.4972,130.4122,1
-26.4964,130.4614,1
-26.4964,130.4614,1
-26.4964,130.4614,1
-26.49568,130.41354,1
-26.49568,130.41354,1
-26.49568,130.41354,1
-26.49568,130.41354,1
-26.49568,130.41354,1
-26.49568,130.41354,1
-26.49568,130.41354,1
-26.49568,130.41354,1
-26.49568,130.41354,1
-26.495,130.4628,1
-26.495,130.4628,1
-26.495,130.4628,1
-26.495,130.4628,1
-26.495,130.4628,1
-26.495,130.4628,1
-26.495,130.4628,1
-26.495,130.4628,1
-26.495,130.4628,1
-26.495,130.4628,1
-26.495,130.4628,1
-26.495,130.4628,1
-26.495,130.4628,1
-26.495,130.4628,1
-26.495,130.4628,1
-26.495,130.4628,1
-26.495,130.4628,1
-26.495,130.4628,1
-26.495,130.4628,1
-26.495,130.4628,1
-26.495,130.4628,1
-26.49344,136.93044,1
-26.493056,114.040278,1
-26.48587,134.04289,1
-26.477778,114.076111,1
-26.477778,114.076111,1
-26.477778,114.076111,1
-26.477778,114.076111,1
-26.477778,114.076111,1
-26.47259,138.18721,1
-26.47259,138.18721,1
-26.47259,138.18721,1
-26.4725,138.1872,1
-26.4725,138.1872,1
-26.4725,138.1872,1
-26.4725,138.1872,1
-26.4667,128.1,1
-26.46235,136.863,1
-26.46093,134.92694,1
-26.46093,134.92694,1
-26.45815,134.8986,1
-26.45815,134.8986,1
-26.45692,136.00198,1
-26.45238,136.76712,1
-26.44204,134.86277,1
-26.44078,136.81274,1
-26.4383,137.3708,1
-26.4383,137.3708,1
-26.43679,137.37218,1
-26.43679,137.37218,1
-26.43679,137.37218,1
-26.43679,137.37218,1
-26.43679,137.37218,1
-26.43679,137.37218,1
-26.43679,137.37218,1
-26.43679,137.37218,1
-26.43679,137.37218,1
-26.43679,137.37218,1
-26.43679,137.37218,1
-26.43679,137.37218,1
-26.43679,137.37218,1
-26.43679,137.37218,1
-26.43679,137.37218,1
-26.433333,114.183333,1
-26.4289,137.4319,1
-26.4289,137.4319,1
-26.4289,137.4319,1
-26.4289,137.4319,1
-26.4289,137.4319,1
-26.42763,137.40187,1
-26.42763,137.40187,1
-26.42763,137.40187,1
-26.42763,137.40187,1
-26.42763,137.40187,1
-26.42763,137.40187,1
-26.42763,137.40187,1
-26.42763,137.40187,1
-26.42763,137.40187,1
-26.42763,137.40187,1
-26.42763,137.40187,1
-26.42763,137.40187,1
-26.42763,137.40187,1
-26.42763,137.40187,1
-26.42763,137.40187,1
-26.42728,137.43313,1
-26.42728,137.43313,1
-26.42728,137.43313,1
-26.42728,137.43313,1
-26.42728,137.43313,1
-26.42728,137.43313,1
-26.42728,137.43313,1
-26.42728,137.43313,1
-26.42728,137.43313,1
-26.42728,137.43313,1
-26.42728,137.43313,1
-26.42728,137.43313,1
-26.42728,137.43313,1
-26.42728,137.43313,1
-26.42728,137.43313,1
-26.425,117.341667,1
-26.4161,138.1794,1
-26.4161,138.1794,1
-26.4161,138.1794,1
-26.4161,138.1794,1
-26.4161,138.1794,1
-26.4161,138.1794,1
-26.41516,139.9679,1
-26.41516,139.9679,1
-26.41516,139.9679,1
-26.41516,139.9679,1
-26.41516,139.9679,1
-26.41434,138.18043,1
-26.41434,138.18043,1
-26.41434,138.18043,1
-26.41434,138.18043,1
-26.41434,138.18043,1
-26.4139,132.5994,1
-26.41253,132.60063,1
-26.40653,136.62773,1
-26.40367,130.4053,1
-26.40367,130.4053,1
-26.40367,130.4053,1
-26.40367,130.4053,1
-26.40367,130.4053,1
-26.40367,130.4053,1
-26.40367,130.4053,1
-26.40367,130.4053,1
-26.40367,130.4053,1
-26.4033,130.4172,1
-26.4033,130.4172,1
-26.402778,117.216667,1
-26.402778,117.216667,1
-26.392222,117.311389,1
-26.391667,117.311111,1
-26.38333,131.68333,1
-26.3833,131.6917,1
-26.382778,115.463889,1
-26.38183,140.08457,1
-26.38129,138.17014,1
-26.38129,138.17014,1
-26.37961,137.3645,1
-26.37961,137.3645,1
-26.37961,137.3645,1
-26.37961,137.3645,1
-26.37961,137.3645,1
-26.37961,137.3645,1
-26.37961,137.3645,1
-26.37961,137.3645,1
-26.37961,137.3645,1
-26.37961,137.3645,1
-26.37961,137.3645,1
-26.37961,137.3645,1
-26.37961,137.3645,1
-26.37961,137.3645,1
-26.37312,130.40995,1
-26.37263,136.36339,1
-26.36931,136.27706,1
-26.36593,136.56197,1
-26.36404,136.43765,1
-26.3617,138.1578,1
-26.3617,138.1578,1
-26.3599,138.15876,1
-26.35757,130.17095,1
-26.35757,130.17095,1
-26.3572,138.1575,1
-26.3572,138.1575,1
-26.35581,138.15847,1
-26.353056,115.348889,1
-26.35132,136.47786,1
-26.3497,130.1717,1
-26.3497,130.1717,1
-26.34685,130.16844,1
-26.3461,130.09,1
-26.3461,130.09,1
-26.3461,130.09,1
-26.3461,130.09,1
-26.3461,130.09,1
-26.3461,130.09,1
-26.3461,130.09,1
-26.3461,130.09,1
-26.3461,130.09,1
-26.3461,130.09,1
-26.3461,130.09,1
-26.3461,130.09,1
-26.3447,137.35,1
-26.3447,137.35,1
-26.34457,130.09126,1
-26.34457,130.09126,1
-26.34457,130.09126,1
-26.34457,130.09126,1
-26.34457,130.09126,1
-26.34319,137.35124,1
-26.34319,137.35124,1
-26.34319,137.35124,1
-26.34319,137.35124,1
-26.34319,137.35124,1
-26.34319,137.35124,1
-26.34319,137.35124,1
-26.34319,137.35124,1
-26.34319,137.35124,1
-26.34319,137.35124,1
-26.34319,137.35124,1
-26.34319,137.35124,1
-26.34319,137.35124,1
-26.34319,137.35124,1
-26.34319,137.35124,1
-26.34319,137.35124,1
-26.3375,136.11682,1
-26.3343,135.88526,1
-26.3333,132.45,1
-26.33,132.45,1
-26.3292,135.7053,1
-26.3292,135.7053,1
-26.3292,135.7053,1
-26.3292,135.7053,1
-26.32881,139.25152,1
-26.32881,139.25152,1
-26.32784,135.70639,1
-26.32784,135.70639,1
-26.3272,139.2528,1
-26.3272,139.2528,1
-26.3268,136.50025,1
-26.3253,137.3556,1
-26.3253,137.3556,1
-26.325,136.8656,1
-26.325,136.8656,1
-26.32479,136.80636,1
-26.3247,136.7867,1
-26.3247,136.7867,1
-26.32387,137.35696,1
-26.32387,137.35696,1
-26.32387,137.35696,1
-26.32387,137.35696,1
-26.32387,137.35696,1
-26.32387,137.35696,1
-26.32387,137.35696,1
-26.32387,137.35696,1
-26.32387,137.35696,1
-26.32387,137.35696,1
-26.32387,137.35696,1
-26.32387,137.35696,1
-26.32387,137.35696,1
-26.32387,137.35696,1
-26.32387,137.35696,1
-26.32387,137.35696,1
-26.32387,137.35696,1
-26.32387,137.35696,1
-26.32387,137.35696,1
-26.32387,137.35696,1
-26.32387,137.35696,1
-26.32387,137.35696,1
-26.32387,137.35696,1
-26.32387,137.35696,1
-26.32387,137.35696,1
-26.32387,137.35696,1
-26.32387,137.35696,1
-26.32387,137.35696,1
-26.32387,137.35696,1
-26.32387,137.35696,1
-26.32387,137.35696,1
-26.32387,137.35696,1
-26.32387,137.35696,1
-26.32387,137.35696,1
-26.32387,137.35696,1
-26.32387,137.35696,1
-26.32387,137.35696,1
-26.3236,136.86689,1
-26.3236,136.86689,1
-26.3236,136.86689,1
-26.3236,136.86689,1
-26.3236,136.86689,1
-26.3236,136.86689,1
-26.3236,136.86689,1
-26.3236,136.86689,1
-26.3236,136.86689,1
-26.3236,136.86689,1
-26.3236,136.86689,1
-26.32316,136.78805,1
-26.32316,136.78805,1
-26.32316,136.78805,1
-26.32316,136.78805,1
-26.32316,136.78805,1
-26.32316,136.78805,1
-26.32316,136.78805,1
-26.32316,136.78805,1
-26.32316,136.78805,1
-26.32316,136.78805,1
-26.32313,136.84064,1
-26.32313,136.84064,1
-26.32313,136.84064,1
-26.32313,136.84064,1
-26.32313,136.84064,1
-26.32313,136.84064,1
-26.32313,136.84064,1
-26.3231,130.3933,1
-26.3231,130.3933,1
-26.32309,136.76441,1
-26.32309,136.76441,1
-26.32309,136.76441,1
-26.32309,136.76441,1
-26.3222,130.1322,1
-26.3222,130.1322,1
-26.3222,130.1322,1
-26.3222,130.1322,1
-26.32068,130.13361,1
-26.32,136.45,1
-26.32,136.45,1
-26.32,115.046111,1
-26.32,115.046111,1
-26.31989,136.53267,1
-26.31989,136.53267,1
-26.31989,136.53267,1
-26.31989,136.53267,1
-26.31989,136.53267,1
-26.31989,136.53267,1
-26.31989,136.53267,1
-26.31989,136.53267,1
-26.31989,136.53267,1
-26.31989,136.53267,1
-26.31989,136.53267,1
-26.31989,136.53267,1
-26.31989,136.53267,1
-26.31989,136.53267,1
-26.31989,136.53267,1
-26.31989,136.53267,1
-26.31972,135.19959,1
-26.31958,136.54528,1
-26.31958,136.54528,1
-26.31958,136.54528,1
-26.31958,136.54528,1
-26.31958,136.54528,1
-26.31958,136.54528,1
-26.31958,136.54528,1
-26.31958,136.54528,1
-26.31958,136.54528,1
-26.31958,136.54528,1
-26.31958,136.54528,1
-26.31958,136.54528,1
-26.31958,136.54528,1
-26.31958,136.54528,1
-26.31902,136.52154,1
-26.31902,136.52154,1
-26.31902,136.52154,1
-26.31902,136.52154,1
-26.31902,136.52154,1
-26.31902,136.52154,1
-26.31902,136.52154,1
-26.31902,136.52154,1
-26.31902,136.52154,1
-26.31902,136.52154,1
-26.31902,136.52154,1
-26.31902,136.52154,1
-26.31902,136.52154,1
-26.31902,136.52154,1
-26.31902,136.52154,1
-26.31902,136.52154,1
-26.31902,136.52154,1
-26.31902,136.52154,1
-26.31902,136.52154,1
-26.31902,136.52154,1
-26.31902,136.52154,1
-26.31902,136.52154,1
-26.31902,136.52154,1
-26.31902,136.52154,1
-26.31713,130.15993,1
-26.31713,130.15993,1
-26.31713,130.15993,1
-26.3153,130.1506,1
-26.3153,130.1506,1
-26.31412,130.39651,1
-26.31412,130.39651,1
-26.31412,130.39651,1
-26.31412,130.39651,1
-26.31353,130.40101,1
-26.31353,130.40101,1
-26.3108,136.435,1
-26.3108,136.435,1
-26.3108,136.435,1
-26.31,138.1342,1
-26.31,138.1342,1
-26.30943,136.43617,1
-26.30943,136.43617,1
-26.30943,136.43617,1
-26.30943,136.43617,1
-26.30943,136.43617,1
-26.30943,136.43617,1
-26.30943,136.43617,1
-26.30943,136.43617,1
-26.30943,136.43617,1
-26.30943,136.43617,1
-26.30839,138.13556,1
-26.30839,138.13556,1
-26.30387,135.17702,1
-26.30387,135.17702,1
-26.30387,135.17702,1
-26.303611,121.562778,1
-26.303333,121.5625,1
-26.303056,121.475,1
-26.303056,121.475,1
-26.303056,121.475278,1
-26.303056,121.475278,1
-26.303056,121.475,1
-26.303056,121.475,1
-26.303056,121.475278,1
-26.3022,135.1783,1
-26.3022,135.1783,1
-26.3022,135.1783,1
-26.3022,135.1783,1
-26.301389,115.285,1
-26.301389,115.285,1
-26.3,136.0167,1
-26.3,136.0167,1
-26.3,136.0167,1
-26.3,136.0167,1
-26.3,136.0167,1
-26.3,136.0167,1
-26.3,132.1333,1
-26.3,132.1333,1
-26.297222,121.551944,1
-26.297222,121.551944,1
-26.297222,121.552222,1
-26.296944,121.551944,1
-26.296944,121.551944,1
-26.2969,130.1517,1
-26.2969,130.1517,1
-26.29551,130.1531,1
-26.2954,136.42999,1
-26.2936,137.3331,1
-26.29221,137.33419,1
-26.29221,137.33419,1
-26.29221,137.33419,1
-26.29221,137.33419,1
-26.29221,137.33419,1
-26.29221,137.33419,1
-26.29221,137.33419,1
-26.29221,137.33419,1
-26.29221,137.33419,1
-26.29221,137.33419,1
-26.29221,137.33419,1
-26.29221,137.33419,1
-26.28789,136.09408,1
-26.28789,136.09408,1
-26.28789,136.09408,1
-26.28789,136.09408,1
-26.28789,136.09408,1
-26.28789,136.09408,1
-26.2872,131.4917,1
-26.28614,136.09645,1
-26.28614,136.09645,1
-26.28614,136.09645,1
-26.28614,136.09645,1
-26.28593,136.11309,1
-26.28593,136.11309,1
-26.28593,136.11309,1
-26.28593,136.11309,1
-26.28593,136.11309,1
-26.28593,136.11309,1
-26.28593,136.11309,1
-26.28586,136.12311,1
-26.28586,136.12311,1
-26.28586,136.12311,1
-26.28586,136.12311,1
-26.28565,131.49293,1
-26.28565,131.49293,1
-26.28565,131.49293,1
-26.2839,130.3972,1
-26.2839,130.3972,1
-26.2839,130.3972,1
-26.2839,130.3972,1
-26.283333,141.516667,1
-26.283333,141.6,1
-26.283333,141.6,1
-26.2833,131.1,1
-26.2833,131.1,1
-26.2833,131.1,1
-26.2833,131.1,1
-26.2833,131.1,1
-26.2833,131.1,1
-26.2833,131.1,1
-26.2833,131.1,1
-26.2833,131.1,1
-26.2833,131.1,1
-26.2833,131.1,1
-26.2833,131.1,1
-26.2833,131.1,1
-26.2833,131.1,1
-26.2833,131.1,1
-26.2833,131.1,1
-26.2833,131.1,1
-26.2833,131.1,1
-26.2833,131.1,1
-26.2833,131.1,1
-26.2833,131.1,1
-26.2833,131.1,1
-26.2833,131.1,1
-26.2833,131.1,1
-26.2833,131.1,1
-26.2833,131.1,1
-26.2833,131.1,1
-26.2833,131.1,1
-26.2833,131.1,1
-26.2833,131.1,1
-26.2833,131.1,1
-26.281389,121.3575,1
-26.281389,121.3575,1
-26.281111,121.357222,1
-26.281111,121.357222,1
-26.28095,136.41238,1
-26.28095,136.41238,1
-26.28095,136.41238,1
-26.28095,136.41238,1
-26.28095,136.41238,1
-26.28095,136.41238,1
-26.28095,136.41238,1
-26.28095,136.41238,1
-26.28095,136.41238,1
-26.28095,136.41238,1
-26.28095,136.41238,1
-26.28095,136.41238,1
-26.28011,135.69755,1
-26.28,136.1,1
-26.28,136.1,1
-26.28,136.1,1
-26.28,136.1,1
-26.28,136.1,1
-26.28,136.1,1
-26.28,136.1,1
-26.28,136.1,1
-26.27877,130.18047,1
-26.27877,130.18047,1
-26.27877,130.18047,1
-26.27877,130.18047,1
-26.27808,136.13857,1
-26.27808,136.13857,1
-26.2769,131.4606,1
-26.2769,131.4606,1
-26.27551,131.46174,1
-26.2747,137.3269,1
-26.2747,137.3269,1
-26.273889,121.559444,1
-26.273889,121.559444,1
-26.273889,121.559444,1
-26.27317,137.32811,1
-26.27317,137.32811,1
-26.27317,137.32811,1
-26.27317,137.32811,1
-26.27317,137.32811,1
-26.27317,137.32811,1
-26.27317,137.32811,1
-26.27317,137.32811,1
-26.27317,137.32811,1
-26.27317,137.32811,1
-26.27317,137.32811,1
-26.27317,137.32811,1
-26.27317,137.32811,1
-26.27304,130.39672,1
-26.27304,130.39672,1
-26.27304,130.39672,1
-26.27304,130.39672,1
-26.27304,130.39672,1
-26.270278,121.4975,1
-26.2694,131.4714,1
-26.2694,131.4714,1
-26.2694,131.4714,1
-26.26872,136.40369,1
-26.26807,131.4726,1
-26.26807,131.4726,1
-26.26807,131.4726,1
-26.26807,131.4726,1
-26.26807,131.4726,1
-26.2667,131.4167,1
-26.2667,131.4167,1
-26.2667,131.4167,1
-26.2655,139.22634,1
-26.2655,139.22634,1
-26.265,121.281111,1
-26.2639,139.2278,1
-26.2619,138.1161,1
-26.2619,138.1161,1
-26.2619,138.1161,1
-26.2614,136.3975,1
-26.2614,136.3975,1
-26.26073,138.11876,1
-26.26073,138.11876,1
-26.26073,138.11876,1
-26.26005,136.39882,1
-26.26005,136.39882,1
-26.26005,136.39882,1
-26.26005,136.39882,1
-26.26005,136.39882,1
-26.26005,136.39882,1
-26.26005,136.39882,1
-26.26005,136.39882,1
-26.26005,136.39882,1
-26.26005,136.39882,1
-26.26005,136.39882,1
-26.26005,136.39882,1
-26.26005,136.39882,1
-26.26005,136.39882,1
-26.26005,136.39882,1
-26.26005,136.39882,1
-26.26005,136.39882,1
-26.26005,136.39882,1
-26.26,130.3853,1
-26.26,130.3853,1
-26.26,130.3853,1
-26.26,130.3853,1
-26.26,130.3853,1
-26.26,130.3853,1
-26.2592,130.1156,1
-26.2592,130.1156,1
-26.2592,130.1156,1
-26.2592,130.1156,1
-26.2592,130.1156,1
-26.2592,130.1156,1
-26.25844,136.79547,1
-26.25844,136.79547,1
-26.25844,136.79547,1
-26.25844,136.79547,1
-26.25844,136.79547,1
-26.25844,136.79547,1
-26.25844,136.79547,1
-26.25844,136.79547,1
-26.25844,136.79547,1
-26.25844,136.79547,1
-26.25844,136.79547,1
-26.25844,136.79547,1
-26.25788,130.11688,1
-26.25788,130.11688,1
-26.25427,130.38668,1
-26.25427,130.38668,1
-26.25427,130.38668,1
-26.25427,130.38668,1
-26.25427,130.38668,1
-26.25427,130.38668,1
-26.25427,130.38668,1
-26.25182,139.23464,1
-26.25182,139.23464,1
-26.25182,139.23464,1
-26.25182,139.23464,1
-26.2503,139.2358,1
-26.2503,139.2358,1
-26.24864,130.18848,1
-26.24864,130.18848,1
-26.24864,130.18848,1
-26.24864,130.18848,1
-26.24864,130.18848,1
-26.24864,130.18848,1
-26.24864,130.18848,1
-26.2461,138.1133,1
-26.2461,138.1133,1
-26.24351,138.11431,1
-26.24351,138.11431,1
-26.2418,136.00083,1
-26.235,121.281111,1
-26.2329,136.38038,1
-26.2328,136.3803,1
-26.2328,136.3803,1
-26.2303,136.4717,1
-26.2303,136.4717,1
-26.2303,136.4717,1
-26.2303,136.4717,1
-26.23,136.3975,1
-26.23,136.3975,1
-26.2288,136.47281,1
-26.2288,136.47281,1
-26.2288,136.47281,1
-26.2288,136.47281,1
-26.2288,136.47281,1
-26.2288,136.47281,1
-26.2288,136.47281,1
-26.2288,136.47281,1
-26.2288,136.47281,1
-26.2288,136.47281,1
-26.2288,136.47281,1
-26.2288,136.47281,1
-26.2285,136.38462,1
-26.2285,136.38462,1
-26.2285,136.38462,1
-26.2285,136.38462,1
-26.2285,136.38462,1
-26.2285,136.38462,1
-26.2285,136.38462,1
-26.2285,136.38462,1
-26.2285,136.38462,1
-26.2285,136.38462,1
-26.2285,136.38462,1
-26.2285,136.38462,1
-26.2285,136.38462,1
-26.2285,136.38462,1
-26.2285,136.38462,1
-26.2285,136.38462,1
-26.2285,136.38462,1
-26.2285,136.38462,1
-26.2285,136.38462,1
-26.2285,136.38462,1
-26.226389,121.518889,1
-26.226111,121.518889,1
-26.226111,121.518889,1
-26.226111,121.518889,1
-26.226111,121.518889,1
-26.226111,121.518889,1
-26.226111,121.518889,1
-26.226111,121.518889,1
-26.226111,121.518889,1
-26.225556,121.556389,1
-26.224444,121.402222,1
-26.224444,121.402222,1
-26.224444,121.402222,1
-26.216462,134.552957,1
-26.216462,134.552957,1
-26.21615,135.68725,1
-26.21615,135.68725,1
-26.21058,139.19425,1
-26.21058,139.19425,1
-26.21058,139.19425,1
-26.21058,139.19425,1
-26.21058,139.19425,1
-26.21058,139.19425,1
-26.209722,121.4075,1
-26.209722,121.4075,1
-26.209722,121.4075,1
-26.209722,121.4075,1
-26.209722,121.4075,1
-26.208333,114.576389,1
-26.2056,130.3583,1
-26.2056,130.3583,1
-26.2047,132.3283,1
-26.2047,132.3283,1
-26.2047,132.3283,1
-26.2047,132.3283,1
-26.2047,132.3283,1
-26.2047,132.3283,1
-26.20438,135.67081,1
-26.20427,130.35965,1
-26.20322,132.32967,1
-26.20322,132.32967,1
-26.20322,132.32967,1
-26.20322,132.32967,1
-26.2025,121.375556,1
-26.2025,121.375556,1
-26.200833,121.303611,1
-26.200833,121.303611,1
-26.200833,121.303611,1
-26.200833,121.303611,1
-26.200833,121.303611,1
-26.200278,115.264167,1
-26.199722,115.253333,1
-26.199444,121.266111,1
-26.199444,121.266111,1
-26.199444,121.266111,1
-26.199444,121.266111,1
-26.199444,121.266111,1
-26.199444,121.266111,1
-26.199444,121.266111,1
-26.199444,121.266111,1
-26.199167,115.1975,1
-26.199167,115.1975,1
-26.196111,114.537778,1
-26.195556,114.423333,1
-26.1928,138.0872,1
-26.1928,138.0872,1
-26.19213,136.77073,1
-26.19213,136.77073,1
-26.19213,136.77073,1
-26.19213,136.77073,1
-26.19213,136.77073,1
-26.19213,136.77073,1
-26.19213,136.77073,1
-26.19213,136.77073,1
-26.19213,136.77073,1
-26.19213,136.77073,1
-26.19213,136.77073,1
-26.19213,136.77073,1
-26.19213,136.77073,1
-26.19213,136.77073,1
-26.19213,136.77073,1
-26.191667,114.509444,1
-26.191667,114.509444,1
-26.191667,126.705556,1
-26.19165,132.34827,1
-26.19165,132.34827,1
-26.19165,132.34827,1
-26.19165,132.34827,1
-26.19165,132.34827,1
-26.19165,132.34827,1
-26.19165,132.34827,1
-26.19165,132.34827,1
-26.19165,132.34827,1
-26.191,138.0882,1
-26.18967,132.33638,1
-26.1893,132.34727,1
-26.18859,132.33693,1
-26.18847,136.59089,1
-26.18847,136.59089,1
-26.18691,132.34074,1
-26.18691,132.34074,1
-26.18691,132.34074,1
-26.18691,132.34074,1
-26.18669,132.34758,1
-26.18669,132.34758,1
-26.18669,132.34758,1
-26.18669,132.34758,1
-26.18548,132.34318,1
-26.18548,132.34318,1
-26.18548,132.34318,1
-26.18548,132.34318,1
-26.18548,132.34318,1
-26.18548,132.34318,1
-26.18438,132.34081,1
-26.18438,132.34081,1
-26.1825,132.34303,1
-26.1825,132.34303,1
-26.1825,132.34303,1
-26.1825,132.34303,1
-26.1825,132.34303,1
-26.1825,132.34303,1
-26.1825,132.34303,1
-26.18245,132.34047,1
-26.18245,132.34047,1
-26.18245,132.34047,1
-26.18245,132.34047,1
-26.18245,132.34047,1
-26.18245,132.34047,1
-26.18245,132.34047,1
-26.1816,132.34767,1
-26.1816,132.34767,1
-26.1816,132.34767,1
-26.1816,132.34767,1
-26.1816,132.34767,1
-26.1816,132.34767,1
-26.17781,132.34234,1
-26.17781,132.34234,1
-26.17781,132.34234,1
-26.17781,132.34234,1
-26.17781,132.34234,1
-26.17513,132.34334,1
-26.17513,132.34334,1
-26.17513,132.34334,1
-26.17513,132.34334,1
-26.17513,132.34334,1
-26.17513,132.34334,1
-26.175,130.0833,1
-26.175,130.0833,1
-26.175,130.0833,1
-26.16915,130.04199,1
-26.16893,132.36192,1
-26.16893,132.36192,1
-26.16893,132.36192,1
-26.16893,132.36192,1
-26.16893,132.36192,1
-26.16893,132.36192,1
-26.1667,129.25,1
-26.1667,129.25,1
-26.1667,129.25,1
-26.1667,129.1333,1
-26.1667,129.1333,1
-26.1667,129.1333,1
-26.1667,129.1333,1
-26.1667,129.1333,1
-26.1667,130.25,1
-26.1667,130.25,1
-26.1667,129.1333,1
-26.1667,129.1333,1
-26.16667,132.36212,1
-26.16667,132.36212,1
-26.16667,132.36212,1
-26.166667,126.583333,1
-26.166667,126.583333,1
-26.166667,126.583333,1
-26.166667,126.583333,1
-26.166667,126.583333,1
-26.166667,126.583333,1
-26.166667,126.583333,1
-26.16274,136.75979,1
-26.16274,136.75979,1
-26.16274,136.75979,1
-26.16274,136.75979,1
-26.16274,136.75979,1
-26.16274,136.75979,1
-26.16274,136.75979,1
-26.16274,136.75979,1
-26.16274,136.75979,1
-26.16274,136.75979,1
-26.16274,136.75979,1
-26.16274,136.75979,1
-26.16053,134.39965,1
-26.15,134.7333,1
-26.14966,132.31117,1
-26.14966,132.31117,1
-26.14966,132.31117,1
-26.14565,134.43221,1
-26.14565,134.43221,1
-26.14231,139.1637,1
-26.14231,139.1637,1
-26.14231,139.1637,1
-26.14231,139.1637,1
-26.14231,139.1637,1
-26.14231,139.1637,1
-26.14231,139.1637,1
-26.14231,139.1637,1
-26.14231,139.1637,1
-26.14231,139.1637,1
-26.14231,139.1637,1
-26.14231,139.1637,1
-26.14231,139.1637,1
-26.14231,139.1637,1
-26.14231,139.1637,1
-26.1408,139.165,1
-26.1408,139.165,1
-26.1408,139.165,1
-26.1408,139.165,1
-26.14051,132.35854,1
-26.13967,132.36048,1
-26.13967,132.36048,1
-26.13724,132.36838,1
-26.13724,132.36838,1
-26.13402,131.9593,1
-26.1339,131.9494,1
-26.1339,131.9494,1
-26.1333,139.3833,1
-26.1333,139.3833,1
-26.1333,139.3833,1
-26.1333,139.3833,1
-26.1333,139.3833,1
-26.1333,139.3833,1
-26.1333,130.0667,1
-26.125,113.208333,1
-26.125,113.208333,1
-26.125,113.208333,1
-26.125,113.208333,1
-26.125,113.208333,1
-26.1239,138.6631,1
-26.1239,138.6631,1
-26.1203,132.5197,1
-26.1203,132.5197,1
-26.11892,132.52113,1
-26.11892,132.52113,1
-26.1183,129.3714,1
-26.1183,129.3714,1
-26.11692,129.37277,1
-26.11692,129.37277,1
-26.11692,129.37277,1
-26.11692,129.37277,1
-26.11692,129.37277,1
-26.11508,137.62065,1
-26.11508,137.62065,1
-26.11508,137.62065,1
-26.11508,137.62065,1
-26.11508,137.62065,1
-26.112778,121.503889,1
-26.10334,139.14461,1
-26.10334,139.14461,1
-26.10334,139.14461,1
-26.10334,139.14461,1
-26.10334,139.14461,1
-26.10334,139.14461,1
-26.10334,139.14461,1
-26.10334,139.14461,1
-26.10334,139.14461,1
-26.083333,113.383333,1
-26.081915,131.967979,1
-26.0806,137.6119,1
-26.0806,137.6119,1
-26.0806,137.6119,1
-26.0806,137.6119,1
-26.0806,137.6119,1
-26.07894,137.61325,1
-26.07894,137.61325,1
-26.07894,137.61325,1
-26.07894,137.61325,1
-26.07894,137.61325,1
-26.07894,137.61325,1
-26.07894,137.61325,1
-26.07894,137.61325,1
-26.07894,137.61325,1
-26.07894,137.61325,1
-26.07894,137.61325,1
-26.077778,113.190278,1
-26.077778,113.190278,1
-26.077778,113.190278,1
-26.077778,127.763889,1
-26.077778,113.190278,1
-26.077778,113.190278,1
-26.077778,127.763889,1
-26.077778,113.190278,1
-26.075,140.8967,1
-26.075,140.8967,1
-26.075,140.8967,1
-26.075,140.8967,1
-26.07499,140.8991,1
-26.07499,140.8991,1
-26.07426,135.9403,1
-26.0728,132.4192,1
-26.0728,132.4192,1
-26.0728,132.4192,1
-26.0728,132.4192,1
-26.07138,132.42058,1
-26.07138,132.42058,1
-26.07138,132.42058,1
-26.07138,132.42058,1
-26.069167,121.448333,1
-26.0667,135.25,1
-26.0667,135.25,1
-26.06223,129.40045,1
-26.06223,129.40045,1
-26.06223,129.40045,1
-26.06223,129.40045,1
-26.06223,129.40045,1
-26.06153,139.13623,1
-26.06153,139.13623,1
-26.06153,139.13623,1
-26.06153,139.13623,1
-26.06153,139.13623,1
-26.06153,139.13623,1
-26.06153,139.13623,1
-26.06153,139.13623,1
-26.06153,139.13623,1
-26.06153,139.13623,1
-26.06153,139.13623,1
-26.06153,139.13623,1
-26.06153,139.13623,1
-26.06153,139.13623,1
-26.06153,139.13623,1
-26.0601,139.12975,1
-26.0601,139.12975,1
-26.0601,139.12975,1
-26.0601,139.12975,1
-26.0601,139.12975,1
-26.0601,139.12975,1
-26.0601,139.12975,1
-26.0601,139.12975,1
-26.0601,139.12975,1
-26.0601,139.12975,1
-26.0601,139.12975,1
-26.0601,139.12975,1
-26.0601,139.12975,1
-26.0601,139.12975,1
-26.0601,139.12975,1
-26.0601,139.12975,1
-26.0601,139.12975,1
-26.0601,139.12975,1
-26.0601,139.12975,1
-26.0601,139.12975,1
-26.0601,139.12975,1
-26.0601,139.12975,1
-26.0601,139.12975,1
-26.06,139.1375,1
-26.06,139.1375,1
-26.0583,135.5083,1
-26.0583,135.5083,1
-26.05688,137.25179,1
-26.05681,137.25383,1
-26.056667,117.216111,1
-26.05656,140.0692,1
-26.05211,129.40966,1
-26.05211,129.40966,1
-26.05211,129.40966,1
-26.05211,129.40966,1
-26.05211,129.40966,1
-26.05211,129.40966,1
-26.05211,129.40966,1
-26.0497,129.4111,1
-26.0497,129.4111,1
-26.0497,129.4111,1
-26.0497,129.4111,1
-26.04824,135.5141,1
-26.04816,129.41239,1
-26.04816,129.41239,1
-26.04816,129.41239,1
-26.04816,129.41239,1
-26.04816,129.41239,1
-26.04816,129.41239,1
-26.04816,129.41239,1
-26.04816,129.41239,1
-26.04816,129.41239,1
-26.04816,129.41239,1
-26.04816,129.41239,1
-26.04816,129.41239,1
-26.04816,129.41239,1
-26.0467,137.4814,1
-26.0467,137.4814,1
-26.0467,137.4814,1
-26.04647,137.46867,1
-26.04647,137.46867,1
-26.04647,137.46867,1
-26.04647,137.46867,1
-26.04647,137.46867,1
-26.04647,137.46867,1
-26.04647,137.46867,1
-26.04581,140.87786,1
-26.0458,140.8778,1
-26.04515,137.48273,1
-26.04515,137.48273,1
-26.04515,137.48273,1
-26.04515,137.48273,1
-26.04515,137.48273,1
-26.04515,137.48273,1
-26.04515,137.48273,1
-26.04515,137.48273,1
-26.04515,137.48273,1
-26.0444,137.5072,1
-26.04308,137.50856,1
-26.04308,137.50856,1
-26.04308,137.50856,1
-26.04308,137.50856,1
-26.04308,137.50856,1
-26.04308,137.50856,1
-26.04308,137.50856,1
-26.04308,137.50856,1
-26.04308,137.50856,1
-26.04308,137.50856,1
-26.04308,137.50856,1
-26.04308,137.50856,1
-26.04308,137.50856,1
-26.04308,137.50856,1
-26.04287,140.10199,1
-26.04287,140.10199,1
-26.04287,140.10199,1
-26.04287,140.10199,1
-26.04287,140.10199,1
-26.04287,140.10199,1
-26.04287,140.10199,1
-26.0428,140.1019,1
-26.0428,140.1019,1
-26.0403,137.5553,1
-26.0403,137.5553,1
-26.0403,137.5553,1
-26.0403,137.5553,1
-26.03881,137.55642,1
-26.03881,137.55642,1
-26.03881,137.55642,1
-26.03881,137.55642,1
-26.03881,137.55642,1
-26.03881,137.55642,1
-26.03881,137.55642,1
-26.03881,137.55642,1
-26.03881,137.55642,1
-26.03881,137.55642,1
-26.03881,137.55642,1
-26.03881,137.55642,1
-26.03881,137.55642,1
-26.03881,137.55642,1
-26.03881,137.55642,1
-26.03881,137.55642,1
-26.03881,137.55642,1
-26.03631,137.59532,1
-26.03631,137.59532,1
-26.03631,137.59532,1
-26.03631,137.59532,1
-26.03631,137.59532,1
-26.03631,137.59532,1
-26.03631,137.59532,1
-26.03631,137.59532,1
-26.03631,137.59532,1
-26.03631,137.59532,1
-26.03631,137.59532,1
-26.03631,137.59532,1
-26.03631,137.59532,1
-26.03631,137.59532,1
-26.03631,137.59532,1
-26.035556,117.240556,1
-26.035556,117.240556,1
-26.03444,137.61876,1
-26.03444,137.61876,1
-26.03444,137.61876,1
-26.03444,137.61876,1
-26.03444,137.61876,1
-26.03444,137.61876,1
-26.03444,137.61876,1
-26.03444,137.61876,1
-26.03143,140.15235,1
-26.03143,140.15235,1
-26.0314,140.1836,1
-26.0314,140.1836,1
-26.02765,140.18496,1
-26.02765,140.18496,1
-26.02765,140.18496,1
-26.02765,140.18496,1
-26.02765,140.18496,1
-26.02765,140.18496,1
-26.02765,140.18496,1
-26.02765,140.18496,1
-26.02765,140.18496,1
-26.02765,140.18496,1
-26.02765,140.18496,1
-26.0272,129.4281,1
-26.0272,129.4281,1
-26.0272,129.4281,1
-26.0257,129.42938,1
-26.0257,129.42938,1
-26.0257,129.42938,1
-26.0257,129.42938,1
-26.025,117.2775,1
-26.021389,117.269167,1
-26.021389,117.269167,1
-26.015777,135.775453,1
-26.01078,138.41112,1
-26.00486,135.89165,1
-26,127.666667,1
-26,117.833333,1
-26,127.666667,1
-25.995833,113.191667,1
-25.995833,113.191667,1
-25.995833,113.191667,1
-25.995833,113.191667,1
-25.995833,113.191667,1
-25.995833,113.191667,1
-25.995833,113.191667,1
-25.995833,113.191667,1
-25.995833,113.191667,1
-25.995833,113.191667,1
-25.98333,131.08333,1
-25.980134,133.010406,1
-25.978709,133.011704,1
-25.975833,113.571111,1
-25.975833,113.571111,1
-25.975833,113.571111,1
-25.975833,113.571111,1
-25.973948,135.09109,1
-25.969062,135.814738,1
-25.969062,135.814738,1
-25.969062,135.814738,1
-25.969062,135.814738,1
-25.961442,135.815877,1
-25.950652,132.989302,1
-25.948557,135.071277,1
-25.941673,132.236353,1
-25.93861,135.2475,1
-25.9365,135.24183,1
-25.933333,139.933333,1
-25.933333,139.933333,1
-25.933333,139.933333,1
-25.933333,139.933333,1
-25.9333,134.9333,1
-25.9325,128.4494,1
-25.9325,128.4494,1
-25.9325,128.4494,1
-25.9325,128.4494,1
-25.9325,128.4494,1
-25.9325,128.4494,1
-25.9325,128.4494,1
-25.9325,128.4494,1
-25.9325,128.4494,1
-25.9325,128.4494,1
-25.9325,128.4494,1
-25.9325,128.4494,1
-25.9325,128.4494,1
-25.9325,128.4494,1
-25.9325,128.4494,1
-25.9325,128.4494,1
-25.9325,128.449444,1
-25.9325,128.449444,1
-25.9325,128.449444,1
-25.9325,128.449444,1
-25.9325,128.449444,1
-25.9325,128.449444,1
-25.9325,128.449444,1
-25.9325,128.449444,1
-25.9306,128.4525,1
-25.9306,128.4525,1
-25.930556,128.4525,1
-25.92,134.93,1
-25.92,134.93,1
-25.92,134.93,1
-25.92,134.93,1
-25.92,134.93,1
-25.92,134.93,1
-25.92,134.93,1
-25.918549,135.921268,1
-25.917097,132.449006,1
-25.917097,132.449006,1
-25.917097,132.449006,1
-25.917097,132.449006,1
-25.917097,132.449006,1
-25.917097,132.449006,1
-25.917097,132.449006,1
-25.917097,132.449006,1
-25.9167,134.9167,1
-25.9167,134.9167,1
-25.9167,134.9167,1
-25.9167,134.9167,1
-25.9167,134.9167,1
-25.91667,134.91667,1
-25.908883,135.822533,1
-25.908883,135.822533,1
-25.908883,135.822533,1
-25.907605,135.812313,1
-25.906187,135.82068,1
-25.904405,133.870513,1
-25.904405,133.870513,1
-25.904405,133.870513,1
-25.904405,133.870513,1
-25.904405,133.870513,1
-25.904405,133.870513,1
-25.904405,133.870513,1
-25.904405,133.870513,1
-25.904405,133.870513,1
-25.904405,133.870513,1
-25.902368,135.815922,1
-25.895357,132.989372,1
-25.892402,135.826687,1
-25.892402,135.826687,1
-25.892402,135.826687,1
-25.891545,135.826817,1
-25.891303,135.823752,1
-25.891303,135.823752,1
-25.891087,135.824523,1
-25.881667,113.545278,1
-25.875278,113.550278,1
-25.873611,113.1125,1
-25.873504,131.830371,1
-25.873487,140.959557,1
-25.870065,132.994297,1
-25.870065,132.994297,1
-25.866111,113.108611,1
-25.865552,135.827073,1
-25.865552,135.827073,1
-25.865552,135.827073,1
-25.865552,135.827073,1
-25.865552,135.827073,1
-25.860034,131.857425,1
-25.850084,133.051496,1
-25.850084,133.051496,1
-25.846904,133.083476,1
-25.846904,133.083476,1
-25.846904,133.083476,1
-25.844951,133.820526,1
-25.844951,133.820526,1
-25.844951,133.820526,1
-25.844951,133.820526,1
-25.844951,133.820526,1
-25.8397,138.6844,1
-25.8397,138.6844,1
-25.83815,138.67758,1
-25.83333,134.2,1
-25.8333,133.3,1
-25.83,140.55,1
-25.825726,133.383472,1
-25.821184,133.118795,1
-25.820556,113.539167,1
-25.81667,133.3,1
-25.815524,133.099936,1
-25.815524,133.099936,1
-25.815524,133.099936,1
-25.815524,133.099936,1
-25.81167,134.4505,1
-25.811637,134.450498,1
-25.810176,134.445795,1
-25.801522,133.776101,1
-25.801522,133.776101,1
-25.8,118.866667,1
-25.798562,134.431282,1
-25.78987,134.72637,1
-25.78843,134.727648,1
-25.783333,138.033333,1
-25.783333,113.083333,1
-25.77938,134.747717,1
-25.77875,132.439703,1
-25.778562,134.371282,1
-25.778562,134.371282,1
-25.778562,134.371282,1
-25.778562,134.401282,1
-25.778562,134.431282,1
-25.778562,134.371282,1
-25.778562,134.401282,1
-25.777939,134.748996,1
-25.777329,132.441005,1
-25.767441,133.599459,1
-25.76601,133.600749,1
-25.765278,113.529167,1
-25.75,113,1
-25.748563,134.331283,1
-25.748563,134.331283,1
-25.748419,134.609994,1
-25.746979,134.611274,1
-25.745833,113.065278,1
-25.743611,112.983611,1
-25.739209,133.884435,1
-25.739209,133.884435,1
-25.739209,133.884435,1
-25.739209,133.884435,1
-25.739209,133.884435,1
-25.739209,133.884435,1
-25.739209,133.884435,1
-25.739209,133.884435,1
-25.739209,133.884435,1
-25.735144,133.1797,1
-25.735144,133.1797,1
-25.735144,133.1797,1
-25.735144,133.1797,1
-25.735144,133.1797,1
-25.735144,133.1797,1
-25.735144,133.1797,1
-25.735144,133.1797,1
-25.735144,133.1797,1
-25.735144,133.1797,1
-25.735144,133.1797,1
-25.735144,133.1797,1
-25.735144,133.1797,1
-25.735144,133.1797,1
-25.735144,133.1797,1
-25.735144,133.1797,1
-25.735144,133.1797,1
-25.7347,131.2253,1
-25.7347,131.2253,1
-25.7347,131.2253,1
-25.7347,131.2253,1
-25.7347,131.2253,1
-25.733665,135.788613,1
-25.733665,135.788613,1
-25.733665,135.788613,1
-25.733665,135.788613,1
-25.733665,135.788613,1
-25.730833,112.992778,1
-25.728611,113.025833,1
-25.728611,113.025833,1
-25.728611,113.025833,1
-25.723611,113.0625,1
-25.723611,113.0625,1
-25.723611,113.0625,1
-25.719818,131.998641,1
-25.719444,113.023611,1
-25.710833,114.599722,1
-25.708995,131.997563,1
-25.7,140.616667,1
-25.7,140.616667,1
-25.7,140.616667,1
-25.7,140.616667,1
-25.7,140.616667,1
-25.7,138.55,1
-25.7,140.616667,1
-25.7,140.616667,1
-25.7,133.866667,1
-25.7,138.55,1
-25.7,140.616667,1
-25.7,140.616667,1
-25.7,140.616667,1
-25.7,140.616667,1
-25.7,140.616667,1
-25.7,140.616667,1
-25.7,140.616667,1
-25.7,140.616667,1
-25.7,140.6,1
-25.7,140.67,1
-25.7,140.67,1
-25.698555,135.251272,1
-25.698555,135.251272,1
-25.6881,140.6153,1
-25.6881,140.6153,1
-25.6881,140.6153,1
-25.6881,140.6153,1
-25.6881,140.6153,1
-25.6881,140.6153,1
-25.6881,140.6153,1
-25.6881,140.6153,1
-25.6881,140.6153,1
-25.6881,140.6153,1
-25.6881,140.6153,1
-25.688056,140.615278,1
-25.6865,140.61654,1
-25.6865,140.61654,1
-25.6865,140.61654,1
-25.6865,140.61654,1
-25.6865,140.61654,1
-25.6865,140.61654,1
-25.6865,140.61654,1
-25.6865,140.61654,1
-25.6865,140.61654,1
-25.6865,140.61654,1
-25.6865,140.61654,1
-25.6865,140.61654,1
-25.6865,140.61654,1
-25.6865,140.61654,1
-25.6865,140.61654,1
-25.6865,140.61654,1
-25.6865,140.61654,1
-25.6865,140.61654,1
-25.6865,140.61654,1
-25.6865,140.61654,1
-25.6865,140.61654,1
-25.6865,140.61654,1
-25.6865,140.61654,1
-25.6865,140.61654,1
-25.6865,140.61654,1
-25.6865,140.61654,1
-25.6865,140.61654,1
-25.6865,140.61654,1
-25.6865,140.61654,1
-25.6865,140.61654,1
-25.6865,140.61654,1
-25.6865,140.61654,1
-25.6865,140.61654,1
-25.6865,140.61654,1
-25.6865,140.61654,1
-25.6865,140.61654,1
-25.6865,140.61654,1
-25.6865,140.61654,1
-25.6865,140.61654,1
-25.6865,140.61654,1
-25.6865,140.61654,1
-25.6865,140.61654,1
-25.6865,140.61654,1
-25.6865,140.61654,1
-25.6865,140.61654,1
-25.6865,140.61654,1
-25.6865,140.61654,1
-25.6865,140.61654,1
-25.6865,140.61654,1
-25.6865,140.61654,1
-25.6865,140.61654,1
-25.6865,140.61654,1
-25.6865,140.61654,1
-25.6865,140.61654,1
-25.6865,140.61654,1
-25.6865,140.61654,1
-25.6865,140.61654,1
-25.6865,140.61654,1
-25.6865,140.61654,1
-25.6865,140.61654,1
-25.6865,140.61654,1
-25.6865,140.61654,1
-25.6865,140.61654,1
-25.6865,140.61654,1
-25.6865,140.61654,1
-25.6865,140.61654,1
-25.6865,140.61654,1
-25.6865,140.61654,1
-25.6865,140.61654,1
-25.6865,140.61654,1
-25.6865,140.61654,1
-25.6865,140.61654,1
-25.6865,140.61654,1
-25.6865,140.61654,1
-25.6865,140.61654,1
-25.6865,140.61654,1
-25.6865,140.61654,1
-25.6865,140.61654,1
-25.6865,140.61654,1
-25.6865,140.61654,1
-25.6865,140.61654,1
-25.6865,140.61654,1
-25.6865,140.61654,1
-25.6865,140.61654,1
-25.6865,140.61654,1
-25.6865,140.61654,1
-25.6865,140.61654,1
-25.6865,140.61654,1
-25.6865,140.61654,1
-25.6865,140.61654,1
-25.6865,140.61654,1
-25.6865,140.61654,1
-25.6865,140.61654,1
-25.6865,140.61654,1
-25.6865,140.61654,1
-25.6865,140.61654,1
-25.6865,140.61654,1
-25.6865,140.61654,1
-25.6865,140.61654,1
-25.6865,140.61654,1
-25.6865,140.61654,1
-25.6865,140.61654,1
-25.6865,140.61654,1
-25.6865,140.61654,1
-25.6865,140.61654,1
-25.6865,140.61654,1
-25.6865,140.61654,1
-25.6865,140.61654,1
-25.6865,140.61654,1
-25.6865,140.61654,1
-25.6865,140.61654,1
-25.6865,140.61654,1
-25.6865,140.61654,1
-25.6865,140.61654,1
-25.6865,140.61654,1
-25.6865,140.61654,1
-25.6865,140.61654,1
-25.6865,140.61654,1
-25.6865,140.61654,1
-25.6865,140.61654,1
-25.6865,140.61654,1
-25.6865,140.61654,1
-25.6865,140.61654,1
-25.6865,140.61654,1
-25.6865,140.61654,1
-25.6865,140.61654,1
-25.6865,140.61654,1
-25.6865,140.61654,1
-25.6865,140.61654,1
-25.6865,140.61654,1
-25.6865,140.61654,1
-25.6865,140.61654,1
-25.6865,140.61654,1
-25.6865,140.61654,1
-25.6865,140.61654,1
-25.6865,140.61654,1
-25.6865,140.61654,1
-25.6865,140.61654,1
-25.6865,140.61654,1
-25.6865,140.61654,1
-25.6865,140.61654,1
-25.6865,140.61654,1
-25.6865,140.61654,1
-25.6865,140.61654,1
-25.6865,140.61654,1
-25.6865,140.61654,1
-25.6865,140.61654,1
-25.6865,140.61654,1
-25.6864,140.6164,1
-25.6864,140.6164,1
-25.686389,140.616389,1
-25.686389,140.616389,1
-25.686389,140.616389,1
-25.686389,140.616389,1
-25.686389,140.616389,1
-25.686389,140.616389,1
-25.686389,140.6,1
-25.686389,140.616389,1
-25.683333,140.25,1
-25.683333,140.25,1
-25.683333,140.25,1
-25.683333,140.25,1
-25.683333,123.1,1
-25.6833,140.6167,1
-25.681823,140.617892,1
-25.681667,140.617778,1
-25.681667,140.617778,1
-25.681667,140.617778,1
-25.680551,133.115262,1
-25.680551,133.115262,1
-25.680551,133.115262,1
-25.680551,133.115262,1
-25.680551,133.115262,1
-25.680551,133.115262,1
-25.680551,133.115262,1
-25.680551,133.115262,1
-25.680551,133.115262,1
-25.680551,133.115262,1
-25.680551,133.115262,1
-25.680551,133.115262,1
-25.680551,133.115262,1
-25.680551,133.115262,1
-25.680551,133.115262,1
-25.680551,133.115262,1
-25.68053,133.039579,1
-25.68053,133.039579,1
-25.68053,133.039579,1
-25.68053,133.039579,1
-25.68053,133.039579,1
-25.68053,133.039579,1
-25.68053,133.039579,1
-25.68053,133.039579,1
-25.68053,133.039579,1
-25.68053,133.039579,1
-25.68053,133.039579,1
-25.68053,133.039579,1
-25.68053,133.039579,1
-25.678555,135.251272,1
-25.678555,135.251272,1
-25.678555,135.251272,1
-25.668611,113.001667,1
-25.668555,135.251272,1
-25.668555,135.251272,1
-25.668555,135.251272,1
-25.667005,133.493112,1
-25.665575,133.494402,1
-25.6639,131.2069,1
-25.6639,131.2069,1
-25.6639,131.2069,1
-25.6639,131.2069,1
-25.6639,131.2069,1
-25.6639,131.2069,1
-25.653889,114.625833,1
-25.653889,114.625833,1
-25.65,140.233333,1
-25.65,140.233333,1
-25.65,140.233333,1
-25.6486049,140.2342774,1
-25.648555,135.231272,1
-25.641945,138.57777,1
-25.641945,138.57777,1
-25.625278,114.704444,1
-25.625278,114.704444,1
-25.625278,114.704444,1
-25.625278,114.704444,1
-25.625278,114.704444,1
-25.625278,114.704444,1
-25.623769,134.762159,1
-25.623056,114.694167,1
-25.622328,134.763436,1
-25.618555,135.231272,1
-25.618555,135.231272,1
-25.609167,134.36194,1
-25.6,132.8833,1
-25.6,135.0167,1
-25.58,134.25,1
-25.57083,134.70783,1
-25.569403,134.70912,1
-25.5667,131.7972,1
-25.5667,131.7972,1
-25.5667,131.7972,1
-25.5667,131.7972,1
-25.5667,131.7972,1
-25.5667,131.7972,1
-25.5667,131.7972,1
-25.5667,131.7972,1
-25.5667,131.7972,1
-25.5667,131.7972,1
-25.5667,131.7972,1
-25.5667,131.7972,1
-25.5667,131.7972,1
-25.5667,131.7972,1
-25.5667,131.7972,1
-25.5667,131.7972,1
-25.5667,131.7972,1
-25.5667,131.7972,1
-25.5667,131.7972,1
-25.565255,131.784635,1
-25.565255,131.784635,1
-25.565255,131.784635,1
-25.565255,131.784635,1
-25.565255,131.784635,1
-25.565255,131.784635,1
-25.565253,131.784629,1
-25.565185,132.786807,1
-25.565185,132.786807,1
-25.565185,132.786807,1
-25.565185,132.786807,1
-25.565185,132.786807,1
-25.565185,132.786807,1
-25.565185,132.786807,1
-25.565185,132.786807,1
-25.565185,132.786807,1
-25.565185,132.786807,1
-25.559444,142.913611,1
-25.557916,142.914803,1
-25.556667,138.5411,1
-25.556667,138.5411,1
-25.550777,131.76805,1
-25.550585,131.768305,1
-25.550585,131.768305,1
-25.550585,131.768305,1
-25.55,134.8,1
-25.549861,142.900636,1
-25.549027,142.968969,1
-25.548194,142.963691,1
-25.548194,142.963691,1
-25.546805,142.968691,1
-25.543749,142.97008,1
-25.543749,142.97008,1
-25.543749,142.97008,1
-25.543585,131.774305,1
-25.543585,131.774305,1
-25.543585,131.774305,1
-25.543585,131.774305,1
-25.542697,131.765875,1
-25.54264,131.768858,1
-25.542585,131.766305,1
-25.542585,131.769305,1
-25.542585,131.769305,1
-25.542585,131.766305,1
-25.541585,131.758305,1
-25.540935,134.399492,1
-25.540694,142.974247,1
-25.540694,142.974247,1
-25.540138,142.968969,1
-25.539497,134.400772,1
-25.538889,142.967778,1
-25.53736,142.968969,1
-25.53736,142.968969,1
-25.537303,132.247104,1
-25.537208,132.244431,1
-25.535884,132.248405,1
-25.535226,135.255025,1
-25.535226,135.255025,1
-25.535226,135.255025,1
-25.535226,135.255025,1
-25.535226,135.255025,1
-25.535226,135.255025,1
-25.535226,135.255025,1
-25.535226,135.255025,1
-25.535226,135.255025,1
-25.535226,135.255025,1
-25.535226,135.255025,1
-25.535226,135.255025,1
-25.535226,135.255025,1
-25.535226,135.255025,1
-25.535226,135.255025,1
-25.535023,135.351537,1
-25.535023,135.351537,1
-25.535023,135.351537,1
-25.535023,135.351537,1
-25.535023,135.351537,1
-25.535023,135.351537,1
-25.535023,135.351537,1
-25.535023,135.351537,1
-25.535023,135.351537,1
-25.535023,135.351537,1
-25.535023,135.351537,1
-25.535023,135.351537,1
-25.535023,135.351537,1
-25.535023,135.351537,1
-25.535023,135.351537,1
-25.535023,135.351537,1
-25.531915,131.767975,1
-25.531915,131.767975,1
-25.531915,131.767975,1
-25.531915,131.767975,1
-25.531915,131.751305,1
-25.531915,131.751305,1
-25.51163,134.358371,1
-25.511111,112.972222,1
-25.511111,112.972222,1
-25.511111,112.972222,1
-25.511111,112.972222,1
-25.511111,112.972222,1
-25.511111,112.972222,1
-25.511111,112.972222,1
-25.511111,112.972222,1
-25.5105,137.89733,1
-25.5105,137.89733,1
-25.510192,134.359651,1
-25.508999,131.899071,1
-25.501944,125,1
-25.495998,135.207471,1
-25.490988,135.262554,1
-25.490432,132.707212,1
-25.490432,132.707212,1
-25.490432,132.707212,1
-25.490432,132.707212,1
-25.486292,132.52766,1
-25.485023,132.769331,1
-25.485023,132.769331,1
-25.485023,132.769331,1
-25.485023,132.769331,1
-25.485023,132.769331,1
-25.485023,132.769331,1
-25.485023,132.769331,1
-25.485023,132.769331,1
-25.485023,132.769331,1
-25.485023,132.769331,1
-25.485023,132.769331,1
-25.48487,132.528958,1
-25.481215,132.423106,1
-25.479794,132.424405,1
-25.479767,132.328625,1
-25.479767,132.328625,1
-25.479767,132.328625,1
-25.479767,132.328625,1
-25.479767,132.328625,1
-25.479767,132.328625,1
-25.479767,132.328625,1
-25.479767,132.328625,1
-25.479767,132.328625,1
-25.479767,132.328625,1
-25.479767,132.328625,1
-25.479767,132.328625,1
-25.479767,132.328625,1
-25.479767,132.328625,1
-25.479767,132.328625,1
-25.479767,132.328625,1
-25.478331,132.44782,1
-25.478331,132.44782,1
-25.478331,132.44782,1
-25.478331,132.44782,1
-25.478331,132.44782,1
-25.478331,132.44782,1
-25.478331,132.44782,1
-25.478331,132.44782,1
-25.478331,132.44782,1
-25.478331,132.44782,1
-25.471438,135.162055,1
-25.469882,135.215719,1
-25.469882,135.215719,1
-25.469882,135.215719,1
-25.469882,135.215719,1
-25.469882,135.215719,1
-25.469882,135.215719,1
-25.469882,135.215719,1
-25.469882,135.215719,1
-25.469882,135.215719,1
-25.469882,135.215719,1
-25.469882,135.215719,1
-25.469882,135.215719,1
-25.469882,135.215719,1
-25.467771,131.822806,1
-25.44859,131.901299,1
-25.448585,131.951297,1
-25.448584,131.901303,1
-25.448583,131.951302,1
-25.448583,131.951302,1
-25.431915,131.767974,1
-25.425404,135.453569,1
-25.42368,132.731466,1
-25.42368,132.731466,1
-25.42368,132.731466,1
-25.42368,132.731466,1
-25.42368,132.731466,1
-25.42368,132.731466,1
-25.42368,132.731466,1
-25.42368,132.731466,1
-25.42368,132.731466,1
-25.42368,132.731466,1
-25.42368,132.731466,1
-25.42368,132.731466,1
-25.42368,132.731466,1
-25.42368,132.731466,1
-25.4167,135.2833,1
-25.4167,135.2833,1
-25.41667,132.58333,1
-25.415257,131.751303,1
-25.415256,131.817964,1
-25.415255,131.751304,1
-25.415254,131.834633,1
-25.415254,131.834633,1
-25.415254,131.817973,1
-25.415254,131.817973,1
-25.415251,131.834636,1
-25.400952,130.989541,1
-25.400952,130.989541,1
-25.400952,130.989541,1
-25.400947,130.989544,1
-25.400592,130.989311,1
-25.400592,130.989311,1
-25.400592,130.989311,1
-25.400592,130.989311,1
-25.400592,130.989311,1
-25.400592,130.989311,1
-25.400592,130.989311,1
-25.400592,130.989311,1
-25.400592,130.989311,1
-25.400592,130.989311,1
-25.400592,130.989311,1
-25.400592,130.989311,1
-25.400592,130.989311,1
-25.400592,130.989311,1
-25.400592,130.989311,1
-25.400592,130.989311,1
-25.400592,130.989311,1
-25.400592,130.989311,1
-25.400592,130.989311,1
-25.400592,130.989311,1
-25.400592,130.989311,1
-25.4,132.5833,1
-25.4,132.5667,1
-25.39859,131.188309,1
-25.39859,131.188309,1
-25.39859,131.188309,1
-25.39859,131.188309,1
-25.39859,131.188309,1
-25.39859,131.188309,1
-25.39859,131.188309,1
-25.39859,131.188309,1
-25.39859,131.188309,1
-25.39859,131.188309,1
-25.39859,131.188309,1
-25.39859,131.188309,1
-25.39859,131.188309,1
-25.39859,131.188309,1
-25.39859,131.188309,1
-25.39859,131.188309,1
-25.39859,131.188309,1
-25.39859,131.188309,1
-25.39859,131.188309,1
-25.39859,131.188309,1
-25.39859,131.188309,1
-25.39859,131.188309,1
-25.39859,131.188309,1
-25.398585,131.834634,1
-25.398584,131.834633,1
-25.398123,131.188256,1
-25.39812,131.188259,1
-25.39812,131.188259,1
-25.39812,131.188259,1
-25.397775,135.165783,1
-25.397775,135.165783,1
-25.397775,135.165783,1
-25.397775,135.165783,1
-25.397775,135.165783,1
-25.397775,135.165783,1
-25.397775,135.165783,1
-25.397775,135.165783,1
-25.397775,135.165783,1
-25.397775,135.165783,1
-25.397775,135.165783,1
-25.397775,135.165783,1
-25.397537,135.195401,1
-25.394722,142.626667,1
-25.394527,132.423469,1
-25.394527,132.423469,1
-25.394527,132.423469,1
-25.394527,132.423469,1
-25.394527,132.423469,1
-25.394527,132.423469,1
-25.394527,132.423469,1
-25.394527,132.423469,1
-25.394527,132.423469,1
-25.394527,132.423469,1
-25.394527,132.423469,1
-25.394527,132.423469,1
-25.3926,136.6943,1
-25.3926,136.6943,1
-25.391455,135.41821,1
-25.390327,135.445803,1
-25.390096,132.63109,1
-25.390096,132.63109,1
-25.390096,132.63109,1
-25.390096,132.63109,1
-25.390096,132.63109,1
-25.390096,132.63109,1
-25.390096,132.63109,1
-25.390096,132.63109,1
-25.386934,135.445094,1
-25.386178,132.663219,1
-25.386178,132.663219,1
-25.386178,132.663219,1
-25.386178,132.663219,1
-25.386178,132.663219,1
-25.386178,132.663219,1
-25.386178,132.663219,1
-25.386178,132.663219,1
-25.386178,132.663219,1
-25.386178,132.663219,1
-25.386178,132.663219,1
-25.386178,132.663219,1
-25.3854,132.6591,1
-25.3854,132.6591,1
-25.3854,132.6591,1
-25.3854,132.6591,1
-25.382423,132.654648,1
-25.382423,132.654648,1
-25.382423,132.654648,1
-25.382423,132.654648,1
-25.382423,132.654648,1
-25.382423,132.654648,1
-25.382423,132.654648,1
-25.382423,132.654648,1
-25.382423,132.654648,1
-25.382423,132.654648,1
-25.376318,141.887982,1
-25.37505,135.400689,1
-25.375,131.85,1
-25.375,131.85,1
-25.375,131.85,1
-25.375,131.85,1
-25.375,131.85,1
-25.373601,131.008968,1
-25.373591,130.99931,1
-25.373591,131.00931,1
-25.373082,132.746566,1
-25.373082,132.746566,1
-25.373082,132.746566,1
-25.373082,132.746566,1
-25.373082,132.746566,1
-25.373082,132.746566,1
-25.373082,132.746566,1
-25.373082,132.746566,1
-25.373082,132.746566,1
-25.373082,132.746566,1
-25.373082,132.746566,1
-25.373082,132.746566,1
-25.373082,132.746566,1
-25.373082,132.746566,1
-25.373082,132.746566,1
-25.365255,131.851295,1
-25.365254,131.851302,1
-25.365254,131.834633,1
-25.365252,131.83463,1
-25.356873,130.909341,1
-25.356592,130.909311,1
-25.356592,130.909311,1
-25.356592,130.909311,1
-25.355591,131.03831,1
-25.355591,131.03831,1
-25.355591,131.03831,1
-25.355591,131.03831,1
-25.355591,131.03831,1
-25.355591,131.03831,1
-25.355591,131.03831,1
-25.355591,131.03831,1
-25.355591,131.03831,1
-25.355591,131.03831,1
-25.355591,131.03831,1
-25.355591,131.03831,1
-25.355591,131.03831,1
-25.355591,131.03831,1
-25.355591,131.03831,1
-25.355591,131.03831,1
-25.355591,131.03831,1
-25.355591,131.03831,1
-25.350588,131.346307,1
-25.350588,131.346307,1
-25.350588,131.346307,1
-25.350588,131.346307,1
-25.350588,131.346307,1
-25.350588,131.346307,1
-25.350588,131.346307,1
-25.350588,131.346307,1
-25.350588,131.346307,1
-25.350588,131.346307,1
-25.350588,131.346307,1
-25.350588,131.346307,1
-25.350588,131.346307,1
-25.350588,131.346307,1
-25.350588,131.346307,1
-25.350588,131.346307,1
-25.350588,131.346307,1
-25.350588,131.346307,1
-25.350558,131.346327,1
-25.350558,131.346327,1
-25.350558,131.346327,1
-25.350556,131.346331,1
-25.35,131.01666,1
-25.35,131.0333,1
-25.35,131.0333,1
-25.35,131.0333,1
-25.35,131.0333,1
-25.35,131.0333,1
-25.35,131.03,1
-25.35,131.03333,1
-25.35,131.03333,1
-25.35,131.03333,1
-25.35,131.03333,1
-25.35,131.0333,1
-25.35,131.033333,1
-25.35,131.033333,1
-25.35,131.033333,1
-25.35,131.033333,1
-25.35,131.033333,1
-25.349593,130.780312,1
-25.349593,130.780312,1
-25.349593,130.780312,1
-25.349593,130.780312,1
-25.349466,130.780072,1
-25.348597,131.034642,1
-25.348591,131.067979,1
-25.348591,131.03464,1
-25.348591,131.067979,1
-25.348591,131.067979,1
-25.348591,131.03464,1
-25.348591,131.03464,1
-25.348591,131.03464,1
-25.348591,131.03131,1
-25.348591,131.067979,1
-25.345444,134.077243,1
-25.344009,134.078524,1
-25.343904,134.113157,1
-25.342468,134.114437,1
-25.341944,131.03111,1
-25.341944,131.03111,1
-25.341944,131.03111,1
-25.341944,131.03111,1
-25.341944,131.03111,1
-25.341944,131.03111,1
-25.341944,131.03111,1
-25.341944,131.03111,1
-25.341944,131.03111,1
-25.341944,131.03111,1
-25.341944,131.03111,1
-25.338587,131.471306,1
-25.338587,131.471306,1
-25.338587,131.471306,1
-25.338587,131.471306,1
-25.338587,131.471306,1
-25.338587,131.471306,1
-25.33333,131.06667,1
-25.33333,131.23333,1
-25.3333,131.75,1
-25.3333,131.75,1
-25.3333,131.75,1
-25.3333,131.75,1
-25.3333,131.75,1
-25.3333,131.75,1
-25.3333,131.75,1
-25.3333,131.75,1
-25.3333,131,1
-25.332054,133.531123,1
-25.331925,131.801295,1
-25.331914,131.801303,1
-25.330623,133.532409,1
-25.33,131.75,1
-25.33,131.75,1
-25.329406,135.427983,1
-25.328587,131.461306,1
-25.328587,131.461306,1
-25.328587,131.461306,1
-25.326186,133.330269,1
-25.324918,135.250344,1
-25.322505,134.556284,1
-25.322505,134.556284,1
-25.320659,133.522082,1
-25.320531,131.0202,1
-25.320531,131.0202,1
-25.320531,131.0202,1
-25.320531,131.0202,1
-25.320531,131.0202,1
-25.320531,131.0202,1
-25.320531,131.0202,1
-25.320531,131.0202,1
-25.320531,131.0202,1
-25.320531,131.0202,1
-25.320531,131.0202,1
-25.320531,131.0202,1
-25.320531,131.0202,1
-25.32,131.75,1
-25.319228,133.523368,1
-25.31772,134.51811,1
-25.317707,134.51812,1
-25.317707,134.51812,1
-25.317707,134.51812,1
-25.317707,134.51812,1
-25.317707,134.51812,1
-25.317707,134.51812,1
-25.31667,131.75,1
-25.31667,131.75,1
-25.316667,131.733333,1
-25.316667,131.733333,1
-25.316667,131.733333,1
-25.316667,131.733333,1
-25.316667,131.733333,1
-25.316667,131.733333,1
-25.316667,120.683333,1
-25.314969,135.41458,1
-25.313593,130.779312,1
-25.313593,130.779312,1
-25.313593,130.779312,1
-25.313593,130.779312,1
-25.313593,130.779312,1
-25.313593,130.779312,1
-25.313593,130.779312,1
-25.313593,130.779312,1
-25.313593,130.779312,1
-25.313593,130.779312,1
-25.313593,130.779312,1
-25.313593,130.779312,1
-25.313593,130.779312,1
-25.313593,130.779312,1
-25.313593,130.779312,1
-25.313593,130.779312,1
-25.313593,130.779312,1
-25.313593,130.779312,1
-25.313593,130.779312,1
-25.313593,130.779312,1
-25.31359,134.52032,1
-25.313588,134.520331,1
-25.313588,134.520331,1
-25.313588,134.520331,1
-25.313588,134.520331,1
-25.313361,130.779543,1
-25.312998,130.809334,1
-25.312593,130.809311,1
-25.312593,130.809311,1
-25.312593,130.809311,1
-25.31123,134.52226,1
-25.311228,134.522268,1
-25.311228,134.522268,1
-25.311228,134.522268,1
-25.311228,134.522268,1
-25.303592,130.868311,1
-25.303592,130.868311,1
-25.303592,130.868311,1
-25.303228,130.868776,1
-25.303196,135.251582,1
-25.3,130.73333,1
-25.3,130.91667,1
-25.3,130.91667,1
-25.3,130.91667,1
-25.3,130.91667,1
-25.3,130.91667,1
-25.3,131.72,1
-25.3,120.672222,1
-25.299753,130.928306,1
-25.298592,130.91798,1
-25.294596,135.254869,1
-25.293839,133.922743,1
-25.288889,120.702778,1
-25.286988,130.719578,1
-25.286594,130.719312,1
-25.286594,130.719312,1
-25.286594,130.719312,1
-25.286594,130.719312,1
-25.286594,130.719312,1
-25.286594,130.719312,1
-25.286594,130.719312,1
-25.286594,130.719312,1
-25.286594,130.719312,1
-25.286594,130.719312,1
-25.286594,130.719312,1
-25.286594,130.719312,1
-25.286594,130.719312,1
-25.286594,130.719312,1
-25.286594,130.719312,1
-25.286594,130.719312,1
-25.286594,130.719312,1
-25.286111,120.683333,1
-25.286111,132.3444,1
-25.286111,132.34444,1
-25.283333,119.516667,1
-25.28333,130.91667,1
-25.28333,130.91667,1
-25.28333,130.91667,1
-25.28333,130.91667,1
-25.28333,130.91667,1
-25.28333,130.91667,1
-25.28333,130.71667,1
-25.281933,130.917976,1
-25.281924,130.717982,1
-25.281922,130.91798,1
-25.281922,130.91798,1
-25.281922,130.91798,1
-25.281922,130.91798,1
-25.281922,130.91798,1
-25.281922,130.91798,1
-25.279592,130.92531,1
-25.279592,130.92531,1
-25.279592,130.92531,1
-25.279592,130.92531,1
-25.279592,130.92831,1
-25.279592,130.92831,1
-25.279592,130.92831,1
-25.279592,130.92831,1
-25.279592,130.92831,1
-25.279592,130.92531,1
-25.279592,130.92531,1
-25.279592,130.92531,1
-25.279592,130.92531,1
-25.279592,130.92831,1
-25.279592,130.92531,1
-25.279592,130.92531,1
-25.279592,130.92531,1
-25.279592,130.92531,1
-25.279592,130.92531,1
-25.279592,130.92531,1
-25.279592,130.92531,1
-25.279592,130.92531,1
-25.279592,130.92531,1
-25.279592,130.92531,1
-25.279592,130.92831,1
-25.279592,130.92831,1
-25.279592,130.92831,1
-25.279592,130.92831,1
-25.279592,130.92831,1
-25.279592,130.92831,1
-25.279592,130.92831,1
-25.279592,130.92831,1
-25.279592,130.92831,1
-25.278611,120.619167,1
-25.278611,120.619167,1
-25.278611,120.619167,1
-25.277592,130.92231,1
-25.277592,130.92231,1
-25.277592,130.91931,1
-25.277592,130.91931,1
-25.277592,130.91931,1
-25.277592,130.91931,1
-25.277592,130.91931,1
-25.277592,130.92231,1
-25.277592,130.91931,1
-25.277592,130.91931,1
-25.277592,130.92231,1
-25.277592,130.92231,1
-25.277592,130.92231,1
-25.277592,130.92231,1
-25.277592,130.92231,1
-25.277592,130.91931,1
-25.277592,130.91931,1
-25.277592,130.91931,1
-25.277592,130.91931,1
-25.277592,130.91931,1
-25.277592,130.92231,1
-25.277592,130.91931,1
-25.277592,130.92231,1
-25.277592,130.91931,1
-25.277592,130.92231,1
-25.277592,130.92231,1
-25.276592,130.93231,1
-25.276592,130.93231,1
-25.276592,130.93231,1
-25.276592,130.93231,1
-25.276592,130.93231,1
-25.276592,130.93231,1
-25.276592,130.93231,1
-25.276592,130.93231,1
-25.276592,130.93231,1
-25.276592,130.93231,1
-25.276592,130.93231,1
-25.275592,130.92831,1
-25.275592,130.93831,1
-25.275384,130.92792,1
-25.275254,130.937847,1
-25.274727,130.977552,1
-25.274592,130.92631,1
-25.274592,130.92631,1
-25.274592,130.92631,1
-25.274592,130.92631,1
-25.274592,130.92631,1
-25.274592,130.92631,1
-25.274592,130.92631,1
-25.274592,130.92631,1
-25.274592,130.92631,1
-25.274592,130.92631,1
-25.274592,130.92631,1
-25.274592,130.92631,1
-25.274592,130.92631,1
-25.274592,130.92631,1
-25.274591,130.977309,1
-25.274591,130.977309,1
-25.274591,130.977309,1
-25.273592,130.92231,1
-25.273592,130.92231,1
-25.273592,130.92631,1
-25.273592,130.92231,1
-25.273592,130.92231,1
-25.273592,130.92231,1
-25.273592,130.92631,1
-25.273592,130.92631,1
-25.273592,130.92631,1
-25.273592,130.92231,1
-25.273592,130.92231,1
-25.273592,130.92631,1
-25.273592,130.92631,1
-25.273592,130.92631,1
-25.273592,130.92231,1
-25.273592,130.92231,1
-25.273592,130.92231,1
-25.273592,130.92231,1
-25.273592,130.92231,1
-25.273592,130.92231,1
-25.273592,130.92231,1
-25.273592,130.92231,1
-25.273592,130.92231,1
-25.273592,130.92631,1
-25.273592,130.92631,1
-25.273592,130.92231,1
-25.273592,130.92631,1
-25.273592,130.92631,1
-25.273592,130.92631,1
-25.273592,130.92631,1
-25.272592,130.92031,1
-25.272592,130.92031,1
-25.272592,130.92031,1
-25.272592,130.92031,1
-25.272592,130.92031,1
-25.272592,130.92031,1
-25.272592,130.92031,1
-25.272592,130.92031,1
-25.272592,130.92031,1
-25.272592,130.92031,1
-25.272592,130.92031,1
-25.272592,130.92031,1
-25.272592,130.92031,1
-25.271592,130.91731,1
-25.271592,130.91731,1
-25.271592,130.91731,1
-25.271592,130.91731,1
-25.271592,130.91731,1
-25.271592,130.91731,1
-25.271592,130.91731,1
-25.271592,130.91731,1
-25.271592,130.91731,1
-25.271592,130.91731,1
-25.271592,130.91731,1
-25.271592,130.91731,1
-25.271592,130.91731,1
-25.271592,130.91731,1
-25.2708,134.51068,1
-25.270796,134.510687,1
-25.270796,134.510687,1
-25.270796,134.510687,1
-25.270796,134.510687,1
-25.270796,134.510687,1
-25.270796,134.510687,1
-25.270592,130.92831,1
-25.270592,130.92831,1
-25.270592,130.92831,1
-25.270592,130.92831,1
-25.270592,130.92831,1
-25.270592,130.92831,1
-25.270592,130.92831,1
-25.270592,130.92831,1
-25.270592,130.92831,1
-25.270592,130.92831,1
-25.270592,130.92831,1
-25.270523,134.491312,1
-25.270523,134.480874,1
-25.270523,134.491312,1
-25.270523,134.480874,1
-25.270523,134.491312,1
-25.270523,134.491312,1
-25.270523,134.491312,1
-25.270523,134.491312,1
-25.27052,134.49132,1
-25.26967,134.48146,1
-25.269667,134.481454,1
-25.269667,134.481454,1
-25.269592,130.92531,1
-25.269592,130.92531,1
-25.269592,130.92531,1
-25.269592,130.92531,1
-25.269592,130.92531,1
-25.269592,130.92531,1
-25.269592,130.92531,1
-25.269592,130.92531,1
-25.269592,130.92531,1
-25.269592,130.92531,1
-25.269592,130.92531,1
-25.269592,130.92531,1
-25.269592,130.92531,1
-25.269592,130.92531,1
-25.269592,130.92531,1
-25.269592,130.92531,1
-25.269592,130.92531,1
-25.268586,131.571304,1
-25.268586,131.571304,1
-25.268586,131.541304,1
-25.267592,130.92131,1
-25.267592,130.92131,1
-25.267592,130.92131,1
-25.267592,130.92131,1
-25.267592,130.92131,1
-25.267592,130.92131,1
-25.267592,130.92031,1
-25.267592,130.92031,1
-25.267592,130.92031,1
-25.267592,130.92031,1
-25.267592,130.92131,1
-25.267592,130.92131,1
-25.267592,130.92131,1
-25.267592,130.92131,1
-25.267592,130.92131,1
-25.267592,130.92131,1
-25.267592,130.92031,1
-25.267592,130.92031,1
-25.267592,130.92031,1
-25.267592,130.92131,1
-25.267592,130.92131,1
-25.267592,130.92131,1
-25.267592,130.92131,1
-25.267592,130.92031,1
-25.267592,130.92031,1
-25.267592,130.92031,1
-25.267592,130.92031,1
-25.266746,134.489691,1
-25.26667,130.9,1
-25.266667,115.433333,1
-25.266592,130.91731,1
-25.266592,130.91731,1
-25.266592,130.91731,1
-25.266592,130.91731,1
-25.266592,130.91731,1
-25.266592,130.91731,1
-25.266592,130.91731,1
-25.266592,130.91731,1
-25.266592,130.91731,1
-25.266592,130.91731,1
-25.266592,130.91731,1
-25.266592,130.91731,1
-25.2665,130.962667,1
-25.2665,130.962667,1
-25.2665,130.962667,1
-25.2665,130.962667,1
-25.2665,130.962667,1
-25.2665,130.962667,1
-25.2665,130.962667,1
-25.2665,130.96266,1
-25.2665,130.96266,1
-25.265306,134.490967,1
-25.265091,130.963976,1
-25.265091,130.963976,1
-25.265091,130.963976,1
-25.264639,138.8061,1
-25.2646,138.8061,1
-25.26447,134.48198,1
-25.264468,130.964694,1
-25.264468,130.964694,1
-25.264468,130.964694,1
-25.264468,130.964694,1
-25.264468,130.964694,1
-25.264468,130.964694,1
-25.264468,130.964694,1
-25.264468,130.964694,1
-25.264468,130.964694,1
-25.264468,130.964694,1
-25.264468,130.964694,1
-25.264468,130.964694,1
-25.264468,130.964694,1
-25.264468,130.964694,1
-25.264468,130.964694,1
-25.264468,130.964694,1
-25.264468,130.964694,1
-25.264468,130.964694,1
-25.264468,130.964694,1
-25.264468,130.964694,1
-25.264468,130.964694,1
-25.264468,130.964694,1
-25.264468,130.964694,1
-25.264468,130.964694,1
-25.264468,130.964694,1
-25.264468,130.964694,1
-25.264468,130.964694,1
-25.264468,130.964694,1
-25.264468,130.964694,1
-25.264468,130.964694,1
-25.264468,130.964694,1
-25.264468,130.964694,1
-25.264468,130.964694,1
-25.264468,130.964694,1
-25.264468,130.964694,1
-25.264468,130.964694,1
-25.264468,130.964694,1
-25.264468,130.964694,1
-25.264467,134.481983,1
-25.264467,134.481983,1
-25.264467,134.481983,1
-25.264467,134.481983,1
-25.264056,138.857111,1
-25.263944,138.857111,1
-25.263944,138.857111,1
-25.263944,138.857111,1
-25.263944,138.857111,1
-25.263944,138.857111,1
-25.26378,130.95866,1
-25.26378,130.95866,1
-25.263778,130.958667,1
-25.263778,130.958667,1
-25.263778,130.958667,1
-25.263778,130.958667,1
-25.263778,130.958667,1
-25.263778,130.958667,1
-25.263778,130.958667,1
-25.263439,130.958979,1
-25.263439,130.958979,1
-25.263439,130.958979,1
-25.263439,130.958979,1
-25.263439,130.958979,1
-25.263439,130.958979,1
-25.263439,130.958979,1
-25.263439,130.958979,1
-25.263439,130.958979,1
-25.263439,130.958979,1
-25.263439,130.958979,1
-25.263439,130.958979,1
-25.263439,130.958979,1
-25.263439,130.958979,1
-25.263439,130.958979,1
-25.263439,130.958979,1
-25.263439,130.958979,1
-25.263439,130.958979,1
-25.263439,130.958979,1
-25.263439,130.958979,1
-25.263439,130.958979,1
-25.263439,130.958979,1
-25.263439,130.958979,1
-25.263439,130.958979,1
-25.263439,130.958979,1
-25.263439,130.958979,1
-25.263439,130.958979,1
-25.263439,130.958979,1
-25.263439,130.958979,1
-25.263439,130.958979,1
-25.263439,130.958979,1
-25.263439,130.958979,1
-25.262612,135.254934,1
-25.2625,138.658611,1
-25.262369,130.959976,1
-25.262,138.8067,1
-25.262,138.8067,1
-25.261944,120.646667,1
-25.261007,138.659849,1
-25.258444,138.8082,1
-25.258444,138.8082,1
-25.258444,138.8082,1
-25.2584,138.8082,1
-25.2584,138.8082,1
-25.2584,138.8082,1
-25.253507,138.655126,1
-25.253404,135.271597,1
-25.253,134.52283,1
-25.25136,134.499078,1
-25.25136,134.49908,1
-25.25136,134.499078,1
-25.25136,134.499078,1
-25.25136,134.499078,1
-25.250048,131.010922,1
-25.250048,131.010922,1
-25.250048,131.010922,1
-25.250048,131.010922,1
-25.250048,131.010922,1
-25.250048,131.010922,1
-25.250048,131.010922,1
-25.250048,131.010922,1
-25.250048,131.010922,1
-25.250048,131.010922,1
-25.250048,131.010922,1
-25.250048,131.010922,1
-25.250048,131.010922,1
-25.250048,131.010922,1
-25.250048,131.010922,1
-25.250048,131.010922,1
-25.250048,131.010922,1
-25.250048,131.010922,1
-25.250048,131.010922,1
-25.250048,131.010922,1
-25.250048,131.010922,1
-25.250048,131.010922,1
-25.250048,131.010922,1
-25.250048,131.010922,1
-25.250048,131.010922,1
-25.250048,131.010922,1
-25.250048,131.010922,1
-25.250048,131.010922,1
-25.250048,131.010922,1
-25.25,131,1
-25.25,131,1
-25.25,131,1
-25.25,131,1
-25.25,131,1
-25.25,131,1
-25.25,131,1
-25.25,131,1
-25.25,131,1
-25.25,131,1
-25.25,131,1
-25.25,131,1
-25.25,131,1
-25.25,131,1
-25.25,131,1
-25.25,131,1
-25.25,131,1
-25.25,131,1
-25.25,131,1
-25.25,131,1
-25.25,131,1
-25.25,131,1
-25.25,131,1
-25.25,131,1
-25.25,131,1
-25.25,131,1
-25.25,130.96667,1
-25.25,130.96667,1
-25.249472,131.007083,1
-25.249472,131.007083,1
-25.249472,131.007083,1
-25.249472,131.007083,1
-25.249472,131.007083,1
-25.249472,131.007083,1
-25.249472,131.007083,1
-25.249472,131.007083,1
-25.24947,131.00708,1
-25.24947,131.00708,1
-25.248888,138.47972,1
-25.248888,138.47972,1
-25.248596,130.967967,1
-25.248591,130.967979,1
-25.248587,131.491305,1
-25.248587,131.501304,1
-25.248587,131.501304,1
-25.248587,131.491305,1
-25.248587,131.451305,1
-25.248063,131.008392,1
-25.248063,131.008392,1
-25.248063,131.008392,1
-25.245377,135.272265,1
-25.244722,138.648333,1
-25.244,134.49917,1
-25.2439,138.8349,1
-25.2439,138.8349,1
-25.2439,138.8349,1
-25.2439,138.8349,1
-25.2439,138.8349,1
-25.2439,138.8349,1
-25.243889,138.834917,1
-25.243889,138.834917,1
-25.243889,138.834917,1
-25.243889,138.834917,1
-25.243889,138.834917,1
-25.243889,138.834917,1
-25.243823,134.499279,1
-25.243354,135.274939,1
-25.243229,138.649571,1
-25.242383,134.500555,1
-25.241266,131.007349,1
-25.241266,131.007349,1
-25.241112,135.270274,1
-25.241,130.968,1
-25.241,130.968,1
-25.241,130.968,1
-25.241,130.968,1
-25.241,130.968,1
-25.241,130.968,1
-25.241,130.968,1
-25.241,130.968,1
-25.241,130.968,1
-25.241,130.968,1
-25.241,130.968,1
-25.241,130.968,1
-25.241,130.968,1
-25.241,130.968,1
-25.241,130.968,1
-25.241,130.968,1
-25.241,130.968,1
-25.241,130.968,1
-25.241,130.968,1
-25.241,130.968,1
-25.241,130.968,1
-25.241,130.968,1
-25.241,130.968,1
-25.241,130.968,1
-25.241,130.968,1
-25.241,130.968,1
-25.241,130.968,1
-25.241,130.968,1
-25.24039,130.96094,1
-25.24039,130.96094,1
-25.240389,130.960944,1
-25.240389,130.960944,1
-25.240389,130.960944,1
-25.240389,130.960944,1
-25.240389,130.960944,1
-25.240389,130.960944,1
-25.240389,130.960944,1
-25.240389,130.960944,1
-25.240389,130.960944,1
-25.240389,130.960944,1
-25.240389,130.960944,1
-25.240389,130.960944,1
-25.240389,130.960944,1
-25.240389,130.960944,1
-25.240389,130.960944,1
-25.240389,130.960944,1
-25.240389,130.960944,1
-25.240389,130.960944,1
-25.240389,130.960944,1
-25.240389,130.960944,1
-25.240389,130.960944,1
-25.240389,130.960944,1
-25.240389,130.960944,1
-25.240389,130.960944,1
-25.240389,130.960944,1
-25.240389,130.960944,1
-25.240389,130.960944,1
-25.240389,130.960944,1
-25.240389,130.960944,1
-25.239591,130.969309,1
-25.239591,130.969309,1
-25.239452,130.970265,1
-25.239452,130.970265,1
-25.239452,130.970265,1
-25.239452,130.970265,1
-25.239452,130.970265,1
-25.239452,130.970265,1
-25.239452,130.970265,1
-25.239452,130.970265,1
-25.239452,130.970265,1
-25.239452,130.970265,1
-25.239452,130.970265,1
-25.239452,130.970265,1
-25.239452,130.970265,1
-25.239452,130.970265,1
-25.239452,130.970265,1
-25.239452,130.970265,1
-25.239452,130.970265,1
-25.239452,130.970265,1
-25.239452,130.970265,1
-25.239452,130.970265,1
-25.239452,130.970265,1
-25.239452,130.970265,1
-25.239452,130.970265,1
-25.239452,130.970265,1
-25.239452,130.970265,1
-25.239452,130.970265,1
-25.239452,130.970265,1
-25.239452,130.970265,1
-25.239452,130.970265,1
-25.239452,130.970265,1
-25.239262,130.963234,1
-25.239262,130.963234,1
-25.239262,130.963234,1
-25.239262,130.963234,1
-25.239262,130.963234,1
-25.239262,130.963234,1
-25.239262,130.963234,1
-25.239262,130.963234,1
-25.239262,130.963234,1
-25.239262,130.963234,1
-25.239262,130.963234,1
-25.239262,130.963234,1
-25.239262,130.963234,1
-25.239262,130.963234,1
-25.239262,130.963234,1
-25.239262,130.963234,1
-25.239262,130.963234,1
-25.239262,130.963234,1
-25.239262,130.963234,1
-25.239262,130.963234,1
-25.239262,130.963234,1
-25.239262,130.963234,1
-25.239262,130.963234,1
-25.239262,130.963234,1
-25.239262,130.963234,1
-25.239262,130.963234,1
-25.239262,130.963234,1
-25.239262,130.963234,1
-25.239262,130.963234,1
-25.23898,130.962254,1
-25.23898,130.962254,1
-25.23898,130.962254,1
-25.238595,130.591312,1
-25.238595,130.591312,1
-25.238595,130.591312,1
-25.238595,130.591312,1
-25.238595,130.591312,1
-25.238595,130.591312,1
-25.238595,130.591312,1
-25.238595,130.591312,1
-25.238595,130.591312,1
-25.238595,130.591312,1
-25.238587,131.501304,1
-25.235724,135.262954,1
-25.23439,130.97783,1
-25.23439,130.97783,1
-25.234389,130.977833,1
-25.234389,130.977833,1
-25.234389,130.977833,1
-25.234389,130.977833,1
-25.234389,130.977833,1
-25.234389,130.977833,1
-25.234389,130.977833,1
-25.234389,130.977833,1
-25.234389,130.977833,1
-25.234389,130.977833,1
-25.234389,130.977833,1
-25.234389,130.977833,1
-25.234389,130.977833,1
-25.234389,130.977833,1
-25.234389,130.977833,1
-25.234389,130.977833,1
-25.234389,130.977833,1
-25.234132,130.978309,1
-25.234132,130.978309,1
-25.234132,130.978309,1
-25.234132,130.978309,1
-25.234132,130.978309,1
-25.234132,130.978309,1
-25.234132,130.978309,1
-25.234132,130.978309,1
-25.234132,130.978309,1
-25.234132,130.978309,1
-25.234132,130.978309,1
-25.234132,130.978309,1
-25.234132,130.978309,1
-25.234132,130.978309,1
-25.234132,130.978309,1
-25.234132,130.978309,1
-25.234132,130.978309,1
-25.234132,130.978309,1
-25.234132,130.978309,1
-25.234132,130.978309,1
-25.234132,130.978309,1
-25.234132,130.978309,1
-25.234132,130.978309,1
-25.234132,130.978309,1
-25.234132,130.978309,1
-25.234132,130.978309,1
-25.234132,130.978309,1
-25.234132,130.978309,1
-25.234132,130.978309,1
-25.234132,130.978309,1
-25.234132,130.978309,1
-25.234132,130.978309,1
-25.234132,130.978309,1
-25.234132,130.978309,1
-25.234132,130.978309,1
-25.234132,130.978309,1
-25.234132,130.978309,1
-25.23333,131.01667,1
-25.23333,130.91667,1
-25.23333,130.91667,1
-25.23333,130.91667,1
-25.23333,131,1
-25.23298,130.979142,1
-25.23298,130.979142,1
-25.231926,131.001303,1
-25.231056,135.272109,1
-25.22925,130.976278,1
-25.22925,130.976278,1
-25.22925,130.976278,1
-25.22925,130.976278,1
-25.22925,130.976278,1
-25.22925,130.976278,1
-25.22925,130.976278,1
-25.22925,130.976278,1
-25.22925,130.976278,1
-25.22925,130.976278,1
-25.22925,130.976278,1
-25.22925,130.97627,1
-25.22925,130.976278,1
-25.22925,130.976278,1
-25.22925,130.97627,1
-25.22925,130.976278,1
-25.22925,130.976278,1
-25.22925,130.976278,1
-25.22925,130.976278,1
-25.22925,130.976278,1
-25.22859,131.111308,1
-25.22859,131.111308,1
-25.22859,131.111308,1
-25.22859,131.111308,1
-25.22859,131.111308,1
-25.22859,131.111308,1
-25.22859,131.111308,1
-25.22859,131.111308,1
-25.22859,131.111308,1
-25.22859,131.111308,1
-25.22859,131.111308,1
-25.22859,131.111308,1
-25.227924,130.978436,1
-25.227924,130.978436,1
-25.227924,130.978436,1
-25.227924,130.978436,1
-25.227924,130.978436,1
-25.227924,130.978436,1
-25.227924,130.978436,1
-25.227924,130.978436,1
-25.227924,130.978436,1
-25.227924,130.978436,1
-25.227924,130.978436,1
-25.227924,130.978436,1
-25.227924,130.978436,1
-25.227924,130.978436,1
-25.227924,130.978436,1
-25.227924,130.978436,1
-25.227924,130.978436,1
-25.227841,130.977587,1
-25.226273,132.026911,1
-25.225979,132.01813,1
-25.22433,134.53517,1
-25.224234,134.54046,1
-25.224167,138.636389,1
-25.22395,135.26061,1
-25.222794,134.541735,1
-25.222674,138.637626,1
-25.219736,134.522975,1
-25.218595,130.591312,1
-25.218591,131.001309,1
-25.218586,131.511304,1
-25.218586,131.501304,1
-25.218296,134.52425,1
-25.217019,135.379577,1
-25.2167,133.1833,1
-25.2167,133.1833,1
-25.2167,133.1833,1
-25.2167,133.1833,1
-25.2167,133.1833,1
-25.2167,133.1833,1
-25.2167,133.1833,1
-25.2167,133.1833,1
-25.2167,133.1833,1
-25.2167,133.1833,1
-25.2167,133.1833,1
-25.215505,135.245478,1
-25.211537,133.890478,1
-25.210103,133.891759,1
-25.21003,130.9832,1
-25.21003,130.9832,1
-25.210028,130.983194,1
-25.210028,130.983194,1
-25.210028,130.983194,1
-25.210028,130.983194,1
-25.210028,130.983194,1
-25.210028,130.983194,1
-25.210028,130.983194,1
-25.208619,130.984503,1
-25.208619,130.984503,1
-25.208591,131.021308,1
-25.208591,131.021308,1
-25.208591,131.021308,1
-25.208591,131.021308,1
-25.208591,131.021308,1
-25.208591,131.021308,1
-25.208591,131.021308,1
-25.208589,131.201307,1
-25.208589,131.201307,1
-25.208589,131.201307,1
-25.208589,131.201307,1
-25.208589,131.201307,1
-25.208589,131.201307,1
-25.208589,131.201307,1
-25.208334,130.983242,1
-25.208334,130.983242,1
-25.208334,130.983242,1
-25.208334,130.983242,1
-25.208334,130.983242,1
-25.208334,130.983242,1
-25.208334,130.983242,1
-25.208334,130.983242,1
-25.208334,130.983242,1
-25.208334,130.983242,1
-25.208334,130.983242,1
-25.208334,130.983242,1
-25.208334,130.983242,1
-25.208334,130.983242,1
-25.208334,130.983242,1
-25.208334,130.983242,1
-25.208334,130.983242,1
-25.208334,130.983242,1
-25.208334,130.983242,1
-25.208334,130.983242,1
-25.208334,130.983242,1
-25.208334,130.983242,1
-25.207833,130.973667,1
-25.207833,130.973667,1
-25.207833,130.973667,1
-25.207833,130.973667,1
-25.207833,130.973667,1
-25.207833,130.973667,1
-25.207833,130.973667,1
-25.207833,130.973667,1
-25.207833,130.973667,1
-25.207833,130.973667,1
-25.207833,130.973667,1
-25.207833,130.973667,1
-25.207833,130.973667,1
-25.207833,130.973667,1
-25.207833,130.973667,1
-25.207833,130.973667,1
-25.207833,130.973667,1
-25.20783,130.97366,1
-25.20783,130.97366,1
-25.206424,130.974975,1
-25.20593,131.7194,1
-25.2059,131.7194,1
-25.205555,130.974789,1
-25.205555,130.974789,1
-25.205555,130.974789,1
-25.205555,130.974789,1
-25.205555,130.974789,1
-25.205555,130.974789,1
-25.205555,130.974789,1
-25.205555,130.974789,1
-25.205555,130.974789,1
-25.205555,130.974789,1
-25.205555,130.974789,1
-25.205555,130.974789,1
-25.205555,130.974789,1
-25.205555,130.974789,1
-25.205555,130.974789,1
-25.205555,130.974789,1
-25.205555,130.974789,1
-25.203591,130.967309,1
-25.203546,130.96747,1
-25.20327,133.333071,1
-25.199128,130.980984,1
-25.199128,130.980984,1
-25.199128,130.980984,1
-25.199128,130.980984,1
-25.199128,130.980984,1
-25.199128,130.980984,1
-25.199128,130.980984,1
-25.199128,130.980984,1
-25.199128,130.980984,1
-25.199128,130.980984,1
-25.199128,130.980984,1
-25.199128,130.980984,1
-25.199128,130.980984,1
-25.199128,130.980984,1
-25.199128,130.980984,1
-25.199128,130.980984,1
-25.199128,130.980984,1
-25.199128,130.980984,1
-25.199128,130.980984,1
-25.199128,130.980984,1
-25.199128,130.980984,1
-25.199128,130.980984,1
-25.199128,130.980984,1
-25.199128,130.980984,1
-25.199128,130.980984,1
-25.198591,130.951309,1
-25.198591,130.951309,1
-25.198587,131.481304,1
-25.197222,130.977889,1
-25.197222,130.977889,1
-25.197222,130.977889,1
-25.197222,130.977889,1
-25.197222,130.977889,1
-25.197222,130.977889,1
-25.197222,130.977889,1
-25.197222,130.977889,1
-25.197222,130.977889,1
-25.197222,130.977889,1
-25.19722,130.97789,1
-25.19722,130.97789,1
-25.19657,137.89354,1
-25.195364,130.973457,1
-25.195364,130.973457,1
-25.195364,130.973457,1
-25.195364,130.973457,1
-25.195364,130.973457,1
-25.195364,130.973457,1
-25.195364,130.973457,1
-25.195364,130.973457,1
-25.195364,130.973457,1
-25.195364,130.973457,1
-25.195364,130.973457,1
-25.195364,130.973457,1
-25.195364,130.973457,1
-25.195364,130.973457,1
-25.195364,130.973457,1
-25.195364,130.973457,1
-25.195364,130.973457,1
-25.195364,130.973457,1
-25.195364,130.973457,1
-25.195364,130.973457,1
-25.195364,130.973457,1
-25.195364,130.973457,1
-25.195364,130.973457,1
-25.195364,130.973457,1
-25.19342,130.97166,1
-25.19342,130.97166,1
-25.193417,130.971667,1
-25.193417,130.971667,1
-25.193417,130.971667,1
-25.193417,130.971667,1
-25.193417,130.971667,1
-25.193417,130.971667,1
-25.193417,130.971667,1
-25.193417,130.971667,1
-25.193417,130.971667,1
-25.192008,130.972975,1
-25.192008,130.972975,1
-25.191944,138.618889,1
-25.191944,138.618889,1
-25.190451,138.620126,1
-25.190451,138.620126,1
-25.187694,130.718181,1
-25.187693,130.718181,1
-25.187693,130.718181,1
-25.187593,130.718311,1
-25.187593,130.718311,1
-25.187593,130.718311,1
-25.187593,130.718311,1
-25.187593,130.718311,1
-25.187593,130.718311,1
-25.187593,130.718311,1
-25.187593,130.718311,1
-25.187593,130.718311,1
-25.187593,130.718311,1
-25.187593,130.718311,1
-25.187593,130.718311,1
-25.187593,130.718311,1
-25.187593,130.718311,1
-25.187593,130.718311,1
-25.187593,130.718311,1
-25.187593,130.718311,1
-25.187593,130.718311,1
-25.187593,130.718311,1
-25.187593,130.718311,1
-25.187593,130.718311,1
-25.187593,130.718311,1
-25.183333,130.866667,1
-25.183333,130.866667,1
-25.182302,135.251898,1
-25.18193,130.88464,1
-25.181922,130.884639,1
-25.178596,130.461313,1
-25.178596,130.461313,1
-25.178596,130.461313,1
-25.178596,130.461313,1
-25.178596,130.461313,1
-25.178596,130.461313,1
-25.178596,130.461313,1
-25.178596,130.461313,1
-25.178596,130.461313,1
-25.178595,130.551312,1
-25.17694,130.9625,1
-25.174983,135.245552,1
-25.171165,132.136453,1
-25.171165,132.136453,1
-25.170036,132.136662,1
-25.169984,130.688171,1
-25.169984,130.688171,1
-25.169983,130.68817,1
-25.169594,130.688311,1
-25.169594,130.688311,1
-25.169594,130.688311,1
-25.169594,130.688311,1
-25.169594,130.688311,1
-25.169594,130.688311,1
-25.169594,130.688311,1
-25.169594,130.688311,1
-25.169594,130.688311,1
-25.169594,130.688311,1
-25.169594,130.688311,1
-25.169594,130.688311,1
-25.169594,130.688311,1
-25.169594,130.688311,1
-25.169594,130.688311,1
-25.169594,130.688311,1
-25.169594,130.688311,1
-25.169594,130.688311,1
-25.169594,130.688311,1
-25.169594,130.688311,1
-25.169594,130.688311,1
-25.169594,130.688311,1
-25.1694,137.8928,1
-25.1694,137.8928,1
-25.168596,130.431313,1
-25.168596,130.431313,1
-25.168596,130.431313,1
-25.168596,130.431313,1
-25.168596,130.431313,1
-25.168596,130.431313,1
-25.168596,130.431313,1
-25.168596,130.431313,1
-25.168596,130.431313,1
-25.168596,130.431313,1
-25.168595,130.551312,1
-25.168595,130.551312,1
-25.168595,130.551312,1
-25.168595,130.551312,1
-25.168595,130.551312,1
-25.168595,130.551312,1
-25.1667,132.1,1
-25.166667,119.833333,1
-25.165261,130.984638,1
-25.165261,130.984638,1
-25.165258,130.98464,1
-25.1625,138.44444,1
-25.1625,138.44444,1
-25.161069,130.678127,1
-25.160659,133.727045,1
-25.160594,130.678311,1
-25.158595,130.551312,1
-25.158595,130.561312,1
-25.158594,130.581312,1
-25.151759,131.986957,1
-25.15,124.966667,1
-25.15,124.966667,1
-25.15,124.966667,1
-25.148586,131.584633,1
-25.143632,131.958528,1
-25.142201,131.986655,1
-25.141705,133.548298,1
-25.141667,125.958333,1
-25.140273,133.549582,1
-25.138935,133.579166,1
-25.138362,135.330446,1
-25.138362,135.330446,1
-25.138362,135.330446,1
-25.138362,135.330446,1
-25.138362,135.330446,1
-25.138362,135.330446,1
-25.138362,135.330446,1
-25.138362,135.330446,1
-25.138362,135.330446,1
-25.138362,135.330446,1
-25.138362,135.330446,1
-25.134157,132.209926,1
-25.13333,131.58333,1
-25.131925,131.584635,1
-25.131916,131.567973,1
-25.131916,131.567973,1
-25.131916,131.551303,1
-25.131916,131.584632,1
-25.131916,131.551303,1
-25.131916,131.567973,1
-25.131916,131.584632,1
-25.131915,131.617972,1
-25.131915,131.617972,1
-25.131915,131.617972,1
-25.131667,113.768056,1
-25.131667,113.768056,1
-25.131667,113.768056,1
-25.131667,113.768056,1
-25.131667,113.768056,1
-25.131667,113.768056,1
-25.131667,113.768056,1
-25.131667,113.768056,1
-25.130111,143.174444,1
-25.130111,143.174444,1
-25.130111,143.174444,1
-25.130111,143.174444,1
-25.130111,143.174444,1
-25.130111,143.174444,1
-25.130111,143.174444,1
-25.130111,143.174444,1
-25.130111,143.174444,1
-25.130111,143.174444,1
-25.130005,132.433646,1
-25.130005,132.433646,1
-25.127771,132.17354,1
-25.126111,113.822778,1
-25.125,125,1
-25.125,125,1
-25.125,125,1
-25.125,125,1
-25.122701,130.71727,1
-25.122593,130.71731,1
-25.12012,135.507519,1
-25.119444,115.426667,1
-25.119444,115.426667,1
-25.118594,130.571311,1
-25.1178,135.5139,1
-25.1178,135.5139,1
-25.1178,135.5139,1
-25.1178,135.5139,1
-25.1178,135.5139,1
-25.1178,135.5139,1
-25.115833,113.729167,1
-25.115833,113.729167,1
-25.114142,135.192518,1
-25.114142,135.192518,1
-25.114142,135.192518,1
-25.114142,135.192518,1
-25.114142,135.192518,1
-25.114142,135.192518,1
-25.114142,135.192518,1
-25.114142,135.192518,1
-25.114142,135.192518,1
-25.114142,135.192518,1
-25.114142,135.192518,1
-25.114142,135.192518,1
-25.114142,135.192518,1
-25.114142,135.192518,1
-25.114142,135.192518,1
-25.114142,135.192518,1
-25.114142,135.192518,1
-25.113581,135.42821,1
-25.108596,130.431312,1
-25.108596,130.431312,1
-25.108596,130.431312,1
-25.108596,130.431312,1
-25.108596,130.431312,1
-25.108596,130.431312,1
-25.108596,130.431312,1
-25.108596,130.431312,1
-25.108596,130.431312,1
-25.108596,130.431312,1
-25.108596,130.431312,1
-25.10549,138.20738,1
-25.105418,133.758062,1
-25.103333,118.0075,1
-25.10004,132.54993,1
-25.10004,132.54993,1
-25.1,130.233333,1
-25.1,130.233333,1
-25.1,131.58333,1
-25.1,124.983333,1
-25.1,125,1
-25.1,124.983333,1
-25.1,125,1
-25.098596,130.411312,1
-25.098596,130.411312,1
-25.098596,130.411312,1
-25.098596,130.411312,1
-25.098596,130.411312,1
-25.098596,130.411312,1
-25.098596,130.411312,1
-25.098596,130.411312,1
-25.098596,130.411312,1
-25.098596,130.411312,1
-25.098596,130.411312,1
-25.093037,135.486521,1
-25.090942,131.162911,1
-25.090942,131.162911,1
-25.090942,131.162911,1
-25.090942,131.162911,1
-25.090659,131.971946,1
-25.089055,131.160873,1
-25.089055,131.160873,1
-25.089055,131.160873,1
-25.088596,130.401312,1
-25.088333,115.38,1
-25.086353,134.36823,1
-25.086249,131.159165,1
-25.086249,131.159165,1
-25.083538,131.150103,1
-25.08259,131.149948,1
-25.08259,131.149948,1
-25.08259,131.149948,1
-25.08259,131.149948,1
-25.0821703,113.0511297,1
-25.081695,132.164563,1
-25.078587,131.351304,1
-25.078587,131.351304,1
-25.077778,113.71,1
-25.068596,130.421312,1
-25.067249,131.884398,1
-25.066667,128.733333,1
-25.066667,128.733333,1
-25.066667,128.733333,1
-25.066667,128.733333,1
-25.06455,135.369997,1
-25.06455,135.369997,1
-25.06455,135.369997,1
-25.05673,138.34682,1
-25.05644,138.34518,1
-25.05644,138.34518,1
-25.05605,138.34418,1
-25.055278,115.293889,1
-25.054507,132.156581,1
-25.05358,138.33587,1
-25.05248,138.3372,1
-25.05248,138.3372,1
-25.051535,135.42811,1
-25.051535,135.42811,1
-25.051535,135.42811,1
-25.051535,135.42811,1
-25.051535,135.42811,1
-25.051535,135.42811,1
-25.051535,135.42811,1
-25.051535,135.42811,1
-25.051535,135.42811,1
-25.051535,135.42811,1
-25.051535,135.42811,1
-25.051535,135.42811,1
-25.05,114.033333,1
-25.04711,138.33032,1
-25.04711,138.33032,1
-25.047021,135.406684,1
-25.04657,138.33115,1
-25.041971,132.155543,1
-25.041667,124.991667,1
-25.041667,124.975,1
-25.03,128.2,1
-25.03,128.3,1
-25.03,128.2,1
-25.026877,134.34103,1
-25.01667,135.6,1
-25.01667,135.6,1
-25.016388,138.47389,1
-25.016388,138.47389,1
-25.01526,130.984637,1
-25.01526,130.984637,1
-25.00801,131.86515,1
-25.00801,131.86515,1
-25.004283,132.123457,1
-25,132.58333,1
-25,132.58333,1
-25,132.58333,1
-25,132.58333,1
-25,132.58333,1
-24.999722,131.270288,1
-24.999588,131.270304,1
-24.999588,131.270304,1
-24.999588,131.270304,1
-24.998589,131.161305,1
-24.998589,131.161305,1
-24.99814,131.62516,1
-24.99814,131.62516,1
-24.996725,131.626461,1
-24.98889,131.89232,1
-24.98889,131.89232,1
-24.966694,135.412037,1
-24.949424,135.473771,1
-24.948873,131.169355,1
-24.948589,131.169304,1
-24.948589,131.169304,1
-24.946647,131.198029,1
-24.946589,131.173304,1
-24.946589,131.173304,1
-24.946588,131.198304,1
-24.946588,131.198304,1
-24.937589,131.180304,1
-24.933589,131.180304,1
-24.933372,131.179973,1
-24.9333,133.7833,1
-24.933,133.64967,1
-24.931177,133.649649,1
-24.930377,135.37951,1
-24.929744,133.65093,1
-24.926589,131.165304,1
-24.924589,131.165304,1
-24.924589,131.165304,1
-24.924564,131.16497,1
-24.922778,140.629722,1
-24.915259,131.151304,1
-24.915232,134.217945,1
-24.910415,135.454896,1
-24.9089,129.588,1
-24.907502,129.589317,1
-24.9003,128.7692,1
-24.9003,128.7692,1
-24.8914,128.7692,1
-24.8914,128.7692,1
-24.891389,128.769167,1
-24.88945,131.57479,1
-24.88945,131.57479,1
-24.88945,131.57479,1
-24.887451,132.283717,1
-24.887451,132.283717,1
-24.883406,132.27212,1
-24.883406,132.27212,1
-24.883406,132.27212,1
-24.883406,132.27212,1
-24.876157,133.826676,1
-24.876157,133.826676,1
-24.8748,131.58611,1
-24.8748,131.58611,1
-24.8748,131.58611,1
-24.87178,131.89812,1
-24.868566,133.824058,1
-24.868566,133.824058,1
-24.865236,133.817948,1
-24.865235,133.817938,1
-24.86006,131.58825,1
-24.84855,136.051248,1
-24.848547,136.051255,1
-24.848547,136.051255,1
-24.848547,136.051255,1
-24.848547,136.051255,1
-24.8333,132.25,1
-24.8333,132.25,1
-24.8333,132.25,1
-24.8333,132.25,1
-24.8333,132.25,1
-24.8333,132.25,1
-24.8333,132.25,1
-24.8333,132.25,1
-24.8333,132.25,1
-24.8333,132.25,1
-24.8333,132.25,1
-24.8333,132.25,1
-24.8333,132.25,1
-24.830071,134.039688,1
-24.82948,131.91043,1
-24.82948,131.91043,1
-24.828635,134.040964,1
-24.7825,128.7789,1
-24.7825,128.778889,1
-24.766667,143.066667,1
-24.766667,143.066667,1
-24.766667,143.066667,1
-24.766667,143.066667,1
-24.75,117.366667,1
-24.75,117.366667,1
-24.75,117.366667,1
-24.75,117.366667,1
-24.75,117.366667,1
-24.75,117.366667,1
-24.75,117.366667,1
-24.748547,136.001248,1
-24.748547,136.001255,1
-24.748547,136.001255,1
-24.744444,117.100833,1
-24.744444,117.100833,1
-24.744444,117.100833,1
-24.744444,117.100833,1
-24.7402,137.71375,1
-24.73189,135.767923,1
-24.731879,135.767927,1
-24.731879,135.767927,1
-24.718572,133.071284,1
-24.716667,116.25,1
-24.707222,128.760278,1
-24.707222,128.760278,1
-24.7072,128.7603,1
-24.7072,128.7603,1
-24.693611,128.762778,1
-24.6936,128.7628,1
-24.6936,128.7628,1
-24.6936,128.7628,1
-24.6936,128.7628,1
-24.6936,128.7628,1
-24.6936,128.7628,1
-24.684495,132.321295,1
-24.684495,132.321295,1
-24.682558,134.734267,1
-24.681899,134.7346,1
-24.66667,132.25,1
-24.66667,132.25,1
-24.66667,132.25,1
-24.66667,132.25,1
-24.66667,132.25,1
-24.66667,132.25,1
-24.638073,134.071383,1
-24.634516,132.750818,1
-24.633938,132.776684,1
-24.633938,132.776684,1
-24.633938,132.776684,1
-24.633938,132.776684,1
-24.633938,132.776684,1
-24.633938,132.776684,1
-24.633938,132.776684,1
-24.633938,132.776684,1
-24.633938,132.776684,1
-24.633938,132.776684,1
-24.633938,132.776684,1
-24.633938,132.776684,1
-24.633938,132.776684,1
-24.6333,132.2833,1
-24.631902,133.651272,1
-24.631897,133.651278,1
-24.631897,133.651278,1
-24.631897,133.651278,1
-24.631897,133.651278,1
-24.628611,128.755556,1
-24.628611,128.755556,1
-24.628611,128.755556,1
-24.628611,128.755556,1
-24.6286,128.7556,1
-24.6286,128.7556,1
-24.620809,133.239698,1
-24.620809,133.239698,1
-24.620809,133.239698,1
-24.620809,133.239698,1
-24.620809,133.239698,1
-24.620809,133.239698,1
-24.620809,133.239698,1
-24.620809,133.239698,1
-24.620809,133.239698,1
-24.620809,133.239698,1
-24.620809,133.239698,1
-24.620809,133.239698,1
-24.620809,133.239698,1
-24.620809,133.239698,1
-24.620451,132.294834,1
-24.620451,132.294834,1
-24.612619,132.785671,1
-24.60839,133.517943,1
-24.606957,133.519222,1
-24.603889,121.968611,1
-24.603889,121.873056,1
-24.6,131.16667,1
-24.6,131.5,1
-24.598558,134.661267,1
-24.598558,134.661267,1
-24.598558,134.661267,1
-24.596228,133.505276,1
-24.5925,120.263056,1
-24.589167,120.263056,1
-24.580339,133.455575,1
-24.580339,133.455575,1
-24.580339,133.455575,1
-24.580339,133.455575,1
-24.580339,133.455575,1
-24.580339,133.455575,1
-24.580339,133.455575,1
-24.580339,133.455575,1
-24.580339,133.455575,1
-24.580339,133.455575,1
-24.580339,133.455575,1
-24.576348,133.502875,1
-24.575107,132.827692,1
-24.575107,132.827692,1
-24.575107,132.827692,1
-24.575107,132.827692,1
-24.575107,132.827692,1
-24.575107,132.827692,1
-24.575107,132.827692,1
-24.575107,132.827692,1
-24.575,120.307778,1
-24.575,120.307778,1
-24.575,120.307778,1
-24.572174,133.578476,1
-24.572174,133.578476,1
-24.572174,133.578476,1
-24.572174,133.578476,1
-24.572174,133.578476,1
-24.572174,133.578476,1
-24.572174,133.578476,1
-24.572174,133.578476,1
-24.572174,133.578476,1
-24.572174,133.578476,1
-24.572174,133.578476,1
-24.572174,133.578476,1
-24.572174,133.578476,1
-24.568588,131.101301,1
-24.56833,133.5035,1
-24.567778,126.236667,1
-24.567778,126.236667,1
-24.566667,126.416667,1
-24.566215,133.504487,1
-24.565219,135.751256,1
-24.565219,135.751256,1
-24.565219,135.751256,1
-24.565219,135.751256,1
-24.565217,135.751253,1
-24.5594,128.7097,1
-24.5594,128.7097,1
-24.559129,133.437219,1
-24.558588,131.111301,1
-24.558588,131.101301,1
-24.558588,131.101301,1
-24.558588,131.101301,1
-24.557778,121.895278,1
-24.553155,133.536108,1
-24.553155,133.536108,1
-24.553155,133.536108,1
-24.553155,133.536108,1
-24.553155,133.536108,1
-24.553155,133.536108,1
-24.553155,133.536108,1
-24.553155,133.536108,1
-24.553155,133.536108,1
-24.553155,133.536108,1
-24.553155,133.536108,1
-24.553155,133.536108,1
-24.553155,133.536108,1
-24.551389,114.958889,1
-24.551389,114.958889,1
-24.551389,114.958889,1
-24.55,130.63333,1
-24.55,130.63333,1
-24.55,130.63333,1
-24.55,130.63333,1
-24.55,130.63333,1
-24.55,130.63333,1
-24.55,130.63333,1
-24.55,130.63333,1
-24.55,130.63333,1
-24.55,130.63333,1
-24.55,130.63333,1
-24.548588,131.091301,1
-24.548588,131.091301,1
-24.540737,132.893476,1
-24.540737,132.893476,1
-24.540737,132.893476,1
-24.540737,132.893476,1
-24.540737,132.893476,1
-24.540737,132.893476,1
-24.540737,132.893476,1
-24.540737,132.893476,1
-24.540737,132.893476,1
-24.540737,132.893476,1
-24.540737,132.893476,1
-24.540737,132.893476,1
-24.540737,132.893476,1
-24.535428,132.728612,1
-24.534444,126.236667,1
-24.534003,132.729898,1
-24.531944,120.291111,1
-24.531944,120.291111,1
-24.531944,120.291111,1
-24.531944,120.291111,1
-24.531944,120.291111,1
-24.529167,120.295556,1
-24.529167,120.295556,1
-24.529167,120.295556,1
-24.525833,124.837222,1
-24.52413,133.898017,1
-24.523056,114.965556,1
-24.518568,133.491278,1
-24.517222,126.217778,1
-24.517222,126.217778,1
-24.517222,126.217778,1
-24.517222,126.217778,1
-24.517222,126.217778,1
-24.517222,126.217778,1
-24.517222,126.217778,1
-24.516944,126.212778,1
-24.516944,126.212778,1
-24.516944,126.212778,1
-24.516944,126.212778,1
-24.516944,126.212778,1
-24.516667,113.8,1
-24.511389,114.636944,1
-24.51,133.83833,1
-24.509167,120.308333,1
-24.508548,133.839626,1
-24.508547,136.031252,1
-24.508547,136.031252,1
-24.501111,115.0175,1
-24.500766,133.502742,1
-24.500766,133.502742,1
-24.500766,133.502742,1
-24.500766,133.502742,1
-24.500766,133.502742,1
-24.500766,133.502742,1
-24.500766,133.502742,1
-24.500766,133.502742,1
-24.500766,133.502742,1
-24.500766,133.502742,1
-24.500766,133.502742,1
-24.500766,133.502742,1
-24.500766,133.502742,1
-24.500766,133.502742,1
-24.50068,133.866641,1
-24.5,135.9333,1
-24.5,135.9333,1
-24.493333,115.030833,1
-24.484321,133.428476,1
-24.481888,135.534589,1
-24.481881,135.534587,1
-24.481881,135.534587,1
-24.481881,135.534587,1
-24.481881,135.534587,1
-24.46667,131.3,1
-24.4645,133.34867,1
-24.46385,133.840036,1
-24.462803,133.348733,1
-24.461371,133.350012,1
-24.455278,120.455833,1
-24.448547,136.001252,1
-24.44799,132.07685,1
-24.443333,114.511944,1
-24.438551,135.461257,1
-24.41667,134.86667,1
-24.41667,134.86667,1
-24.41667,134.86667,1
-24.416667,115.083333,1
-24.4166,138.32561,1
-24.415228,134.867925,1
-24.415226,134.867933,1
-24.415226,134.867933,1
-24.413611,113.706667,1
-24.413611,113.663056,1
-24.413611,113.663056,1
-24.413611,113.763611,1
-24.413611,113.675,1
-24.413611,113.763333,1
-24.413333,113.706667,1
-24.41224,138.32311,1
-24.41139,138.32387,1
-24.41139,138.32387,1
-24.410669,130.766665,1
-24.410591,130.766302,1
-24.40856,134.441268,1
-24.407222,114.473333,1
-24.406984,132.74316,1
-24.406944,114.473056,1
-24.406851,131.802043,1
-24.405558,132.744444,1
-24.405556,114.444444,1
-24.403918,132.857308,1
-24.400107,132.752953,1
-24.4,136.1,1
-24.398681,132.754237,1
-24.398546,136.101244,1
-24.39826,138.31718,1
-24.39826,138.31718,1
-24.39793,138.31869,1
-24.3892,131.6872,1
-24.383333,132.41667,1
-24.38333,132.41667,1
-24.378568,133.391278,1
-24.378568,133.391278,1
-24.36667,131.65,1
-24.366667,131.75,1
-24.366667,131.75,1
-24.366667,131.75,1
-24.366667,131.75,1
-24.366667,125.133333,1
-24.366667,125.133333,1
-24.366667,125.133333,1
-24.366667,125.133333,1
-24.366667,125.133333,1
-24.366667,125.133333,1
-24.366667,125.133333,1
-24.366667,125.133333,1
-24.366667,125.133333,1
-24.366183,131.706993,1
-24.3658,131.7523,1
-24.3653,131.7522,1
-24.365258,131.651286,1
-24.365253,131.651294,1
-24.365253,131.651294,1
-24.365253,131.651294,1
-24.365253,131.651294,1
-24.365212,136.617904,1
-24.365212,136.617914,1
-24.365212,136.617914,1
-24.365083,131.704493,1
-24.365083,131.704493,1
-24.365,131.7522,1
-24.3648,131.7522,1
-24.3645,131.7521,1
-24.3643,131.7526,1
-24.3643,131.7521,1
-24.3634,131.7511,1
-24.3622,131.7523,1
-24.361783,131.705193,1
-24.360283,131.694293,1
-24.359683,131.695293,1
-24.3595,131.752,1
-24.358283,131.706693,1
-24.35146,131.68154,1
-24.3513,131.6822,1
-24.3512,131.6823,1
-24.3511,131.6821,1
-24.3509,131.6823,1
-24.3502,131.6823,1
-24.3502,131.6824,1
-24.35,133.2,1
-24.35,131.6824,1
-24.35,131.66667,1
-24.349942,133.659591,1
-24.3498,131.6823,1
-24.349,131.6822,1
-24.3489,131.6824,1
-24.348082,133.654515,1
-24.3478,131.6822,1
-24.346937,133.649736,1
-24.3469,131.6828,1
-24.3469,131.6827,1
-24.3469,131.6827,1
-24.346845,133.649451,1
-24.3468,131.6829,1
-24.34611,132.75194,1
-24.3459,131.683,1
-24.3458,131.6829,1
-24.345755,134.045681,1
-24.3454,131.682,1
-24.344708,133.654984,1
-24.34466,133.649485,1
-24.344376,133.655135,1
-24.344318,134.046952,1
-24.344018,131.679126,1
-24.343951,133.65509,1
-24.343583,131.679293,1
-24.343583,131.679293,1
-24.343583,131.679293,1
-24.343583,131.679293,1
-24.343332,133.647389,1
-24.342583,131.681293,1
-24.342583,131.681293,1
-24.342583,131.681293,1
-24.342583,131.681293,1
-24.342564,133.655558,1
-24.341994,133.656452,1
-24.34195,133.65656,1
-24.341941,133.65656,1
-24.341888,133.65663,1
-24.341437,133.659789,1
-24.341274,133.658706,1
-24.341,132.75117,1
-24.340506,133.658215,1
-24.340506,133.658215,1
-24.340506,133.658215,1
-24.338551,135.451256,1
-24.338551,135.451256,1
-24.338333,133.674497,1
-24.338333,133.674497,1
-24.338333,133.674497,1
-24.337951,133.659707,1
-24.337583,131.681293,1
-24.337583,131.681293,1
-24.337583,131.681293,1
-24.337583,131.681293,1
-24.337583,131.681293,1
-24.337583,131.681293,1
-24.337583,131.681293,1
-24.337583,131.681293,1
-24.337583,131.681293,1
-24.337583,131.681293,1
-24.337443,133.659506,1
-24.33625,133.669689,1
-24.33625,133.669689,1
-24.33625,133.669689,1
-24.335568,133.666,1
-24.335279,133.666072,1
-24.335279,133.666013,1
-24.334911,133.63577,1
-24.334891,133.662992,1
-24.334583,131.632294,1
-24.334567,133.662108,1
-24.334551,133.664326,1
-24.334377,133.664052,1
-24.333583,131.681293,1
-24.333333,116.833333,1
-24.33333,131.66667,1
-24.33333,131.66667,1
-24.33333,131.66667,1
-24.33333,131.66667,1
-24.33333,131.66667,1
-24.33333,131.66667,1
-24.331903,133.334605,1
-24.331899,133.334608,1
-24.330826,131.50142,1
-24.328584,131.501295,1
-24.326566,133.639275,1
-24.326566,133.639275,1
-24.326316,133.639142,1
-24.323562,133.627003,1
-24.323562,133.627003,1
-24.323562,133.626993,1
-24.315258,131.61796,1
-24.315253,131.617964,1
-24.315253,131.617964,1
-24.315236,133.634605,1
-24.315236,133.634605,1
-24.315232,134.1346,1
-24.31523,134.134594,1
-24.31523,135.017927,1
-24.315225,135.017931,1
-24.315225,135.017931,1
-24.314347,131.600838,1
-24.314347,131.600838,1
-24.310632,131.591521,1
-24.309057,131.584462,1
-24.3081,131.5209,1
-24.3057,131.5331,1
-24.305281,131.578202,1
-24.305281,131.578202,1
-24.3046,131.5338,1
-24.3,131.61667,1
-24.3,134.05,1
-24.3,131.61667,1
-24.3,131.58333,1
-24.3,131.6,1
-24.291584,131.546294,1
-24.2909,131.5417,1
-24.289384,131.549394,1
-24.2892,131.5429,1
-24.2892,131.5429,1
-24.2892,131.5429,1
-24.2891,131.5405,1
-24.2891,131.5405,1
-24.2888,131.5408,1
-24.2888,131.5408,1
-24.288784,131.549394,1
-24.2886,131.541,1
-24.288552,135.321257,1
-24.288552,135.321257,1
-24.286284,131.548594,1
-24.285557,134.735263,1
-24.285221,134.735214,1
-24.283333,131.6,1
-24.28333,131.58333,1
-24.28333,131.58333,1
-24.28333,134.73333,1
-24.281875,136.967904,1
-24.281869,136.96791,1
-24.281869,136.96791,1
-24.2798,131.5658,1
-24.271313,132.906464,1
-24.268557,134.741263,1
-24.268557,134.731263,1
-24.268557,134.741263,1
-24.268557,134.731263,1
-24.268557,134.731263,1
-24.268557,134.741263,1
-24.2659,131.5509,1
-24.2659,131.5509,1
-24.265254,131.567964,1
-24.264414,131.529074,1
-24.264414,131.529074,1
-24.264414,131.529074,1
-24.264292,132.754196,1
-24.26222,132.63361,1
-24.2592,131.5544,1
-24.2592,131.5544,1
-24.2587,131.554,1
-24.2584,131.5535,1
-24.257858,132.741577,1
-24.25733,132.6335,1
-24.2571,131.5463,1
-24.2571,131.5519,1
-24.2566,131.5494,1
-24.2565,131.5483,1
-24.251802,132.750201,1
-24.251763,132.750606,1
-24.251761,132.750448,1
-24.251348,132.750593,1
-24.250677,132.751619,1
-24.250368,132.751516,1
-24.25,131.56667,1
-24.25,131.56667,1
-24.25,132.75,1
-24.25,139.85,1
-24.25,139.85,1
-24.2499,131.5734,1
-24.2499,131.5734,1
-24.2499,131.5734,1
-24.248559,134.521265,1
-24.248559,134.521265,1
-24.244722,113.535278,1
-24.244722,113.535278,1
-24.244722,113.535278,1
-24.238593,130.451303,1
-24.238546,136.061249,1
-24.233583,131.581293,1
-24.224167,113.461389,1
-24.223889,113.461389,1
-24.223889,113.461389,1
-24.223889,113.461389,1
-24.223889,113.461389,1
-24.223056,113.491389,1
-24.223056,113.491389,1
-24.222778,113.503333,1
-24.222778,113.503333,1
-24.222778,113.503333,1
-24.218585,131.391295,1
-24.218585,131.391295,1
-24.218585,131.391295,1
-24.218544,136.371245,1
-24.198585,131.401294,1
-24.198585,131.401294,1
-24.198585,131.401294,1
-24.198585,131.401294,1
-24.198585,131.401294,1
-24.198585,131.401294,1
-24.198585,131.401294,1
-24.198585,131.401294,1
-24.198585,131.401294,1
-24.198585,131.401294,1
-24.198585,131.401294,1
-24.198585,131.401294,1
-24.198585,131.401294,1
-24.198585,131.401294,1
-24.198585,131.401294,1
-24.19857,133.201278,1
-24.198545,136.6179,1
-24.198545,136.6179,1
-24.198541,136.617913,1
-24.198541,136.617913,1
-24.198474,143.201166,1
-24.193056,113.455278,1
-24.193056,113.455278,1
-24.193056,113.455278,1
-24.193056,113.455278,1
-24.188585,131.371295,1
-24.188562,134.081269,1
-24.188555,135.01126,1
-24.1858,131.4845,1
-24.1846,131.4815,1
-24.1846,131.4811,1
-24.1845,131.4844,1
-24.1839,131.4843,1
-24.1839,131.4826,1
-24.18333,134.05,1
-24.18333,134.05,1
-24.1833,131.4843,1
-24.1829,131.4819,1
-24.181902,134.051264,1
-24.1809,131.4827,1
-24.168542,136.581243,1
-24.16522,135.98458,1
-24.165217,135.984579,1
-24.165217,135.984579,1
-24.148545,136.701237,1
-24.148541,136.701241,1
-24.148541,136.701241,1
-24.148541,136.701241,1
-24.148541,136.701241,1
-24.138611,113.446111,1
-24.138611,113.446111,1
-24.138611,113.446111,1
-24.138611,113.446111,1
-24.135296,133.30645,1
-24.124335,140.527758,1
-24.120992,133.305527,1
-24.119167,143.191667,1
-24.118543,136.371244,1
-24.118543,136.371244,1
-24.11667,136.86667,1
-24.11667,136.86667,1
-24.116667,143.183333,1
-24.116667,143.183333,1
-24.116667,143.183333,1
-24.116667,143.183333,1
-24.116667,143.183333,1
-24.116667,143.183333,1
-24.116667,143.183333,1
-24.116667,143.183333,1
-24.116667,143.183333,1
-24.116415,140.624446,1
-24.115209,136.867909,1
-24.115209,136.867909,1
-24.111389,120.319444,1
-24.111389,120.319444,1
-24.111389,120.319444,1
-24.111389,120.319444,1
-24.111389,120.319444,1
-24.111389,120.319444,1
-24.111389,120.319444,1
-24.110556,143.288333,1
-24.110556,143.288333,1
-24.110556,143.288333,1
-24.110556,143.288333,1
-24.108563,134.031269,1
-24.104722,120.325,1
-24.104722,120.325,1
-24.104722,120.325,1
-24.104722,120.325,1
-24.104722,120.325,1
-24.104722,120.325,1
-24.104722,120.325,1
-24.104722,120.325,1
-24.103698,133.793406,1
-24.102262,133.794677,1
-24.10175,138.20586,1
-24.0988,138.20427,1
-24.0988,138.20427,1
-24.0988,138.20427,1
-24.09855,135.591253,1
-24.098227,133.260314,1
-24.0949,138.20257,1
-24.0949,138.20257,1
-24.0949,138.20257,1
-24.09032,138.2011,1
-24.088543,136.421244,1
-24.088543,136.421244,1
-24.0861,138.199,1
-24.082351,132.848224,1
-24.082218,132.848403,1
-24.08207,133.283222,1
-24.079444,120.3375,1
-24.079444,120.3375,1
-24.079444,120.3375,1
-24.077302,132.833982,1
-24.076025,133.794216,1
-24.075942,133.596163,1
-24.0758,143.19,1
-24.075599,132.834207,1
-24.075278,120.360556,1
-24.075278,120.360556,1
-24.075278,120.360556,1
-24.075278,120.360556,1
-24.075278,120.360556,1
-24.075278,120.360556,1
-24.075278,120.360556,1
-24.075278,120.360556,1
-24.075278,120.360556,1
-24.075278,120.360556,1
-24.075278,120.360556,1
-24.075278,120.360556,1
-24.075278,120.360556,1
-24.075278,120.360556,1
-24.075278,120.360556,1
-24.075278,120.360556,1
-24.075278,120.360556,1
-24.074589,133.795486,1
-24.074509,133.597435,1
-24.072307,133.60649,1
-24.070874,133.607762,1
-24.069229,133.989312,1
-24.068542,136.521242,1
-24.068542,136.521242,1
-24.067904,132.632356,1
-24.067792,133.990581,1
-24.0667,132.2667,1
-24.06667,137.23333,1
-24.065211,137.234568,1
-24.065206,137.234564,1
-24.065206,137.234564,1
-24.057601,133.305171,1
-24.057566,133.302005,1
-24.053611,120.406667,1
-24.053611,120.406667,1
-24.053611,120.406667,1
-24.05,139.066667,1
-24.05,139.066667,1
-24.05,139.066667,1
-24.049276,133.7954,1
-24.04784,133.79667,1
-24.044082,133.638005,1
-24.042648,133.639277,1
-24.038537,137.141235,1
-24.038537,137.141235,1
-24.033333,115.7,1
-24.031917,131.067966,1
-24.031917,131.067966,1
-24.031903,133.584605,1
-24.031898,133.984598,1
-24.031893,133.984598,1
-24.018568,133.351274,1
-24.018568,133.401274,1
-24.018566,133.591272,1
-24.008553,135.221256,1
-24.008553,135.221256,1
-24.008553,135.221256,1
-24.00033,133.00583,1
-24,133.43333,1
-24,133.9,1
-23.998567,133.901261,1
-23.995108,132.348889,1
-23.995108,132.348889,1
-23.995108,132.348889,1
-23.98333,132.35,1
-23.971361,138.143139,1
-23.96667,133.23333,1
-23.965239,133.234605,1
-23.965233,133.934598,1
-23.965233,133.934598,1
-23.965233,133.934595,1
-23.965233,133.934598,1
-23.9598,131.30923,1
-23.95417,131.31778,1
-23.95,132.76666,1
-23.95,132.76666,1
-23.95,132.76666,1
-23.95,132.76666,1
-23.95,132.78,1
-23.948552,136.451241,1
-23.948543,136.451242,1
-23.948543,136.451242,1
-23.948543,136.451242,1
-23.948543,136.451242,1
-23.93681,132.78918,1
-23.93681,132.78918,1
-23.933333,138.783333,1
-23.933333,138.783333,1
-23.933333,138.783333,1
-23.933333,138.783333,1
-23.933333,138.783333,1
-23.933333,138.783333,1
-23.93333,131.4,1
-23.923333,120.521667,1
-23.923333,120.521667,1
-23.923333,120.364722,1
-23.923333,120.521667,1
-23.923333,120.521667,1
-23.923333,120.521667,1
-23.923333,120.521667,1
-23.923333,120.521667,1
-23.916039,133.967489,1
-23.915207,137.267891,1
-23.915206,137.267903,1
-23.915206,137.267903,1
-23.915206,137.267903,1
-23.915206,137.267903,1
-23.914602,133.968757,1
-23.91369,133.971438,1
-23.912253,133.972705,1
-23.900208,133.88355,1
-23.898771,133.884818,1
-23.897778,120.604167,1
-23.897778,120.604167,1
-23.897778,120.604167,1
-23.897778,120.604167,1
-23.897778,120.604167,1
-23.89531,133.886853,1
-23.893873,133.888121,1
-23.888333,120.521667,1
-23.888333,120.521667,1
-23.888333,120.521667,1
-23.888333,120.521667,1
-23.888333,120.521667,1
-23.888333,120.521667,1
-23.888333,120.521667,1
-23.8825,120.6425,1
-23.8825,120.6425,1
-23.879444,120.503333,1
-23.879444,120.503333,1
-23.879444,120.503333,1
-23.879444,120.503333,1
-23.879444,120.503333,1
-23.879444,120.503333,1
-23.879444,120.503333,1
-23.87875,138.49245,1
-23.86667,135.7,1
-23.866667,115.15,1
-23.866667,115.15,1
-23.866583,131.56429,1
-23.865224,135.701246,1
-23.865223,135.801243,1
-23.865219,135.701249,1
-23.865219,135.701249,1
-23.865218,135.801248,1
-23.865218,135.801248,1
-23.857583,131.574289,1
-23.843585,131.308292,1
-23.83333,132.28333,1
-23.83333,133.66667,1
-23.83333,133.66667,1
-23.831919,131.317952,1
-23.831915,131.317962,1
-23.83191,132.284607,1
-23.831844,138.451216,1
-23.819524,133.832487,1
-23.818088,133.833755,1
-23.816512,133.760226,1
-23.812225,133.790078,1
-23.811963,133.790081,1
-23.80952,133.789514,1
-23.809394,133.779048,1
-23.800577,132.273283,1
-23.800577,132.273283,1
-23.8,132.31667,1
-23.8,132.31667,1
-23.8,132.31667,1
-23.8,132.31667,1
-23.8,132.31667,1
-23.8,132.31667,1
-23.798585,132.317946,1
-23.798576,132.317952,1
-23.798543,137.267891,1
-23.798536,137.267902,1
-23.798536,137.267902,1
-23.791577,132.283282,1
-23.791577,132.283282,1
-23.78843,133.0771,1
-23.78333,137.2,1
-23.78333,137.2,1
-23.78333,137.2,1
-23.781906,132.367951,1
-23.781906,132.384611,1
-23.781906,132.384611,1
-23.781906,132.367951,1
-23.781877,137.201226,1
-23.781867,137.201232,1
-23.781867,137.201232,1
-23.774576,132.322282,1
-23.774576,132.322282,1
-23.769581,141.146283,1
-23.768579,131.993285,1
-23.765171,138.467895,1
-23.763333,141.140667,1
-23.76058,131.944285,1
-23.760579,131.954285,1
-23.757587,131.097293,1
-23.756939,125.078027,1
-23.756587,131.078293,1
-23.752778,122.530556,1
-23.75204,138.47441,1
-23.73739,138.46802,1
-23.73739,138.46802,1
-23.733334,138.46666,1
-23.733334,138.46666,1
-23.733334,138.46666,1
-23.733334,138.46666,1
-23.733334,138.46666,1
-23.733334,138.46666,1
-23.733334,138.46666,1
-23.733334,138.46666,1
-23.733334,138.46666,1
-23.733334,138.46666,1
-23.733334,138.46666,1
-23.733334,138.46666,1
-23.733334,138.46666,1
-23.7303,131.2153,1
-23.7303,131.2153,1
-23.728561,134.131264,1
-23.72658,131.836286,1
-23.72658,131.836286,1
-23.721164,133.73259,1
-23.718581,131.806286,1
-23.718581,131.806286,1
-23.71758,131.835286,1
-23.71758,131.835286,1
-23.71758,131.826286,1
-23.71758,131.826286,1
-23.716667,138.43333,1
-23.716667,138.43333,1
-23.716667,138.43333,1
-23.716667,138.43333,1
-23.716667,138.43333,1
-23.711371,133.532805,1
-23.711371,133.532805,1
-23.710581,131.747286,1
-23.710126,131.747368,1
-23.709601,131.776764,1
-23.709581,131.786286,1
-23.709581,131.757286,1
-23.709581,131.776286,1
-23.709581,131.776286,1
-23.709581,131.786286,1
-23.709425,131.786562,1
-23.7069302,141.6259175,1
-23.706667,141.906667,1
-23.706667,141.906667,1
-23.706667,141.906667,1
-23.703333,141.906667,1
-23.702582,131.678287,1
-23.702582,131.678287,1
-23.702582,131.639287,1
-23.702307,131.678592,1
-23.7,129.033333,1
-23.7,129.033333,1
-23.7,129.033333,1
-23.7,129.033333,1
-23.7,129.033333,1
-23.7,129.033333,1
-23.7,129.033333,1
-23.7,129.033333,1
-23.7,129.033333,1
-23.7,129.033333,1
-23.7,129.033333,1
-23.7,129.033333,1
-23.7,129.033333,1
-23.7,129.033333,1
-23.7,129.033333,1
-23.7,129.033333,1
-23.7,129.033333,1
-23.7,129.033333,1
-23.7,129.033333,1
-23.7,129.033333,1
-23.7,129.033333,1
-23.7,129.033333,1
-23.7,129.033333,1
-23.7,129.033333,1
-23.7,129.033333,1
-23.7,129.033333,1
-23.7,133.8667,1
-23.7,133.8667,1
-23.7,133.8667,1
-23.7,133.866667,1
-23.7,133.866667,1
-23.7,133.866667,1
-23.7,133.866667,1
-23.7,133.866667,1
-23.7,133.866667,1
-23.7,138.366667,1
-23.7,132.5,1
-23.699749,132.75203,1
-23.698603,129.101309,1
-23.683333,138.45,1
-23.68333,133.71667,1
-23.6833,133.7167,1
-23.6755,133.71767,1
-23.6755,133.71767,1
-23.6755,133.71767,1
-23.6755,133.71767,1
-23.673565,133.719268,1
-23.660505,133.704328,1
-23.659847,132.648791,1
-23.659847,132.648791,1
-23.633114,132.729731,1
-23.633114,132.729731,1
-23.633114,132.729731,1
-23.63059,132.723209,1
-23.621632,132.797386,1
-23.598537,137.101232,1
-23.598537,137.101232,1
-23.583333,129.316667,1
-23.583333,129.316667,1
-23.583333,129.316667,1
-23.583333,129.316667,1
-23.583333,129.316667,1
-23.583333,129.316667,1
-23.578566,133.561268,1
-23.578566,133.561268,1
-23.578566,133.561268,1
-23.576194,138.708583,1
-23.568544,136.27124,1
-23.568544,136.27124,1
-23.566667,125.2,1
-23.564684,132.514338,1
-23.548537,137.16123,1
-23.548537,137.16123,1
-23.54743,133.4336,1
-23.54,140.151111,1
-23.535556,120.326111,1
-23.535,116.584444,1
-23.53333,134.86667,1
-23.53333,134.86667,1
-23.533056,116.618056,1
-23.533056,116.618056,1
-23.533056,116.599444,1
-23.533056,116.618056,1
-23.533056,116.599444,1
-23.531889,134.867921,1
-23.520565,133.651267,1
-23.520565,133.651267,1
-23.520565,133.651267,1
-23.520565,133.651267,1
-23.520565,133.651267,1
-23.520565,133.651267,1
-23.520565,133.651267,1
-23.520565,133.651267,1
-23.518551,135.421249,1
-23.51855,135.481248,1
-23.5167,133.2667,1
-23.51667,133.26667,1
-23.512566,133.594267,1
-23.512566,133.594267,1
-23.512566,133.594267,1
-23.512566,133.594267,1
-23.512566,133.594267,1
-23.512566,133.594267,1
-23.5111,133.33103,1
-23.498611,120.291111,1
-23.498585,131.191289,1
-23.498577,132.171281,1
-23.481897,133.467938,1
-23.48,120.2,1
-23.478577,132.19128,1
-23.478537,137.16123,1
-23.471111,120.215,1
-23.471111,120.215,1
-23.468537,137.12123,1
-23.468537,137.12123,1
-23.468537,137.12123,1
-23.465241,132.951273,1
-23.458333,120.155833,1
-23.452568,133.28527,1
-23.452568,133.28527,1
-23.45,144.283333,1
-23.448586,131.04129,1
-23.448509,138.601211,1
-23.446566,133.554267,1
-23.446566,133.554267,1
-23.446566,133.554267,1
-23.446566,133.554267,1
-23.446566,133.554267,1
-23.446566,133.554267,1
-23.446566,133.554267,1
-23.446566,133.554267,1
-23.433333,138.666667,1
-23.426222,138.673472,1
-23.42267,131.469,1
-23.42233,131.46983,1
-23.418889,117.841944,1
-23.418583,131.441286,1
-23.418583,131.471286,1
-23.418583,131.461286,1
-23.418583,131.401287,1
-23.4167,132.2333,1
-23.4114,115.8942,1
-23.4114,115.8942,1
-23.4114,115.8942,1
-23.4114,115.8942,1
-23.4114,115.8942,1
-23.4114,115.8942,1
-23.4114,115.8942,1
-23.411389,115.894167,1
-23.411389,115.894167,1
-23.411389,115.894167,1
-23.411389,115.894167,1
-23.411389,115.894167,1
-23.411389,115.894167,1
-23.411389,115.894167,1
-23.411389,115.894167,1
-23.411389,115.894167,1
-23.403056,119.651111,1
-23.391667,120.5225,1
-23.391667,120.5225,1
-23.391667,120.5225,1
-23.386944,120.146389,1
-23.381667,119.625278,1
-23.381667,119.625278,1
-23.381389,120.251944,1
-23.381389,120.251944,1
-23.375833,117.989722,1
-23.375833,117.989722,1
-23.375833,117.989722,1
-23.374167,120.201111,1
-23.3725,120.458056,1
-23.372222,120.143333,1
-23.366667,129.433333,1
-23.366667,129.433333,1
-23.366667,129.433333,1
-23.366667,129.433333,1
-23.366667,129.433333,1
-23.366667,129.433333,1
-23.366667,129.433333,1
-23.366667,129.433333,1
-23.366667,129.433333,1
-23.366667,129.433333,1
-23.366667,129.433333,1
-23.366667,129.433333,1
-23.366667,129.433333,1
-23.366667,129.433333,1
-23.366667,129.433333,1
-23.366667,129.433333,1
-23.366667,129.433333,1
-23.366667,129.433333,1
-23.366667,129.433333,1
-23.366667,129.433333,1
-23.366667,129.433333,1
-23.366667,129.433333,1
-23.366667,129.433333,1
-23.366667,129.433333,1
-23.366667,129.433333,1
-23.366667,129.433333,1
-23.366667,129.433333,1
-23.366667,119.683333,1
-23.364444,117.625278,1
-23.364444,120.345278,1
-23.364444,117.625278,1
-23.364444,120.345278,1
-23.364444,117.625278,1
-23.364444,117.625278,1
-23.363889,120.295278,1
-23.363889,120.295278,1
-23.363889,120.295278,1
-23.363889,120.295278,1
-23.359444,117.684722,1
-23.359444,117.684722,1
-23.358611,120.459167,1
-23.35,133.06667,1
-23.35,133.06667,1
-23.341667,117.829167,1
-23.3375,119.696667,1
-23.3375,119.696667,1
-23.334444,117.875833,1
-23.333333,119.566667,1
-23.333333,119.566667,1
-23.333333,119.566667,1
-23.333333,119.566667,1
-23.3333,119.5667,1
-23.3333,119.5667,1
-23.3333,119.5667,1
-23.3333,119.5667,1
-23.319444,119.6875,1
-23.319444,119.953333,1
-23.318558,134.521256,1
-23.316667,120.033333,1
-23.316667,120.033333,1
-23.315278,119.806389,1
-23.311944,119.795556,1
-23.310833,119.8225,1
-23.310833,119.8225,1
-23.309722,119.756944,1
-23.309722,119.756944,1
-23.309722,119.756944,1
-23.309722,119.756944,1
-23.306944,119.755,1
-23.306944,119.876667,1
-23.306667,119.849722,1
-23.3,131.37,1
-23.2953,140.59811,1
-23.2925,118.156389,1
-23.286389,118.123611,1
-23.286389,118.123611,1
-23.283889,118.101667,1
-23.283333,130.35,1
-23.283333,130.35,1
-23.283333,130.35,1
-23.283333,130.35,1
-23.283333,130.35,1
-23.283333,130.35,1
-23.283333,130.35,1
-23.283333,130.35,1
-23.283333,130.35,1
-23.283333,130.35,1
-23.283333,130.35,1
-23.283333,130.35,1
-23.283333,130.35,1
-23.283333,130.35,1
-23.283333,130.35,1
-23.283333,130.35,1
-23.283333,130.35,1
-23.283333,130.35,1
-23.283333,130.35,1
-23.283333,130.35,1
-23.283333,130.35,1
-23.283333,130.35,1
-23.283333,130.35,1
-23.283333,130.35,1
-23.283333,130.35,1
-23.283333,130.35,1
-23.283333,130.35,1
-23.283333,130.35,1
-23.283333,130.35,1
-23.283333,130.35,1
-23.283333,130.35,1
-23.283333,130.35,1
-23.283333,130.35,1
-23.283333,130.35,1
-23.283333,130.35,1
-23.283333,130.35,1
-23.283333,130.35,1
-23.283333,130.35,1
-23.283333,130.35,1
-23.283333,130.35,1
-23.283333,130.35,1
-23.283333,119.206944,1
-23.271767,131.423443,1
-23.271767,131.423443,1
-23.271767,131.423443,1
-23.271767,131.423443,1
-23.271767,131.423443,1
-23.271767,131.423443,1
-23.271767,131.423443,1
-23.271767,131.423443,1
-23.271767,131.423443,1
-23.271767,131.423443,1
-23.271767,131.423443,1
-23.2667,135.0833,1
-23.26667,133.73333,1
-23.266667,129.75,1
-23.266667,129.75,1
-23.266667,129.75,1
-23.266667,129.75,1
-23.266667,129.75,1
-23.266667,129.75,1
-23.266667,129.75,1
-23.266667,129.75,1
-23.266667,129.75,1
-23.266667,129.75,1
-23.266667,129.75,1
-23.266667,129.75,1
-23.266667,129.75,1
-23.266667,129.75,1
-23.266667,129.75,1
-23.266667,129.75,1
-23.266667,129.75,1
-23.266667,129.75,1
-23.266667,129.75,1
-23.266667,129.75,1
-23.266667,129.75,1
-23.266667,129.75,1
-23.266667,129.75,1
-23.266667,129.75,1
-23.266667,129.75,1
-23.266667,129.75,1
-23.266667,129.75,1
-23.266667,129.75,1
-23.266667,129.75,1
-23.266667,129.75,1
-23.266667,129.75,1
-23.266667,129.75,1
-23.266667,129.75,1
-23.266667,129.75,1
-23.266667,129.75,1
-23.266667,129.75,1
-23.266667,129.75,1
-23.266667,129.75,1
-23.266667,129.75,1
-23.266667,129.75,1
-23.266667,129.75,1
-23.266667,129.75,1
-23.266667,129.75,1
-23.266667,129.75,1
-23.266667,129.75,1
-23.266667,129.75,1
-23.266667,129.75,1
-23.266667,129.75,1
-23.266667,129.75,1
-23.266667,129.75,1
-23.266667,129.75,1
-23.266667,129.75,1
-23.266667,129.75,1
-23.266667,129.75,1
-23.266667,129.75,1
-23.266667,129.75,1
-23.266667,129.75,1
-23.266667,129.75,1
-23.266667,129.75,1
-23.266667,129.75,1
-23.266667,129.75,1
-23.266667,129.75,1
-23.266667,129.75,1
-23.266667,129.75,1
-23.266667,129.75,1
-23.266667,129.75,1
-23.266667,129.75,1
-23.266667,129.75,1
-23.266667,129.75,1
-23.265177,138.517877,1
-23.25,136.25,1
-23.25,136.25,1
-23.25,136.25,1
-23.25,136.25,1
-23.25,136.25,1
-23.25,136.25,1
-23.233333,132.616667,1
-23.231872,137.70122,1
-23.231863,137.701221,1
-23.231863,137.701221,1
-23.216667,117.645833,1
-23.213611,119.202222,1
-23.208333,118.825,1
-23.202778,118.833333,1
-23.202778,118.833333,1
-23.2,132.53333,1
-23.198577,132.534606,1
-23.196389,131.398598,1
-23.195852,138.40393,1
-23.190556,118.826111,1
-23.185833,118.754444,1
-23.185833,118.754444,1
-23.185833,118.754444,1
-23.185833,118.754444,1
-23.185833,118.754444,1
-23.185833,118.754444,1
-23.181903,132.651273,1
-23.1575,118.746389,1
-23.155278,119.540833,1
-23.148573,132.684602,1
-23.146111,119.265833,1
-23.141389,119.591667,1
-23.138535,137.421224,1
-23.136186,119.200653,1
-23.131909,132.684601,1
-23.131902,132.684602,1
-23.118575,132.321276,1
-23.11667,137.01667,1
-23.116667,123.333333,1
-23.116667,123.333333,1
-23.116667,123.333333,1
-23.116667,123.333333,1
-23.116667,123.333333,1
-23.116667,123.333333,1
-23.116667,123.333333,1
-23.116667,123.333333,1
-23.116667,123.333333,1
-23.115214,137.01789,1
-23.115208,137.017898,1
-23.115208,137.017898,1
-23.1131,116.0117,1
-23.1131,116.0117,1
-23.113056,116.011667,1
-23.113056,116.011667,1
-23.113056,116.011667,1
-23.112778,118.768333,1
-23.105833,115.997778,1
-23.105833,115.997778,1
-23.1058,115.9978,1
-23.1017,116.0078,1
-23.1017,116.0078,1
-23.1017,116.0078,1
-23.1017,116.0078,1
-23.101667,116.007778,1
-23.101667,116.007778,1
-23.101667,116.007778,1
-23.101667,116.007778,1
-23.101667,116.007778,1
-23.101667,116.007778,1
-23.101667,116.007778,1
-23.101667,116.007778,1
-23.101667,116.007778,1
-23.1,134.76667,1
-23.098556,134.767922,1
-23.098556,134.767922,1
-23.097778,118.786389,1
-23.097778,118.838611,1
-23.097778,118.786389,1
-23.096389,118.7975,1
-23.096111,118.849722,1
-23.089722,118.856111,1
-23.089722,118.856111,1
-23.085278,118.878056,1
-23.085278,118.878056,1
-23.081111,118.869722,1
-23.079722,115.790278,1
-23.079722,115.790278,1
-23.079444,115.790833,1
-23.0794,115.7908,1
-23.078575,132.411274,1
-23.068538,137.011228,1
-23.068538,137.011228,1
-23.06667,133.01667,1
-23.065224,134.967919,1
-23.065224,134.967919,1
-23.065224,134.967919,1
-23.065224,134.967919,1
-23.064167,118.858333,1
-23.0625,123.025,1
-23.0614,115.7872,1
-23.061389,115.787222,1
-23.05,134.96667,1
-23.044167,115.812222,1
-23.0333,133.9,1
-23.025833,118.720278,1
-23.025833,118.720278,1
-23.025833,118.720278,1
-23.025833,118.720278,1
-23.0175,132.699,1
-23.015223,135.151247,1
-23.015223,135.151247,1
-23.015223,135.151247,1
-23.015223,135.167917,1
-23.015223,135.167917,1
-23.015223,135.151247,1
-23.015223,135.151247,1
-23.015223,135.151247,1
-23,118,1
-23,118,1
-23,118,1
-23,129.5,1
-22.984722,118.743056,1
-22.981914,132.701267,1
-22.981902,132.701271,1
-22.965,138.851111,1
-22.957405,131.339857,1
-22.955278,118.770556,1
-22.950971,131.414302,1
-22.95,136.13333,1
-22.95,136.13333,1
-22.941052,134.871652,1
-22.941052,134.871652,1
-22.939722,118.862778,1
-22.93931,131.131176,1
-22.936768,134.880142,1
-22.936768,134.880142,1
-22.936768,134.880142,1
-22.936768,134.880142,1
-22.936768,134.880142,1
-22.935973,131.239057,1
-22.934167,118.8875,1
-22.933611,118.895833,1
-22.918889,123.5,1
-22.918889,123.5,1
-22.91667,118.9,1
-22.91667,119.01667,1
-22.91667,119.01667,1
-22.91667,118.95,1
-22.91667,118.9,1
-22.91667,119.01667,1
-22.91667,118.9,1
-22.91667,119.01667,1
-22.91667,119.01667,1
-22.913647,132.64699,1
-22.9,133.9333,1
-22.9,119.01667,1
-22.896667,118.127222,1
-22.886995,115.060287,1
-22.884167,118.141389,1
-22.86667,129.6,1
-22.86667,119.08333,1
-22.866667,121.95,1
-22.866667,121.95,1
-22.866667,121.95,1
-22.866667,121.95,1
-22.866667,121.95,1
-22.866667,121.95,1
-22.866667,121.95,1
-22.866667,121.95,1
-22.866667,121.95,1
-22.866667,121.95,1
-22.866667,121.95,1
-22.866667,121.95,1
-22.866667,121.95,1
-22.866667,121.95,1
-22.863611,115.503056,1
-22.863611,115.503056,1
-22.860231,131.30413,1
-22.850774,131.351344,1
-22.844693,131.359655,1
-22.844693,131.359655,1
-22.844693,131.359655,1
-22.844693,131.359655,1
-22.844693,131.359655,1
-22.844693,131.359655,1
-22.843999,131.201368,1
-22.841667,120.478333,1
-22.839039,131.191157,1
-22.836944,119.375278,1
-22.836944,119.375278,1
-22.834722,117.381667,1
-22.834722,117.381667,1
-22.833333,119.383333,1
-22.833333,119.383333,1
-22.832486,131.355987,1
-22.832222,120.483333,1
-22.832222,120.483333,1
-22.832222,120.483333,1
-22.826111,114.444722,1
-22.826111,117.371111,1
-22.826111,114.444722,1
-22.826111,114.444722,1
-22.825568,131.119718,1
-22.824571,131.187428,1
-22.824492,131.295084,1
-22.824492,131.295084,1
-22.824492,131.295084,1
-22.824492,131.295084,1
-22.823523,131.418524,1
-22.823523,131.418524,1
-22.823523,131.418524,1
-22.823523,131.418524,1
-22.823523,131.418524,1
-22.823523,131.418524,1
-22.823523,131.418524,1
-22.823523,131.418524,1
-22.82352,131.41852,1
-22.820833,119.286944,1
-22.820833,119.286944,1
-22.82,119.612778,1
-22.82,119.612778,1
-22.82,119.612778,1
-22.816389,117.765833,1
-22.815833,117.767222,1
-22.813333,114.435,1
-22.813333,114.435,1
-22.813333,114.435,1
-22.813333,114.435,1
-22.813333,114.435,1
-22.813333,114.435,1
-22.80979,131.47025,1
-22.80979,131.47025,1
-22.80979,131.47025,1
-22.80979,131.47025,1
-22.80979,131.47025,1
-22.80979,131.47025,1
-22.80979,131.47025,1
-22.80979,131.47025,1
-22.80979,131.47025,1
-22.80979,131.47025,1
-22.80979,131.47025,1
-22.80979,131.47025,1
-22.80979,131.47025,1
-22.80979,131.47025,1
-22.809783,131.470253,1
-22.809783,131.470253,1
-22.809783,131.470253,1
-22.809783,131.470253,1
-22.809167,117.4775,1
-22.808889,117.748611,1
-22.808889,117.748611,1
-22.808889,117.785833,1
-22.808611,117.778889,1
-22.808333,117.765556,1
-22.808333,117.776944,1
-22.808333,117.765556,1
-22.808333,117.765556,1
-22.808056,117.785556,1
-22.808056,117.785556,1
-22.8075,117.784722,1
-22.8075,117.784444,1
-22.8075,117.784722,1
-22.807222,117.75,1
-22.807222,117.75,1
-22.807222,117.75,1
-22.80717,131.269,1
-22.80717,131.269,1
-22.80717,131.269,1
-22.806944,117.783056,1
-22.806944,117.784444,1
-22.806944,117.783056,1
-22.806944,117.783056,1
-22.806944,117.784444,1
-22.804138,131.180888,1
-22.804138,131.180888,1
-22.804138,131.180888,1
-22.804138,131.180888,1
-22.804138,131.180888,1
-22.804138,131.180888,1
-22.803344,130.919723,1
-22.797222,117.788611,1
-22.79651,131.31659,1
-22.79651,131.31659,1
-22.79651,131.31659,1
-22.79651,131.31659,1
-22.79651,131.31659,1
-22.79651,131.31659,1
-22.79651,131.31659,1
-22.796508,131.316593,1
-22.796508,131.316593,1
-22.796508,131.316593,1
-22.796508,131.316593,1
-22.796508,131.316593,1
-22.796508,131.316593,1
-22.796508,131.316593,1
-22.796508,131.316593,1
-22.796508,131.316593,1
-22.796508,131.316593,1
-22.796389,114.260833,1
-22.796389,117.788611,1
-22.795389,131.361503,1
-22.795389,131.361503,1
-22.795389,131.361503,1
-22.795389,131.361503,1
-22.795389,131.361503,1
-22.795389,131.361503,1
-22.795389,131.361503,1
-22.795389,131.361503,1
-22.795389,131.361503,1
-22.795389,131.361503,1
-22.795389,131.361503,1
-22.795389,131.361503,1
-22.795389,131.361503,1
-22.795389,131.361503,1
-22.795389,131.361503,1
-22.795389,131.361503,1
-22.795389,131.361503,1
-22.795389,131.361503,1
-22.795389,131.361503,1
-22.795389,131.361503,1
-22.795389,131.361503,1
-22.795389,131.361503,1
-22.795389,131.361503,1
-22.795389,131.361503,1
-22.795389,131.361503,1
-22.795389,131.361503,1
-22.795389,131.361503,1
-22.795389,131.361503,1
-22.795389,131.361503,1
-22.795389,131.361503,1
-22.795389,131.361503,1
-22.795389,131.361503,1
-22.795389,131.361503,1
-22.795389,131.361503,1
-22.795389,131.361503,1
-22.795389,131.361503,1
-22.795389,131.361503,1
-22.795389,131.361503,1
-22.795389,131.361503,1
-22.795389,131.361503,1
-22.795389,131.361503,1
-22.795389,131.361503,1
-22.795389,131.361503,1
-22.795389,131.361503,1
-22.795389,131.361503,1
-22.795389,131.361503,1
-22.795389,131.361503,1
-22.795389,131.361503,1
-22.795389,131.361503,1
-22.795389,131.361503,1
-22.795389,131.361503,1
-22.795389,131.361503,1
-22.795,117.790833,1
-22.794766,130.857953,1
-22.789821,131.473272,1
-22.786111,119.263056,1
-22.786111,119.263056,1
-22.786111,119.263056,1
-22.785151,131.140837,1
-22.784444,114.279167,1
-22.784444,114.279167,1
-22.784444,114.279167,1
-22.784444,114.279167,1
-22.784444,114.279167,1
-22.784444,114.279167,1
-22.783889,120.500556,1
-22.783859,133.093219,1
-22.783333,119.263056,1
-22.782325,133.094499,1
-22.781944,119.159722,1
-22.781921,131.517945,1
-22.781911,131.51795,1
-22.778333,131.3375,1
-22.776389,114.304167,1
-22.775336,131.470674,1
-22.775336,131.470674,1
-22.775336,131.470674,1
-22.775336,131.470674,1
-22.775336,131.470674,1
-22.775336,131.470674,1
-22.771783,131.386779,1
-22.771783,131.386779,1
-22.771783,131.386779,1
-22.771783,131.386779,1
-22.771783,131.386779,1
-22.771783,131.386779,1
-22.771783,131.386779,1
-22.771783,131.386779,1
-22.771783,131.386779,1
-22.771783,131.386779,1
-22.771783,131.386779,1
-22.771783,131.386779,1
-22.771783,131.386779,1
-22.771783,131.386779,1
-22.771783,131.386779,1
-22.771783,131.386779,1
-22.771783,131.386779,1
-22.771783,131.386779,1
-22.771783,131.386779,1
-22.771783,131.386779,1
-22.771783,131.386779,1
-22.771783,131.386779,1
-22.771783,131.386779,1
-22.771783,131.386779,1
-22.771783,131.386779,1
-22.771783,131.386779,1
-22.77178,131.38678,1
-22.77178,131.38678,1
-22.77178,131.38678,1
-22.77178,131.38678,1
-22.77178,131.38678,1
-22.77178,131.38678,1
-22.770714,131.246525,1
-22.770714,131.246525,1
-22.770714,131.246525,1
-22.770714,131.246525,1
-22.770714,131.246525,1
-22.770714,131.246525,1
-22.770714,131.246525,1
-22.770714,131.246525,1
-22.770714,131.246525,1
-22.770714,131.246525,1
-22.770714,131.246525,1
-22.770714,131.246525,1
-22.770714,131.246525,1
-22.770714,131.246525,1
-22.770714,131.246525,1
-22.770714,131.246525,1
-22.770714,131.246525,1
-22.770714,131.246525,1
-22.770714,131.246525,1
-22.770714,131.246525,1
-22.770714,131.246525,1
-22.770714,131.246525,1
-22.77071,131.24652,1
-22.77071,131.24652,1
-22.770482,131.235363,1
-22.770482,131.235363,1
-22.770482,131.235363,1
-22.770482,131.235363,1
-22.770482,131.235363,1
-22.770482,131.235363,1
-22.770482,131.235363,1
-22.770482,131.235363,1
-22.770482,131.235363,1
-22.770482,131.235363,1
-22.770482,131.235363,1
-22.770482,131.235363,1
-22.770482,131.235363,1
-22.770482,131.235363,1
-22.770482,131.235363,1
-22.770482,131.235363,1
-22.767951,135.756912,1
-22.767441,131.469792,1
-22.767441,131.469792,1
-22.767441,131.469792,1
-22.767441,131.469792,1
-22.767441,131.469792,1
-22.767441,131.469792,1
-22.767441,131.469792,1
-22.767441,131.469792,1
-22.767341,131.191733,1
-22.767341,131.191733,1
-22.767341,131.191733,1
-22.767341,131.191733,1
-22.767341,131.191733,1
-22.767341,131.191733,1
-22.767341,131.191733,1
-22.767341,131.191733,1
-22.767341,131.191733,1
-22.767341,131.191733,1
-22.767341,131.191733,1
-22.767341,131.191733,1
-22.767341,131.191733,1
-22.767341,131.191733,1
-22.767341,131.191733,1
-22.767341,131.191733,1
-22.767341,131.191733,1
-22.767341,131.191733,1
-22.767341,131.191733,1
-22.767341,131.191733,1
-22.767122,130.928905,1
-22.766667,119.218889,1
-22.766338,131.261018,1
-22.766338,131.261018,1
-22.766338,131.261018,1
-22.766338,131.261018,1
-22.766338,131.261018,1
-22.766338,131.261018,1
-22.766338,131.261018,1
-22.766338,131.261018,1
-22.766338,131.261018,1
-22.766338,131.261018,1
-22.766338,131.261018,1
-22.766338,131.261018,1
-22.76454,130.716103,1
-22.763931,131.347643,1
-22.763931,131.347643,1
-22.763931,131.347643,1
-22.763931,131.347643,1
-22.763931,131.347643,1
-22.763931,131.347643,1
-22.763931,131.347643,1
-22.763931,131.347643,1
-22.763931,131.347643,1
-22.763931,131.347643,1
-22.763931,131.347643,1
-22.763931,131.347643,1
-22.763931,131.347643,1
-22.763931,131.347643,1
-22.763931,131.347643,1
-22.763931,131.347643,1
-22.763931,131.347643,1
-22.763931,131.347643,1
-22.763931,131.347643,1
-22.763931,131.347643,1
-22.763931,131.347643,1
-22.763931,131.347643,1
-22.763931,131.347643,1
-22.763931,131.347643,1
-22.76393,131.34764,1
-22.76393,131.34764,1
-22.76393,131.34764,1
-22.763889,119.218889,1
-22.763889,119.218889,1
-22.763889,119.218889,1
-22.763889,119.218889,1
-22.762959,131.473576,1
-22.761133,115.126411,1
-22.760995,130.79132,1
-22.760742,130.872409,1
-22.760662,135.741384,1
-22.758535,135.746146,1
-22.758535,135.746146,1
-22.754167,120.4775,1
-22.754167,120.4775,1
-22.753074,131.07211,1
-22.753056,114.513889,1
-22.752035,130.950259,1
-22.751447,131.34999,1
-22.751447,131.34999,1
-22.751447,131.34999,1
-22.751447,131.34999,1
-22.751447,131.34999,1
-22.751447,131.34999,1
-22.751447,131.34999,1
-22.751447,131.34999,1
-22.751447,131.34999,1
-22.751447,131.34999,1
-22.751447,131.34999,1
-22.751447,131.34999,1
-22.751447,131.34999,1
-22.751447,131.34999,1
-22.751447,131.34999,1
-22.751447,131.34999,1
-22.751344,131.208592,1
-22.751344,131.208592,1
-22.751344,131.208592,1
-22.751344,131.208592,1
-22.751344,131.208592,1
-22.751344,131.208592,1
-22.751344,131.208592,1
-22.751344,131.208592,1
-22.75134,131.20859,1
-22.75134,131.20859,1
-22.75134,131.20859,1
-22.75134,131.20859,1
-22.75134,131.20859,1
-22.75134,131.20859,1
-22.75134,131.20859,1
-22.75134,131.20859,1
-22.75134,131.20859,1
-22.75134,131.20859,1
-22.7487,131.25494,1
-22.7487,131.254936,1
-22.7487,131.254936,1
-22.7487,131.254936,1
-22.7487,131.254936,1
-22.7487,131.254936,1
-22.7487,131.254936,1
-22.7487,131.254936,1
-22.7487,131.25494,1
-22.7487,131.254936,1
-22.7487,131.25494,1
-22.7487,131.254936,1
-22.7487,131.254936,1
-22.7487,131.254936,1
-22.7487,131.25494,1
-22.7487,131.25494,1
-22.7487,131.254936,1
-22.7487,131.254936,1
-22.7487,131.254936,1
-22.7487,131.25494,1
-22.7487,131.254936,1
-22.7487,131.254936,1
-22.7487,131.254936,1
-22.7487,131.254936,1
-22.7487,131.254936,1
-22.7487,131.254936,1
-22.746462,131.453871,1
-22.746462,131.453871,1
-22.746462,131.453871,1
-22.746462,131.453871,1
-22.746462,131.453871,1
-22.746462,131.453871,1
-22.74565,131.42703,1
-22.74565,131.42703,1
-22.745645,131.427031,1
-22.745645,131.427031,1
-22.745645,131.427031,1
-22.745645,131.427031,1
-22.745645,131.427031,1
-22.745645,131.427031,1
-22.745645,131.427031,1
-22.745645,131.427031,1
-22.745645,131.427031,1
-22.745645,131.427031,1
-22.745645,131.427031,1
-22.745645,131.427031,1
-22.745645,131.427031,1
-22.745645,131.427031,1
-22.745645,131.427031,1
-22.745645,131.427031,1
-22.743204,131.270089,1
-22.743204,131.270089,1
-22.743204,131.270089,1
-22.743204,131.270089,1
-22.743204,131.270089,1
-22.743204,131.270089,1
-22.743204,131.270089,1
-22.743204,131.270089,1
-22.743204,131.270089,1
-22.743204,131.270089,1
-22.743204,131.270089,1
-22.743204,131.270089,1
-22.743204,131.270089,1
-22.743204,131.270089,1
-22.743204,131.270089,1
-22.743204,131.270089,1
-22.743204,131.270089,1
-22.743204,131.270089,1
-22.743204,131.270089,1
-22.743204,131.270089,1
-22.743204,131.270089,1
-22.743204,131.270089,1
-22.743204,131.270089,1
-22.743204,131.270089,1
-22.741944,120.473056,1
-22.741195,135.808496,1
-22.739651,131.240322,1
-22.739651,131.240322,1
-22.739651,131.240322,1
-22.739651,131.240322,1
-22.739651,131.240322,1
-22.739651,131.240322,1
-22.739651,131.240322,1
-22.739651,131.240322,1
-22.739651,131.240322,1
-22.739651,131.240322,1
-22.739651,131.240322,1
-22.739651,131.240322,1
-22.739651,131.240322,1
-22.739651,131.240322,1
-22.739651,131.240322,1
-22.739651,131.240322,1
-22.739651,131.240322,1
-22.739651,131.240322,1
-22.73965,131.24031,1
-22.73965,131.24031,1
-22.73965,131.24031,1
-22.73965,131.24031,1
-22.73965,131.24031,1
-22.73965,131.24031,1
-22.73965,131.24031,1
-22.73965,131.24031,1
-22.73965,131.24031,1
-22.73965,131.24031,1
-22.73965,131.24031,1
-22.73683,130.0036,1
-22.735618,135.798414,1
-22.7352,135.798869,1
-22.734713,131.006621,1
-22.734444,119.031667,1
-22.734204,130.712871,1
-22.733611,114.426944,1
-22.733611,114.436667,1
-22.732778,119.408611,1
-22.732016,131.254253,1
-22.732016,131.254253,1
-22.732016,131.254253,1
-22.732016,131.254253,1
-22.732016,131.254253,1
-22.732016,131.254253,1
-22.732016,131.254253,1
-22.732016,131.254253,1
-22.732016,131.254253,1
-22.732016,131.254253,1
-22.732016,131.254253,1
-22.732016,131.254253,1
-22.732016,131.254253,1
-22.732016,131.254253,1
-22.732016,131.254253,1
-22.732016,131.254253,1
-22.732016,131.254253,1
-22.732016,131.254253,1
-22.732016,131.254253,1
-22.732016,131.254253,1
-22.732016,131.254253,1
-22.732016,131.254253,1
-22.732016,131.254253,1
-22.732016,131.254253,1
-22.732016,131.254253,1
-22.732016,131.254253,1
-22.732016,131.254253,1
-22.732016,131.254253,1
-22.732016,131.254253,1
-22.732016,131.254253,1
-22.732016,131.254253,1
-22.732016,131.254253,1
-22.732016,131.254253,1
-22.732016,131.254253,1
-22.73201,131.25426,1
-22.73201,131.25426,1
-22.73201,131.25426,1
-22.731904,131.214825,1
-22.731904,131.214825,1
-22.731904,131.214825,1
-22.731904,131.214825,1
-22.731904,131.214825,1
-22.731904,131.214825,1
-22.731904,131.214825,1
-22.731904,131.214825,1
-22.731904,131.214825,1
-22.731904,131.214825,1
-22.731904,131.214825,1
-22.731904,131.214825,1
-22.731904,131.214825,1
-22.731904,131.214825,1
-22.731904,131.214825,1
-22.731904,131.214825,1
-22.731904,131.214825,1
-22.731904,131.214825,1
-22.731904,131.214825,1
-22.731904,131.214825,1
-22.731904,131.214825,1
-22.731904,131.214825,1
-22.731904,131.214825,1
-22.731904,131.214825,1
-22.731904,131.214825,1
-22.731904,131.214825,1
-22.731904,131.214825,1
-22.731904,131.214825,1
-22.731904,131.214825,1
-22.731904,131.214825,1
-22.731904,131.214825,1
-22.731904,131.214825,1
-22.731904,131.214825,1
-22.731904,131.214825,1
-22.731904,131.214825,1
-22.731904,131.214825,1
-22.731904,131.214825,1
-22.731904,131.214825,1
-22.731904,131.214825,1
-22.731904,131.214825,1
-22.731904,131.214825,1
-22.731712,131.384642,1
-22.731712,131.384642,1
-22.731712,131.384642,1
-22.731712,131.384642,1
-22.731712,131.384642,1
-22.731712,131.384642,1
-22.731712,131.384642,1
-22.731712,131.384642,1
-22.731712,131.384642,1
-22.731712,131.384642,1
-22.731712,131.384642,1
-22.731712,131.384642,1
-22.731712,131.384642,1
-22.731712,131.384642,1
-22.731712,131.384642,1
-22.731712,131.384642,1
-22.731712,131.384642,1
-22.731712,131.384642,1
-22.731712,131.384642,1
-22.731712,131.384642,1
-22.731712,131.384642,1
-22.731712,131.384642,1
-22.731667,119.028611,1
-22.731667,119.028611,1
-22.731667,119.028611,1
-22.731392,131.22405,1
-22.731392,131.22405,1
-22.731392,131.22405,1
-22.731392,131.22405,1
-22.731392,131.22405,1
-22.731392,131.22405,1
-22.731392,131.22405,1
-22.731392,131.22405,1
-22.731392,131.22405,1
-22.731392,131.22405,1
-22.731392,131.22405,1
-22.731392,131.22405,1
-22.72845,115.292511,1
-22.726957,131.265898,1
-22.723889,114.394167,1
-22.723056,117.135,1
-22.722623,131.354032,1
-22.722623,131.354032,1
-22.722623,131.354032,1
-22.722623,131.354032,1
-22.722623,131.354032,1
-22.722623,131.354032,1
-22.722623,131.354032,1
-22.722623,131.354032,1
-22.722623,131.354032,1
-22.722623,131.354032,1
-22.722623,131.354032,1
-22.722623,131.354032,1
-22.722623,131.354032,1
-22.722623,131.354032,1
-22.722623,131.354032,1
-22.722623,131.354032,1
-22.722623,131.354032,1
-22.722623,131.354032,1
-22.722623,131.354032,1
-22.722623,131.354032,1
-22.722623,131.354032,1
-22.722623,131.354032,1
-22.722623,131.354032,1
-22.722623,131.354032,1
-22.72262,131.35403,1
-22.72262,131.35403,1
-22.72262,131.35403,1
-22.72262,131.35403,1
-22.72262,131.35403,1
-22.72262,131.35403,1
-22.72262,131.35403,1
-22.72262,131.35403,1
-22.722322,131.409315,1
-22.72057,131.26301,1
-22.72057,131.26301,1
-22.72057,131.26301,1
-22.72057,131.26301,1
-22.72057,131.26302,1
-22.72057,131.26301,1
-22.72057,131.26301,1
-22.72057,131.26301,1
-22.72057,131.26301,1
-22.72057,131.26301,1
-22.72057,131.26301,1
-22.72057,131.26301,1
-22.72057,131.26301,1
-22.72057,131.26301,1
-22.72057,131.26301,1
-22.72057,131.26301,1
-22.72057,131.26301,1
-22.72057,131.26301,1
-22.72057,131.26301,1
-22.72057,131.26301,1
-22.72057,131.26301,1
-22.72057,131.26301,1
-22.72057,131.26301,1
-22.72057,131.26301,1
-22.72057,131.26301,1
-22.72057,131.26301,1
-22.72057,131.26301,1
-22.72057,131.26301,1
-22.72057,131.26301,1
-22.72057,131.26301,1
-22.72057,131.26301,1
-22.720556,118.990556,1
-22.720556,118.990556,1
-22.720099,131.469807,1
-22.720099,131.469807,1
-22.720099,131.469807,1
-22.720099,131.469807,1
-22.720099,131.469807,1
-22.720099,131.469807,1
-22.72009,131.4698,1
-22.72009,131.4698,1
-22.719924,131.448288,1
-22.719924,131.448288,1
-22.719924,131.448288,1
-22.719924,131.448288,1
-22.719924,131.448288,1
-22.719924,131.448288,1
-22.719924,131.448288,1
-22.719924,131.448288,1
-22.719924,131.448288,1
-22.719924,131.448288,1
-22.719924,131.448288,1
-22.719924,131.448288,1
-22.719924,131.448288,1
-22.719924,131.448288,1
-22.71992,131.44829,1
-22.71992,131.44829,1
-22.718333,120.646389,1
-22.718014,131.31159,1
-22.717664,132.46793,1
-22.71762,131.31593,1
-22.71762,131.31593,1
-22.71762,131.31593,1
-22.71762,131.31593,1
-22.71762,131.31593,1
-22.717447,132.468375,1
-22.71667,119.01667,1
-22.71667,119.01667,1
-22.716611,131.45362,1
-22.716111,118.263333,1
-22.716111,118.263333,1
-22.715781,130.946435,1
-22.714118,131.298153,1
-22.709722,118.981944,1
-22.704756,131.178123,1
-22.704756,131.178123,1
-22.704756,131.178123,1
-22.704756,131.178123,1
-22.704444,114.324167,1
-22.704444,114.324167,1
-22.704444,114.324167,1
-22.704444,114.324167,1
-22.704444,114.324167,1
-22.7043,130.16751,1
-22.7043,131.175138,1
-22.7043,131.175138,1
-22.7043,131.175138,1
-22.7043,131.175138,1
-22.7043,131.175138,1
-22.7043,131.175138,1
-22.7043,131.175138,1
-22.7043,131.175138,1
-22.7043,131.175138,1
-22.7043,131.175138,1
-22.7043,131.175138,1
-22.7043,131.175138,1
-22.7043,131.175138,1
-22.7043,131.175138,1
-22.7043,131.175138,1
-22.7043,131.175138,1
-22.7043,131.175138,1
-22.7043,131.175138,1
-22.7043,131.175138,1
-22.7043,131.175138,1
-22.7043,131.175138,1
-22.7043,131.175138,1
-22.7043,131.175138,1
-22.7043,131.175138,1
-22.7043,131.175138,1
-22.7043,131.175138,1
-22.700556,114.490278,1
-22.700556,120.737222,1
-22.700556,120.737222,1
-22.700465,131.18296,1
-22.700465,131.18296,1
-22.700465,131.18296,1
-22.700465,131.18296,1
-22.700465,131.18296,1
-22.700465,131.18296,1
-22.700465,131.18296,1
-22.700465,131.18296,1
-22.700465,131.18296,1
-22.700465,131.18296,1
-22.70046,131.18297,1
-22.70046,131.18297,1
-22.70046,131.18297,1
-22.70046,131.18297,1
-22.70046,131.18297,1
-22.698548,136.417897,1
-22.698543,136.417901,1
-22.696916,131.253318,1
-22.696916,131.253318,1
-22.696916,131.253318,1
-22.696916,131.253318,1
-22.69691,131.25331,1
-22.69691,131.25331,1
-22.695267,133.698975,1
-22.695267,133.698975,1
-22.695267,133.698975,1
-22.694895,131.241637,1
-22.694895,131.241637,1
-22.694895,131.241637,1
-22.694895,131.241637,1
-22.694895,131.241637,1
-22.694895,131.241637,1
-22.694895,131.241637,1
-22.694895,131.241637,1
-22.694801,131.386649,1
-22.694801,131.386649,1
-22.694801,131.386649,1
-22.694801,131.386649,1
-22.6948,131.38666,1
-22.693863,131.17111,1
-22.693863,131.17111,1
-22.693863,131.17111,1
-22.693863,131.17111,1
-22.693863,131.17111,1
-22.693863,131.17111,1
-22.693863,131.17111,1
-22.693863,131.17111,1
-22.693863,131.17111,1
-22.693863,131.17111,1
-22.693863,131.17111,1
-22.693863,131.17111,1
-22.693863,131.17111,1
-22.693863,131.17111,1
-22.693863,131.17111,1
-22.693863,131.17111,1
-22.693863,131.17111,1
-22.693863,131.17111,1
-22.693863,131.17111,1
-22.693863,131.17111,1
-22.693863,131.17111,1
-22.693863,131.17111,1
-22.693863,131.17111,1
-22.693863,131.17111,1
-22.693863,131.17111,1
-22.693863,131.17111,1
-22.69212,131.227015,1
-22.69212,131.227015,1
-22.69212,131.227015,1
-22.69212,131.227015,1
-22.69212,131.227015,1
-22.69212,131.227015,1
-22.69212,131.227015,1
-22.69212,131.227015,1
-22.69212,131.227015,1
-22.69212,131.227015,1
-22.69212,131.227015,1
-22.69212,131.227015,1
-22.69212,131.227015,1
-22.69212,131.22702,1
-22.69212,131.227015,1
-22.69212,131.227015,1
-22.69212,131.227015,1
-22.69212,131.227015,1
-22.69212,131.227015,1
-22.69212,131.227015,1
-22.69212,131.227015,1
-22.691944,119.757222,1
-22.691944,119.757222,1
-22.690654,131.199804,1
-22.690654,131.199804,1
-22.690654,131.199804,1
-22.690654,131.199804,1
-22.690654,131.199804,1
-22.690654,131.199804,1
-22.690654,131.199804,1
-22.690654,131.199804,1
-22.690654,131.199804,1
-22.690654,131.199804,1
-22.690654,131.199804,1
-22.690654,131.199804,1
-22.690556,119.774722,1
-22.690556,119.774722,1
-22.690556,119.774722,1
-22.68912,131.18663,1
-22.68912,131.18663,1
-22.68912,131.18663,1
-22.68912,131.18663,1
-22.688889,114.293333,1
-22.688204,130.814129,1
-22.687379,131.380673,1
-22.687379,131.380673,1
-22.68671,131.397036,1
-22.68671,131.397036,1
-22.68671,131.39703,1
-22.68671,131.397036,1
-22.68671,131.39703,1
-22.68671,131.397036,1
-22.68671,131.397036,1
-22.68671,131.397036,1
-22.68671,131.397036,1
-22.68671,131.39703,1
-22.68671,131.397036,1
-22.685416,131.156089,1
-22.685074,132.443081,1
-22.68381,131.17285,1
-22.683808,131.172859,1
-22.683808,131.172859,1
-22.681833,131.392924,1
-22.681747,130.814969,1
-22.6805,131.24881,1
-22.6805,131.24881,1
-22.6805,131.24881,1
-22.6805,131.24881,1
-22.6805,131.24881,1
-22.68,117.847778,1
-22.679125,131.366832,1
-22.679125,131.366832,1
-22.679125,131.366832,1
-22.679125,131.366832,1
-22.679125,131.366832,1
-22.679125,131.366832,1
-22.67912,131.36684,1
-22.67912,131.36684,1
-22.67912,131.36684,1
-22.67912,131.36684,1
-22.67912,131.36684,1
-22.67912,131.36684,1
-22.67912,131.36684,1
-22.67912,131.36684,1
-22.67912,131.36684,1
-22.67912,131.36684,1
-22.678691,131.247853,1
-22.678691,131.247853,1
-22.678691,131.247853,1
-22.678691,131.247853,1
-22.67869,131.24785,1
-22.678537,130.83037,1
-22.677311,131.378329,1
-22.675556,119.840556,1
-22.671608,136.23624,1
-22.667222,114.231944,1
-22.667222,114.231944,1
-22.667222,114.231944,1
-22.667222,114.231944,1
-22.666667,122.633333,1
-22.666667,122.633333,1
-22.661389,117.864444,1
-22.661389,117.864444,1
-22.6525,114.463333,1
-22.652017,136.27168,1
-22.650556,114.233333,1
-22.650556,114.233333,1
-22.650556,114.233333,1
-22.650077,133.235186,1
-22.648542,133.236462,1
-22.648056,118.137222,1
-22.648056,118.137222,1
-22.646944,123.754167,1
-22.643889,114.415,1
-22.643889,114.415,1
-22.643889,114.415,1
-22.643889,114.415,1
-22.643889,114.415,1
-22.643056,114.228611,1
-22.643056,114.228611,1
-22.641541,133.230936,1
-22.640006,133.232213,1
-22.638718,133.204471,1
-22.637184,133.205748,1
-22.635556,118.2225,1
-22.631939,129.384627,1
-22.631928,129.384626,1
-22.631928,129.384626,1
-22.625556,118.284722,1
-22.625278,120.411944,1
-22.625278,120.411944,1
-22.625278,120.411944,1
-22.624444,118.607222,1
-22.623333,114.212778,1
-22.621944,118.351111,1
-22.621944,118.351111,1
-22.621944,118.351111,1
-22.621944,118.351111,1
-22.621389,118.314722,1
-22.621389,118.314722,1
-22.62,119.25,1
-22.62,119.25,1
-22.615218,136.234562,1
-22.615214,136.234562,1
-22.610833,118.0225,1
-22.603333,120.783333,1
-22.602778,118.459722,1
-22.602778,118.459722,1
-22.600556,118.221389,1
-22.600556,118.464722,1
-22.600556,118.464722,1
-22.6,118.13333,1
-22.6,118.511944,1
-22.596389,118.142778,1
-22.588611,118.164444,1
-22.588611,118.164444,1
-22.588574,132.42127,1
-22.58333,136.36667,1
-22.56667,133.93333,1
-22.56667,133.93333,1
-22.56667,133.93333,1
-22.566667,142.95,1
-22.565232,133.934582,1
-22.565232,133.934585,1
-22.565232,133.934585,1
-22.565232,133.934585,1
-22.565232,133.934585,1
-22.565232,133.934585,1
-22.558333,117.911111,1
-22.558333,117.911111,1
-22.556944,118.088889,1
-22.55,122.383333,1
-22.55,122.383333,1
-22.54768,134.813482,1
-22.54768,134.813482,1
-22.547222,122.394444,1
-22.544167,120.799167,1
-22.544167,120.799167,1
-22.5403,132.2185,1
-22.5402,132.2187,1
-22.53656,132.212122,1
-22.53656,132.212122,1
-22.536501,132.21204,1
-22.536501,132.21204,1
-22.535853,132.21114,1
-22.535833,118.9975,1
-22.532794,132.206527,1
-22.5311,132.204,1
-22.5307,132.2045,1
-22.529393,132.201136,1
-22.528918,132.201444,1
-22.526922,132.197127,1
-22.526317,132.197133,1
-22.519167,128.341111,1
-22.516389,143.036667,1
-22.516389,143.036667,1
-22.51526,132.17888,1
-22.515257,132.178877,1
-22.515235,133.534589,1
-22.515235,133.534589,1
-22.515231,132.178837,1
-22.51523,132.17884,1
-22.514399,132.177762,1
-22.512803,132.175359,1
-22.510795,132.172672,1
-22.510521,132.171529,1
-22.509839,132.170307,1
-22.509787,132.170323,1
-22.509598,132.169671,1
-22.50955,132.169714,1
-22.509538,132.169714,1
-22.508333,119.784167,1
-22.504444,117.649444,1
-22.504444,117.649444,1
-22.504444,117.649444,1
-22.5,119.24,1
-22.5,119.24,1
-22.5,119.24,1
-22.5,114.783333,1
-22.498333,115.558333,1
-22.498333,115.558333,1
-22.498333,115.558333,1
-22.488889,118.575,1
-22.483333,118.55,1
-22.48333,129.11667,1
-22.48333,129.11667,1
-22.48193,129.117967,1
-22.476667,114.314722,1
-22.474876,132.118025,1
-22.474697,132.118168,1
-22.468583,131.311279,1
-22.466667,117.3,1
-22.466667,117.3,1
-22.466667,119.0225,1
-22.466667,117.3,1
-22.466667,119.0225,1
-22.466667,119.0225,1
-22.458333,113.745833,1
-22.453925,132.085475,1
-22.453667,132.085557,1
-22.452222,115.661389,1
-22.44856,134.151252,1
-22.44856,134.151252,1
-22.44856,134.151252,1
-22.446389,128.2925,1
-22.446389,128.2925,1
-22.446389,128.2925,1
-22.442684,132.068431,1
-22.442625,132.068395,1
-22.440833,121.128333,1
-22.44055,135.25261,1
-22.44055,135.25261,1
-22.44055,135.25261,1
-22.433333,115.383333,1
-22.433333,115.383333,1
-22.43333,137.1,1
-22.43333,137.1,1
-22.42,119.906389,1
-22.42,119.906389,1
-22.419722,117.43,1
-22.419444,115.837778,1
-22.419444,115.837778,1
-22.418889,117.408889,1
-22.418544,136.25123,1
-22.4142,117.355,1
-22.414167,117.355,1
-22.4125,121.071944,1
-22.4125,121.071944,1
-22.4125,121.071944,1
-22.4125,121.071944,1
-22.410392,132.001717,1
-22.406481,131.996825,1
-22.406244,131.996988,1
-22.402624,131.991161,1
-22.402504,131.991309,1
-22.4025,119.861111,1
-22.4,134.21667,1
-22.395,118.998889,1
-22.394063,131.980426,1
-22.392948,131.979049,1
-22.39,119.99,1
-22.389444,119.775278,1
-22.382582,131.965226,1
-22.378599,129.231295,1
-22.368545,136.141231,1
-22.363333,117.346667,1
-22.362032,131.938067,1
-22.36185,131.93856,1
-22.361389,119.006667,1
-22.360669,131.936331,1
-22.360486,131.936628,1
-22.352394,131.925469,1
-22.35,134.18333,1
-22.35,134.18333,1
-22.35,134.18333,1
-22.35,134.18333,1
-22.35,134.18333,1
-22.35,134.18333,1
-22.35,134.18333,1
-22.35,134.18333,1
-22.35,134.18333,1
-22.35,134.18333,1
-22.35,131.46667,1
-22.35,117.883333,1
-22.35,117.883333,1
-22.348566,134.184583,1
-22.34856,134.184581,1
-22.34856,134.184581,1
-22.34856,134.184581,1
-22.34856,134.184581,1
-22.34856,134.184581,1
-22.34856,134.184581,1
-22.34856,134.184581,1
-22.34856,134.184581,1
-22.34856,134.184581,1
-22.34856,134.184581,1
-22.34,119,1
-22.34,119,1
-22.34,119,1
-22.338565,133.561257,1
-22.338562,131.918598,1
-22.338512,131.91879,1
-22.336667,122.040556,1
-22.310833,117.311111,1
-22.3108,117.3111,1
-22.3106,117.3219,1
-22.310556,117.321944,1
-22.31,119.99,1
-22.298586,131.701273,1
-22.298579,131.701274,1
-22.295,117.472778,1
-22.291944,117.298889,1
-22.291944,117.300833,1
-22.291944,117.300833,1
-22.291944,117.300833,1
-22.291944,117.300833,1
-22.291944,117.300833,1
-22.291944,117.298889,1
-22.2919,117.3008,1
-22.2919,117.2989,1
-22.272642,133.73107,1
-22.272642,133.73107,1
-22.269444,115.642222,1
-22.266667,114,1
-22.266667,113.833333,1
-22.266666,131.78334,1
-22.265278,115.588611,1
-22.265278,115.588611,1
-22.265278,115.588611,1
-22.265278,115.588611,1
-22.265278,115.588611,1
-22.265278,115.588611,1
-22.265278,115.588611,1
-22.265278,115.588611,1
-22.265278,115.588611,1
-22.258889,115.463611,1
-22.258889,115.463611,1
-22.256773,133.733408,1
-22.256773,133.733408,1
-22.256773,133.733408,1
-22.256773,133.733408,1
-22.252778,115.390833,1
-22.25,131.8,1
-22.25,131.8,1
-22.25,131.8,1
-22.25,131.8,1
-22.25,131.8,1
-22.25,131.8,1
-22.25,131.8,1
-22.25,131.8,1
-22.25,131.8,1
-22.25,131.8,1
-22.25,131.8,1
-22.25,131.8,1
-22.25,131.8,1
-22.25,131.8,1
-22.25,131.8,1
-22.25,131.8,1
-22.25,131.8,1
-22.25,131.8,1
-22.25,131.8,1
-22.25,131.8,1
-22.25,131.8,1
-22.25,131.8,1
-22.25,131.8,1
-22.25,131.8,1
-22.25,131.8,1
-22.25,131.8,1
-22.25,131.8,1
-22.25,131.8,1
-22.25,131.8,1
-22.25,131.8,1
-22.25,131.8,1
-22.25,131.8,1
-22.25,131.8,1
-22.25,131.8,1
-22.25,131.8,1
-22.25,131.8,1
-22.25,131.8,1
-22.25,131.8,1
-22.25,131.8,1
-22.25,131.8,1
-22.25,131.8,1
-22.25,131.8,1
-22.25,131.8,1
-22.25,131.8,1
-22.25,131.8,1
-22.25,131.8,1
-22.25,131.8,1
-22.25,131.8,1
-22.25,131.8,1
-22.25,131.8,1
-22.25,131.8,1
-22.25,131.8,1
-22.25,131.8,1
-22.25,131.8,1
-22.25,131.8,1
-22.25,131.8,1
-22.25,131.8,1
-22.25,131.8,1
-22.25,131.8,1
-22.25,131.8,1
-22.25,131.8,1
-22.25,131.8,1
-22.25,131.8,1
-22.25,131.8,1
-22.245278,114.53,1
-22.24399,131.743774,1
-22.243787,131.743605,1
-22.243662,131.741609,1
-22.243482,131.740277,1
-22.243447,131.739891,1
-22.243135,131.737931,1
-22.243056,114.034722,1
-22.243056,114.034722,1
-22.243056,114.034722,1
-22.243056,114.034722,1
-22.243056,114.034722,1
-22.243,131.737969,1
-22.242835,131.735224,1
-22.242835,131.735224,1
-22.242042,131.729692,1
-22.241944,114.033889,1
-22.241944,114.033889,1
-22.241275,131.722688,1
-22.241169,131.72272,1
-22.233333,118.333333,1
-22.233333,118.333333,1
-22.2302,130.9842,1
-22.229167,119.009167,1
-22.229167,119.009167,1
-22.229167,119.009167,1
-22.228611,114.035,1
-22.226389,118.975556,1
-22.223056,118.955278,1
-22.216667,125.05,1
-22.210601,131.580818,1
-22.210278,114.513889,1
-22.210278,114.513889,1
-22.210278,114.513889,1
-22.210278,114.513889,1
-22.210166,131.580734,1
-22.208582,131.281276,1
-22.20856,134.11125,1
-22.20856,134.11125,1
-22.20856,134.11125,1
-22.2076,131.0649,1
-22.206667,114.622778,1
-22.206667,114.622778,1
-22.20079,131.555987,1
-22.200738,131.5558,1
-22.199167,115.548611,1
-22.199167,115.548611,1
-22.199167,115.548611,1
-22.199167,115.548611,1
-22.19,115.551667,1
-22.19,115.551667,1
-22.189989,131.544478,1
-22.188611,115.553611,1
-22.188611,115.553611,1
-22.188611,115.553611,1
-22.188433,133.994458,1
-22.188433,133.994458,1
-22.188433,133.994458,1
-22.187798,133.946257,1
-22.187798,133.946257,1
-22.187798,133.946257,1
-22.187798,133.946257,1
-22.187223,134.024803,1
-22.187223,134.024803,1
-22.179197,131.523102,1
-22.179091,131.523187,1
-22.178889,114.479444,1
-22.178889,114.479444,1
-22.178889,114.479444,1
-22.178889,114.479444,1
-22.178889,114.479444,1
-22.178581,131.421275,1
-22.169722,115.560833,1
-22.168611,115.572222,1
-22.168611,115.572222,1
-22.168611,115.572222,1
-22.166667,118.333333,1
-22.1649148,114.4788882,1
-22.164444,114.473611,1
-22.157778,114.528611,1
-22.154425,131.454883,1
-22.152325,131.452803,1
-22.151944,113.995,1
-22.151667,119.016111,1
-22.151395,131.451074,1
-22.150903,131.45039,1
-22.150747,131.450319,1
-22.150556,113.997778,1
-22.150556,113.997778,1
-22.15,133.4,1
-22.15,133.4,1
-22.15,133.4,1
-22.15,133.4,1
-22.15,133.4,1
-22.15,133.4,1
-22.15,133.4,1
-22.135278,115.688889,1
-22.1333,131.5167,1
-22.1333,131.5167,1
-22.1333,131.5167,1
-22.1333,131.5167,1
-22.1333,131.5167,1
-22.117778,119.877222,1
-22.117778,119.877222,1
-22.117778,119.877222,1
-22.101667,115.307222,1
-22.101667,115.307222,1
-22.0975,114.011111,1
-22.0975,114.011111,1
-22.094722,119.753333,1
-22.094722,119.753333,1
-22.091389,115.621389,1
-22.088056,114.000833,1
-22.088056,114.000833,1
-22.088056,114.000833,1
-22.086667,114.668889,1
-22.085278,119.703611,1
-22.078889,118.977778,1
-22.078889,118.977778,1
-22.078889,118.977778,1
-22.068889,118.978611,1
-22.062176,131.336612,1
-22.061624,131.336535,1
-22.059993,131.336306,1
-22.057778,114.015278,1
-22.0575,115.452222,1
-22.053611,114.021667,1
-22.05,130.1,1
-22.05,130.1,1
-22.05,130.1,1
-22.041389,114.052222,1
-22.041389,114.052222,1
-22.041389,114.052222,1
-22.041389,114.052222,1
-22.041389,114.052222,1
-22.041389,114.052222,1
-22.041389,114.052222,1
-22.034885,131.320535,1
-22.034795,131.320859,1
-22.025,118.985,1
-22.01667,113.93333,1
-22,114,1
-22,114,1
-22,114,1
-22,114,1
-22,114,1
-21.99435,131.299814,1
-21.992363,131.298924,1
-21.982778,113.936111,1
-21.966667,115.976111,1
-21.966667,115.976111,1
-21.966667,115.976111,1
-21.966667,120.116667,1
-21.966667,120.116667,1
-21.965278,120.1225,1
-21.958889,120.133611,1
-21.951111,116.465278,1
-21.95,115.8875,1
-21.948333,116.463611,1
-21.948333,116.463611,1
-21.948056,115.83,1
-21.948056,115.83,1
-21.941389,116.453889,1
-21.941389,116.453889,1
-21.941389,116.453889,1
-21.94,118.960833,1
-21.922222,121.131944,1
-21.918056,115.723333,1
-21.916667,113.980556,1
-21.913056,115.717222,1
-21.91173,131.246827,1
-21.911326,131.246742,1
-21.911234,131.246762,1
-21.898333,115.703611,1
-21.896826,131.237327,1
-21.887878,131.233187,1
-21.883333,115.161389,1
-21.883333,115.161389,1
-21.883333,115.161389,1
-21.883333,114.016667,1
-21.875833,115.154722,1
-21.865278,120.126944,1
-21.865278,120.126944,1
-21.856389,116.347222,1
-21.856389,116.347222,1
-21.841667,115.5825,1
-21.836389,114.098333,1
-21.835833,114.132222,1
-21.821667,118.868889,1
-21.8125,114.1125,1
-21.8,114.15,1
-21.8,114.15,1
-21.8,114.15,1
-21.791389,115.464167,1
-21.791389,115.464167,1
-21.791389,115.464167,1
-21.780833,116.245278,1
-21.779167,115.248333,1
-21.779167,115.248333,1
-21.779167,115.248333,1
-21.778889,115.366944,1
-21.778889,115.366944,1
-21.778889,115.366944,1
-21.776667,114.872222,1
-21.776667,114.872222,1
-21.776667,114.872222,1
-21.772222,117.273889,1
-21.772222,117.273889,1
-21.772222,117.273889,1
-21.766667,125.65,1
-21.765803,133.471962,1
-21.765803,133.471962,1
-21.765803,133.471962,1
-21.755485,131.134508,1
-21.75,125.666667,1
-21.75,125.666667,1
-21.75,125.666667,1
-21.75,125.666667,1
-21.75,125.666667,1
-21.742456,131.128225,1
-21.733611,118.835556,1
-21.733611,118.835556,1
-21.733333,115.808056,1
-21.733333,116.25,1
-21.733333,115.808056,1
-21.730833,115.097778,1
-21.730833,115.097778,1
-21.730833,115.097778,1
-21.728611,115.040556,1
-21.716667,122.233333,1
-21.716667,122.233333,1
-21.716667,122.233333,1
-21.716667,122.233333,1
-21.716667,122.233333,1
-21.716667,122.233333,1
-21.716667,122.233333,1
-21.716667,122.233333,1
-21.716667,122.233333,1
-21.716667,122.233333,1
-21.716667,122.233333,1
-21.716667,122.233333,1
-21.716667,122.233333,1
-21.716667,122.233333,1
-21.716667,122.233333,1
-21.716667,122.233333,1
-21.716667,122.233333,1
-21.716667,122.233333,1
-21.716667,122.233333,1
-21.716667,122.233333,1
-21.716667,122.233333,1
-21.716667,122.233333,1
-21.716667,122.233333,1
-21.716667,122.233333,1
-21.716667,122.233333,1
-21.716667,122.233333,1
-21.714167,117.775556,1
-21.7125,120.5625,1
-21.712381,131.113067,1
-21.710833,116.765833,1
-21.708333,116.765833,1
-21.708333,116.765833,1
-21.6975,121.675278,1
-21.695833,119.054167,1
-21.693056,121.658056,1
-21.689167,115.843056,1
-21.689167,115.843056,1
-21.681667,121.633611,1
-21.681111,121.641389,1
-21.679722,118.892222,1
-21.677222,116.975,1
-21.677222,116.975,1
-21.677222,116.975,1
-21.677222,116.975,1
-21.674167,117.430833,1
-21.672778,116.725278,1
-21.672778,116.725278,1
-21.672778,116.725278,1
-21.672778,116.725278,1
-21.672778,116.725278,1
-21.672778,116.725278,1
-21.672778,116.725278,1
-21.670833,119.041667,1
-21.670833,119.041667,1
-21.670833,119.041667,1
-21.670833,119.041667,1
-21.670833,119.041667,1
-21.670833,119.041667,1
-21.670833,119.041667,1
-21.670833,119.041667,1
-21.670833,119.041667,1
-21.670833,119.041667,1
-21.670833,119.041667,1
-21.670833,119.041667,1
-21.670833,119.041667,1
-21.670833,119.041667,1
-21.670833,119.041667,1
-21.670833,119.041667,1
-21.670833,119.041667,1
-21.670833,119.041667,1
-21.670833,119.041667,1
-21.670833,119.041667,1
-21.670833,119.041667,1
-21.6667,121.5833,1
-21.666667,121.583333,1
-21.666667,121.583333,1
-21.666667,121.583333,1
-21.658333,116.272222,1
-21.658333,116.272222,1
-21.658333,121.553889,1
-21.655707,133.413365,1
-21.655707,133.413365,1
-21.655707,133.413365,1
-21.650833,139.922778,1
-21.648889,121.558333,1
-21.647778,121.715556,1
-21.633333,118.933333,1
-21.6333,115.95,1
-21.627222,116.445833,1
-21.623611,118.953056,1
-21.623611,118.953056,1
-21.623611,118.953056,1
-21.621944,116.389722,1
-21.620833,118.954167,1
-21.620833,118.954167,1
-21.616667,118.95,1
-21.616667,118.95,1
-21.616667,118.95,1
-21.616667,118.95,1
-21.616667,118.95,1
-21.616667,117.588889,1
-21.616667,118.95,1
-21.615598,129.151289,1
-21.611667,118.955556,1
-21.611667,118.955556,1
-21.611667,118.955556,1
-21.611667,118.955556,1
-21.611667,118.955556,1
-21.611667,118.955556,1
-21.611667,118.955556,1
-21.611667,118.955556,1
-21.611667,118.955556,1
-21.611667,118.955556,1
-21.611111,119.030556,1
-21.611111,119.030556,1
-21.609722,118.987778,1
-21.609722,119.021389,1
-21.609722,118.987778,1
-21.609722,119.021389,1
-21.609722,118.987778,1
-21.609722,118.987778,1
-21.609722,118.987778,1
-21.609722,118.987778,1
-21.609722,119.021389,1
-21.609722,119.021389,1
-21.609722,119.021389,1
-21.609722,119.021389,1
-21.609722,119.021389,1
-21.609722,118.987778,1
-21.609722,118.962222,1
-21.609722,118.962222,1
-21.609722,118.962222,1
-21.609722,119.021389,1
-21.609722,119.021389,1
-21.609722,119.021389,1
-21.609722,119.021389,1
-21.609722,118.987778,1
-21.609444,118.974444,1
-21.609444,118.974444,1
-21.609444,118.974444,1
-21.609444,118.974444,1
-21.609444,118.974444,1
-21.609444,118.974444,1
-21.609444,118.974444,1
-21.609444,118.974444,1
-21.609444,118.974444,1
-21.609444,118.974444,1
-21.609444,118.974444,1
-21.609444,118.974444,1
-21.609444,118.974444,1
-21.608333,118.958333,1
-21.608333,118.958333,1
-21.606944,119.039722,1
-21.606944,119.039722,1
-21.605556,119.070833,1
-21.605556,119.070833,1
-21.605556,119.070833,1
-21.605556,119.070833,1
-21.604167,117.0775,1
-21.602778,118.966667,1
-21.5986,129.134621,1
-21.598598,129.134619,1
-21.598598,129.134619,1
-21.598598,129.134619,1
-21.598598,129.134619,1
-21.593056,119.077778,1
-21.593056,119.077778,1
-21.593056,119.077778,1
-21.593056,119.077778,1
-21.593056,119.077778,1
-21.593056,119.077778,1
-21.593056,119.077778,1
-21.591667,119.079167,1
-21.591667,119.079167,1
-21.591667,119.079167,1
-21.591667,119.079167,1
-21.591667,119.079167,1
-21.591667,119.079167,1
-21.591667,119.079167,1
-21.591667,119.079167,1
-21.591667,119.079167,1
-21.591667,119.079167,1
-21.591667,119.079167,1
-21.591667,119.079167,1
-21.591667,119.079167,1
-21.591667,119.079167,1
-21.591667,119.079167,1
-21.591667,119.079167,1
-21.583333,117.066667,1
-21.583333,117.066667,1
-21.583333,117.066667,1
-21.583333,117.066667,1
-21.583333,117.066667,1
-21.583333,117.066667,1
-21.583333,117.066667,1
-21.544444,118.933333,1
-21.5333,133.8833,1
-21.5333,133.8833,1
-21.53,133.88,1
-21.53,133.88,1
-21.53,133.88,1
-21.53,133.88,1
-21.53,133.88,1
-21.53,133.88,1
-21.53,133.88,1
-21.53,133.88,1
-21.53,133.88,1
-21.53,133.88,1
-21.53,133.88,1
-21.51667,130.98333,1
-21.51667,130.98333,1
-21.51667,130.98333,1
-21.51667,130.98333,1
-21.505833,119.419444,1
-21.487416,135.164086,1
-21.487416,135.164086,1
-21.483333,121.016667,1
-21.4777,135.0412,1
-21.4776,134.9568,1
-21.4776,134.9568,1
-21.4776,134.9568,1
-21.458333,118.725833,1
-21.458333,118.725833,1
-21.458333,118.725833,1
-21.458333,118.725833,1
-21.458333,118.725833,1
-21.458333,118.725833,1
-21.431578,130.932129,1
-21.431389,130.932204,1
-21.426389,119.553056,1
-21.426389,119.553056,1
-21.426389,119.553056,1
-21.418576,132.081262,1
-21.416667,118.916667,1
-21.407778,120.071389,1
-21.405556,117.114167,1
-21.400833,118.709167,1
-21.4,117.4,1
-21.383333,116.158333,1
-21.376111,119.373611,1
-21.376111,119.373611,1
-21.358598,129.081287,1
-21.358598,129.081287,1
-21.356111,117.128333,1
-21.356111,117.128333,1
-21.35,124.733333,1
-21.348579,131.667935,1
-21.342587,133.9575,1
-21.342587,133.9575,1
-21.342587,133.9575,1
-21.342587,133.9575,1
-21.342587,133.9575,1
-21.342587,133.9575,1
-21.33,117.188889,1
-21.326111,120.970556,1
-21.326111,120.970556,1
-21.324722,118.863333,1
-21.316944,120.24,1
-21.300278,120.235556,1
-21.3,120.066667,1
-21.295556,121.263889,1
-21.288889,120.471944,1
-21.28465,134.22249,1
-21.28465,134.22249,1
-21.284016,133.97312,1
-21.28333,130.76667,1
-21.271667,120.585278,1
-21.259722,118.815,1
-21.25,116.127778,1
-21.25,116.127778,1
-21.248576,132.051261,1
-21.248575,132.617914,1
-21.248575,132.081261,1
-21.248573,132.421258,1
-21.248571,132.617926,1
-21.244722,120.3225,1
-21.244722,120.3225,1
-21.244722,120.3225,1
-21.244722,120.3225,1
-21.244722,120.3225,1
-21.244722,120.3225,1
-21.244722,120.3225,1
-21.244722,120.3225,1
-21.244722,120.3225,1
-21.244722,120.3225,1
-21.244722,120.3225,1
-21.228889,120.425833,1
-21.22414,134.219617,1
-21.22414,134.219617,1
-21.22414,134.219617,1
-21.22414,134.219617,1
-21.22414,134.219617,1
-21.22414,134.219617,1
-21.22414,134.219617,1
-21.22414,134.219617,1
-21.22414,134.219617,1
-21.22414,134.219617,1
-21.22414,134.219617,1
-21.22414,134.219617,1
-21.22414,134.219617,1
-21.22414,134.219617,1
-21.223333,120.425833,1
-21.203889,120.473056,1
-21.203889,120.473056,1
-21.203889,120.473056,1
-21.2,132.16667,1
-21.193581,134.002608,1
-21.18333,132.38333,1
-21.18333,133.76667,1
-21.181897,133.767907,1
-21.16667,133.76667,1
-21.165484,130.804485,1
-21.165238,133.76791,1
-21.148576,132.05126,1
-21.148574,132.251259,1
-21.148573,132.371257,1
-21.138333,117.115833,1
-21.138333,117.115833,1
-21.130394,134.229538,1
-21.128056,118.689444,1
-21.126406,134.252287,1
-21.126406,134.252287,1
-21.126406,134.252287,1
-21.126404,134.311537,1
-21.126404,134.311537,1
-21.126404,134.311537,1
-21.126404,134.311537,1
-21.126404,134.311537,1
-21.11702,134.42022,1
-21.11702,134.42022,1
-21.11702,134.42022,1
-21.115266,129.301283,1
-21.115266,129.301283,1
-21.115263,129.301278,1
-21.114722,118.851667,1
-21.114722,118.851667,1
-21.109338,134.410154,1
-21.109338,134.410154,1
-21.109338,134.410154,1
-21.108565,133.461247,1
-21.106404,134.502202,1
-21.098565,133.461247,1
-21.08706,136.85056,1
-21.08706,136.85056,1
-21.079906,134.613315,1
-21.079906,134.613315,1
-21.079906,134.613315,1
-21.079906,134.613315,1
-21.079906,134.613315,1
-21.079906,134.613315,1
-21.079906,134.613315,1
-21.079906,134.613315,1
-21.079906,134.613315,1
-21.079906,134.613315,1
-21.079906,134.613315,1
-21.07906,134.345776,1
-21.078578,131.751262,1
-21.073854,134.302326,1
-21.073854,134.302326,1
-21.071667,118.679722,1
-21.071667,118.679722,1
-21.071667,118.679722,1
-21.068597,129.181284,1
-21.065833,116.149167,1
-21.063611,118.760833,1
-21.063333,116.233611,1
-21.062896,134.357589,1
-21.061089,134.367213,1
-21.06,118.75,1
-21.06,118.75,1
-21.058412,134.261491,1
-21.052778,117.441667,1
-21.052121,134.262889,1
-21.052121,134.262889,1
-21.052121,134.262889,1
-21.050172,134.180322,1
-21.050172,134.180322,1
-21.050172,134.180322,1
-21.050172,134.180322,1
-21.050153,134.179779,1
-21.050153,134.179779,1
-21.050153,134.179779,1
-21.050153,134.179779,1
-21.050153,134.179779,1
-21.050153,134.179779,1
-21.05,132.88333,1
-21.05,134.15,1
-21.04858,131.451265,1
-21.048578,132.88458,1
-21.038629,134.588444,1
-21.036111,117.125,1
-21.036111,117.125,1
-21.036111,117.125,1
-21.036111,117.125,1
-21.035075,130.730516,1
-21.033207,134.320445,1
-21.020315,134.323082,1
-21.01667,134.18333,1
-21.015198,134.196646,1
-21.015198,134.196646,1
-21.01,118.7,1
-21.01,118.7,1
-21.008695,134.157783,1
-21.008695,134.157783,1
-21.008505,134.157334,1
-21.008505,134.157334,1
-21.008505,134.157334,1
-21.00747,134.33765,1
-21.001452,134.325919,1
-20.97848,134.369639,1
-20.975031,133.90754,1
-20.972016,134.456521,1
-20.969444,118.048333,1
-20.965633,134.412445,1
-20.965633,134.412445,1
-20.965633,134.412445,1
-20.965633,134.412445,1
-20.965633,134.412445,1
-20.965633,134.412445,1
-20.965633,134.412445,1
-20.965633,134.412445,1
-20.965633,134.412445,1
-20.965633,134.412445,1
-20.965633,134.412445,1
-20.965633,134.412445,1
-20.965633,134.412445,1
-20.965633,134.412445,1
-20.965633,134.412445,1
-20.965633,134.412445,1
-20.965298,134.412312,1
-20.965298,134.412312,1
-20.965298,134.412312,1
-20.965298,134.412312,1
-20.965298,134.412312,1
-20.965298,134.412312,1
-20.965298,134.412312,1
-20.965298,134.412312,1
-20.965208,137.584532,1
-20.965207,137.567864,1
-20.953426,130.684423,1
-20.95342,130.684456,1
-20.95,130.41667,1
-20.95,130.41667,1
-20.95,130.41667,1
-20.95,136.15,1
-20.95,130.41667,1
-20.95,130.41667,1
-20.95,130.41667,1
-20.95,130.41667,1
-20.95,117.85,1
-20.95,117.85,1
-20.95,117.85,1
-20.95,123.266667,1
-20.949264,134.398252,1
-20.949264,134.398252,1
-20.949264,134.398252,1
-20.949264,134.398252,1
-20.948595,130.417937,1
-20.948588,130.417943,1
-20.948588,130.417943,1
-20.948546,136.151219,1
-20.948546,136.151219,1
-20.948545,136.301217,1
-20.948545,136.301217,1
-20.948545,136.301217,1
-20.948545,136.301217,1
-20.948544,136.317887,1
-20.948544,136.317887,1
-20.936309,134.412774,1
-20.935556,120.876389,1
-20.935556,120.876389,1
-20.935278,119.858056,1
-20.935278,119.858056,1
-20.93333,137.06667,1
-20.93333,137.08333,1
-20.931923,130.601265,1
-20.931923,130.601265,1
-20.931916,130.601271,1
-20.931916,130.601271,1
-20.931916,130.601271,1
-20.931916,130.601271,1
-20.931916,130.601271,1
-20.931916,130.601271,1
-20.931916,130.601271,1
-20.931916,130.601271,1
-20.931916,130.601271,1
-20.931916,130.601271,1
-20.931916,130.601271,1
-20.931916,130.601271,1
-20.931916,130.601271,1
-20.931916,130.601271,1
-20.931876,136.151219,1
-20.931876,136.151219,1
-20.931869,137.067879,1
-20.931869,137.067879,1
-20.931869,137.067879,1
-20.931869,137.067879,1
-20.931869,137.084539,1
-20.931869,137.084539,1
-20.929818,134.32072,1
-20.920924,134.377459,1
-20.920924,134.377459,1
-20.920924,134.377459,1
-20.920924,134.377459,1
-20.920477,134.377474,1
-20.920477,134.377474,1
-20.920477,134.377474,1
-20.920477,134.377474,1
-20.920477,134.377474,1
-20.920477,134.377474,1
-20.920477,134.377474,1
-20.920477,134.377474,1
-20.920477,134.377474,1
-20.920477,134.377474,1
-20.920477,134.377474,1
-20.920477,134.377474,1
-20.920477,134.377474,1
-20.920477,134.377474,1
-20.920142,134.377435,1
-20.919722,117.861389,1
-20.919722,117.861389,1
-20.919722,117.861389,1
-20.918596,129.251282,1
-20.918588,130.421273,1
-20.918588,130.421273,1
-20.918588,130.421273,1
-20.918588,130.421273,1
-20.918579,131.581263,1
-20.916944,120.624167,1
-20.915263,130.384598,1
-20.915263,130.384598,1
-20.91,117.982778,1
-20.91,118.68,1
-20.91,118.68,1
-20.91,118.68,1
-20.9,130.41667,1
-20.9,130.41667,1
-20.9,130.41667,1
-20.898333,119.590556,1
-20.897222,116.675,1
-20.897222,116.675,1
-20.894058,130.415708,1
-20.894058,130.415708,1
-20.894058,130.415708,1
-20.894058,130.415708,1
-20.894058,130.415708,1
-20.894058,130.415708,1
-20.893092,130.415167,1
-20.893092,130.415167,1
-20.888414,134.715078,1
-20.884444,117.810833,1
-20.884444,117.810833,1
-20.883333,116.666667,1
-20.88333,130.41667,1
-20.88333,130.41667,1
-20.88333,130.41667,1
-20.88333,130.4,1
-20.883056,116.194722,1
-20.881927,130.417935,1
-20.881918,130.417942,1
-20.879571,134.32638,1
-20.879571,134.32638,1
-20.879571,134.32638,1
-20.879571,134.32638,1
-20.879123,134.325974,1
-20.87787,137.07608,1
-20.875588,130.407272,1
-20.875588,130.407272,1
-20.875588,130.407272,1
-20.875588,130.407272,1
-20.875588,130.407272,1
-20.875588,130.407272,1
-20.872588,130.411272,1
-20.871588,130.409272,1
-20.870588,130.405272,1
-20.870588,130.405272,1
-20.870588,130.405272,1
-20.870588,130.413272,1
-20.87,117.858889,1
-20.86667,130.26667,1
-20.86667,130.26667,1
-20.86667,130.38333,1
-20.86667,130.26667,1
-20.866588,130.414272,1
-20.865262,130.267938,1
-20.865259,130.267943,1
-20.865259,130.267943,1
-20.865259,130.267943,1
-20.865259,130.267943,1
-20.865259,130.267943,1
-20.865259,130.267943,1
-20.865259,130.267943,1
-20.865259,130.267943,1
-20.865259,130.267943,1
-20.865259,130.267943,1
-20.865259,130.267943,1
-20.865259,130.267943,1
-20.865259,130.267943,1
-20.865259,130.267943,1
-20.865259,130.267943,1
-20.865259,130.267943,1
-20.865259,130.267943,1
-20.865259,130.267943,1
-20.865259,130.267943,1
-20.865259,130.267943,1
-20.865259,130.267943,1
-20.865259,130.267943,1
-20.865259,130.267943,1
-20.865259,130.267943,1
-20.865259,130.267943,1
-20.865259,130.267943,1
-20.865259,130.267943,1
-20.865259,130.267943,1
-20.865259,130.267943,1
-20.865259,130.267943,1
-20.865259,130.267943,1
-20.865259,130.267943,1
-20.865259,130.267943,1
-20.865259,130.267943,1
-20.865259,130.267943,1
-20.865259,130.267943,1
-20.865259,130.267943,1
-20.865259,130.267943,1
-20.865259,130.267943,1
-20.865259,130.267943,1
-20.865259,130.267943,1
-20.865259,130.267943,1
-20.865259,130.267943,1
-20.865257,130.451272,1
-20.865257,130.451272,1
-20.865257,130.451272,1
-20.865257,130.451272,1
-20.865257,130.451272,1
-20.865115,130.403163,1
-20.864588,130.404272,1
-20.864588,130.404272,1
-20.864588,130.404272,1
-20.863587,130.417272,1
-20.863587,130.417272,1
-20.863587,130.417272,1
-20.863587,130.417272,1
-20.863587,130.417272,1
-20.863587,130.417272,1
-20.861588,130.413272,1
-20.861588,130.413272,1
-20.860556,120.820556,1
-20.859588,130.409272,1
-20.858588,130.415272,1
-20.858588,130.415272,1
-20.858588,130.415272,1
-20.856588,130.411272,1
-20.856588,130.411272,1
-20.856588,130.411272,1
-20.856588,130.411272,1
-20.856588,130.411272,1
-20.856588,130.411272,1
-20.855682,130.617233,1
-20.855682,130.617233,1
-20.855682,130.617233,1
-20.855682,130.617233,1
-20.855682,130.617233,1
-20.855682,130.617233,1
-20.855682,130.617233,1
-20.853588,130.413272,1
-20.853588,130.413272,1
-20.853588,130.413272,1
-20.853588,130.413272,1
-20.853588,130.413272,1
-20.851389,116.376667,1
-20.851389,116.376667,1
-20.85,137.85,1
-20.85,137.85,1
-20.848987,130.381176,1
-20.848987,130.381176,1
-20.848987,130.381176,1
-20.848987,130.381176,1
-20.848987,130.381176,1
-20.848987,130.381176,1
-20.848594,130.401266,1
-20.848594,130.384602,1
-20.848594,130.384602,1
-20.848594,130.401266,1
-20.848588,130.401272,1
-20.848588,130.401272,1
-20.848588,130.401272,1
-20.848588,130.401272,1
-20.848588,130.401272,1
-20.848588,130.401272,1
-20.848588,130.401272,1
-20.848588,130.401272,1
-20.848588,130.384602,1
-20.848588,130.401272,1
-20.848588,130.384602,1
-20.848588,130.384602,1
-20.848588,130.401272,1
-20.848588,130.384602,1
-20.848588,130.401272,1
-20.848588,130.401272,1
-20.848588,130.401272,1
-20.848588,130.401272,1
-20.848588,130.384602,1
-20.848588,130.384602,1
-20.848588,130.401272,1
-20.848588,130.401272,1
-20.848588,130.401272,1
-20.848588,130.384602,1
-20.848588,130.384602,1
-20.848588,130.384602,1
-20.848588,130.401272,1
-20.848588,130.384602,1
-20.844722,116.3675,1
-20.844722,116.3675,1
-20.844722,116.3675,1
-20.843,134.01312,1
-20.843,134.01312,1
-20.843,134.01312,1
-20.842778,116.366944,1
-20.842778,116.366944,1
-20.840134,137.8262,1
-20.840134,137.8262,1
-20.835278,119.671667,1
-20.835278,119.671667,1
-20.835278,119.671667,1
-20.835278,119.671667,1
-20.835278,119.671667,1
-20.835278,119.671667,1
-20.835278,119.671667,1
-20.834854,130.574573,1
-20.834854,130.574573,1
-20.834854,130.574573,1
-20.834854,130.574573,1
-20.833598,134.395659,1
-20.833598,134.395659,1
-20.833598,134.395659,1
-20.833598,134.395659,1
-20.833598,134.395659,1
-20.833598,134.395659,1
-20.833598,134.395659,1
-20.833598,134.395659,1
-20.833598,134.395659,1
-20.833598,134.395659,1
-20.83333,130.35,1
-20.83333,130.35,1
-20.83333,117.53333,1
-20.83333,117.53333,1
-20.83333,117.53333,1
-20.833005,130.573782,1
-20.833005,130.573782,1
-20.833005,130.573782,1
-20.833005,130.573782,1
-20.833005,130.573782,1
-20.833005,130.573782,1
-20.831922,130.351269,1
-20.831918,130.351272,1
-20.831918,130.351272,1
-20.831918,130.351272,1
-20.831918,130.351272,1
-20.831918,130.334603,1
-20.831918,130.351272,1
-20.831918,130.351272,1
-20.831918,130.284603,1
-20.831918,130.284603,1
-20.831918,130.284603,1
-20.829717,130.577567,1
-20.829717,130.577567,1
-20.829717,130.577567,1
-20.829717,130.577567,1
-20.829717,130.577567,1
-20.829717,130.577567,1
-20.829717,130.577567,1
-20.829717,130.577567,1
-20.829717,130.577567,1
-20.828534,137.8212,1
-20.827738,134.384554,1
-20.827259,134.384596,1
-20.827259,134.384596,1
-20.827259,134.384596,1
-20.827259,134.384596,1
-20.827259,134.384596,1
-20.827259,134.384596,1
-20.820796,134.364167,1
-20.820796,134.364167,1
-20.820796,134.364167,1
-20.820796,134.364167,1
-20.820796,134.364167,1
-20.820796,134.364167,1
-20.820667,134.363747,1
-20.820667,134.363747,1
-20.819183,134.24684,1
-20.819183,134.24684,1
-20.819183,134.24684,1
-20.818733,134.246846,1
-20.818733,134.246846,1
-20.81667,129.5,1
-20.81667,129.5,1
-20.815236,133.551241,1
-20.815234,133.551244,1
-20.815234,133.551244,1
-20.802495,130.549198,1
-20.800518,130.547856,1
-20.8,130.23333,1
-20.8,130.41667,1
-20.8,130.41667,1
-20.8,130.41667,1
-20.8,129.81667,1
-20.79859,130.234599,1
-20.798589,130.267943,1
-20.798589,130.267943,1
-20.798589,130.267943,1
-20.798588,130.351272,1
-20.798588,130.284603,1
-20.798588,130.284603,1
-20.79437,134.04903,1
-20.79437,134.04903,1
-20.79437,134.04903,1
-20.79437,134.04903,1
-20.79437,134.04903,1
-20.79391,134.04857,1
-20.79391,134.04857,1
-20.79391,134.04857,1
-20.79391,134.04857,1
-20.79391,134.04857,1
-20.793904,134.049029,1
-20.793904,134.049029,1
-20.793904,134.049029,1
-20.793904,134.049029,1
-20.79386,134.04903,1
-20.79386,134.04903,1
-20.79386,134.04903,1
-20.79386,134.04903,1
-20.79341,134.11038,1
-20.793407,134.109889,1
-20.793356,134.14181,1
-20.79295,134.10988,1
-20.79295,134.10988,1
-20.79295,134.10988,1
-20.79295,134.10988,1
-20.79295,134.10988,1
-20.79295,134.10988,1
-20.79295,134.10988,1
-20.79295,134.10988,1
-20.79295,134.10988,1
-20.79295,134.10988,1
-20.79295,134.10988,1
-20.79295,134.10988,1
-20.79295,134.10988,1
-20.79295,134.10988,1
-20.79295,134.10988,1
-20.79295,134.10988,1
-20.79295,134.10988,1
-20.79295,134.10988,1
-20.79295,134.10988,1
-20.79295,134.10988,1
-20.79295,134.10988,1
-20.79295,134.10988,1
-20.79295,134.10988,1
-20.79295,134.10988,1
-20.79295,134.10988,1
-20.79295,134.10988,1
-20.79295,134.10988,1
-20.792356,134.11521,1
-20.792356,134.11521,1
-20.790551,134.043111,1
-20.790146,134.043201,1
-20.78933,134.431114,1
-20.78834,135.21334,1
-20.78193,130.234598,1
-20.781919,130.234603,1
-20.781918,130.334602,1
-20.781918,130.334602,1
-20.781917,130.484601,1
-20.781873,136.584543,1
-20.781873,136.584543,1
-20.781873,136.584543,1
-20.781873,136.584543,1
-20.78,118.64,1
-20.777449,130.532584,1
-20.775191,130.531095,1
-20.768056,116.841944,1
-20.768056,116.841944,1
-20.766944,120.376667,1
-20.765213,136.584543,1
-20.765213,136.584543,1
-20.765213,136.584543,1
-20.765213,136.584543,1
-20.758537,130.520007,1
-20.758401,130.520134,1
-20.757551,130.519373,1
-20.757172,136.870967,1
-20.75,131.6,1
-20.75,130.28333,1
-20.748597,129.817941,1
-20.748594,129.581278,1
-20.748592,129.817946,1
-20.748573,132.421254,1
-20.748333,120.257778,1
-20.742833,130.509633,1
-20.739167,120.893889,1
-20.739167,120.893889,1
-20.736389,117.098889,1
-20.73333,135.83333,1
-20.731928,130.501266,1
-20.731917,130.50127,1
-20.731917,130.4846,1
-20.731917,130.50127,1
-20.731917,130.4846,1
-20.731917,130.50127,1
-20.731917,130.4846,1
-20.731917,130.50127,1
-20.731917,130.50127,1
-20.731878,135.83455,1
-20.731878,135.83455,1
-20.731878,135.83455,1
-20.731878,135.83455,1
-20.731878,135.83455,1
-20.731878,135.83455,1
-20.728994,130.500429,1
-20.728839,130.500586,1
-20.718768,130.493508,1
-20.716408,134.162769,1
-20.716408,134.162769,1
-20.71596,134.1628,1
-20.71451,134.14182,1
-20.713929,130.489434,1
-20.713785,130.48971,1
-20.709444,139.449444,1
-20.705578,130.482473,1
-20.705322,130.483061,1
-20.704722,120.901111,1
-20.704064,130.481212,1
-20.7,135.25,1
-20.7,135.25,1
-20.7,135.25,1
-20.7,135.25,1
-20.7,135.25,1
-20.7,135.6,1
-20.7,135.25,1
-20.7,127.8,1
-20.7,127.8,1
-20.7,118.64,1
-20.698558,135.251217,1
-20.69855,135.601222,1
-20.69855,135.601222,1
-20.69855,135.601222,1
-20.69855,135.601222,1
-20.690833,120.876944,1
-20.690529,130.4693,1
-20.690365,130.469667,1
-20.690364,130.469696,1
-20.690292,130.469654,1
-20.690038,130.469794,1
-20.689346,130.468845,1
-20.680229,130.460785,1
-20.680188,130.461054,1
-20.671111,117.081111,1
-20.671111,117.081111,1
-20.671111,117.081111,1
-20.671111,117.081111,1
-20.6711,117.0811,1
-20.6711,117.0811,1
-20.6711,117.0811,1
-20.658488,130.443043,1
-20.658337,130.443039,1
-20.657637,130.442264,1
-20.657505,130.442516,1
-20.655224,130.440111,1
-20.655116,130.440155,1
-20.63972,137.13618,1
-20.638133,130.426007,1
-20.633333,116.8,1
-20.632613,130.420961,1
-20.632613,130.420961,1
-20.632553,130.421246,1
-20.632553,130.421246,1
-20.631933,129.38461,1
-20.631925,129.384609,1
-20.631925,129.384609,1
-20.631404,130.420451,1
-20.631404,130.420451,1
-20.631404,130.420451,1
-20.631404,130.420451,1
-20.631404,130.420451,1
-20.630556,116.75,1
-20.630556,116.75,1
-20.63,116.78,1
-20.63,116.78,1
-20.63,116.78,1
-20.629541,130.418778,1
-20.628073,130.417716,1
-20.6254471,117.0638773,1
-20.625274,130.415677,1
-20.625,117.077778,1
-20.625,117.077778,1
-20.623115,130.414114,1
-20.622678,130.413811,1
-20.6197,136.9283,1
-20.6197,136.92834,1
-20.618715,130.41097,1
-20.618089,130.410529,1
-20.6167,117.1831,1
-20.61667,134.83333,1
-20.61667,134.83333,1
-20.61667,134.85,1
-20.61667,134.85,1
-20.61667,134.85,1
-20.616667,116.783333,1
-20.616667,116.783333,1
-20.616667,117.183056,1
-20.61523,134.851228,1
-20.615225,134.851229,1
-20.615224,135.017898,1
-20.615224,134.834557,1
-20.615221,135.017889,1
-20.6075,118.156667,1
-20.6075,118.156667,1
-20.6075,118.156667,1
-20.6075,118.156667,1
-20.6075,118.156667,1
-20.6,134.83333,1
-20.6,134.83333,1
-20.6,134.83333,1
-20.6,134.83333,1
-20.6,134.83,1
-20.6,134.83,1
-20.6,116.5,1
-20.598561,134.834556,1
-20.58333,120.16667,1
-20.578587,130.42127,1
-20.578587,130.42127,1
-20.578579,131.58126,1
-20.578565,133.421243,1
-20.578538,137.341203,1
-20.578538,137.351203,1
-20.57749,130.93531,1
-20.57749,130.93531,1
-20.576065,130.936576,1
-20.576065,130.936576,1
-20.568588,130.251271,1
-20.568588,130.37127,1
-20.568559,134.281235,1
-20.56667,130.33333,1
-20.56667,130.36667,1
-20.56667,130.36667,1
-20.566668,130.36667,1
-20.56578,130.23658,1
-20.56578,130.23658,1
-20.5655,130.374464,1
-20.565376,130.374614,1
-20.565259,130.36793,1
-20.565258,130.36794,1
-20.565258,130.36794,1
-20.565258,130.36794,1
-20.565258,130.35127,1
-20.565258,130.36794,1
-20.565258,130.36794,1
-20.565258,130.36794,1
-20.565258,130.36794,1
-20.565258,130.36794,1
-20.565258,130.36794,1
-20.565258,130.36794,1
-20.565258,130.35127,1
-20.565258,130.3346,1
-20.565258,130.36794,1
-20.565258,130.36794,1
-20.565258,130.36794,1
-20.565255,130.351268,1
-20.564351,130.237865,1
-20.564351,130.237865,1
-20.564351,130.237865,1
-20.564351,130.237865,1
-20.564351,130.237865,1
-20.558588,130.34427,1
-20.556834,130.349036,1
-20.554378,130.324287,1
-20.55411,130.351985,1
-20.55411,130.351985,1
-20.553056,130.36583,1
-20.55293,130.365686,1
-20.548597,129.15128,1
-20.548588,130.251271,1
-20.548588,130.251271,1
-20.548588,130.251271,1
-20.548588,130.251271,1
-20.54858,131.351262,1
-20.544708,130.037021,1
-20.544326,130.037591,1
-20.544326,130.037591,1
-20.544326,130.037591,1
-20.544326,130.037591,1
-20.54108,130.057184,1
-20.540964,130.057932,1
-20.540515,130.059445,1
-20.540515,130.059445,1
-20.540209,130.340906,1
-20.5398,130.341133,1
-20.537878,130.581309,1
-20.537878,130.581309,1
-20.537878,130.581309,1
-20.537878,130.581309,1
-20.537174,130.328366,1
-20.537174,130.328366,1
-20.536581,130.075125,1
-20.53645,130.075631,1
-20.535987,130.077458,1
-20.535544,129.937466,1
-20.533821,129.928728,1
-20.533369,130.087568,1
-20.533367,130.087599,1
-20.53333,130.33333,1
-20.53333,130.33333,1
-20.53333,130.33333,1
-20.53333,130.33333,1
-20.53333,130.33333,1
-20.53333,130.33333,1
-20.53333,130.33333,1
-20.53333,130.33333,1
-20.53333,130.33333,1
-20.53333,130.33333,1
-20.53333,130.33333,1
-20.53333,130.33333,1
-20.533226,130.087581,1
-20.532109,129.981891,1
-20.532069,129.981864,1
-20.531921,130.334595,1
-20.531918,130.3346,1
-20.531918,130.3346,1
-20.531605,130.255969,1
-20.531605,130.255969,1
-20.531605,130.255969,1
-20.53039,129.972032,1
-20.530264,130.100467,1
-20.530122,130.100403,1
-20.530089,130.260208,1
-20.529951,129.972555,1
-20.529869,130.1012,1
-20.52975,130.101664,1
-20.529486,130.289873,1
-20.529211,130.255921,1
-20.529211,130.255921,1
-20.529211,130.255921,1
-20.529211,130.255921,1
-20.529211,130.255921,1
-20.528588,130.251271,1
-20.528472,130.246561,1
-20.528466,130.246567,1
-20.528304,130.244926,1
-20.5281,130.244847,1
-20.527318,130.236599,1
-20.526799,130.231732,1
-20.526787,130.231377,1
-20.5267,130.231609,1
-20.5267,130.231609,1
-20.5267,130.231609,1
-20.526592,130.231728,1
-20.526592,130.231728,1
-20.526592,130.231728,1
-20.52596,130.223228,1
-20.525638,130.219287,1
-20.525556,118.0775,1
-20.525538,130.218353,1
-20.525536,130.218255,1
-20.52553,130.22614,1
-20.52553,130.22614,1
-20.52553,130.22614,1
-20.52553,130.22614,1
-20.52553,130.22614,1
-20.52543,130.218279,1
-20.525357,130.219268,1
-20.525262,130.218514,1
-20.52486,130.209317,1
-20.524788,130.203766,1
-20.524771,130.202904,1
-20.524591,129.931273,1
-20.524517,130.204057,1
-20.524425,130.179028,1
-20.524212,130.179012,1
-20.524186,130.164017,1
-20.524113,130.227423,1
-20.524113,130.227423,1
-20.524113,130.227423,1
-20.524065,130.163528,1
-20.523987,130.155273,1
-20.523905,130.149552,1
-20.523709,130.149537,1
-20.523655,130.144437,1
-20.523514,130.134794,1
-20.523499,130.14381,1
-20.523444,130.134759,1
-20.51935,129.933014,1
-20.518591,129.931273,1
-20.518589,130.161271,1
-20.518589,130.161271,1
-20.518589,130.161271,1
-20.518589,130.161271,1
-20.518589,130.161271,1
-20.518589,130.161271,1
-20.518589,130.161271,1
-20.518589,130.161271,1
-20.518589,130.161271,1
-20.518589,130.161271,1
-20.518589,130.161271,1
-20.518589,130.161271,1
-20.518589,130.161271,1
-20.518589,130.161271,1
-20.518589,130.161271,1
-20.518589,130.161271,1
-20.518589,130.161271,1
-20.518589,130.161271,1
-20.518589,130.161271,1
-20.518589,130.161271,1
-20.518589,130.161271,1
-20.518589,130.161271,1
-20.518589,130.161271,1
-20.518589,130.161271,1
-20.518589,130.161271,1
-20.518589,130.161271,1
-20.518589,130.161271,1
-20.518589,130.161271,1
-20.518589,130.161271,1
-20.518589,130.161271,1
-20.518589,130.161271,1
-20.518589,130.161271,1
-20.518135,129.932182,1
-20.518135,129.932182,1
-20.51443,130.68915,1
-20.51443,130.68915,1
-20.51443,130.68915,1
-20.51443,130.68915,1
-20.513001,130.690417,1
-20.5,134.48333,1
-20.5,134.48333,1
-20.498589,130.211271,1
-20.49856,134.484557,1
-20.49115,130.37682,1
-20.49115,130.37682,1
-20.49115,130.37682,1
-20.49115,130.37682,1
-20.49115,130.37682,1
-20.49115,130.37682,1
-20.49115,130.37682,1
-20.49115,130.37682,1
-20.49115,130.37682,1
-20.49115,130.37682,1
-20.49115,130.37682,1
-20.49115,130.37682,1
-20.49115,130.37682,1
-20.49115,130.37682,1
-20.49115,130.37682,1
-20.49115,130.37682,1
-20.49115,130.37682,1
-20.49115,130.37682,1
-20.49115,130.37682,1
-20.49115,130.37682,1
-20.49115,130.37682,1
-20.489726,130.378091,1
-20.489726,130.378091,1
-20.489726,130.378091,1
-20.489726,130.378091,1
-20.489726,130.378091,1
-20.488566,133.331243,1
-20.483333,116.818889,1
-20.483333,116.583333,1
-20.483333,116.583333,1
-20.483333,116.583333,1
-20.483333,116.583333,1
-20.483333,116.583333,1
-20.483333,116.583333,1
-20.483333,116.583333,1
-20.483333,116.583333,1
-20.483333,116.583333,1
-20.483333,116.583333,1
-20.483333,116.583333,1
-20.483333,116.583333,1
-20.483333,116.583333,1
-20.483333,116.583333,1
-20.483333,116.583333,1
-20.483333,116.583333,1
-20.483333,116.583333,1
-20.483333,116.583333,1
-20.483333,116.583333,1
-20.483333,116.583333,1
-20.483333,116.583333,1
-20.483333,116.583333,1
-20.483333,116.583333,1
-20.483333,116.583333,1
-20.483333,116.583333,1
-20.483333,116.583333,1
-20.48333,134.45,1
-20.481895,134.451224,1
-20.4804483,116.5947102,1
-20.478589,130.141271,1
-20.478589,130.141271,1
-20.475556,117.995278,1
-20.475556,117.995278,1
-20.474149,130.854235,1
-20.474149,130.854235,1
-20.474149,130.854235,1
-20.47,118.59,1
-20.468589,130.141271,1
-20.46667,131.75,1
-20.46667,134.45,1
-20.46667,134.45,1
-20.46667,131.75,1
-20.465233,134.451225,1
-20.455808,130.422266,1
-20.455808,130.422266,1
-20.455808,130.422266,1
-20.454722,121.397222,1
-20.45346,130.42251,1
-20.45346,130.42251,1
-20.45346,130.42251,1
-20.45346,130.42251,1
-20.45346,130.42251,1
-20.45346,130.42251,1
-20.452038,130.423783,1
-20.452038,130.423783,1
-20.452038,130.423783,1
-20.452038,130.423783,1
-20.448595,129.351277,1
-20.448594,129.491276,1
-20.448574,132.251253,1
-20.441111,120.231667,1
-20.438588,130.30127,1
-20.438588,130.30127,1
-20.438588,130.30127,1
-20.438588,130.30127,1
-20.438588,130.30127,1
-20.428859,131.544039,1
-20.420576,131.972255,1
-20.420576,131.972255,1
-20.420576,131.972255,1
-20.420576,131.972255,1
-20.420576,131.972255,1
-20.420576,131.972255,1
-20.420576,131.972255,1
-20.419576,131.975255,1
-20.419576,131.975255,1
-20.419576,131.975255,1
-20.418582,131.081263,1
-20.418579,131.581258,1
-20.418579,131.581258,1
-20.418577,131.751257,1
-20.418576,131.976255,1
-20.418576,131.978255,1
-20.418576,131.978255,1
-20.418576,131.978255,1
-20.418576,131.976255,1
-20.418576,131.976255,1
-20.418576,131.976255,1
-20.418576,131.976255,1
-20.418576,131.976255,1
-20.418576,131.976255,1
-20.418576,131.976255,1
-20.418576,131.978255,1
-20.418576,131.978255,1
-20.418576,131.978255,1
-20.418576,131.978255,1
-20.418576,131.978255,1
-20.418568,133.081245,1
-20.418567,133.251243,1
-20.418553,135.151225,1
-20.418553,135.151225,1
-20.41845,130.47352,1
-20.41845,130.47352,1
-20.41845,130.47352,1
-20.41845,130.47352,1
-20.41845,130.47352,1
-20.41845,130.47352,1
-20.417576,131.982255,1
-20.417576,131.982255,1
-20.417576,131.982255,1
-20.417576,131.982255,1
-20.417031,130.474796,1
-20.416684,130.469879,1
-20.416684,130.469879,1
-20.416667,122.15,1
-20.415576,131.972255,1
-20.415576,131.972255,1
-20.415576,131.969255,1
-20.415576,131.972255,1
-20.415576,131.972255,1
-20.415576,131.972255,1
-20.415576,131.972255,1
-20.415576,131.972255,1
-20.415576,131.972255,1
-20.415576,131.972255,1
-20.415576,131.969255,1
-20.415249,131.534589,1
-20.415249,131.567929,1
-20.415249,131.567929,1
-20.415249,131.567929,1
-20.415249,131.567929,1
-20.415249,131.534589,1
-20.415249,131.567929,1
-20.414576,131.975255,1
-20.414576,131.975255,1
-20.414576,131.975255,1
-20.414576,131.978255,1
-20.414576,131.978255,1
-20.414576,131.978255,1
-20.414576,131.978255,1
-20.414576,131.975255,1
-20.414576,131.975255,1
-20.413576,131.963255,1
-20.413576,131.981255,1
-20.413576,131.981255,1
-20.413576,131.981255,1
-20.413576,131.963255,1
-20.413576,131.981255,1
-20.413576,131.981255,1
-20.413576,131.963255,1
-20.413576,131.963255,1
-20.413576,131.963255,1
-20.413576,131.981255,1
-20.412576,131.967255,1
-20.412576,131.967255,1
-20.412576,131.967255,1
-20.411576,131.970255,1
-20.411576,131.970255,1
-20.411576,131.970255,1
-20.411576,131.970255,1
-20.411576,131.970255,1
-20.410576,131.975255,1
-20.410576,131.975255,1
-20.410576,131.975255,1
-20.410576,131.972255,1
-20.410576,131.975255,1
-20.410576,131.972255,1
-20.410576,131.975255,1
-20.410576,131.975255,1
-20.410576,131.972255,1
-20.410576,131.975255,1
-20.410576,131.975255,1
-20.410576,131.975255,1
-20.410576,131.975255,1
-20.410576,131.972255,1
-20.410576,131.972255,1
-20.410576,131.972255,1
-20.410576,131.972255,1
-20.410576,131.972255,1
-20.410576,131.972255,1
-20.4,122.133333,1
-20.4,122.133333,1
-20.4,122.133333,1
-20.4,122.133333,1
-20.4,122.133333,1
-20.4,122.133333,1
-20.4,122.133333,1
-20.398056,118.534167,1
-20.39652,129.88692,1
-20.39652,129.88692,1
-20.3925,118.923056,1
-20.3925,118.923056,1
-20.3925,118.923056,1
-20.3925,118.923056,1
-20.3925,118.923056,1
-20.3925,118.923056,1
-20.390833,119.908611,1
-20.3875,120.051667,1
-20.381876,136.217884,1
-20.381876,136.217884,1
-20.381876,136.217884,1
-20.381876,136.217884,1
-20.378596,129.231278,1
-20.368558,134.501231,1
-20.368558,134.511231,1
-20.368558,134.511231,1
-20.368558,134.501231,1
-20.368558,134.511231,1
-20.368554,135.011226,1
-20.36667,131.91667,1
-20.36526,130.051271,1
-20.365259,130.1346,1
-20.365253,131.134589,1
-20.365252,131.134592,1
-20.365252,131.134592,1
-20.365251,131.917919,1
-20.365249,131.901253,1
-20.365246,131.917925,1
-20.365246,131.917925,1
-20.365246,131.917925,1
-20.365246,131.901255,1
-20.365246,131.901255,1
-20.365246,131.917925,1
-20.365246,131.901255,1
-20.365246,131.917925,1
-20.365246,131.917925,1
-20.365246,131.917925,1
-20.365246,131.917925,1
-20.365246,131.917925,1
-20.365246,131.917925,1
-20.365246,131.917925,1
-20.365246,131.917925,1
-20.365246,131.917925,1
-20.365246,131.901255,1
-20.365246,131.901255,1
-20.365246,131.901255,1
-20.365246,131.917925,1
-20.365246,131.917925,1
-20.365246,131.917925,1
-20.365246,131.917925,1
-20.365246,131.917925,1
-20.365246,131.917925,1
-20.365216,136.217883,1
-20.365216,136.217883,1
-20.364567,130.540033,1
-20.364567,130.540033,1
-20.364567,130.540033,1
-20.358914,130.543847,1
-20.358914,130.543847,1
-20.358914,130.543847,1
-20.358914,130.543847,1
-20.358558,134.501231,1
-20.358558,134.501231,1
-20.354167,118.701111,1
-20.354167,118.701111,1
-20.348588,130.251269,1
-20.348588,130.251269,1
-20.34858,131.35126,1
-20.348576,131.917925,1
-20.348576,131.917925,1
-20.348567,133.251243,1
-20.346389,118.893056,1
-20.346389,118.893056,1
-20.346389,118.893056,1
-20.346389,118.893056,1
-20.346389,118.893056,1
-20.338589,130.211269,1
-20.338588,130.221269,1
-20.338588,130.221269,1
-20.338588,130.221269,1
-20.338588,130.221269,1
-20.338588,130.221269,1
-20.338588,130.221269,1
-20.338588,130.221269,1
-20.338588,130.221269,1
-20.335833,119.177778,1
-20.333333,127.433333,1
-20.333333,127.433333,1
-20.333333,127.433333,1
-20.333333,127.433333,1
-20.333333,127.433333,1
-20.333333,127.433333,1
-20.333333,127.433333,1
-20.333333,127.433333,1
-20.333333,127.433333,1
-20.333333,122.066667,1
-20.325556,119.210833,1
-20.324444,118.922222,1
-20.324444,118.922222,1
-20.324444,118.922222,1
-20.318589,130.201269,1
-20.318589,130.201269,1
-20.31667,131.9,1
-20.316667,118.566667,1
-20.316667,118.566667,1
-20.315246,131.901255,1
-20.315246,131.901247,1
-20.313889,122.0275,1
-20.311667,119.093889,1
-20.311667,119.093889,1
-20.311667,119.093889,1
-20.311667,119.093889,1
-20.308333,118.522222,1
-20.3,131.86667,1
-20.3,131.83333,1
-20.3,131.83333,1
-20.3,131.88333,1
-20.298581,131.817917,1
-20.29858,131.867915,1
-20.298577,131.817925,1
-20.298577,131.817925,1
-20.298577,131.867925,1
-20.298577,131.867925,1
-20.298577,131.884584,1
-20.298559,134.291232,1
-20.29318,130.02703,1
-20.29318,130.02703,1
-20.288559,134.271233,1
-20.278559,134.271232,1
-20.27684,137.12549,1
-20.261389,119.419722,1
-20.25,131.85,1
-20.248611,126.522222,1
-20.248611,126.522222,1
-20.248591,129.921271,1
-20.248582,131.051262,1
-20.24858,131.451258,1
-20.24858,131.351259,1
-20.24858,131.351259,1
-20.248577,131.751256,1
-20.248577,131.751256,1
-20.248577,131.751256,1
-20.248577,131.751256,1
-20.248577,131.751256,1
-20.248576,131.921254,1
-20.248568,133.051244,1
-20.248568,133.081244,1
-20.248567,133.151243,1
-20.23333,131.18333,1
-20.23333,131.18333,1
-20.23333,131.18333,1
-20.23333,131.18333,1
-20.23333,131.18333,1
-20.23333,131.18333,1
-20.23333,131.18333,1
-20.23333,131.18333,1
-20.218582,131.081261,1
-20.21667,131.78333,1
-20.21667,131.78333,1
-20.21667,130.06667,1
-20.2,134.4,1
-20.198562,134.401227,1
-20.19345,129.16185,1
-20.19345,129.16185,1
-20.188579,131.541257,1
-20.188579,131.541257,1
-20.184383,129.156517,1
-20.184383,129.156517,1
-20.18192,129.96794,1
-20.18192,129.96794,1
-20.178579,131.521257,1
-20.178579,131.531257,1
-20.178579,131.521257,1
-20.178579,131.541257,1
-20.178579,131.521257,1
-20.178579,131.491257,1
-20.178017,129.15685,1
-20.178017,129.15685,1
-20.17489,130.05041,1
-20.17489,130.05041,1
-20.16667,131.63333,1
-20.16667,131.63333,1
-20.16667,131.63333,1
-20.16667,131.63333,1
-20.16667,131.8,1
-20.16667,129.88333,1
-20.166667,126.7,1
-20.165218,136.001214,1
-20.165218,136.001214,1
-20.161944,119.366667,1
-20.161944,119.366667,1
-20.161944,119.366667,1
-20.161944,119.366667,1
-20.161944,119.366667,1
-20.15663,129.87208,1
-20.15663,129.87208,1
-20.15663,129.87208,1
-20.15663,129.87208,1
-20.15663,129.87208,1
-20.15663,129.87208,1
-20.15663,129.87208,1
-20.15663,129.87208,1
-20.15663,129.87208,1
-20.15646,129.61613,1
-20.155213,129.873361,1
-20.155213,129.873361,1
-20.15,134.51667,1
-20.15,134.51667,1
-20.15,134.51667,1
-20.15,134.51667,1
-20.15,134.51667,1
-20.15,134.52,1
-20.15,134.52,1
-20.15,134.52,1
-20.15,134.52,1
-20.15,134.52,1
-20.15,134.52,1
-20.148593,129.551273,1
-20.148579,131.451257,1
-20.148579,131.451257,1
-20.148579,131.451257,1
-20.148579,131.451257,1
-20.148579,131.551257,1
-20.148579,131.451257,1
-20.148568,133.051243,1
-20.148562,134.517893,1
-20.1377,129.61406,1
-20.1377,129.61406,1
-20.13333,131.6,1
-20.131875,136.35121,1
-20.131875,136.35121,1
-20.11856,134.241231,1
-20.089,136.429,1
-20.088559,134.311231,1
-20.083333,124.2,1
-20.083333,124.2,1
-20.083333,124.2,1
-20.08333,123.95,1
-20.08333,123.95,1
-20.081875,136.35121,1
-20.081875,136.35121,1
-20.081875,136.35121,1
-20.081875,136.35121,1
-20.078588,130.251267,1
-20.078588,130.251267,1
-20.078579,131.581256,1
-20.078577,131.751254,1
-20.068056,121.052778,1
-20.061567,129.653586,1
-20.061567,129.653586,1
-20.061567,129.653586,1
-20.061567,129.653586,1
-20.061567,129.653586,1
-20.053222,136.697722,1
-20.048589,130.151268,1
-20.048589,130.151268,1
-20.04858,131.351257,1
-20.048579,131.451257,1
-20.01766,129.67898,1
-20.01523,129.66624,1
-20.01209,129.66621,1
-20.010668,129.667495,1
-20.010668,129.667495,1
-20.010668,129.667495,1
-20.00967,137.00583,1
-20.00967,137.00567,1
-20.009372,129.72807,1
-20.008,130.00233,1
-19.99038,130.09748,1
-19.99038,130.09748,1
-19.99038,130.09748,1
-19.99038,130.09748,1
-19.983592,129.699271,1
-19.983333,129.716667,1
-19.98131,129.69969,1
-19.96346,129.39823,1
-19.96346,129.39823,1
-19.96346,129.39823,1
-19.96346,129.39823,1
-19.96346,129.39823,1
-19.96346,129.39823,1
-19.96346,129.39823,1
-19.96346,129.39823,1
-19.96346,129.39823,1
-19.96346,129.39823,1
-19.96346,129.39823,1
-19.96346,129.39823,1
-19.96346,129.39823,1
-19.9494,129.7056,1
-19.9494,129.7056,1
-19.94855,135.684546,1
-19.94855,135.684546,1
-19.94855,135.684546,1
-19.94855,135.684546,1
-19.947976,129.70688,1
-19.947976,129.70688,1
-19.947976,129.70688,1
-19.947976,129.70688,1
-19.918573,132.421247,1
-19.90267,129.8087,1
-19.90267,129.8087,1
-19.90267,129.8087,1
-19.90267,129.8087,1
-19.90267,129.8087,1
-19.90267,129.8087,1
-19.9,129,1
-19.9,129,1
-19.9,129,1
-19.899722,128.826944,1
-19.899722,128.826944,1
-19.8997,128.8269,1
-19.898611,128.865833,1
-19.898597,129.001276,1
-19.898597,129.001276,1
-19.898597,129.001276,1
-19.88972,129.74925,1
-19.88972,129.74925,1
-19.8892,128.86,1
-19.889167,128.86,1
-19.889167,128.86,1
-19.889167,128.86,1
-19.889167,128.86,1
-19.889167,128.86,1
-19.889167,128.86,1
-19.888303,129.750527,1
-19.888303,129.750527,1
-19.88333,136.1,1
-19.88333,136.1,1
-19.881877,136.101211,1
-19.881877,136.101211,1
-19.881877,136.101211,1
-19.881877,136.101211,1
-19.86667,136.08333,1
-19.8664,128.8461,1
-19.866389,128.846111,1
-19.865224,135.084551,1
-19.865224,135.084551,1
-19.8581,128.8503,1
-19.858056,128.850278,1
-19.856944,128.848056,1
-19.854167,136.030556,1
-19.83333,135.8,1
-19.831879,135.801214,1
-19.831879,135.801214,1
-19.78333,135.86667,1
-19.78333,135.86667,1
-19.781879,135.867883,1
-19.781879,135.867883,1
-19.746111,121.457778,1
-19.745,130.001,1
-19.745,130.001,1
-19.745,130.001,1
-19.744,130.017,1
-19.744,130.017,1
-19.744,130.017,1
-19.744,130.017,1
-19.744,130.017,1
-19.744,130.017,1
-19.744,130.017,1
-19.744,130.017,1
-19.744,130.017,1
-19.733333,120.833333,1
-19.727,130,1
-19.727,130,1
-19.727,130,1
-19.727,130,1
-19.727,130,1
-19.727,130,1
-19.727,130,1
-19.7114,135.8278,1
-19.70817,129.991,1
-19.705,129.994,1
-19.705,129.994,1
-19.705,129.994,1
-19.705,129.994,1
-19.705,129.994,1
-19.704,129.99,1
-19.704,129.985,1
-19.704,129.985,1
-19.704,129.99,1
-19.704,129.99,1
-19.704,129.99,1
-19.704,129.99,1
-19.702,129.987,1
-19.702,129.987,1
-19.702,129.987,1
-19.664722,128.885833,1
-19.664722,128.885833,1
-19.664722,128.885833,1
-19.664722,128.885833,1
-19.6647,128.8858,1
-19.6647,128.8692,1
-19.65,134.18,1
-19.65,134.18,1
-19.65,134.18,1
-19.65,134.18,1
-19.65,134.18,1
-19.65,134.18,1
-19.65,133.83333,1
-19.65,133.83333,1
-19.65,134.1833,1
-19.631944,128.875,1
-19.623056,128.860833,1
-19.61667,135.61667,1
-19.61667,135.61667,1
-19.615221,135.617884,1
-19.615221,135.617884,1
-19.615221,135.617884,1
-19.615221,135.617884,1
-19.615221,135.617884,1
-19.615221,135.617884,1
-19.60755,135.772712,1
-19.59855,135.771212,1
-19.59845,135.774512,1
-19.593333,128.861111,1
-19.593333,128.861111,1
-19.589167,128.860278,1
-19.588889,128.870278,1
-19.58745,135.807912,1
-19.58333,135.75,1
-19.578585,130.58126,1
-19.57855,135.781212,1
-19.570989,129.931144,1
-19.570989,129.931144,1
-19.548574,132.251246,1
-19.538596,129.001273,1
-19.435664,135.401339,1
-19.41859,129.921265,1
-19.418574,132.251245,1
-19.368549,136.001208,1
-19.366667,136,1
-19.348587,130.35126,1
-19.331907,132.851232,1
-19.3319,132.851239,1
-19.3319,132.851239,1
-19.3011,130.6252,1
-19.298594,129.601266,1
-19.298592,129.601266,1
-19.281,130.6094,1
-19.265215,136.534532,1
-19.265215,136.534532,1
-19.248592,129.551266,1
-19.248589,130.081262,1
-19.248589,130.081262,1
-19.248588,130.251261,1
-19.248588,130.251261,1
-19.248585,130.581258,1
-19.248581,131.251252,1
-19.248578,131.581249,1
-19.248578,131.581249,1
-19.248576,131.921246,1
-19.248575,132.081245,1
-19.248575,132.081245,1
-19.248575,132.151244,1
-19.23333,134.25,1
-19.23333,134.25,1
-19.23333,134.25,1
-19.231895,134.251223,1
-19.23189,134.251225,1
-19.2,130.13333,1
-19.2,129.75,1
-19.198572,132.511241,1
-19.178594,129.361267,1
-19.16667,131.2,1
-19.16667,134.3,1
-19.16667,130.28333,1
-19.16523,134.301224,1
-19.165228,134.301223,1
-19.148589,130.051261,1
-19.148589,130.051261,1
-19.148588,130.151261,1
-19.148588,130.151261,1
-19.148587,130.351259,1
-19.148581,131.151252,1
-19.14858,131.351251,1
-19.14858,131.351251,1
-19.148579,131.551249,1
-19.148575,132.051244,1
-19.148575,132.051244,1
-19.138561,134.151225,1
-19.115239,133.767894,1
-19.115234,133.767898,1
-19.098561,134.181224,1
-19.078593,129.421266,1
-19.068566,133.461231,1
-19.048594,129.251267,1
-19.016614,133.732425,1
-19.0099,133.7324,1
-18.9833,134.2,1
-18.9833,134.2,1
-18.9833,134.2,1
-18.9833,134.2,1
-18.904167,123.663889,1
-18.831921,131.084581,1
-18.831912,131.08458,1
-18.831912,131.08458,1
-18.78333,134.03333,1
-18.78333,134.03333,1
-18.76667,136.6,1
-18.76667,134.83333,1
-18.748594,129.251265,1
-18.748583,130.921251,1
-18.748581,131.251248,1
-18.74855,136.80119,1
-18.748544,136.801195,1
-18.736911,131.32404,1
-18.731887,134.817885,1
-18.687676,128.077425,1
-18.665264,129.234589,1
-18.665264,129.234594,1
-18.665264,129.234594,1
-18.619977,130.286296,1
-18.619977,130.286296,1
-18.498582,131.051248,1
-18.448595,129.151263,1
-18.448585,130.551252,1
-18.448581,131.151247,1
-18.448547,136.481196,1
-18.418576,131.92124,1
-18.398595,129.141263,1
-18.31667,132.16667,1
-18.248579,131.551242,1
-18.248574,132.251236,1
-18.148575,132.151236,1
-17.918569,133.081226,1
-17.908594,129.261259,1
-17.9,129.23333,1
-17.898594,129.241259,1
-17.89459,129.14443,1
-17.89459,129.14443,1
-17.54857,133.051224,1
-17.45,131.1167,1
-17.45,131.1167,1
-17.45,131.1167,1
-17.33287,133.05822,1
-17.33017,133.06722,1
-17.32357,133.07562,1
-17.31787,133.08392,1
-17.30607,133.09862,1
-17.29587,132.24792,1
-17.29577,132.23852,1
-17.29497,132.27641,1
-17.29117,132.27183,1
-16.85,132.8,1
-16.4833,130.6167,1
-16.4833,130.6167,1
