Year (BP),Minimum,5th Percentile,Median,95th Percentile,Maximum,Area Mean
20000,-7.81904229058,-4.96750238207,-3.39594429864,-1.5928674825,-0.680425516764,-3.39542065207
19990,-7.85162523058,-4.95411357456,-3.37707027859,-1.70023951213,-0.670367601183,-3.39622044629
19980,-7.7694636027,-4.86705104404,-3.18365520901,-1.7961070421,-0.658720228407,-3.29425876387
19970,-7.60605875651,-5.16225388421,-3.56090986464,-1.85135385301,-0.586145189073,-3.55730632396
19960,-7.73455047607,-5.29191267225,-3.78322719998,-1.95821884155,-0.774983723958,-3.69312005604
19950,-7.76500617133,-5.53527115716,-3.82672814263,-2.02100889418,-0.816195000543,-3.79640922252
19940,-7.66825680203,-5.84327511258,-3.99468943278,-2.03793799506,-0.639789835612,-3.9282567557
19930,-7.70071495904,-5.10035642836,-3.7847629971,-2.01427778456,-0.68778652615,-3.72198021805
19920,-7.69202931722,-5.17004549662,-3.64186079237,-1.96556296455,-0.728283521864,-3.65141286769
19910,-7.90333947076,-4.85863915337,-3.2831882053,-1.87262942844,-1.06288859049,-3.3538774982
19900,-7.92350446913,-4.91007163154,-3.30428127713,-1.69665550232,-1.06000823975,-3.3685195275
19890,-7.9368206448,-5.06081828647,-3.47693083021,-1.84000500149,-0.925603908963,-3.50284589831
19880,-7.89712999132,-5.028011144,-3.45758226183,-1.82967418247,-1.02968614366,-3.53140032343
19870,-7.769940016,-4.84511021084,-3.58262371487,-1.94979814317,-0.808897399902,-3.49102446062
19860,-7.7396045261,-4.84168464661,-3.30328080919,-1.94979033576,-0.841795179579,-3.25704739637
19850,-7.79594184028,-4.88677992927,-3.30951690674,-1.81409556919,-0.934162394206,-3.28639255584
19840,-7.87064700656,-5.08033099704,-3.35602416992,-1.77430007935,-1.0295779758,-3.3345710783
19830,-7.92742360433,-5.12630003187,-3.34877929688,-1.92944647895,-1.06105855306,-3.37144065605
19820,-7.86003282335,-5.31215391371,-3.43301289876,-2.01735658434,-1.05117289225,-3.46297695398
19810,-7.78078986274,-5.21469776577,-3.42754584418,-1.91237840441,-1.05794270833,-3.44100851826
19800,-7.6815161811,-5.11582263523,-3.44523654514,-1.86385669284,-0.969545152452,-3.46585855211
19790,-7.64071824816,-5.15591237386,-3.50367677477,-1.88134860569,-0.967094930013,-3.50920945873
19780,-7.70233222114,-5.06984208849,-3.60114101834,-1.97460822211,-0.971773444282,-3.52785923744
19770,-7.74450717502,-5.36739678277,-3.70179740058,-2.01960640801,-0.937946065267,-3.64746420436
19760,-7.83487870958,-5.19338876512,-3.68302561442,-2.01048854404,-1.05578189426,-3.57780965681
19750,-7.91547003852,-5.17833106995,-3.50179960463,-2.00980712891,-1.08939971924,-3.49267674279
19740,-7.93822937012,-5.02457930671,-3.29301418728,-1.74987317403,-1.17260521783,-3.29959687832
19730,-7.91656901042,-4.98249856737,-3.25993398031,-1.75313759698,-1.06252983941,-3.31966921177
19720,-7.79364301893,-5.23528688219,-3.61906365289,-1.89299443563,-0.989258490668,-3.58907134404
19710,-7.83066423204,-5.37864876641,-3.92549582587,-2.0280516137,-0.976007588704,-3.7888036789
19700,-7.74870588515,-5.26112284342,-3.67857708401,-1.95609812419,-1.05449812147,-3.63746986761
19690,-7.86264004178,-5.21470710754,-3.37914827135,-1.83832981533,-1.06822170681,-3.4228134383
19680,-7.80973425971,-5.03657393561,-3.35568635729,-1.52350218879,-1.06956634521,-3.33450734123
19670,-7.86530015734,-5.13450514052,-3.45375849406,-1.97448071798,-1.01491834852,-3.50861441888
19660,-7.80424109565,-5.02362204658,-3.440707567,-2.01524727715,-1.022297838,-3.44174324161
19650,-7.87201690674,-5.03056159973,-3.47507578532,-2.03429615445,-1.00906626383,-3.51374719254
19640,-8.06863861084,-4.92801378038,-3.21442303128,-2.01175941467,-1.1381890191,-3.32289768305
19630,-8.09626990424,-4.94063374837,-3.32192789714,-2.0576519182,-1.14334038628,-3.43326166779
19620,-8.20715586344,-4.95270435757,-3.22179785834,-1.76278012594,-1.2305525038,-3.31558291891
19610,-8.04710388184,-5.21965796577,-3.35717341105,-1.92376475016,-1.19446834988,-3.44320874629
19600,-8.05188412137,-5.03720052083,-3.44678649902,-2.04897898356,-1.1782764011,-3.49281888868
19590,-7.93280588786,-4.98866328769,-3.4388671875,-1.88695793152,-1.10814870199,-3.48769522791
19580,-7.79419233534,-5.12470544603,-3.7461408827,-2.06088811239,-0.994476996528,-3.68738755383
19570,-7.73068915473,-5.38778619554,-3.64386206733,-1.99181640625,-0.96090359158,-3.68595564894
19560,-7.73982001411,-5.27673873901,-3.72297490438,-1.93638827854,-1.0103108724,-3.71041215199
19550,-7.81045057509,-5.11518124051,-3.3994140625,-1.81193806118,-1.06296844482,-3.45932675233
19540,-7.7805867513,-4.90174436781,-3.44803042942,-1.90905776978,-1.04847446018,-3.41385666906
19530,-7.7974609375,-4.98350101047,-3.60037299262,-1.95098225911,-1.07035912408,-3.56536842908
19520,-7.83331875271,-5.0374494595,-3.53999404907,-1.99665338304,-1.10522121853,-3.61733272959
19510,-7.89737481011,-5.04299217224,-3.4904973348,-1.87668362088,-1.09485337999,-3.4978174658
19500,-7.91347554525,-4.96652046204,-3.34582621257,-1.8364559004,-1.17785322401,-3.36256704691
19490,-7.89518754747,-4.87377946642,-3.37140570747,-1.86195805868,-1.12088182237,-3.33464094302
19480,-7.86015370687,-5.00229929606,-3.50724080404,-1.92023641798,-1.10933414035,-3.50764276698
19470,-7.79922570123,-5.04206342909,-3.72205920749,-1.93316036648,-1.0543838501,-3.63751181535
19460,-7.77567749023,-5.18180643717,-3.79332317776,-1.99737360636,-1.05121985541,-3.76720399635
19450,-7.82128007677,-5.29922391256,-3.71640794542,-1.96180191888,-1.03255377875,-3.73842041421
19440,-7.73413085937,-5.50260142008,-3.70015979343,-1.97303461711,-0.953098212348,-3.69998213699
19430,-7.72368350559,-5.14022945828,-3.4190071106,-1.89811257256,-0.917328898112,-3.52416739744
19420,-7.7300116645,-5.08884110345,-3.45735516018,-1.93199468825,-0.943698967828,-3.50518248836
19410,-7.83693712023,-5.06914880541,-3.3693166097,-1.96826474508,-1.07581244575,-3.4051105314
19400,-7.95059848362,-5.13714492798,-3.53171225654,-1.9782424079,-1.16419898139,-3.58102855673
19390,-7.94297400581,-5.22524204678,-3.62431454129,-1.99062847561,-1.15527411567,-3.61562081891
19380,-7.83165910509,-5.25074382358,-3.83097712199,-2.00509455363,-1.06761508518,-3.75591907164
19370,-7.76794213189,-5.03982517666,-3.715087382,-1.97140551249,-1.01993560791,-3.65117895737
19360,-7.77524295383,-4.96592536926,-3.60277582804,-1.96898221334,-0.994661119249,-3.5638223717
19350,-7.84683583577,-4.85620768229,-3.29825727675,-1.88030795627,-1.06200035943,-3.3449652925
19340,-7.97903900146,-4.91647497389,-3.2170109219,-1.60760076735,-1.14328748915,-3.18878085124
19330,-7.9508843316,-4.8887437439,-3.28213907878,-1.55241236369,-1.01113857693,-3.26474277569
19320,-7.91233435737,-5.02001988729,-3.3617966546,-1.88199690925,-0.998361714681,-3.40564574783
19310,-7.79231703016,-5.26942882962,-3.85205705431,-1.99450687832,-0.882076856825,-3.77728700652
19300,-7.77941640218,-5.48605897692,-3.80576299032,-1.974698054,-0.85418548584,-3.79466913978
19290,-7.87417789035,-5.51699363708,-3.70447294447,-2.04437100728,-0.78516031901,-3.79471389276
19280,-7.81759558784,-5.30983678182,-3.54597049289,-1.99476075914,-0.989291381836,-3.68527642033
19270,-7.89148084852,-5.0042918396,-3.44359207153,-1.99047787137,-1.16577758789,-3.49920672921
19260,-8.04147559272,-5.15625436571,-3.47544165717,-1.95667618646,-1.15690799289,-3.48728029128
19250,-7.99044562446,-5.07941753811,-3.42584525214,-1.95241400825,-1.12508934869,-3.4444647684
19240,-7.83701646593,-4.9970909712,-3.53084716797,-2.02827200148,-1.11377292209,-3.51813724446
19230,-7.7438776652,-4.96759056091,-3.46751157973,-2.00070140415,-1.08604956733,-3.47757667201
19220,-7.7437886556,-5.04679092407,-3.43440365262,-1.99214629279,-1.12202097575,-3.45164207258
19210,-7.68868984646,-4.94134724087,-3.57312884861,-1.94643654717,-1.01781904433,-3.51853387252
19200,-7.72569054498,-4.96697169834,-3.49573932224,-1.93493993971,-1.01026102702,-3.49057221834
19190,-7.73705393473,-4.91271473355,-3.56497421265,-1.97771007962,-0.925230407715,-3.50570945827
19180,-7.82552744548,-5.03009105259,-3.43941777547,-1.94360056559,-1.04939659966,-3.463868041
19170,-7.87480485704,-5.05956593831,-3.50718994141,-1.97951469421,-1.05808783637,-3.51309938257
19160,-7.86643269857,-5.08882826911,-3.57254299588,-1.97598198785,-1.02067192925,-3.56418652317
19150,-7.89940202501,-5.06295267741,-3.47653359307,-1.9623846266,-0.935077921549,-3.49044320785
19140,-7.80393388536,-5.22229706658,-3.48124516805,-1.84884496053,-0.952437676324,-3.54036351227
19130,-7.78389010959,-5.12559405857,-3.4125811259,-1.92239508735,-1.04207221137,-3.47762673767
19120,-7.82675035265,-5.02053869459,-3.45691197713,-1.82609796312,-1.00942416721,-3.47001778929
19110,-7.79792836507,-4.98263549805,-3.36627248128,-1.74552997165,-0.933216179742,-3.38178988053
19100,-7.81272786458,-5.00731858995,-3.44523205227,-1.75766494751,-1.07693261041,-3.4533087688
19090,-7.78275078668,-5.29230933295,-3.69965998332,-1.94216483222,-1.04883744982,-3.63486645702
19080,-7.69751196967,-5.55224499173,-3.95528361003,-2.09722746107,-0.851039801704,-3.85538554433
19070,-7.70151807997,-5.50452763028,-3.7519176907,-2.07871220059,-0.6371254815,-3.73607236245
19060,-7.78969048394,-5.34315221998,-3.70985471937,-2.02980941772,-0.682225375705,-3.6763800534
19050,-7.66335635715,-4.89782940335,-3.40695164998,-1.84852137248,-0.771792772081,-3.46451209772
19040,-7.81276024712,-5.04084944831,-3.48993826972,-1.80205373128,-1.00419023302,-3.49003804656
19030,-7.94832339817,-5.106614151,-3.31221118503,-1.67467005412,-1.04226175944,-3.31024477583
19020,-7.99125315348,-4.98547967699,-3.3307156033,-1.7737255266,-1.21220126682,-3.31143464718
19010,-7.92643958198,-4.93670120239,-3.26756490072,-1.54099946764,-1.10033535428,-3.32203005853
19000,-7.86184675429,-4.90078219944,-3.38183992174,-1.60447734409,-1.03763817681,-3.44853932311
18990,-7.8471335517,-4.98170518663,-3.42905349731,-1.59247350057,-1.03034871419,-3.45629352738
18980,-7.90540483263,-5.11305417379,-3.40792829725,-1.75162530687,-1.11722971598,-3.39047156861
18970,-7.93107062446,-5.0600210317,-3.42789281209,-1.81897895813,-1.17508409288,-3.42113028036
18960,-7.98629235162,-4.99323361715,-3.41928795709,-1.93158596463,-1.15328114827,-3.4298385552
18950,-7.91790415446,-5.12996572706,-3.72424502903,-1.94643292745,-1.08921966553,-3.69401237746
18940,-7.8063756307,-5.3381826867,-3.61217592027,-1.95232614305,-0.970877075195,-3.68164854265
18930,-7.75692257351,-5.32161978828,-3.47122446696,-2.00030570136,-0.908567640516,-3.56621877029
18920,-7.7653555976,-5.04404446072,-3.34649412367,-1.95557215373,-0.863636610243,-3.48380023768
18910,-7.81820865207,-5.25828975254,-3.52667312622,-1.9803453064,-0.938213094076,-3.58980485616
18900,-7.7650894165,-5.67675568475,-3.90936660767,-1.99628964742,-0.847239854601,-3.91159388785
18890,-7.75289544,-5.52776711358,-3.6727341546,-1.99031847636,-0.947504848904,-3.7401833353
18880,-7.69375372993,-4.94040712992,-3.43005752563,-1.98891442193,-0.861883884006,-3.47662316435
18870,-7.71750267877,-4.86656439039,-3.35903845893,-2.00119851006,-0.790711975098,-3.40234545377
18860,-7.76797247993,-4.95196929932,-3.53059514364,-2.00630987379,-0.667469448513,-3.53936431807
18850,-7.66443040636,-5.32436706543,-3.74945831299,-2.02062932332,-0.839371914334,-3.74967319114
18840,-7.73149227566,-5.22694948832,-3.37874857585,-1.9651038954,-1.03009355333,-3.52565346858
18830,-7.83257768419,-5.03102038066,-3.1526409573,-1.93177060445,-0.975422668457,-3.33350719939
18820,-7.88797217475,-5.09561583625,-3.13926756117,-1.92926232232,-0.979102240668,-3.33286675025
18810,-7.89424235026,-5.04239589267,-3.18364817301,-1.95511210124,-0.996625434028,-3.38334573301
18800,-7.88628217909,-5.29389873081,-3.43494728936,-2.03145612081,-1.08265075684,-3.60986723441
18790,-7.68761020237,-5.069643809,-3.53344192505,-2.0248102061,-0.970376586914,-3.6167690959
18780,-7.73202599419,-5.04126104567,-3.53033192952,-2.0705323622,-0.748021443685,-3.57390635115
18770,-7.75693155924,-4.84790075514,-3.21805241903,-2.05179503547,-0.710458713108,-3.3501355119
18760,-7.64118669298,-5.04260261536,-3.27881732517,-1.98727722168,-0.730431789822,-3.40475709624
18750,-7.66645965576,-5.15298912896,-3.47276975844,-1.98875023736,-0.783325703939,-3.54650011736
18740,-7.59243808322,-5.46774158054,-3.90030432807,-2.01957720439,-0.599502563477,-3.81940381547
18730,-7.64872792562,-5.46232152303,-3.921516588,-2.00429380629,-0.569567023383,-3.79585695911
18720,-7.67510901557,-5.56295191447,-4.04536251492,-2.02960887485,-0.6968588935,-3.87689835431
18710,-7.70019632975,-5.53869909498,-3.89643775092,-2.00488890754,-0.911085001628,-3.84769442602
18700,-7.78445078532,-5.14499124315,-3.86595637004,-2.01148446825,-0.936830478244,-3.77961257889
18690,-7.81298658583,-5.00962059869,-3.45613623725,-2.00190744188,-0.917932637533,-3.54018769173
18680,-7.98173522949,-4.95058619181,-3.37409540812,-2.01627443102,-0.87301940918,-3.41126735004
18670,-8.04715576172,-4.9673540073,-3.47017415365,-2.01943083021,-0.81459520128,-3.526934114
18660,-8.10263231066,-5.0465309906,-3.44273630778,-2.07500823975,-0.880132378472,-3.53371408929
18650,-7.98348676893,-5.00510129293,-3.62966461182,-2.02470498827,-0.904673936632,-3.63490251121
18640,-7.8729256524,-4.94563557943,-3.44845157199,-2.04087675307,-0.934249538845,-3.45286105321
18630,-7.83919745551,-4.96716296726,-3.45730209351,-2.00217042711,-0.88322414822,-3.42803136543
18620,-7.88039737278,-4.92606892904,-3.36236351861,-2.01377361721,-0.882364908854,-3.4184494092
18610,-7.90972968207,-5.01363542345,-3.3755253262,-1.98521107992,-0.874631415473,-3.42956106532
18600,-7.79868231879,-5.08102432251,-3.36706381904,-2.04884233263,-0.815353393555,-3.45613162253
18590,-7.7034286499,-4.98610699124,-3.4472199334,-2.09586324056,-0.758544752333,-3.48754667964
18580,-7.74592319065,-4.75469895257,-3.22628673977,-2.01618168301,-0.718878004286,-3.35364800015
18570,-7.74045376248,-4.97811865913,-3.42175988091,-1.99497699314,-0.666407097711,-3.47864797767
18560,-7.80242123074,-4.9340270657,-3.15738525391,-1.92182896084,-0.731882052951,-3.26370203329
18550,-7.75127953423,-4.95325737847,-3.39685872396,-1.98603107876,-0.74660220676,-3.47003767514
18540,-7.74516618517,-4.99591526455,-3.51151097616,-1.9293658532,-0.794812520345,-3.51437688007
18530,-7.69969821506,-5.29304001702,-3.62955576579,-1.96419769287,-0.669743855794,-3.61762572295
18520,-7.71068962945,-5.00998764038,-3.68052139282,-1.99320300632,-0.595276557075,-3.65596942491
18510,-7.68021952311,-4.96346629673,-3.52297041151,-2.0171040429,-0.530079820421,-3.5727965974
18500,-7.63554382324,-5.00090822856,-3.47837532891,-1.99310768975,-0.477593994141,-3.5388270008
18490,-7.64733055962,-4.80347048442,-3.31999672784,-2.01714186774,-0.637541537815,-3.41503618841
18480,-7.63500349257,-4.97465250651,-3.29302707248,-1.97316500346,-0.655077616374,-3.42960825768
18470,-7.72280697293,-5.03599155002,-3.22137959798,-1.97207063463,-0.648687405056,-3.40077238212
18460,-7.70394083659,-4.97197665744,-3.25441979302,-1.97218003167,-0.669243367513,-3.38157773799
18450,-7.78490447998,-4.81998407152,-3.3666879442,-1.97392991808,-0.829726325141,-3.40592084142
18440,-7.7775765313,-4.82030454848,-3.31772842407,-1.94298508538,-0.887537807888,-3.3691071444
18430,-7.6964565701,-4.95214300368,-3.43741183811,-2.00737559001,-0.829016113281,-3.48827279735
18420,-7.71871982151,-4.85658230252,-3.395652771,-1.9539036221,-0.753508504232,-3.47901483536
18410,-7.67538825141,-5.28728256226,-3.76225467258,-1.93939912584,-0.671927049425,-3.71890368927
18400,-7.60116085476,-5.28908280267,-3.56354200575,-1.92226323446,-0.644317796495,-3.5801162731
18390,-7.48803677029,-5.16618547228,-3.45593541463,-1.88821831597,-0.484612698025,-3.48995483752
18380,-7.54679429796,-4.79272044712,-3.25279151069,-1.85080271403,-0.517931789822,-3.32806713402
18370,-7.58258955214,-4.98404481676,-3.37524261475,-1.88061930339,-0.728818766276,-3.48978625649
18360,-7.71598883735,-4.94337868585,-3.5825533549,-1.95337727017,-0.883745829264,-3.58387733244
18350,-7.69861433241,-4.90934867011,-3.62302322388,-1.94558321635,-0.858761766222,-3.58209878588
18340,-7.62320912679,-4.89998028225,-3.42732721965,-1.98458544413,-0.768513997396,-3.43357880017
18330,-7.64258626302,-4.81118320041,-3.29157892863,-1.98528798421,-0.735919189453,-3.37312924476
18320,-7.73405592177,-4.84120348612,-3.21607555813,-1.93388606601,-0.76662258572,-3.33019258521
18310,-7.83403099908,-4.72709844801,-3.32258444892,-1.905828459,-0.7693391588,-3.3531004019
18300,-7.77442881266,-5.02507399665,-3.54954274495,-1.92424847073,-0.653751627604,-3.52479141295
18290,-7.76145087348,-5.1312709554,-3.70498826769,-1.94457361857,-0.700731574164,-3.60408873204
18280,-7.67304484049,-5.20277676053,-3.73204693264,-1.92950019836,-0.688926018609,-3.66585173795
18270,-7.72872517904,-5.00940841675,-3.45517493354,-1.97223221673,-0.750389607747,-3.56289936545
18260,-7.75653025309,-4.88279280769,-3.27104966905,-1.99704288907,-0.734403483073,-3.39480890826
18250,-7.75854390462,-4.99227925618,-3.46119859484,-1.98865152995,-0.635942077637,-3.47505498808
18240,-7.71242234972,-4.92249370999,-3.28755086263,-1.9813864051,-0.624067518446,-3.39806251096
18230,-7.72752024333,-5.0198898485,-3.34362945557,-2.01470013936,-0.580947536892,-3.4913724057
18220,-7.7531668769,-4.91831176758,-3.22640491062,-1.99467181736,-0.738596259223,-3.43284129826
18210,-7.81333652072,-4.91900577969,-3.42324295044,-1.97360940721,-0.706111823188,-3.43105097462
18200,-7.76822255452,-4.76684232924,-3.23574430678,-1.93040630764,-0.718581475152,-3.34454164185
18190,-7.66679026286,-4.86490464105,-3.26508856879,-1.95015768263,-0.666577826606,-3.40498256275
18180,-7.61993408203,-5.01843176948,-3.20065188938,-1.96871266683,-0.727189466688,-3.32450354195
18170,-7.57584788005,-5.21381649441,-3.46032011244,-1.9687811025,-0.676639302572,-3.48684250544
18160,-7.52280053033,-5.22653883192,-3.54505708483,-1.9647617001,-0.605881754557,-3.54723838273
18150,-7.53099755181,-5.5926630995,-3.82161373562,-1.9558667416,-0.556703355577,-3.71828244856
18140,-7.57916090224,-5.43262661404,-3.62722210354,-1.94857187059,-0.567586602105,-3.61475079698
18130,-7.56130608453,-4.97387024773,-3.32214338515,-1.88930319892,-0.654817708333,-3.39672446485
18120,-7.63571489122,-4.83698895772,-3.44984427558,-1.98683475918,-0.723701985677,-3.4145975487
18110,-7.66075354682,-5.00268970913,-3.52978973389,-2.02426085578,-0.7562338935,-3.49374098146
18100,-7.62373419868,-4.82286663479,-3.46784659492,-2.04118284437,-0.669334750705,-3.52699649935
18090,-7.69045359294,-4.73139695062,-3.34124688043,-1.97777301364,-0.558716668023,-3.38969644373
18080,-7.69477267795,-4.73286969503,-3.2847565545,-1.99864884271,-0.454394361708,-3.38624955263
18070,-7.69701894124,-5.04256204393,-3.49449573093,-2.03538675096,-0.534155612522,-3.52199194416
18060,-7.77114885118,-5.00168591817,-3.40564303928,-2.02801376343,-0.755183749729,-3.54118873614
18050,-7.77314334446,-4.87503979153,-3.48963334825,-1.98414703369,-0.735112169054,-3.52125709043
18040,-7.79141964383,-4.69429463704,-3.0531352573,-1.92259451972,-0.74578467475,-3.17047078745
18030,-7.68518456353,-4.75288735284,-3.03977737427,-1.85064366659,-0.715026007758,-3.13681934589
18020,-7.63697306315,-4.84627656725,-2.97454401652,-1.90981103685,-0.662633260091,-3.10829274328
18010,-7.67565934923,-4.85686484443,-3.27427461412,-2.05291142782,-0.583801778158,-3.36652003687
18000,-7.71213311089,-4.82432225545,-3.28604710897,-2.01673054165,-0.584697638618,-3.39491959178
17990,-7.7372499254,-4.92010898166,-3.30935524835,-2.01502624512,-0.656573994954,-3.40832843315
17980,-7.71018490262,-4.95350930108,-3.37274661594,-2.0021167077,-0.677082485623,-3.48276377086
17970,-7.74593760173,-5.06287054274,-3.42191535102,-2.02238046434,-0.621864657932,-3.55955292578
17960,-7.69850802951,-4.75271251255,-3.22717081706,-1.95756884257,-0.596419949002,-3.36327375124
17950,-7.66473575168,-4.90322803073,-3.22098592122,-1.89687416077,-0.67879570855,-3.35108340819
17940,-7.66518554688,-4.80452522278,-3.06573994954,-1.210944536,-0.7656185574,-3.1109479969
17930,-7.63640662299,-4.91518789503,-3.20937856038,-1.68699082269,-0.752140469021,-3.29589776298
17920,-7.60505201552,-4.8198733351,-3.10196770562,-1.36470637851,-0.667915174696,-3.1140104748
17910,-7.68182339138,-4.69716379801,-3.15863342285,-1.81780348036,-0.615411207411,-3.18475246389
17900,-7.64209679498,-4.712495558,-3.02917819553,-1.76099738227,-0.659422132704,-3.13362309089
17890,-7.70065443251,-4.83809826321,-3.10487323337,-1.86831514994,-0.714776102702,-3.18605460428
17880,-7.73008202447,-5.00399024116,-3.19010221693,-1.85829438951,-0.767128160265,-3.27031284795
17870,-7.65364091661,-4.9728721873,-3.25099021064,-1.98928540548,-0.696425374349,-3.32952828956
17860,-7.63141699897,-4.83877720303,-3.36199654473,-2.10079518636,-0.586169772678,-3.40172108723
17850,-7.62556677924,-4.80375358582,-3.3919889662,-2.07499249776,-0.584460110135,-3.45730843487
17840,-7.60715654161,-4.82640789456,-3.28790478177,-1.98284084744,-0.648749118381,-3.3259807591
17830,-7.53055335151,-4.93648306105,-3.41994018555,-1.99299208747,-0.646092563205,-3.45817170771
17820,-7.54129808214,-4.8585874939,-3.20028237237,-1.99191925897,-0.553363545736,-3.34094431271
17810,-7.55852796766,-4.84481502957,-3.56726074219,-2.0163352712,-0.501097106934,-3.45587605185
17800,-7.66911400689,-4.68346431308,-3.27481036716,-2.0024223921,-0.416952175564,-3.33619292576
17790,-7.78767038981,-5.09883319431,-3.52327635023,-1.97375173781,-0.388666449653,-3.46936065384
17780,-7.89242570665,-4.91108924018,-3.50847329034,-1.9563276079,-0.307768758138,-3.49789549908
17770,-7.80796424018,-4.97053615146,-3.75082244873,-1.94404203627,-0.398200310601,-3.56289521785
17760,-7.68165740967,-5.01199422201,-3.68663067288,-1.97422049628,-0.371993170844,-3.584535005
17750,-7.62286071777,-4.98306724548,-3.57555796305,-1.91553455777,-0.371435038249,-3.5242152456
17740,-7.63873358832,-4.71153425429,-3.41901312934,-1.88610276116,-0.249433729384,-3.41059261786
17730,-7.71853196886,-4.89329758538,-3.27765774197,-1.87152938843,-0.261151462131,-3.29558794437
17720,-7.73552347819,-4.5837394121,-3.16028196547,-1.88566009521,-0.194426812066,-3.22419569834
17710,-7.83048655192,-4.59264746772,-2.86103744507,-1.85855695089,-0.190059916178,-3.02640106983
17700,-7.88369700114,-4.55155715942,-2.86473905775,-1.90181299845,-0.211935933431,-3.02936026106
17690,-7.8497338189,-4.59051324632,-2.90107650757,-1.84740436978,-0.403930833605,-3.00307594933
17680,-7.86986999512,-4.63673294915,-2.97415449354,-1.87685938517,-0.455702548557,-3.08373821114
17670,-7.79193657769,-4.62766388787,-2.97262437609,-1.82121863471,-0.384986199273,-3.10157574144
17660,-7.7912838406,-4.78114007738,-3.23109385173,-1.84289041307,-0.180670674642,-3.24000484388
17650,-7.72877875434,-5.13994921366,-3.46987330119,-1.86294809977,-0.130054897732,-3.45139454127
17640,-7.71101786296,-5.33338968913,-3.70387251112,-1.86058463203,-0.282115681966,-3.58644903362
17630,-7.73343251546,-5.58779239231,-3.62034708659,-1.87692320082,-0.148156907823,-3.61153292548
17620,-7.65327911377,-5.06120486789,-3.26232037014,-1.89946853638,-0.124684143066,-3.37568116526
17610,-7.63465372721,-4.68424710592,-3.07340672811,-1.9151198154,-0.222803582086,-3.19570173816
17600,-7.55965304905,-4.73575429281,-3.11644337972,-1.96037341648,-0.522080145942,-3.1526002051
17590,-7.61639506022,-4.80521119859,-3.32270126343,-1.94634398566,-0.455006578234,-3.31099703854
17580,-7.55855695936,-4.8562368181,-3.49592107137,-1.91784889221,-0.358861796061,-3.45175258731
17570,-7.66284315321,-4.78524509006,-3.31936509874,-1.89237124125,-0.338019307454,-3.369281724
17560,-7.68620402018,-4.70550298903,-3.1846309238,-1.8862606642,-0.315708753798,-3.22941063299
17550,-7.73314921061,-4.56947139316,-3.11985524495,-1.8651691352,-0.318729315864,-3.18359627662
17540,-7.64803144667,-4.51394330343,-3.0104850769,-1.80527194553,-0.120883009169,-3.11946441927
17530,-7.58865932888,-4.57975352817,-3.08828099569,-1.82452484131,-0.138685438368,-3.19310012539
17520,-7.59841579861,-4.53127072652,-2.9342086792,-1.80389372932,-0.056517706977,-3.09213128653
17510,-7.64138014052,-4.78971795824,-3.11586752998,-1.83369350009,-0.161692640516,-3.25765099686
17500,-7.62141113281,-5.18438031514,-3.41353632609,-1.87748458015,-0.239007059733,-3.43707885914
17490,-7.5954176161,-5.44049689399,-3.5074766371,-1.89522954305,-0.253192477756,-3.47464591869
17480,-7.52484198676,-5.49119539049,-3.4857544793,-1.83262884352,-0.0911066691081,-3.40322134666
17470,-7.55869479709,-4.93821283976,-3.23952636719,-1.77732660929,0.000861104329426,-3.28734165269
17460,-7.72442643907,-4.86056769477,-3.32880647447,-1.80330691867,0.114896477593,-3.32364080395
17450,-7.76725701226,-4.54259056091,-3.0948779636,-1.83460465325,0.0046137491862,-3.15317462127
17440,-7.853028361,-4.59829034593,-2.93352703518,-1.51381128099,0.0813381618924,-3.00960041147
17430,-7.75490163167,-4.51316435072,-2.81364695231,-1.40044281006,-0.0464648776584,-2.89724790684
17420,-7.70375450982,-4.76770520528,-3.15424643623,-1.83562530518,0.0309009128147,-3.25127060353
17410,-7.62769419352,-4.83624899122,-3.30616921319,-1.89593325297,-0.0209687974718,-3.32256948725
17400,-7.62536638048,-4.80775385539,-3.152842119,-1.85579910278,0.0637583414714,-3.24586957161
17390,-7.63138139513,-4.38937479655,-2.85432807075,-1.81583111233,0.187111409505,-2.97918182183
17380,-7.54620903863,-4.50214206272,-2.92284952799,-1.77354063246,0.126158311632,-3.00968010093
17370,-7.55688968235,-4.47408446418,-3.11091944377,-1.76612798903,0.111513604058,-3.11410084946
17360,-7.56424780952,-4.59721880595,-3.14131308662,-1.7640281762,-0.00935906304253,-3.15116678353
17350,-7.70675133599,-4.82490500556,-3.27578786214,-1.7889834849,-0.00228627522787,-3.24117704132
17340,-7.7296617296,-5.12211953057,-3.35846430461,-1.79257992215,0.13460015191,-3.34786077031
17330,-7.78381737603,-5.2292740292,-3.45743916829,-1.73636996799,0.241869947645,-3.42940826301
17320,-7.67208302816,-4.88652996487,-3.38333104451,-1.68239284092,0.375241427951,-3.24193456166
17310,-7.65401170519,-4.81162243313,-3.24134156969,-1.69963743422,0.421307203505,-3.22957456884
17300,-7.6310031467,-4.55457395766,-2.94039959378,-1.75302881877,0.451598273383,-3.04028976807
17290,-7.74473419189,-4.57445883009,-2.92027206421,-1.79115626865,0.301129659017,-2.98207963293
17280,-7.75112372504,-4.39438106113,-2.80060017904,-1.76669361538,0.105307854546,-2.8945276286
17270,-7.74264339871,-4.34149795532,-2.85063408746,-1.79901824951,0.066367594401,-2.97325115074
17260,-7.670459493,-4.75147325304,-3.06401002672,-1.73795026991,0.252763366699,-3.14248179615
17250,-7.71758100722,-4.98987749736,-3.1076874627,-1.72170365228,0.332996622721,-3.16995769079
17240,-7.72613694933,-5.05113226997,-3.1569041782,-1.7205604638,0.29582095676,-3.19181581628
17230,-7.75192701552,-4.74737462362,-3.0599073622,-1.76299161275,0.253695170085,-3.13532787623
17220,-7.74680175781,-4.35088895162,-2.84501342773,-1.69234971788,0.156589931912,-2.93475178037
17210,-7.78541039361,-4.40233334012,-2.93282207913,-1.6841665056,0.111469862196,-2.96697209602
17200,-7.88229031033,-4.52753171285,-2.91520046658,-1.70277375963,0.0125968085395,-2.96655831009
17190,-7.91620737712,-4.77191708035,-3.25559463501,-1.75258651733,0.150885518392,-3.18311165561
17180,-7.93852878147,-5.06694945441,-3.41965543959,-1.64611308628,0.365105692546,-3.31441523175
17170,-7.85393914117,-4.97765227424,-3.27120098538,-1.651904619,0.444092305501,-3.19722319605
17160,-7.82251959907,-4.81697658963,-3.13812535604,-1.5798171658,0.549920315213,-3.11164671213
17150,-7.81606004503,-4.4631600274,-2.81419754028,-1.62893832737,0.523560587565,-2.93511825546
17140,-7.79345008002,-4.75503028022,-3.14450480143,-1.61111155192,0.604051208496,-3.09956708103
17130,-7.75280456543,-4.70421440972,-3.0973306444,-1.61955232408,0.594279988607,-3.12263786691
17120,-7.68627387153,-4.42989078098,-3.01864301893,-1.6324734158,0.517597961426,-3.06060074433
17110,-7.66787058512,-4.31903810289,-2.83101408217,-1.71456531949,0.286298624674,-2.86684915165
17100,-7.61170247396,-4.29182582431,-2.69629007975,-1.70031344096,0.0643585205078,-2.81095074196
17090,-7.74936506483,-4.4723112403,-2.6322447035,-1.69049490187,0.0941012912326,-2.77889107475
17080,-7.67499864366,-4.40849687364,-2.81709501478,-1.72350143433,0.292529805501,-2.92291534778
17070,-7.76088222928,-4.64809921265,-2.90325741238,-1.64865821838,0.511379835341,-3.00817111471
17060,-7.66704271105,-4.82708156162,-3.02067582872,-1.64190209283,0.564343092177,-3.10456822947
17050,-7.79597812229,-4.53018252055,-2.93125712077,-1.65100207011,0.52407989502,-3.01989801827
17040,-7.72394527859,-4.49713712056,-2.82629013062,-1.70370979309,0.305709669325,-2.97375629669
17030,-7.74088490804,-4.40183575948,-2.72506306966,-1.68395623949,0.328019205729,-2.84207733489
17020,-7.72649637858,-4.41279905531,-2.72605158488,-1.61759557088,0.279099527995,-2.8219178887
17010,-7.76525607639,-4.20376419915,-2.39324205187,-1.26675209893,0.389239162869,-2.51542710026
17000,-7.72700263129,-4.31383652581,-2.50584784614,-1.29433891296,0.478672620985,-2.61848635215
16990,-7.6243733724,-4.39666866726,-2.71173663669,-1.37133776347,0.472190178765,-2.77538979395
16980,-7.69290059408,-4.61302458869,-3.07914827135,-1.56754129198,0.571873982747,-3.0746152572
16970,-7.71729227702,-4.70157453749,-3.27293014526,-1.59863602532,0.575536261664,-3.24400954325
16960,-7.82436353895,-4.43740820991,-2.87499194675,-1.56147866991,0.736797926161,-2.91907071643
16950,-7.68802710639,-4.62423441569,-2.89162173801,-1.48356831868,0.849856906467,-2.93832106733
16940,-7.61858300103,-4.46270357768,-2.67362009684,-1.44002833896,0.838094245063,-2.78895101943
16930,-7.53303816054,-4.80798312717,-2.97426028781,-1.50285576714,0.680081854926,-3.01082599816
16920,-7.5894809299,-4.29640001085,-2.89834365845,-1.58353136698,0.513699679905,-2.91332470826
16910,-7.57651553684,-4.14968755934,-2.62964079115,-1.60676748488,0.431794060601,-2.73893290533
16900,-7.64289330377,-4.02961247762,-2.55436426799,-1.52532206217,0.633441162109,-2.65434964041
16890,-7.57415262858,-3.95487731086,-2.45759921604,-1.43434261746,0.690177408854,-2.58099473462
16880,-7.65417073568,-4.22908431159,-2.6302883572,-1.49185559591,0.69796939426,-2.7360664153
16870,-7.58642340766,-4.05233261108,-2.46198900011,-1.57972408719,0.476564025879,-2.66196071237
16860,-7.6719640096,-4.45897569444,-2.99392742581,-1.58213144938,0.592694261339,-2.98353715687
16850,-7.66016320123,-4.50964074877,-3.10136277941,-1.53202425639,0.704249742296,-3.04315436518
16840,-7.67226850722,-4.72036760966,-3.14742516412,-1.44093858507,0.786819288466,-3.15072694894
16830,-7.58071814643,-4.54812999301,-2.89581341214,-1.44182764689,0.773267618815,-2.98243523246
16820,-7.5188434177,-4.68346466912,-3.04695324368,-1.4476097446,0.785197957357,-3.09193184881
16810,-7.47082146539,-4.5610921563,-3.09506640964,-1.48425068325,0.758295016819,-3.03825481638
16800,-7.49763336182,-4.29198976305,-2.94108030531,-1.56129870945,0.607583957248,-2.89857700094
16790,-7.52596774631,-4.20149415758,-2.65487662421,-1.54669888814,0.522322252062,-2.70770762074
16780,-7.56154869927,-4.30155613369,-2.81970180935,-1.58390828451,0.424785868327,-2.78746353631
16770,-7.53960859511,-4.1899430169,-2.78020273844,-1.53332789103,0.494304402669,-2.81329747184
16760,-7.53470492893,-4.27197277493,-2.87885818481,-1.53378173828,0.566996765137,-2.85758441711
16750,-7.59593522814,-4.13657910665,-2.64794184367,-1.50562516106,0.736515638563,-2.74490654369
16740,-7.55082550049,-4.26240214878,-2.8269466824,-1.55886439853,0.631282212999,-2.80161447421
16730,-7.55771179199,-4.08570432027,-2.66758753459,-1.37478935242,0.64103986952,-2.64137866988
16720,-7.46163448758,-4.16023674859,-2.69499486287,-1.41407434252,0.599655320909,-2.69007281153
16710,-7.57296142578,-4.20950813293,-2.52969699436,-1.37163050334,0.779358927409,-2.66573761602
16700,-7.54328613281,-4.14049019708,-2.59598982069,-1.45150261773,0.670001559787,-2.70390120518
16690,-7.56957533095,-4.15823271857,-2.59714287652,-1.54072427538,0.643301391602,-2.75612894232
16680,-7.52354888916,-4.16134000142,-2.73306850857,-1.50150577121,0.632342868381,-2.82023490066
16670,-7.5245062934,-4.42544524299,-2.76726854112,-1.44551507738,0.83088361952,-2.83139062621
16660,-7.5442392985,-4.40389007568,-2.72796791924,-1.31188637627,0.949921671549,-2.79800595172
16650,-7.4757961697,-4.13610399034,-2.55053193834,-1.37226079305,0.904226345486,-2.68978609478
16640,-7.44879133436,-4.08222489251,-2.68367097643,-1.45164239671,0.803891160753,-2.67888074174
16630,-7.40199042426,-4.30282876756,-2.72877731323,-1.46189124213,0.697083536784,-2.74703433778
16620,-7.40053795709,-4.34796417236,-2.84613588121,-1.44625940111,0.715050421821,-2.83544917689
16610,-7.46020796034,-4.41348976983,-2.8681737264,-1.46891415066,0.706737263997,-2.89735341969
16600,-7.4629474216,-4.26275108337,-2.78467195299,-1.43504437764,0.743855794271,-2.75273625228
16590,-7.46045566135,-4.11307219611,-2.51843219333,-1.43582877265,0.733964538574,-2.63622758605
16580,-7.36634741889,-3.9691228146,-2.25146882799,-1.38295619541,0.774627346463,-2.44792238491
16570,-7.34626346164,-3.95584754944,-2.26779513889,-1.36908314175,0.771624247233,-2.45880921011
16560,-7.34243520101,-3.88281478034,-2.32249340481,-1.30612804837,0.657536315918,-2.49762640718
16550,-7.34049258762,-4.09725021362,-2.70702946981,-1.50233646817,0.607266574436,-2.79261771955
16540,-7.34269917806,-4.32184529622,-2.90701370239,-1.45939659119,0.618099975586,-2.91079685654
16530,-7.33217722575,-4.50050817702,-2.92386906942,-1.41059750027,0.66455807156,-2.94605416543
16520,-7.36199493408,-4.33668832567,-2.83049375746,-1.33752577888,0.781194898817,-2.86856148349
16510,-7.34248606364,-4.15653817071,-2.6533674452,-1.31279427422,0.911828952365,-2.72952633283
16500,-7.42937333849,-4.03861634148,-2.3946202596,-1.31949797736,0.865409342448,-2.56653295184
16490,-7.46994476318,-4.08571854485,-2.28333706326,-1.28746788025,0.660116577148,-2.45836435587
16480,-7.45665774875,-3.99137376573,-2.30661146376,-1.32191742791,0.49124162462,-2.44069107516
16470,-7.47596232096,-3.9587060123,-2.16689309014,-1.153321423,0.541389804416,-2.33109638858
16460,-7.51346571181,-3.95225116306,-2.09415359497,-1.13952763875,0.698271518283,-2.25980568832
16450,-7.59214375814,-4.10002059937,-2.3138071696,-1.13036376105,0.890303887261,-2.38672726421
16440,-7.43316633436,-4.1303600057,-2.69930352105,-1.2765900845,0.885129123264,-2.65285788159
16430,-7.37030436198,-4.29802836948,-2.72390255398,-1.39472119649,0.774327935113,-2.73642438488
16420,-7.26826324463,-4.44566730075,-2.71745435927,-1.41979038662,0.671116638184,-2.77271320136
16410,-7.39080776638,-4.59141815186,-2.73746439616,-1.39488978068,0.771377563477,-2.80555168606
16400,-7.37630852593,-4.56817983839,-2.8094271342,-1.3170639801,0.888064236111,-2.85223528688
16390,-7.38931664361,-4.543142217,-2.9707701789,-1.40060418023,0.879989115397,-2.90560254782
16380,-7.39514126248,-4.27017448425,-2.78388019138,-1.35691497803,0.79419148763,-2.73986435426
16370,-7.39192979601,-4.02988883972,-2.54493272569,-1.3867730289,0.663126966688,-2.6008812499
16360,-7.3825893826,-4.02553230286,-2.40399729411,-1.3585575019,0.669396633572,-2.48581880009
16350,-7.2651087443,-4.05715448168,-2.64697155423,-1.37808965895,0.811256239149,-2.65158396859
16340,-7.27615797255,-4.55578864204,-2.76784566243,-1.31603884379,0.939175923665,-2.79011133059
16330,-7.25438503689,-4.81926867167,-3.00314890544,-1.32761611938,0.965599060059,-2.91364425631
16320,-7.2477935791,-4.70914592319,-3.04242485894,-1.35574637519,0.885851542155,-2.90384607217
16310,-7.21420288086,-4.66928572761,-2.78226632012,-1.30676961263,0.896984015571,-2.80435846712
16300,-7.31690283881,-4.30158332825,-2.36533491347,-1.15242389255,0.995890977648,-2.53031533651
16290,-7.3245751275,-4.27418518066,-2.17042032878,-1.0767873976,0.9634830051,-2.42134194354
16280,-7.28740319146,-4.36378163656,-2.40614946153,-1.23003646851,0.89026421441,-2.54706648774
16270,-7.18137274848,-4.64655390422,-2.52335417006,-1.23073072645,0.905244954427,-2.65266996788
16260,-7.25634680854,-4.77822493659,-2.60192964342,-1.15770295885,1.09452735053,-2.71926564424
16250,-7.21079678006,-4.61174584283,-2.53197852241,-1.15126258002,1.11198238797,-2.6397600939
16240,-7.23272891574,-4.00597006056,-2.46092105442,-1.13597365485,1.10425228543,-2.52806906043
16230,-7.18054368761,-4.19880210029,-2.69235577053,-1.21276249356,1.01022796631,-2.6527449273
16220,-7.22518225776,-4.17817457411,-2.69685050117,-1.2362644026,1.06487579346,-2.67416172695
16210,-7.25021074083,-4.22572545369,-2.64289974637,-1.25882749769,1.04999983046,-2.67558564038
16200,-7.27883589003,-4.37934890747,-2.41456654867,-1.18100756327,1.05778045654,-2.59278484912
16190,-7.36421169705,-4.24896091885,-2.44135869344,-1.21576848348,0.922980075412,-2.54316802074
16180,-7.353694831,-3.96282388475,-2.40715866089,-1.16390932719,0.779704793294,-2.48750501065
16170,-7.35740017361,-3.73621851603,-2.16845796373,-1.15520484077,0.752918328179,-2.31003238913
16160,-7.20957217746,-3.86621382819,-2.28968166775,-1.19584355672,0.715151638455,-2.38188096142
16150,-7.23715888129,-3.90620850457,-2.44114998711,-1.19058002048,0.842626783583,-2.45001504628
16140,-7.20330912272,-4.01402631972,-2.46102828979,-1.3198544142,0.812852308485,-2.5605540529
16130,-7.26941426595,-4.05162332323,-2.36115036011,-1.20596672058,0.844755215115,-2.45518801063
16120,-7.1323059082,-4.09862996419,-2.49830847846,-1.20359231737,0.905064731174,-2.524321603
16110,-7.09025641547,-3.83853133308,-2.31666810777,-1.03043045892,0.772867329915,-2.33598060444
16100,-7.13621826172,-3.96233341641,-2.27379252116,-1.11451201545,0.732174682617,-2.36340251579
16090,-7.19775475396,-3.85637296041,-2.08264194065,-1.13019146389,0.643011644151,-2.21317990657
16080,-7.2454820421,-3.81063260396,-2.16667031182,-1.14622165256,0.750547960069,-2.28890817514
16070,-7.18689286974,-3.64655014038,-2.03811721802,-1.02657496134,0.930556233724,-2.10890952473
16060,-7.281461419,-3.7359125434,-1.88465898302,-0.924879336887,0.952092658149,-2.080442856
16050,-7.22213643392,-3.72339812385,-1.90942170885,-0.933910412259,0.969591437446,-2.09596995607
16040,-7.20409172906,-3.80554753621,-2.2001630995,-1.02508415222,0.895691087511,-2.28341589006
16030,-7.19585588243,-3.7647998386,-2.17183778551,-1.14687796699,0.884084574382,-2.26298015424
16020,-7.18618893094,-3.82495257907,-2.23881089952,-1.07973982917,0.873739963108,-2.34725373513
16010,-7.15634714762,-4.09642695957,-2.35175764296,-1.13993547228,0.844623650445,-2.42327674522
16000,-7.09835561117,-4.12199991862,-2.35925793118,-1.15094754537,0.937649536133,-2.42340340202
15990,-7.15277489556,-3.99760807461,-2.43882344564,-1.17142403497,1.06952345106,-2.4407749125
15980,-7.09936998155,-3.78938212925,-2.10368550618,-1.11499838087,1.11376749674,-2.26283651795
15970,-7.03495517307,-3.95380421956,-2.35975002713,-1.15772597419,1.03974439833,-2.43943599322
15960,-6.99182417128,-3.86260654873,-2.34680582682,-1.05119757758,1.02402360704,-2.39010457093
15950,-6.98389299181,-3.96494692485,-2.71461588542,-0.955949774848,1.22997097439,-2.59336786086
15940,-6.92279747857,-4.18136784024,-2.72759746975,-0.867434302436,1.37167850071,-2.59890203755
15930,-6.8798892551,-4.27758121067,-2.52628902859,-0.892381091648,1.45969611274,-2.50679263264
15920,-6.93193698459,-4.41674248589,-2.47158635457,-0.924819276598,1.43481631809,-2.4877120651
15910,-6.96136389838,-4.3388414171,-2.45514967177,-0.94454510159,1.48794725206,-2.47862354995
15900,-7.05134209527,-3.99255004035,-2.52702611287,-1.10785184224,1.18702697754,-2.48635773664
15890,-7.09780493842,-3.84577253554,-2.28505554199,-1.06234447055,1.0109064738,-2.36516060425
15880,-7.16113060845,-3.80540517171,-2.17635040283,-1.03462630378,0.887195671929,-2.25324540889
15870,-7.08777754042,-3.97521408929,-2.42679451836,-1.03161150614,1.14710405138,-2.42566307582
15860,-6.93277316623,-4.32100845337,-2.63825505575,-1.04470014784,1.29535183377,-2.5582887609
15850,-6.93881462945,-4.43573686388,-2.64110794067,-0.965085873074,1.31101837158,-2.61853975596
15840,-6.90846455892,-4.25000891791,-2.55889019436,-0.970140389336,1.24767473009,-2.56287699628
15830,-7.02498524984,-4.13026974148,-2.30723859999,-0.935571780735,1.18960215251,-2.45996856053
15820,-7.04800143772,-4.41431539747,-2.56726947361,-0.946227272881,1.25714704725,-2.5531216803
15810,-7.07446543376,-4.13357258267,-2.50360861884,-0.912741156684,1.32813279894,-2.49413592645
15800,-7.07141299778,-4.01613427056,-2.31441362169,-0.908270534939,1.34557274712,-2.38594564136
15790,-6.97308807373,-3.83845562405,-2.08786977132,-0.924962539673,1.2426006741,-2.22116217995
15780,-7.0707889133,-3.87313169691,-1.92897559272,-0.813812993368,1.22932027181,-2.11908250936
15770,-7.05226101345,-4.09449241638,-2.03356781006,-0.878045221965,1.21751929389,-2.20107025643
15760,-7.02855021159,-4.22867000156,-2.50904286702,-0.923157755534,1.35387149387,-2.43966897678
15750,-6.94017045763,-4.38200024075,-2.67422409058,-0.97441212972,1.39304673937,-2.61656284174
15740,-6.95367974175,-4.19233959622,-2.71575681898,-0.983883590698,1.39268018934,-2.5847490868
15730,-7.04609035916,-3.68038631863,-2.26278796726,-1.04260606554,1.20372212728,-2.27381968827
15720,-7.04888390435,-3.42347077264,-1.82950592041,-0.919296112061,1.14676564535,-1.95369174086
15710,-7.0086807251,-3.43359505547,-1.68247528076,-0.779673131307,1.11960194906,-1.80754164724
15700,-6.99828423394,-3.40887783474,-1.72884724935,-0.927531670464,1.15463341607,-1.84842917382
15690,-7.04260321723,-3.49121183607,-1.93763783773,-1.08291625129,1.16207088894,-2.07685745977
15680,-7.09107225206,-3.67362957425,-1.84086125692,-1.01982894897,1.23174218072,-2.05633756536
15670,-7.08106079102,-3.62002144708,-1.99635009766,-0.970574408637,1.18525577121,-2.11281448079
15660,-7.01132897271,-3.56659799364,-1.84157163832,-0.903950831095,1.08145565457,-1.972329342
15650,-6.9324154324,-3.60249871148,-2.00520731608,-0.907123090956,1.10507541233,-2.08134241162
15640,-6.91262427436,-3.65235012478,-1.8446524726,-0.730610851712,1.16601155599,-2.03231410382
15630,-7.01328175863,-3.5859444597,-1.87655097114,-0.72280128479,1.24234720866,-1.97940192348
15620,-7.05837300618,-3.67418801202,-1.86854332818,-0.606453882853,1.24639773899,-1.9407740188
15610,-7.07292175293,-3.61822868347,-1.87342605591,-0.893592164781,1.32941674127,-1.99933181416
15600,-6.99779103597,-3.55568730672,-1.86268208822,-0.580315365262,1.37575514052,-1.93704604182
15590,-7.0096444024,-3.600868632,-1.87274407281,-0.829327163696,1.26431070964,-2.03295350931
15580,-7.07956458198,-3.59044326782,-1.71079856025,-0.523603261312,1.24502241347,-1.8763708701
15570,-7.03528052436,-3.61200412326,-1.98079325358,-0.820409978231,1.39190283881,-2.11322494482
15560,-7.08852030436,-3.59285423279,-1.8847134908,-0.692864507039,1.56014692518,-1.99427598503
15550,-6.97783457438,-3.6686158922,-1.95343373617,-0.706435131497,1.5639851888,-2.06215444011
15540,-6.9924460517,-3.41648430718,-1.79875005086,-0.755617234972,1.44994184706,-1.93279251603
15530,-7.00242038303,-3.41307267083,-1.6668232388,-0.589016189575,1.36806165907,-1.8741847058
15520,-7.05136142307,-3.45358336555,-1.74031177097,-0.642804955377,1.32533433702,-1.8859479743
15510,-7.08704477946,-3.46153556824,-1.71624798245,-0.723164308336,1.25883399116,-1.8825629614
15500,-7.04035593669,-3.38106341044,-1.74115846422,-0.816822569105,1.32932501899,-1.86324290973
15490,-7.04300011529,-3.40017812941,-1.72357245551,-0.745045920478,1.39128028022,-1.85430552924
15480,-6.93744150798,-3.29809677972,-1.73771243625,-0.722515182495,1.40865512424,-1.8224321611
15470,-6.90654364692,-3.50375521342,-2.02841466268,-0.777184346517,1.43253241645,-2.05211529204
15460,-6.90093248155,-3.44551158481,-2.04213053385,-0.762040608724,1.40860697428,-2.03167617045
15450,-7.06431308322,-3.78343853421,-2.05862053765,-0.715775799221,1.55253770616,-2.10407538659
15440,-7.00385233561,-3.65670555115,-1.87136221992,-0.667541758219,1.55583275689,-1.97482751997
15430,-6.92049916585,-3.57001839532,-1.80684051514,-0.804511464437,1.62329135471,-1.94862982603
15420,-6.83114200168,-3.43614482456,-1.75231433445,-0.725145865546,1.49781443278,-1.85215916027
15410,-6.90489281548,-3.43772598267,-1.68800608317,-0.777858293321,1.45481736925,-1.86621594178
15400,-6.93185475667,-3.43236690097,-1.73453021579,-0.791615388658,1.38426700168,-1.89078821783
15390,-6.90108744303,-3.51395992703,-1.98950186835,-0.850289476183,1.47968292236,-2.02603558405
15380,-6.84496443007,-3.62874470181,-2.09920188056,-0.788620520698,1.4844136556,-2.06687397521
15370,-6.91114196777,-3.80799704658,-2.16108025445,-0.780679592556,1.60716247559,-2.14070732195
15360,-6.87914445665,-3.76450132582,-2.06798070272,-0.669344397651,1.63460303413,-2.05396075151
15350,-6.91351131863,-3.50857466804,-1.76932398478,-0.693925128513,1.55757514106,-1.87602317108
15340,-6.68911098904,-3.33855660333,-1.68617706299,-0.601873016357,1.23811306424,-1.85038116863
15330,-6.37910868327,-2.93827329,-1.48399310642,-0.589241290622,0.403519524468,-1.6704103573
15320,-6.06149936252,-2.88408019172,-1.43521753947,-0.6293287913,-0.230534871419,-1.64269526082
15310,-5.95086093479,-2.8539148034,-1.49292187161,-0.680199525621,-0.306066216363,-1.62485321108
15300,-5.94481370714,-3.18056677924,-1.68275307549,-0.787553855048,-0.529088507758,-1.83598747045
15290,-5.95698225233,-3.51196831597,-2.00582487318,-0.748227132161,-0.387337917752,-2.08136540256
15280,-5.93573998345,-3.16589475844,-1.82545937432,-0.671005198161,-0.414459228516,-1.99895646675
15270,-6.00188513862,-3.20107610067,-1.75832324558,-0.667645789252,-0.402145894368,-1.87309164581
15260,-5.95889451769,-3.01887786018,-1.68334333632,-0.712006649441,-0.482685682509,-1.82512151501
15250,-6.02702619765,-3.22334928725,-1.75493842231,-0.746110331217,-0.437580532498,-1.83011268359
15240,-6.01662648519,-3.13037701077,-1.61594323052,-0.734821972317,-0.50412902832,-1.72566988792
15230,-6.07490149604,-2.80424244351,-1.38229836358,-0.672692743937,-0.486087205675,-1.56287191357
15220,-6.05661231147,-2.46896747165,-1.39737506443,-0.800886205037,-0.503204515245,-1.56755773945
15210,-6.014159139,-2.91148996989,-1.637679206,-0.751306932237,-0.440474446615,-1.77310557085
15200,-5.97803412543,-3.01921318902,-1.66205639309,-0.733765445285,-0.466133287218,-1.74778137054
15190,-5.94970567491,-2.96463842604,-1.44121144613,-0.746313120524,-0.0684816148546,-1.63094768299
15180,-5.92095625136,-2.63543167962,-1.45331743028,-0.753903444078,0.00125918918186,-1.59506217612
15170,-5.91863098145,-2.22044272529,-1.23601294623,-0.476849534776,0.342765977648,-1.40074904451
15160,-5.90687730577,-2.38733089023,-1.33240449693,-0.612977820502,-0.145099894206,-1.51653187879
15150,-5.93029412164,-2.67877187093,-1.27511020237,-0.662003292508,-0.188021850586,-1.51617952091
15140,-5.90566745334,-2.76582316928,-1.54447106255,-0.693872884115,-0.510990905762,-1.65859674832
15130,-5.86327955458,-2.69884105259,-1.50064366659,-0.636065300836,-0.440606858995,-1.61411015955
15120,-5.89761199951,-2.60567738851,-1.51267937554,-0.687963731554,-0.490981207954,-1.61968401181
15110,-5.97324879964,-2.67862731086,-1.48552195231,-0.593699476454,-0.349725511339,-1.61773733904
15100,-5.9549331665,-2.61944115533,-1.46166653103,-0.610764863756,-0.350040520562,-1.55188941299
15090,-5.93228183322,-2.64793154399,-1.34037416246,-0.582041286892,-0.253490702311,-1.50248862784
15080,-5.81396891276,-3.10577283223,-1.40947647095,-0.644257651435,-0.277960713704,-1.64081485097
15070,-5.8433174981,-3.06712886386,-1.41576605903,-0.570933227539,-0.232293701172,-1.63590614488
15060,-5.84447784424,-3.29539087931,-1.44703436957,-0.543893703885,-0.230344136556,-1.73251752632
15050,-5.82227444119,-2.78459620158,-1.38349541558,-0.547701026069,-0.279056294759,-1.5562551084
15040,-5.93184441461,-2.53764049954,-1.36519402398,-0.579587504069,-0.306691657172,-1.52413827243
15030,-5.91166110569,-2.18944755554,-1.15566414727,-0.499607798258,-0.093504163954,-1.28757451981
15020,-5.98883955214,-2.22486638387,-1.13109893799,-0.573021257189,-0.408264668783,-1.32058581261
15010,-5.89027201335,-2.31775518629,-1.2866967943,-0.520673192342,-0.0288862440321,-1.3963232818
15000,-5.8017010159,-2.63777944777,-1.38309987386,-0.602192738851,-0.361611599392,-1.56390901844
14990,-5.74499732123,-2.88991004096,-1.38731358846,-0.64392545912,-0.414827982585,-1.61099159445
14980,-5.72818908691,-2.86371310764,-1.54169158936,-0.716435114543,-0.278908454047,-1.69290288208
14970,-5.76057044135,-2.78959480286,-1.58757527669,-0.762774649726,-0.583205329047,-1.72736127418
14960,-5.71270734999,-2.71604182773,-1.49442715115,-0.728437754313,-0.6414126926,-1.64426839533
14950,-5.68665059408,-2.81610293918,-1.3777853224,-0.559080819024,-0.325405375163,-1.57518526357
14940,-5.68860151503,-2.77080253601,-1.36032265557,-0.639862552219,-0.440354580349,-1.57744901915
14930,-5.7044825236,-2.72817148844,-1.55820973714,-0.723984892103,-0.48673248291,-1.65722608923
14920,-5.72532569038,-2.88503939311,-1.6298693339,-0.773243882921,-0.58035413954,-1.73806481455
14910,-5.71408674452,-2.74491134644,-1.35678066678,-0.675789091322,-0.343753899468,-1.57476251917
14900,-5.884246148,-2.8201851315,-1.53319786919,-0.584401897854,-0.441733805339,-1.65239799165
14890,-6.16027204725,-2.6159498681,-1.31365042792,-0.544108522203,-0.324135674371,-1.52609004584
14880,-6.41448330349,-2.92365348816,-1.49511617025,-0.595628000895,-0.358840772841,-1.6113648594
14870,-6.23375718859,-2.83617249383,-1.37731509738,-0.555733049181,0.149132453071,-1.52946827047
14860,-5.93445654975,-3.019185613,-1.45111728244,-0.585127317641,0.0626541137695,-1.61971002963
14850,-5.80485127767,-2.74658487108,-1.17165840997,-0.50468852573,-0.0257010565864,-1.35142051653
14840,-5.84756893582,-2.62013090346,-1.02819315592,-0.260313008626,0.135741678874,-1.20339284435
14830,-5.84148525662,-2.53016733805,-0.99051683214,-0.0724420844184,0.419298129612,-1.12573638047
14820,-5.83385840522,-2.77274180094,-1.13630455865,-0.3480128479,0.283297899034,-1.3810138332
14810,-5.64642520481,-2.92962105645,-1.27139782376,-0.491768273248,-0.126715426975,-1.5233984712
14800,-5.71159193251,-3.0344099172,-1.359393141,-0.6467026435,-0.329055616591,-1.63427327353
14790,-5.72308654785,-3.05194804721,-1.20885857476,-0.551728947957,-0.33827395969,-1.57370275476
14780,-5.79517873128,-3.12766596476,-1.32115368313,-0.55094710456,-0.325131056044,-1.60826969692
14770,-5.72087334527,-2.98978069729,-1.40134116279,-0.557658021715,-0.349598354763,-1.59648991078
14760,-5.74877522786,-2.97750421312,-1.44388037788,-0.548337665134,-0.324890306261,-1.59976732538
14750,-5.75656094021,-2.66225230747,-1.37165857951,-0.534668977525,-0.335431416829,-1.45557029883
14740,-5.82036963569,-2.65630701701,-1.2803560045,-0.585925309923,-0.389186943902,-1.41830375154
14730,-5.82648383247,-2.72596074422,-1.28273179796,-0.564748314752,-0.373498196072,-1.42173951828
14720,-5.79683346219,-2.70707357619,-1.17011922201,-0.46732143826,-0.338171047635,-1.32267065133
14710,-5.7515109592,-2.56121573554,-1.10482847426,-0.431676932441,-0.177069769965,-1.31680356705
14700,-5.7053109063,-2.64969607035,-1.29980350071,-0.628984061347,-0.279772779677,-1.50534037544
14690,-5.76108042399,-2.93790540907,-1.5162367079,-0.667650316026,-0.520901319716,-1.6865446214
14680,-5.79309828016,-2.84490104675,-1.40077311198,-0.683682852851,-0.463023037381,-1.56033256066
14670,-5.73184543186,-2.39440024482,-1.04361546834,-0.313005608453,-0.0354600694444,-1.18430115889
14660,-5.62437099881,-2.26426064385,-0.977151489258,-0.182990934584,0.384940931532,-1.13315693243
14650,-5.56949954563,-1.96394104852,-0.909053293864,-0.16775332133,0.418385145399,-1.04330160869
14640,-5.55176968045,-2.23731035021,-1.06214760674,-0.479108963013,-0.0151592678494,-1.23470105176
14630,-5.54824167887,-2.09596065945,-1.030866411,-0.565757581923,-0.128224690755,-1.20430424667
14620,-5.46583980984,-2.35373282539,-1.05333675808,-0.508464185927,-0.14095425076,-1.25954013202
14610,-5.4333029853,-2.31433216519,-1.01324267917,-0.305018768311,0.200130377875,-1.18526764625
14600,-5.40743086073,-2.2589168379,-1.04419504801,-0.258031946818,0.314333089193,-1.18075369711
14590,-5.39474199083,-2.07665374756,-1.04373991225,-0.409235492282,0.0911648220486,-1.16937273542
14580,-5.37973632812,-2.1462291548,-1.1785291036,-0.731096259223,-0.410406494141,-1.3784232824
14570,-5.42810024685,-2.20146153768,-1.24062830607,-0.699655804104,-0.533071390788,-1.3759273115
14560,-5.48304443359,-2.57800817702,-1.46409776476,-0.818975109524,-0.705124409993,-1.57218214741
14550,-5.45916341146,-2.54153678894,-1.31584472656,-0.812732001411,-0.655918545193,-1.50234837828
14540,-5.45736931695,-2.37808592902,-1.24937286377,-0.81020143297,-0.573550245497,-1.44946613597
14530,-5.60645751953,-2.32342189365,-1.14796379937,-0.686409539117,-0.432139926487,-1.36707271762
14520,-5.79075164795,-1.94264795939,-1.09597396851,-0.395833706326,-0.193564181858,-1.20026793702
14510,-5.75733456082,-1.93824306912,-1.08021697998,-0.423522050646,-0.217978583442,-1.16893138206
14500,-5.5379377577,-1.77479733785,-1.01133761936,-0.325903099908,-0.0343568589952,-1.09560595098
14490,-5.43889448378,-1.89829138862,-1.07729949951,-0.141195966933,0.162069871691,-1.08236708401
14480,-5.35431382921,-2.03501844618,-1.06753184001,-0.130153071086,0.324681091309,-1.12970992537
14470,-5.41405860053,-1.93740976122,-1.05051218669,-0.0731686231825,0.433528137207,-1.06707413808
14460,-5.34741685655,-1.82968505859,-1.11766501533,-0.451024763319,-0.240845574273,-1.21442720582
14450,-5.31122233073,-1.8666532135,-1.1544503106,-0.659033694797,-0.456582472059,-1.26391179758
14440,-5.2706225925,-1.94479867723,-1.17588992649,-0.563060946994,-0.232950168186,-1.26709194285
14430,-5.21526116265,-1.95889300876,-1.18659405178,-0.545152893066,-0.351587761773,-1.25616153886
14420,-5.28368750678,-2.34940174527,-1.35677218967,-0.466247227987,-0.092682562934,-1.41249448425
14410,-5.23401879205,-2.63180558099,-1.34520814684,-0.483550567627,-0.0583204481337,-1.41887234922
14400,-5.22064022488,-2.68405612522,-1.35229119195,-0.516368399726,-0.129293484158,-1.42100206243
14390,-5.16616855197,-2.61125789218,-1.25368932088,-0.434824379815,-0.0593416002062,-1.36312356692
14380,-5.25424380832,-2.41368510776,-1.23531841702,-0.350602264404,0.0371402316623,-1.30444991683
14370,-5.28586391873,-2.08242874146,-1.12724321153,0.0747808668349,0.514131503635,-1.14636119803
14360,-5.28891448975,-1.92401512146,-1.15372085571,-0.140349511041,0.258225843641,-1.13966137162
14350,-5.1311577691,-2.15404232449,-1.23628531562,-0.396656205919,0.0919258965386,-1.27037059543
14340,-5.0131696913,-2.23564075894,-1.30227601793,-0.474266747369,-0.233081902398,-1.34290679923
14330,-5.03714107937,-2.25510242886,-1.31711951362,-0.127322158813,0.32007361518,-1.29150881726
14320,-5.01798604329,-2.32018444485,-1.39982511732,-0.479516126845,0.0871575249566,-1.39975621551
14310,-5.08427107069,-2.27643838671,-1.54615122477,-0.683809907701,-0.144248114692,-1.54615599908
14300,-5.05562049018,-2.34915457831,-1.59573279487,-0.756934958564,-0.281107245551,-1.56808524522
14290,-5.12791222466,-2.42571839227,-1.61988457574,-0.643252580431,-0.0885799831814,-1.56080560256
14280,-5.1085820516,-2.57114404466,-1.7471605089,-0.429338506063,0.153928120931,-1.58305502434
14270,-5.14510192871,-2.713652437,-1.85644573636,-0.363354500665,0.10423550076,-1.71704475991
14260,-5.18510216607,-2.7849160258,-1.84620878432,-0.516779819065,0.176168484158,-1.74264830948
14250,-5.28762207031,-2.76298365275,-1.85629967584,-0.363102595011,0.550810580783,-1.6594398774
14240,-5.28563452827,-2.68681521098,-1.82709011502,-0.0441557396783,0.861327955458,-1.5705491742
14230,-5.29114244249,-2.84450901455,-1.93749008179,-0.261264733209,0.730953301324,-1.77821604394
14220,-5.31803063287,-3.02830900404,-2.01085332235,-0.764884194268,0.390247599284,-1.95449471106
14210,-5.39661187066,-3.28418533325,-2.22316953871,-1.06284500122,-0.253764851888,-2.18916404888
14200,-5.49968516032,-3.03418736776,-2.10394532945,-0.997982694838,-0.504454210069,-2.02403897398
14190,-5.54919721815,-3.01133205838,-2.08967013889,-0.964628974067,-0.711218770345,-1.97558211542
14180,-5.62870042589,-3.04033513387,-1.99107191298,-0.633110902574,-0.0648715549045,-1.88458858857
14170,-5.67761654324,-3.10464284261,-2.00652381049,-0.563094940186,-0.107473076714,-1.91509651163
14160,-5.71228247748,-3.18855478075,-2.14717186822,-0.516106279161,0.171015421549,-2.01501211889
14150,-5.71233859592,-3.22412827386,-2.23661660088,-0.532960611979,0.00519612630208,-2.03433408297
14140,-5.71142527262,-3.38487070719,-2.12579845852,-0.714137013753,-0.402897983127,-2.09053857838
14130,-5.81870422363,-3.25531449212,-2.06914333767,-0.673554967244,-0.266275363498,-2.01922868138
14120,-5.90824262831,-3.2855968221,-2.01293801202,-0.832375691732,-0.438929239909,-2.02608893696
14110,-5.93770328098,-3.33634842767,-2.18635864258,-1.1177487776,-0.506526184082,-2.16822489218
14100,-5.93573421902,-3.38689214071,-2.17422112359,-1.04490757412,-0.523290337457,-2.17469320172
14090,-5.93297542996,-3.24799740262,-2.19319788615,-1.07389155918,-0.510409715441,-2.15838311797
14080,-5.98838094076,-3.19231744554,-1.92142520481,-0.343033328586,0.169368320041,-1.84360083595
14070,-6.07925228543,-3.16542110867,-1.96255179511,-0.396216311985,0.233364359538,-1.88430742118
14060,-6.12972547743,-3.18269610087,-1.97609422472,-0.368901299371,0.22691192627,-1.8649549608
14050,-6.077522956,-3.19128392537,-2.29512006972,-1.08586549547,-0.481409200033,-2.1971076351
14040,-6.00384012858,-3.15060752021,-2.2004035102,-1.18409550985,-0.503116353353,-2.16671939184
14030,-5.89378119575,-3.01900464376,-2.27525660197,-1.28610984802,-0.791344536675,-2.26572033551
14020,-5.80908033583,-2.86559249878,-2.14230524699,-1.27472990248,-0.90893351237,-2.14441197228
14010,-5.76041395399,-2.8780525038,-2.13899841309,-1.20289017571,-0.880155097114,-2.08888960067
14000,-5.90131395128,-2.76427723355,-2.01710035536,-1.05702846103,-0.598092990451,-1.95159878642
13990,-5.84724273682,-2.81596850925,-1.9776802063,-0.95748407152,-0.257361857096,-1.92198597444
13980,-5.74200948079,-2.81769196404,-2.03290490044,-1.03132899814,-0.229149373372,-1.97781130912
13970,-5.59663204617,-2.90213882446,-2.16851874457,-1.15620900472,-0.759076944987,-2.12235677565
13960,-5.57279968262,-2.94807356093,-2.08133595785,-1.03715229458,-0.637866210937,-2.07182568758
13950,-5.47150878906,-2.85002332899,-1.93520126343,-1.05254605611,-0.582171291775,-1.95347009526
13940,-5.47085961236,-3.26267153422,-1.88982645671,-0.83813750373,-0.491313680013,-1.95412727719
13930,-5.41289028592,-2.8398346795,-1.72607811822,-0.896307822333,-0.365041097005,-1.81714344423
13920,-5.67753804525,-2.86291787889,-1.78580644396,-0.99933696323,-0.619955274794,-1.9253157742
13910,-5.74531538222,-2.62426639981,-1.7036476983,-0.95581070794,-0.640373399523,-1.7916892058
13900,-5.98825802273,-2.56370569865,-1.62348081801,-0.894306250678,-0.33400455051,-1.69159364039
13890,-5.76466590034,-2.45382055495,-1.55262569851,-0.838809424506,-0.475914849175,-1.66478357201
13880,-5.64142201742,-2.3528589291,-1.30055592855,-0.535801281399,0.0670650906033,-1.37900271269
13870,-5.41592152913,-2.43706458198,-1.21182174683,-0.335050811768,0.327237277561,-1.30608836959
13860,-5.4371125963,-2.39877870348,-1.01410793728,0.564014036391,1.2711001926,-0.964653738691
13850,-5.30186530219,-2.49870581733,-1.02397138808,0.215670394897,0.725258382161,-1.05499658746
13840,-5.3424686008,-2.40100588481,-1.04546449449,0.208969116211,0.713007778592,-1.01709225974
13830,-5.2897181193,-2.16504095289,-1.0468846639,-0.0567891099718,0.272592671712,-1.10308260513
13820,-5.32217034234,-2.27342195299,-1.14580815633,-0.167317233615,0.0432961357964,-1.20717601908
13810,-5.28414900038,-2.4563429345,-1.16963857015,-0.555793541802,-0.178941175673,-1.32630916978
13800,-5.30118136936,-2.38841679891,-1.1861612108,-0.297506832547,-0.0434556749132,-1.29248303734
13790,-5.27788357205,-2.12549345228,-1.1616124471,-0.220693274604,0.41002468533,-1.15930452457
13780,-5.24798007541,-2.05067964342,-1.14807374742,-0.234916034275,0.450998263889,-1.14892733069
13770,-5.26121080187,-2.27430845473,-1.18533130222,-0.213929307726,0.0996488783095,-1.22654012073
13760,-5.19271833632,-2.45947809007,-1.24674546984,-0.359507632785,-0.0630705091688,-1.31965507768
13750,-5.18213941786,-2.25108190748,-1.10423872206,-0.168782374064,0.0191296047635,-1.16078092662
13740,-5.13623352051,-2.4253738149,-1.10449795193,-0.263002624512,-0.097275797526,-1.19537608263
13730,-5.13200056288,-2.22842774285,-0.983476850722,-0.0661394246419,0.325099351671,-1.05119212136
13720,-5.14022674561,-2.48190711127,-1.1507935418,-0.380917536418,0.172630818685,-1.28104220202
13710,-5.01300438775,-2.05926868015,-1.06440056695,-0.147524388631,0.23961859809,-1.08956208638
13700,-4.97999352349,-1.94457052443,-1.17542860243,-0.26142197503,0.53853302002,-1.1596257345
13690,-5.02683342828,-2.0088988834,-1.14062432183,-0.180682754517,0.595037502713,-1.16606773689
13680,-5.06337738037,-2.41989949544,-1.26180174086,-0.498553025987,0.189246114095,-1.41524599498
13670,-5.06704084608,-2.7879973348,-1.27657708062,-0.52666686164,-0.00444810655382,-1.44837415225
13660,-5.00228525798,-2.6968565962,-1.12786924574,-0.463707877265,-0.0245598687066,-1.3154296944
13650,-5.10377977159,-2.39921841092,-1.15708957248,-0.399959886339,0.104078335232,-1.28032937423
13640,-5.11929033067,-2.18807195028,-1.1236269633,-0.516464708116,0.125400797526,-1.19753602062
13630,-5.13499382867,-2.04826141357,-1.06583870782,-0.112181905111,0.560595533583,-1.09442620469
13620,-5.03630286323,-2.29913863288,-1.11210344103,-0.0894208696153,0.717771402995,-1.13373843011
13610,-5.06685892741,-2.20095305549,-1.07958950467,-0.291543731689,0.217096964518,-1.16974220907
13600,-5.11112060547,-2.22026957194,-1.20337677002,-0.506388151381,-0.307064988878,-1.29669102945
13590,-5.15069495307,-1.92290345086,-1.03767428928,-0.338433176676,-0.122276984321,-1.10066515741
13580,-5.06053687202,-2.06216372172,-1.14214248657,-0.510917112562,-0.105832926432,-1.22326055684
13570,-5.13071916368,-2.03609017266,-1.07780176799,-0.186848136054,0.202222527398,-1.10413810534
13560,-5.16412794325,-2.25683853997,-1.08015645345,-0.267113528781,0.380607774523,-1.2195192288
13550,-5.12581108941,-2.42007854038,-1.08720008002,-0.26703537835,0.567482333713,-1.2311490294
13540,-5.030762736,-2.46936916775,-1.09497273763,-0.104616088867,0.373338317871,-1.25788633018
13530,-5.00689358181,-2.4588048723,-1.10610343085,-0.144886898465,0.354728020562,-1.1815348991
13520,-4.9844233195,-2.37830099318,-1.06710238987,-0.0138230556912,0.498135206434,-1.06951699695
13510,-4.95484008789,-2.4456420305,-1.09534216987,0.119274291992,0.702765570747,-1.05425619384
13500,-5.00076446533,-2.39567601522,-1.07372546726,0.12201912774,0.463136969672,-1.09629629391
13490,-5.17633955214,-2.19966081407,-1.05556945801,-0.161711493598,0.190294053819,-1.0946591142
13480,-5.25315907796,-2.18870697021,-1.21861614651,-0.498731842041,-0.165144687229,-1.31046068098
13470,-5.23429836697,-2.07661131117,-1.08600692749,-0.198882887099,0.178842332628,-1.16687549498
13460,-5.10071495904,-2.45978598701,-1.11480390761,-0.165393761529,0.374784681532,-1.23386721611
13450,-5.11829274495,-2.49257877774,-1.08105121189,-0.0730850897895,0.330238342285,-1.18840274828
13440,-5.17913174099,-2.4082541487,-1.14163513184,-0.363119049072,0.0428332858615,-1.25578612039
13430,-5.1184065077,-2.12512484233,-1.09767125448,-0.218991173638,0.0924879286024,-1.11456801242
13420,-5.06529100206,-1.59949281481,-1.01568925646,-0.0816968705919,0.116627502441,-1.00793603547
13410,-5.01694454617,-1.72124136183,-1.08286166721,-0.102173758613,0.237636311849,-1.04238064798
13400,-4.97027910021,-1.59276373969,-1.07774590386,-0.0858140479194,0.330699157715,-1.02474672572
13390,-5.01891530355,-1.8173385281,-1.08618223402,-0.0843388705783,0.293456522624,-1.04592136029
13380,-5.0158803304,-1.88111401028,-0.947526550293,-0.024776034885,0.568977186415,-0.947969579448
13370,-5.00687425401,-1.65993770176,-0.889577907986,0.313272120158,0.528076002333,-0.8349676884
13360,-4.97754482693,-1.72104444716,-0.85290544298,0.448202116225,0.807660251194,-0.75796711353
13350,-4.97197299533,-1.98375108507,-1.02908452352,0.185894173516,0.405721028646,-0.928103400719
13340,-5.08745337592,-2.01742436727,-1.02101559109,0.166455654568,0.575713941786,-0.955660648895
13330,-5.07794494629,-2.06122428046,-0.992593807644,-0.00822407192654,0.371319410536,-0.999653632468
13320,-5.06061469184,-2.20561187744,-0.981929270426,0.156766298082,0.584373474121,-1.04844138348
13310,-5.02438473172,-2.3672156016,-1.05259390937,-0.259855456882,0.386093139648,-1.26096928347
13300,-5.08003285726,-2.64434945001,-1.14531750149,-0.250441674127,0.165782165527,-1.26094760565
13290,-5.06348690457,-2.08077838474,-0.978018188477,-0.167268719143,0.267169189453,-1.04313798032
13280,-5.05731811523,-2.11737503899,-0.865106455485,0.501859478421,0.995052761502,-0.845751746729
13270,-5.025505405,-1.84442543877,-0.82167078654,0.183145514594,0.640953742133,-0.841412734936
13260,-4.94304080539,-1.96251455519,-0.91818745931,-0.225474726359,0.0607359144423,-0.995210253514
13250,-4.95294274224,-1.86313329061,-1.01251381768,-0.384181374444,0.0620183308919,-1.10787597053
13240,-4.96436971029,-2.08340375264,-1.05465477837,-0.239177127414,0.520396592882,-1.15487639549
13230,-5.11385277642,-2.31863867018,-1.14625439114,-0.346662241618,0.192965698242,-1.24866181544
13220,-5.13184153239,-2.18679858738,-1.08200598823,-0.369761411879,0.0630360921224,-1.15762511712
13210,-5.09997795953,-2.27802652147,-1.07642712063,-0.330742085775,-0.0930570814345,-1.18204070866
13200,-5.02198638916,-2.22087211609,-1.0185869005,0.106051856147,0.538454522027,-1.01529160253
13190,-4.89665273031,-2.26460910373,-1.07108510335,-0.0512704043918,0.663160705566,-1.11237796245
13180,-4.95037434896,-2.17278752645,-1.07173453437,-0.122548624674,0.345641920302,-1.10565657922
13170,-4.98032667372,-2.18841148376,-1.11258282132,-0.157551803589,0.22163933648,-1.14365994473
13160,-5.05897182888,-2.11396934509,-1.00392142402,0.212914394803,0.603576490614,-1.00814342249
13150,-4.96008249919,-1.81270272149,-0.941938696967,0.161855587429,0.745339626736,-0.915268984461
13140,-4.96715410021,-1.75576250712,-0.987630293104,-0.0312376149495,0.36125793457,-0.975926754501
13130,-5.01248660617,-1.97397934808,-0.966556803385,0.0322547743056,0.448256089952,-0.950236801294
13120,-5.05513186985,-2.09893095228,-1.07418119642,0.129218656752,0.556923760308,-1.0220894116
13110,-5.01064622667,-2.03523368835,-0.936493259006,0.349900521172,0.648387993707,-0.876731035665
13100,-4.95700887044,-1.78797804938,-0.893958791097,0.245577350193,0.644593302409,-0.851691368859
13090,-4.97716200087,-1.72889632331,-0.852785068088,0.615612648858,1.15366821289,-0.738156923397
13080,-5.01445905897,-1.77515558031,-0.87935740153,0.605495834351,1.36464114719,-0.716102198255
13070,-4.99423675537,-1.93003245884,-0.924246809218,0.349502487183,1.07668507894,-0.895049326517
13060,-4.92389170329,-1.95720306396,-1.03017001682,0.0991987609863,0.698938835992,-0.978289827932
13050,-4.99429762099,-1.81658559163,-0.990476650662,-0.0479730987549,0.351960076226,-0.957645709534
13040,-5.03561672635,-1.79562671238,-0.87971572876,0.00784455193414,0.392559814453,-0.887970215791
13030,-5.1161799113,-1.63907583449,-0.884402211507,0.109905132718,0.318787807888,-0.850327761878
13020,-5.05637223985,-1.84920389811,-0.839718373617,0.538047951592,0.988929918077,-0.751267673445
13010,-5.04530215793,-1.89600658841,-0.821097988553,0.333873986138,0.632895745171,-0.787674709397
13000,-5.00426890055,-1.85996078491,-0.812142011854,0.71127816942,1.1059141371,-0.703680719894
12990,-4.97923787435,-1.77197124057,-0.868911827935,0.545586929321,0.915081278483,-0.778663015628
12980,-4.98827226427,-1.82945558336,-0.753881072998,0.598052817451,1.13135732015,-0.740955643907
12970,-5.00125630697,-1.67660630968,-0.849001142714,0.169514719645,0.721858384874,-0.838979542947
12960,-5.11839531793,-1.76643437703,-0.870618269179,0.00694607204861,0.155540466309,-0.891857111454
12950,-5.09681735569,-1.76167883979,-0.896044413249,-0.0918795437283,0.188532680935,-0.937374052373
12940,-5.12417772081,-1.88458394368,-0.845087093777,0.100783750746,0.348923916287,-0.891213376682
12930,-4.98296881782,-1.87016497294,-0.855484263102,0.0849191623264,0.703638203939,-0.867287753369
12920,-5.06851247152,-1.64863212585,-0.703202311198,0.351414193047,0.671630011664,-0.730352860052
12910,-5.05448269314,-1.47520923191,-0.784167395698,0.184679607815,0.631153869629,-0.793982896362
12900,-5.10458814833,-1.42017626444,-0.695700751411,0.526520021227,0.926764424642,-0.644430709439
12890,-4.99609137641,-1.5492030504,-0.857394578722,0.569862119887,0.970913018121,-0.73488371647
12880,-4.93494500054,-1.6294867452,-0.730359480116,0.83043768141,1.37422875298,-0.594345764113
12870,-4.91161719428,-1.64967419942,-0.793130832248,0.517844433255,0.798116556803,-0.728471022501
12860,-4.91697591146,-1.47750718859,-0.771057044135,0.546860122681,0.84057735867,-0.648458325445
12850,-4.9215198093,-1.7385429128,-0.757488505046,0.262014075385,0.656385464138,-0.747225724193
12840,-4.90656941732,-1.71941585117,-0.745845116509,0.501846754286,0.835057576497,-0.657792890531
12830,-4.91380801731,-1.70215321011,-0.709044816759,0.655092612373,1.06797909207,-0.648644627829
12820,-4.93648562961,-1.56437236362,-0.699091508653,0.770175230238,1.32360365126,-0.638759002255
12810,-4.97277323405,-1.82496960958,-0.684564548069,0.467944522434,0.89407365587,-0.732604527785
12800,-4.99338158502,-2.06774348789,-0.665040757921,0.254760945638,0.625896708171,-0.791184683526
12790,-4.98493872748,-1.75061217414,-0.680088467068,0.373062116835,0.654851447211,-0.706711947974
12780,-4.93970726861,-1.73325553046,-0.717319658067,0.687979660034,1.00002593994,-0.653055605858
12770,-4.98181304932,-1.64284313626,-0.652115631104,0.564990276761,0.982350667318,-0.653567471192
12760,-5.04884507921,-1.85754870097,-0.708874003092,0.556733729045,1.17788001166,-0.729838628081
12750,-5.1009733412,-2.03705976698,-0.668597327338,0.58676290724,1.15285797119,-0.740032618595
12740,-5.06006418864,-1.93090311686,-0.618244425456,0.818900443183,1.52113087972,-0.596594141923
12730,-4.94123484294,-1.73846037123,-0.546132998996,0.706490359836,1.39561123318,-0.525665387096
12720,-4.87619035509,-1.73358834161,-0.578963640001,0.883749923706,1.32442491319,-0.556618578144
12710,-4.83828870985,-1.55721514384,-0.641786532932,0.752729653252,1.2574991862,-0.60387122497
12700,-4.86056569417,-1.74874064128,-0.840548282199,0.206931635539,0.802130296495,-0.842858240489
12690,-4.88862491184,-1.44831929525,-0.697323438856,0.369327070448,0.822492133247,-0.707881425079
12680,-4.88127509223,-1.63276390923,-0.720089043511,0.311875974867,0.776069810655,-0.749476411639
12670,-4.90454338921,-1.26700276693,-0.657144843207,0.674836247762,1.10423312717,-0.497977703086
12660,-4.91405334473,-1.57573201497,-0.695799340142,0.717878460354,1.11821373834,-0.555471156751
12650,-5.02022518582,-1.49805295308,-0.650225406223,0.472764044868,0.857476806641,-0.570969432699
12640,-5.04416097005,-1.81007094489,-0.626906161838,0.854083591037,1.41367085775,-0.577480032541
12630,-5.06342485216,-1.65453663296,-0.653968217638,0.534164335463,0.92611541748,-0.642140153515
12620,-5.03267754449,-1.83313025581,-0.648528374566,0.779331317478,1.20130564372,-0.61204592306
12610,-5.09619004991,-1.61486868117,-0.576571316189,0.561867396037,0.825372144911,-0.604807616441
12600,-5.18155517578,-1.41125946893,-0.65719748603,0.523529213799,0.900020853678,-0.656175191459
12590,-5.17694074843,-1.4433724806,-0.686212582058,0.527443678114,1.0613571167,-0.667069421733
12580,-5.15471225315,-1.61288867527,-0.705509270562,0.526969918145,1.14057447645,-0.730544577434
12570,-5.06468827989,-1.45489593506,-0.720531548394,0.905663011339,1.58069458008,-0.600663655014
12560,-5.232973565,-1.71989139981,-0.731320105659,0.958098941379,1.56624111599,-0.592135317924
12550,-5.48480902778,-1.45156016032,-0.680810631646,0.969972000122,1.60388471815,-0.546828632545
12540,-5.69511566162,-1.56996517605,-0.754950459798,0.447788976034,0.905080329047,-0.682993243186
12530,-5.76958126492,-1.52694624159,-0.717466905382,0.394481633504,0.90415886773,-0.688589795276
12520,-5.7393758138,-1.54363243951,-0.704183451335,0.433156441583,0.744100443522,-0.682010890913
12510,-5.57956458198,-1.35291984558,-0.615892283122,0.793160120646,1.27058241102,-0.500119630513
12500,-5.38383382161,-1.44037184821,-0.661848619249,0.661681543986,1.00353410509,-0.592016977216
12490,-5.32490692139,-1.31420250787,-0.649392615424,0.719801322089,1.03866102431,-0.549952795544
12480,-5.41091189914,-1.38646103753,-0.673212263319,0.457748252021,0.742959594727,-0.628396523018
12470,-5.3207901001,-1.27685309516,-0.549428812663,0.867316852146,1.23294067383,-0.438266418849
12460,-5.18827226427,-1.40596581353,-0.640970526801,0.94642888387,1.56527981228,-0.465972375693
12450,-5.09800550673,-1.45168663873,-0.646672566732,0.988310835097,1.63043823242,-0.489344250195
12440,-5.13468983968,-1.59244832357,-0.705790540907,0.728902604845,1.4035381741,-0.636530963942
12430,-5.07922804091,-1.40294891357,-0.699223242866,0.404899012248,0.907739766439,-0.69040164158
12420,-5.15310736762,-1.52166438633,-0.71944325765,0.189912990994,0.644537183974,-0.780955808028
12410,-5.15626102024,-1.31976949056,-0.672700415717,0.316109127469,0.819504970974,-0.685730552287
12400,-5.2800994873,-1.76182707045,-0.709503089057,0.0415308888753,0.583862304688,-0.814206625002
12390,-5.28199157715,-1.69815074497,-0.716700575087,0.195663019816,0.499123975966,-0.782035895597
12380,-5.37942606608,-1.87292844137,-0.84889026218,-0.300460527208,-0.0339092678494,-1.01897467847
12370,-5.53324771457,-1.79631917318,-0.819549645318,-0.0772493913439,0.435992262099,-0.956539128756
12360,-5.76645439996,-2.12935224745,-0.842625681559,0.179109844632,0.801362609863,-0.97688590109
12350,-5.81828087701,-1.95687691583,-0.763506062826,0.343524212307,0.907803853353,-0.825408496714
12340,-5.76253679064,-2.00292056613,-0.650755225288,0.352038235135,0.822223409017,-0.744012653883
12330,-5.52806125217,-2.06482684665,-0.715174187554,0.189125001695,0.455470614963,-0.839319733627
12320,-5.37483350966,-1.74109358046,-0.735732269287,0.241740247938,0.5822265625,-0.843722096375
12310,-5.24449734158,-1.71150155809,-0.718708970812,0.0526359303792,0.794010755751,-0.801068761253
12300,-5.22823588053,-1.67433123271,-0.636598205566,0.0892116631402,0.629593404134,-0.747380862464
12290,-5.23871493869,-1.88445904202,-0.653911166721,0.00952649434408,0.556265936957,-0.813757989552
12280,-5.30439843072,-1.66007341173,-0.672984229194,-0.0583348337809,0.305738152398,-0.813875619591
12270,-5.27238769531,-1.48865247938,-0.675894673665,-0.112739173041,0.348507181803,-0.78100691291
12260,-5.21097123888,-1.48346765306,-0.590902201335,-0.0663670688205,0.205331590441,-0.683179748443
12250,-5.19271002875,-1.62048494975,-0.650521426731,0.0839234330919,0.587222629123,-0.705926845333
12240,-5.24975568983,-1.47773391724,-0.537925211589,0.441911129422,0.794443596734,-0.566541152076
12230,-5.33073001438,-1.48617626614,-0.592736985948,0.648426276313,1.1813390096,-0.591130356816
12220,-5.31311323378,-1.57040004306,-0.604826948378,0.308897527059,0.849133809408,-0.691640289416
12210,-5.28168063694,-1.82316951328,-0.73806008233,0.174258219401,0.644542439779,-0.83758999423
12200,-5.27758466933,-2.06623241001,-0.728290388319,0.271752946642,0.561372375488,-0.837666579115
12190,-5.23099077013,-1.79059300741,-0.697383626302,0.615879245334,0.953430514865,-0.685182719891
12180,-5.20512780084,-1.71267304315,-0.687837049696,0.749561428494,1.05751342773,-0.658274918181
12170,-5.19576805962,-1.66691256205,-0.711485460069,0.701009538439,1.15733693441,-0.710131852918
12160,-5.25646684435,-1.77651406182,-0.747263081868,0.498856040107,0.899104817708,-0.770373618672
12150,-5.28605499268,-1.79883132935,-0.655857849121,0.464395319621,0.982686360677,-0.707252744553
12140,-5.26264139811,-1.92071987576,-0.68709081014,0.100075997247,0.478669060601,-0.775806702201
12130,-5.21380208333,-2.11182837592,-0.792340172662,0.0813882022434,0.603389316135,-0.889218409484
12120,-5.23286895752,-2.23033550686,-0.783567470974,0.155538262261,0.598996310764,-0.890937009151
12110,-5.23188544379,-2.28067970276,-0.637271881104,0.628822080824,1.22953050401,-0.765800878933
12100,-5.14690314399,-2.43358211093,-0.615446133084,0.538982993232,1.47669169108,-0.701642736918
12090,-5.19792480469,-2.39908522712,-0.656905449761,0.542567842272,1.03411288791,-0.770064824618
12080,-5.11086290148,-1.85611930847,-0.639744991726,0.315294477675,0.768476528592,-0.721293093296
12070,-5.18136664497,-1.75582427131,-0.641825781928,0.669865493774,1.02111290826,-0.64757462868
12060,-5.15087246365,-1.87715369331,-0.660626898872,0.474031202528,0.928602261013,-0.727775351327
12050,-5.15690867106,-2.1522062344,-0.645014529758,0.397239345974,0.971233791775,-0.795104467966
12040,-5.13151923286,-2.37555757311,-0.702199639214,0.0812074534098,0.77699347602,-0.861882584995
12030,-5.16493750678,-2.13744305081,-0.677773369683,0.110751656426,0.76558380127,-0.796178514416
12020,-5.25200483534,-1.60102887472,-0.626304033067,0.236926252577,0.637441338433,-0.698797259323
12010,-5.23551313612,-1.30708805508,-0.560136752658,0.297710461087,0.561051771376,-0.588580025469
12000,-5.27588382297,-1.37834669325,-0.531055111355,0.218399175008,0.464088100857,-0.592008801876
11990,-5.21035563151,-1.6887924703,-0.634707726373,0.0727053663466,0.236587863498,-0.739419597822
11980,-5.1297442966,-1.56103222317,-0.663537767198,0.0235614522298,0.506011962891,-0.738700979497
11970,-5.01675754123,-1.43629123264,-0.565367380778,0.291535449558,0.739620293511,-0.62034953388
11960,-4.95443013509,-1.45702679104,-0.462525092231,0.483850886027,0.856177266439,-0.499595583799
11950,-5.1570505778,-1.56667639838,-0.492675866021,0.475695546468,0.96085679796,-0.510938501119
11940,-5.33460998535,-1.84838395013,-0.562670135498,0.38946814643,0.947785271539,-0.660494568824
11930,-5.42627088759,-1.85993297153,-0.61332804362,0.537301110162,0.931992594401,-0.670991905684
11920,-5.34119839138,-1.83828463236,-0.637203386095,0.362967215644,0.848691474067,-0.764759172342
11910,-5.13926934136,-1.76264255948,-0.57407268948,0.497328855726,1.18445909288,-0.639342545413
11900,-5.11473897298,-1.6832303026,-0.517096794976,0.802091946072,1.41910468207,-0.54672058191
11890,-4.99037695991,-1.75943062676,-0.485434129503,0.839641079373,1.51972079807,-0.496830954285
11880,-5.02786780463,-1.49496673584,-0.4521516588,1.22238021003,1.82035200331,-0.370713716725
11870,-4.92791697184,-1.6984880405,-0.502408854167,1.00803851657,1.55548180474,-0.47812718459
11860,-5.010629442,-1.7194540151,-0.513150956896,0.864818047418,1.20070665148,-0.496195990874
11850,-5.06914079454,-1.57936731974,-0.616348690457,0.130062332153,0.442224290636,-0.699398592111
11840,-5.17889692518,-1.3688655599,-0.596591101752,0.0905462731255,0.745374382867,-0.685599811676
11830,-5.17209031847,-1.44433353848,-0.66431189643,-0.0404324425591,0.561324395074,-0.771474703344
11820,-5.04314643012,-1.48979653252,-0.680273183187,0.300094918145,0.657049391005,-0.738209121258
11810,-4.90900675456,-1.58567980448,-0.611525387234,0.0834762573242,0.555474175347,-0.708521073736
11800,-4.87619747586,-1.52226534526,-0.567839898003,0.538539030287,1.2204691569,-0.598816792047
11790,-4.90986395942,-1.59760421753,-0.550902557373,0.637219772339,1.29280276828,-0.544482482202
11780,-4.98085835775,-1.640798467,-0.564972347683,0.732461836073,1.31525811089,-0.539649210548
11770,-5.04213901096,-1.6598066881,-0.539049953885,0.824481184218,1.22469821506,-0.468791029697
11760,-5.02885555691,-1.54907880995,-0.512673017714,0.74855764601,1.15399915907,-0.458287182573
11750,-4.98684098985,-1.67809928894,-0.531335703532,0.518082945082,0.888101535373,-0.602829087357
11740,-4.94898783366,-1.83037206862,-0.530337524414,0.315663943821,0.766416422526,-0.647584581883
11730,-4.94899071587,-2.05707689073,-0.529961310493,0.631494895087,1.00009952121,-0.634793717691
11720,-4.98109893799,-1.83426531474,-0.444932132297,0.770600475735,1.19716796875,-0.556892434157
11710,-4.93523627387,-1.82107357449,-0.560307651096,0.256186133491,0.526605224609,-0.691977748135
11700,-4.94182230632,-1.69216458639,-0.518620808919,0.451426984999,0.715813361274,-0.595236750692
11690,-4.93785332574,-1.54505410936,-0.485262298584,0.530671632555,0.943481445312,-0.510332205716
11680,-4.93829464383,-1.51076572842,-0.43022664388,1.10114871555,1.70205705431,-0.347276873296
11670,-4.90297919379,-1.34893768311,-0.428168911404,1.26165317959,1.85939771864,-0.292463774811
11660,-4.90277286106,-1.47658983866,-0.403940243191,1.15899013095,1.60626898872,-0.329412409204
11650,-4.86948920356,-1.30247659471,-0.363360680474,1.11014405145,1.54119008382,-0.29355316466
11640,-4.8409930759,-1.7735969713,-0.491622161865,0.299664781359,0.618114556207,-0.578030754097
11630,-4.77261674669,-1.6060544671,-0.479500325521,0.365413775974,0.643477376302,-0.508694874396
11620,-4.79477623834,-1.75287935045,-0.502447001139,0.267768580119,0.61713748508,-0.634551787469
11610,-4.74407162137,-1.56697333442,-0.495271386041,0.412110688951,1.11778377957,-0.536211136301
11600,-4.76713189019,-1.77847425673,-0.512545352512,0.367026935154,1.08676808675,-0.610346024868
11590,-4.75452829997,-1.68112798055,-0.452479722765,0.660213114421,1.1039287991,-0.483920868312
11580,-4.74568803575,-1.42002478706,-0.409385257297,0.852194807265,1.12899475098,-0.409918338466
11570,-4.68399217394,-1.49234480964,-0.376012759738,1.04553363376,1.4601026747,-0.357785558399
11560,-4.69487253825,-1.30080252753,-0.439934878879,0.729956003825,1.1422132704,-0.416554823187
11550,-4.76379987929,-1.44280915154,-0.475724368625,0.798537080553,1.12667643229,-0.448314875381
11540,-4.81453925239,-1.35938015408,-0.513883972168,0.628661727905,0.887816026476,-0.477575715111
11530,-4.86364593506,-1.11157820808,-0.49755537245,0.741870235867,1.11153784858,-0.395750934075
11520,-4.85667131212,-1.29492047628,-0.483650970459,0.600963168674,0.787137179905,-0.454113437783
11510,-4.77179463704,-1.20134535895,-0.491336144341,0.443238220215,0.646547275119,-0.450817935862
11500,-4.7653084649,-1.76461201138,-0.536694590251,0.196852154202,0.473567369249,-0.607662049091
11490,-4.73187747531,-1.75367436727,-0.528424326579,0.4587819163,0.803762817383,-0.52632038575
11480,-4.79500579834,-1.44737713284,-0.532129838732,0.643422012329,1.06955786811,-0.439948612816
11470,-4.91910942925,-1.22052915785,-0.37990705702,0.705671335856,1.11065995958,-0.337506875605
11460,-4.93413645426,-1.58703437805,-0.390921613905,0.872115258111,1.31067047119,-0.291994283309
11450,-4.92365078396,-1.50999429491,-0.359338039822,0.743681208293,1.37223120795,-0.276171362812
11440,-4.8337536282,-1.37437432183,-0.362870534261,0.813666568332,1.30873514811,-0.315773839767
11430,-4.80424414741,-1.21742702908,-0.430825212267,0.571705525716,0.918798319499,-0.379808612195
11420,-4.80683339437,-1.11370014615,-0.473314412435,0.416770121257,0.893072170681,-0.444323975764
11410,-4.72652486165,-1.11175094604,-0.409658474392,0.641104609172,1.09501156277,-0.371251698661
11400,-4.66278143989,-1.33549635993,-0.462148454454,0.708933139377,1.01565823025,-0.39995198741
11390,-4.60470021566,-1.60199738397,-0.473565673828,0.607626156277,0.969129435221,-0.485708149812
11380,-4.63816986084,-1.51786811829,-0.513056606717,0.357067845662,0.691254001194,-0.55889692229
11370,-4.68503638373,-1.35494203356,-0.507717047797,0.423753840129,0.62427198622,-0.544419838416
11360,-4.66731787788,-1.50128745185,-0.387396918403,0.839469833374,1.1759411282,-0.352840186281
11350,-4.64566735162,-1.64305885315,-0.444934505887,0.820096825494,1.41644117567,-0.43242157237
11340,-4.57216339111,-1.57501221551,-0.379098171658,1.08770131429,1.7984161377,-0.291587704354
11330,-4.52893863254,-1.14788658142,-0.394466230604,0.70612165663,1.43776414659,-0.346502382968
11320,-4.52167188856,-0.97004248725,-0.275973171658,0.834992964003,1.11145358615,-0.256949583364
11310,-4.56448126899,-1.07514738295,-0.453918796115,0.378940717909,0.815931193034,-0.431086758144
11300,-4.53461625841,-1.08788433499,-0.382330830892,0.343852420383,0.774060397678,-0.42247726208
11290,-4.60343865289,-1.03875138177,-0.465429517958,0.426533067491,0.765091111925,-0.442118314954
11280,-4.60260806613,-1.15141233656,-0.483722771539,0.23911026001,0.634240892198,-0.508190214227
11270,-4.70123036702,-1.37283742269,-0.440862782796,0.374697129991,0.69689602322,-0.512172218984
11260,-4.64042883979,-1.53043187459,-0.635282813178,-0.00102873060439,0.335266282823,-0.709501955637
11250,-4.60445319282,-1.34609717475,-0.510299767388,0.344022615221,0.604773118761,-0.529990463737
11240,-4.63082546658,-1.3089680481,-0.562592654758,0.0803521050347,0.48693423801,-0.635273230683
11230,-4.6809463501,-1.08029196845,-0.36450958252,0.301276711358,0.713458421495,-0.407487255622
11220,-4.6891333686,-1.18852335612,-0.443993801541,0.372782872518,0.805900234646,-0.475160367024
11210,-4.70657212999,-1.0997977278,-0.378792317708,0.443452241686,1.11054433187,-0.383718391989
11200,-4.62806752523,-1.22351538764,-0.441117095947,0.556506737603,1.03299255371,-0.419488602604
11190,-4.62262030707,-1.23895829095,-0.383398098416,0.740123825073,1.25565863715,-0.389265846501
11180,-4.62241092258,-1.29784229702,-0.435116661919,0.778393419054,1.35798221164,-0.425868363375
11170,-4.6911336263,-1.29817158169,-0.418919796414,0.682782889472,1.102490743,-0.413038562499
11160,-4.73267330594,-1.31594651964,-0.388438500298,0.874540167914,1.24442342122,-0.345148590624
11150,-4.64618191189,-1.34264231364,-0.384928978814,0.696654332479,1.019857449,-0.375015451094
11140,-4.64157613118,-1.63699825711,-0.416126081679,0.915800111559,1.35160183377,-0.351929291912
11130,-4.59423302544,-1.71476577759,-0.545403883192,0.445655602349,0.798805067274,-0.599195263605
11120,-4.62041066488,-1.52053243001,-0.542720031738,0.375066858927,0.853239440918,-0.598054397386
11110,-4.58709699843,-1.41029797024,-0.482442474365,0.299812511868,1.07737833659,-0.559272781837
11100,-4.58394978841,-1.31799994575,-0.417311943902,0.528495152791,1.26936662462,-0.414085100327
11090,-4.59537472195,-1.2177660709,-0.246648830838,1.0806017473,1.72639414469,-0.208201481903
11080,-4.60662655301,-1.36446648492,-0.285872480604,0.90187377082,1.36769765218,-0.252022321646
11070,-4.64711608887,-1.08600377401,-0.154729970296,0.980776384142,1.23223843045,-0.141575750192
11060,-4.63147769504,-1.04596612718,-0.161444091797,0.797255588108,1.26640811496,-0.190121090517
11050,-4.56376953125,-0.821909857856,-0.297697279188,1.12863080343,1.6417936537,-0.153453699236
11040,-4.56908365885,-1.08141571893,-0.252552286784,1.36770980835,1.86018998888,-0.148036001799
11030,-4.58641170926,-1.20651824103,-0.351629384359,1.12050018311,1.45480244954,-0.251627307986
11020,-4.5901248508,-1.0896824646,-0.233548058404,1.18134753757,1.44065975613,-0.192357382185
11010,-4.58019680447,-1.44334379408,-0.278202226427,0.754264772203,1.00403018528,-0.363155125715
11000,-4.57518598768,-1.56293554518,-0.291786532932,0.7894602712,1.11442481147,-0.354734450478
10990,-4.61484391954,-1.50330454508,-0.313182830811,0.445168423123,0.676933119032,-0.401331101316
10980,-4.57636583116,-1.03095161438,-0.244425031874,0.643251520793,0.91684366862,-0.281078862162
10970,-4.55317111545,-1.08772544013,-0.222172715929,0.752744327121,1.07667066786,-0.248633411798
10960,-4.5361863878,-1.42359716627,-0.263323296441,0.990375790066,1.48486039903,-0.23808445046
10950,-4.51583675808,-1.73169565837,-0.334540642632,0.938599090576,1.45130259196,-0.296120492394
10940,-4.4878841824,-1.61539620294,-0.374024963379,0.736019999186,1.04369167752,-0.335696267548
10930,-4.47384694417,-1.30350574917,-0.374597422282,0.465101589627,0.73878004286,-0.41186960115
10920,-4.52207421197,-1.17768750509,-0.30270690918,0.524160588582,0.735396660699,-0.341930576704
10910,-4.52972632514,-1.17956328498,-0.23372607761,0.680765550401,1.04385002984,-0.285756929969
10900,-4.45103590224,-1.01075834486,-0.190639241536,1.32574776544,1.82970530192,-0.0995859458817
10890,-4.42502848307,-1.13913686964,-0.181904602051,1.12087227715,1.73881378174,-0.120863586179
10880,-4.43911997477,-1.22835112678,-0.301101260715,0.833879555596,1.3140463935,-0.276691985037
10870,-4.52514767117,-1.58306232029,-0.331737094455,0.562098609077,0.847373623318,-0.397037380968
10860,-4.56434733073,-1.42181286282,-0.310280863444,0.864301113553,1.19697638618,-0.327216757021
10850,-4.58553992377,-1.09946707831,-0.242397901747,1.06698573642,1.362127516,-0.158467126874
10840,-4.52237023248,-1.00233096653,-0.20150112576,1.20403928121,1.68637118869,-0.115710523225
10830,-4.52275305854,-0.996905119154,-0.18910446167,1.21190133837,1.53934851752,-0.127048947472
10820,-4.53772464328,-1.27764537387,-0.302120039198,1.26718159146,1.60770992703,-0.244155286771
10810,-4.7186114841,-1.04494750129,-0.208785417345,1.23850931803,1.57936943902,-0.163364737255
10800,-4.60397033691,-1.00523450216,-0.175780402289,1.16436902364,1.64164208306,-0.115921212136
10790,-4.57115614149,-1.10828998142,-0.117483181424,1.35871743944,1.83247273763,0.00549742903082
10780,-4.6265057034,-0.850443276299,-0.112587398953,1.35003603617,1.83729315864,-0.0105612560254
10770,-4.67426333957,-1.19309802585,-0.192330000136,1.18955164591,1.59537607829,-0.145390896315
10760,-4.65022989909,-1.25265546163,-0.262059614393,0.962267693414,1.2433025784,-0.224787590639
10750,-4.53310224745,-1.13544673496,-0.358387586806,0.396308152941,0.619597201877,-0.387249948681
10740,-4.48341386583,-1.19436809964,-0.278344217936,0.522016270955,0.827341376411,-0.324281580507
10730,-4.38548668755,-1.21120252821,-0.264138709174,0.628715150621,0.958595784505,-0.288253895525
10720,-4.414306132,-1.23992318047,-0.215892706977,0.937379319933,1.27055596246,-0.21256904294
10710,-4.44198133681,-1.08872500949,-0.227099355062,0.951450983683,1.27406158447,-0.194195920819
10700,-4.41266140408,-1.09463075426,-0.195422532823,1.00821299235,1.26237776015,-0.164512933974
10690,-4.34028082954,-1.20226447211,-0.242446814643,1.00500169542,1.52267218696,-0.159877353353
10680,-4.26708068848,-1.22885870192,-0.29608569675,0.852979761759,1.24649149577,-0.231303095299
10670,-4.29465281169,-1.10824166192,-0.279703691271,0.744158062405,1.01379665799,-0.243282871231
10660,-4.3632329305,-1.03788251241,-0.189458974202,0.980784318712,1.40958811442,-0.1173442678
10650,-4.37684105767,-0.833840883043,-0.11164211697,1.28811398824,1.81046057807,-0.0124037101657
10640,-4.32859683567,-0.792233632406,-0.0018199496799,1.5062989468,1.97656622993,0.0632117981189
10630,-4.31529676649,-0.619340599908,-0.0577418857151,1.407574607,1.87064581977,0.0567261818989
10620,-4.32569410536,-0.579213299221,-0.130919816759,1.31801782396,1.7711183336,0.058085709233
10610,-4.46025441488,-0.703390418159,-0.153106689453,1.26559587267,1.63592410617,0.00272693224809
10600,-4.44131757948,-0.656217558119,-0.13658964369,1.12621131049,1.43106672499,-0.0562920241975
10590,-4.38912879096,-0.726505330404,-0.0824063618978,1.55416921828,1.92299465603,0.0296884128801
10580,-4.3539855957,-0.889761166043,-0.182498253716,1.45114624871,1.98009321425,-0.0636826061277
10570,-4.40106489393,-1.10434243944,-0.257447984484,1.47169926961,2.00244344076,-0.10297366023
10560,-4.44480302599,-1.10629554749,-0.330246310764,1.07170080397,1.49941558838,-0.231883019784
10550,-4.41644270155,-0.863748694526,-0.233859676785,1.31813797845,1.84840274387,-0.0871088268812
10540,-4.46136898465,-1.02065646701,-0.211122555203,1.21678536309,1.71582014296,-0.0815898968261
10530,-4.53585849338,-1.0880990092,-0.201799265544,1.28534356859,1.64911939833,-0.0619943847063
10520,-4.55355784098,-1.37366024441,-0.136686706543,1.27249966092,1.59152357313,-0.0844146587175
10510,-4.4627424452,-1.37389857822,-0.0818832397461,1.46425024245,1.98993259006,-0.0322610210738
10500,-4.41211412218,-1.18230987549,-0.121503448486,1.35225135803,1.82656012641,-0.0497738652416
10490,-4.42065361871,-0.98209493849,-0.0733406066895,1.36994973077,1.75194295247,-0.0121723498396
10480,-4.6808807373,-0.713161087036,-0.0731752183702,1.44196420458,1.8380677965,0.0164663376996
10470,-4.79107716878,-0.748881997002,0.0388865152995,1.7031957923,2.16623687744,0.130962910297
10460,-4.67750956217,-0.749527579414,-0.0255526224772,1.63268420749,2.16651713053,0.0758796138447
10450,-4.47732916938,-0.976262342665,0.0215801662869,1.21895944383,1.62310536702,0.0193208059882
10440,-4.3523662991,-0.680538270738,-0.0679732428657,1.16844941033,1.65873209635,-0.0342076497952
10430,-4.38490278456,-0.758819274902,-0.197144741482,0.985749248928,1.38770633274,-0.116092120945
10420,-4.3719092475,-1.12840273539,-0.309976959229,0.831486841838,1.15802849664,-0.28335207866
10410,-4.35248396132,-1.14763487922,-0.260498046875,0.389322153727,0.612515258789,-0.38323139387
10400,-4.28764207628,-1.28042650011,-0.179557630751,0.537298855252,0.822863091363,-0.282583331055
10390,-4.28748897976,-0.9702382999,-0.100157504612,1.05895818075,1.27298702664,-0.0656569150608
10380,-4.38740810818,-0.951981964111,-0.0483807033963,1.3934613461,1.75658789741,0.0473449708966
10370,-4.44895392524,-0.905415844387,-0.00865003797743,1.41768030802,1.82751176622,0.0857197140673
10360,-4.48316090902,-0.861363415188,-0.0294626871745,1.56884758843,2.17188245985,0.056024553118
10350,-4.46742926704,-0.820487738715,-0.08480597602,1.41932492574,1.91461656359,0.0629935830456
10340,-4.43426378038,-0.947346996731,-0.161862945557,1.1485702006,1.57950015598,-0.0576238228079
10330,-4.356558058,-0.905832290649,-0.0286741468641,1.26244062636,1.72423739963,0.0292211865114
10320,-4.33207329644,-0.804424531725,-0.0693452623155,0.966497234768,1.24342770047,-0.0489067656305
10310,-4.31863369412,-0.669539727105,-0.0670288085937,1.11080635071,1.50803544786,-0.000711913069425
10300,-4.3176457723,-0.746574800279,-0.155250464545,1.00955183241,1.42656622993,-0.088787332755
10290,-4.26617635091,-0.836960932414,-0.167998165554,1.43624182807,1.8655166626,-0.0491926715373
10280,-4.36088799371,-0.911824366252,-0.140916951497,1.45478266398,1.83060963949,0.0413940079101
10270,-4.45087975396,-0.898743133545,-0.00357343885634,1.46916327582,1.91437344021,0.133786791204
10260,-4.48601921929,-0.887166230943,-0.00645489162869,1.58219802009,2.02780914307,0.167819149115
10250,-4.33897196452,-0.941712985569,-0.0533484564887,1.47555419922,1.77290479872,0.0907597502883
10240,-4.47774386936,-1.10592148675,-0.13414255778,1.41273584154,1.79528011746,0.0223426634492
10230,-4.75766177707,-0.968931435479,-0.0764561123318,1.41353446113,1.75849321153,0.0262252348321
10220,-4.88610331217,-1.08162197537,-0.113910929362,1.36302182515,1.7614171346,-0.0616444532885
10210,-4.64668748644,-1.08722746107,-0.109555308024,0.952732298109,1.62467871772,-0.167611072054
10200,-4.4194261339,-1.27083583408,-0.215922122531,0.552057639228,1.27591993544,-0.293869634836
10190,-4.42410871718,-1.15970808241,-0.237980651855,0.521664538913,0.943917507595,-0.296278293133
10180,-4.34819081624,-1.00114363776,-0.152086554633,0.614765116374,0.819575500488,-0.213077796106
10170,-4.43673841688,-0.943671603733,-0.159827592638,0.849932801988,1.52066107856,-0.147962289906
10160,-4.47959696452,-0.930789142185,-0.193233066135,0.859632076687,1.35010087755,-0.104901873058
10150,-4.44403516981,-0.917760145399,-0.173832702637,0.700706363254,1.38336435954,-0.137194673468
10140,-4.41485646566,-1.23667298211,-0.193217213949,0.724448971219,0.943184577094,-0.189218721821
10130,-4.37864396837,-0.864909269545,-0.0635810852051,1.00413936191,1.48001861572,-0.0141735321533
10120,-4.38652174208,-0.877190856934,-0.0856951395671,1.06652754042,1.29072977702,-0.0104909449995
10110,-4.34270019531,-0.938130425347,-0.0268954806858,1.23282635159,1.7475253635,0.0434309537376
10100,-4.41059943305,-0.987536087036,-0.0607283698188,1.14112574259,1.73455573188,-0.0295688773505
10090,-4.41658393012,-0.852180870904,0.00153910319011,1.3752557373,1.73427700467,0.0633959516072
10080,-4.42004411485,-0.875863198174,-0.0753256903754,1.43638009813,1.9040468004,0.0790474877761
10070,-4.32441931831,-0.837895363702,-0.0538407219781,1.29935629951,1.88216705322,0.0656633868995
10060,-4.26889004178,-0.898920279609,-0.0539142184787,1.18495516459,1.55088178847,0.0458103437286
10050,-4.23286539714,-0.642929831611,0.0145812988281,1.36667616102,1.73332027859,0.159299039868
10040,-4.26959482829,-0.820035408868,-0.0531516181098,1.35119914585,1.91956481934,0.0753319541981
10030,-4.30801798503,-0.716917877197,-0.0616481357151,1.37265793694,1.75518425836,0.0722894822362
10020,-4.39932420519,-0.889283828735,-0.0336435106066,1.17225043403,1.48724738227,-0.022870478583
10010,-4.33433414035,-0.910754818387,-0.0510091145833,1.20742335849,1.36453518338,0.0372080080971
10000,-4.39280056424,-0.760614844428,-0.0606717427572,1.17374694824,1.48919236925,0.0626101850224
9990,-4.33757866753,-0.858541369968,-0.0131585015191,1.02260591295,1.37128889296,0.0168128007431
9980,-4.41155615913,-0.930286983914,-0.0174858093262,1.11139426337,1.4628680759,0.00645477781039
9970,-4.35697055393,-0.943688312107,-0.0663848876953,1.11480621338,1.41344604492,-0.0326658957956
9960,-4.36897803413,-0.808954357571,0.0255175272624,1.48155245463,1.85076480442,0.115254778405
9950,-4.37235124376,-0.877451460097,0.054769982232,1.58548980713,1.90557132297,0.149913454746
9940,-4.39309997559,-0.888208245171,-0.0246303982205,1.43068560282,1.8179300944,0.0946158443798
9930,-4.35396643745,-0.996501473321,-0.150780995687,0.948146718343,1.18721822103,-0.133590436143
9920,-4.27749108209,-0.906788711548,-0.171454789903,0.807718438043,1.18410780165,-0.180478315
9910,-4.26286773682,-0.984680387709,-0.129153866238,0.768683488634,1.43628150092,-0.145196419766
9900,-4.27976735433,-0.913834576077,-0.0675549825033,1.19900999281,1.88194461399,0.0249507259878
9890,-4.31539154053,-0.964544847276,-0.0666182623969,1.37279279073,1.91351047092,0.0606943179713
9880,-4.37384863959,-1.07227131314,-0.101597340902,1.35145888435,1.67487657335,0.0276309468753
9870,-4.42113850911,-1.11303193834,-0.0457053290473,1.16825622559,1.61410166423,0.0119372568641
9860,-4.43334994846,-1.0476750946,-0.093850962321,1.15326521979,1.63828023275,-0.0176917572356
9850,-4.41825290256,-0.868526746962,-0.0295038859049,1.27899359809,1.68463372125,0.0162232000745
9840,-4.38987240262,-0.621945054796,-0.0460051642524,1.34636461894,1.72696007623,0.0161909916406
9830,-4.37391560872,-0.878837517632,-0.0456564161513,1.111082272,1.43015509711,-0.0193971893071
9820,-4.36432274712,-1.01814441257,-0.124722629123,0.880735626221,1.04916483561,-0.119346853671
9810,-4.34682413737,-1.35115390354,-0.16404876709,0.792835337321,0.938637288411,-0.182128394324
9800,-4.3394938151,-1.1332982805,-0.248423851861,0.829464484321,1.23505486382,-0.233099138067
9790,-4.38468848334,-1.08581253899,-0.164869096544,1.03420889113,1.52470770942,-0.141126466187
9780,-4.35352647569,-1.18711180793,-0.235728115506,1.3728819614,1.92708621555,-0.0862239823177
9770,-4.29854549832,-0.960426389906,-0.129041120741,1.330743298,2.03186798096,-0.0324287959779
9760,-4.23125932482,-1.0430480957,-0.149106258816,0.915146467421,1.31342705621,-0.121107560145
9750,-4.30011206733,-1.18442298041,-0.231797536214,0.593976245456,1.13333825005,-0.284596143528
9740,-4.4133090549,-1.14359214783,-0.232052866618,0.636862665812,1.1792421129,-0.25403857528
9730,-4.38456047906,-1.10613996718,-0.198064168294,1.08071800232,1.52404242622,-0.186504286623
9720,-4.33470136854,-0.622728847928,-0.0103631761339,1.36391826206,2.00222913954,0.102877313245
9710,-4.48159298367,-0.688580152724,0.0527140299479,1.74671164619,2.18907911513,0.21424928726
9700,-4.77930755615,-0.694671308729,0.123581102159,1.67551031325,2.30912000868,0.271491667172
9690,-5.00529649523,-0.657810770671,0.102950456407,1.69365251329,2.20211503771,0.210681245938
9680,-4.78914845785,-0.643103374905,-0.0304943508572,1.506383294,1.9490085178,0.0627146646901
9670,-4.68876156277,-0.839520628187,-0.014432864719,1.36382447984,1.81351030138,0.036687571349
9660,-4.49251963298,-0.627257605659,-0.0454414367676,1.27370288425,1.94695315891,0.0231033253006
9650,-4.48012017144,-0.794678743151,0.0471440633138,1.28924145169,1.89942270915,0.114638956702
9640,-4.43277672662,-0.890473090278,0.0565575493707,1.40986191644,1.99336395264,0.143801465329
9630,-4.42678087023,-1.01601051331,-0.10315890842,0.995525283813,1.29926571316,-0.0892584545549
9620,-4.35394744873,-0.957395146688,-0.133481767442,0.977841491699,1.41744113498,-0.107474648779
9610,-4.30595177544,-1.05256677416,-0.17545759413,0.751310653687,1.17416670058,-0.207946433872
9600,-4.34808824327,-1.0341246287,-0.0122016059028,1.13935973273,1.88403930664,-0.0237473551458
9590,-4.37454986572,-0.93443804423,-0.0239975823296,1.2645359887,1.90056949192,0.0198619667801
9580,-4.33551618788,-0.780380723741,0.0783140394423,1.27943775601,1.64629007975,0.109312905968
9570,-4.31210259332,-0.609250598484,0.00627051459418,1.42807220459,1.95515119765,0.166137207909
9560,-4.25820787218,-0.667644034492,0.0402080112033,1.44018917508,1.75657958984,0.118181934179
9550,-4.25447591146,-0.608833075629,0.0344342549642,1.4974335395,1.9718653361,0.142321746044
9540,-4.36044904921,-0.833788503011,-0.100050523546,1.37274718391,1.73386027018,-0.00494375160257
9530,-4.45703752306,-1.20481289334,-0.111893717448,1.20464849684,1.61925760905,-0.0966768505756
9520,-4.56073930528,-1.52077373928,-0.138022443983,1.06080575731,1.41475084093,-0.16346101224
9510,-4.53848130968,-1.23574657016,-0.123989783393,0.99281996833,1.347720676,-0.13477906236
9500,-4.56190677219,-1.10415046692,-0.0498206244575,1.20881319682,1.53619656033,-0.0104294293427
9490,-4.45377044678,-1.06089987013,-0.118803575304,1.0511734687,1.42558525933,-0.0894258148969
9480,-4.325652398,-1.03734740363,-0.0017933315701,1.18818583171,1.52804870605,0.0223266427186
9470,-4.34403245714,-1.07353347778,-0.0945350646973,0.811134838528,1.10904337565,-0.145856223746
9460,-4.31854553223,-0.965961914062,-0.0478644476997,0.893378177219,1.27515428331,-0.0965604578004
9450,-4.36745113797,-1.02788696289,-0.184087371826,0.745240597195,1.10409274631,-0.195922675907
9440,-4.28880377875,-1.14898240831,-0.180223761664,0.610647057427,0.86609225803,-0.236260752307
9430,-4.38392401801,-1.04030386183,-0.0886340671115,0.700557759603,1.05794440375,-0.150574348366
9420,-4.42258877224,-0.931195670234,-0.154984283447,0.773158755832,1.1728269789,-0.133988064849
9410,-4.53719855414,-0.714397125244,0.0136210971408,1.35335648431,1.63115115696,0.0896298500568
9400,-4.4198650784,-0.557958365546,0.0915875752767,1.6542141215,2.10714857313,0.185331783148
9390,-4.38389875624,-0.606634894477,0.0816746181912,1.58042645772,2.12961357964,0.195357551497
9380,-4.27230919732,-0.710109786987,-0.00359564887152,1.29962471008,1.85004611545,0.0950059204481
9370,-4.39454532199,-0.838504757351,-0.110316212972,1.0319657135,1.31997239855,-0.0465974342583
9360,-4.39345906576,-0.829484066433,-0.0984876844618,1.14098709106,1.60356953939,0.00221181813482
9350,-4.46573045519,-0.913183432685,-0.0830531650119,1.05959229363,1.92885742188,-0.0390948224307
9340,-4.49032813178,-1.12914107429,-0.124275292291,0.901935060289,1.76662038167,-0.141080634348
9330,-4.53775566949,-1.32146085951,-0.144541337755,0.732325422499,1.40646209717,-0.202749583938
9320,-4.66361134847,-1.27692219204,-0.160609096951,0.757557279799,1.13363427056,-0.202199142288
9310,-4.52048746745,-1.09367402818,-0.0910339355469,0.981380996704,1.34966701931,-0.0761529201013
9300,-4.59770541721,-0.786092393663,-0.105282762316,0.740715298123,1.24108784993,-0.131202448791
9290,-4.55823686388,-0.820432857937,-0.0576685587565,1.02693444994,1.41430528429,-0.0319962726679
9280,-4.50048031277,-0.769442401462,-0.0904438442654,1.003756663,1.36728278266,-0.104179006057
9270,-4.48762139214,-0.878751237657,-0.00690528021918,1.35660706414,1.69351738824,0.0300088686921
9260,-4.41785447862,-0.85637336731,-0.0757313198513,1.17692625258,1.62219679091,-0.0186106276436
9250,-4.40571017795,-0.953723458184,-0.120908440484,0.981259613037,1.21913757324,-0.0795043535099
9240,-4.33209957547,-1.26650082906,-0.133696407742,0.712074050903,0.930384657118,-0.19019842544
9230,-4.3480758667,-1.11609718323,-0.14505343967,0.745531828139,1.11736924913,-0.167939540313
9220,-4.26325174967,-0.830774188572,-0.0630873786079,1.14413854811,1.37743665907,-0.00652664703585
9210,-4.2179075453,-0.739550560845,-0.162119717068,1.29796840244,1.72114495171,0.0166252066304
9200,-4.14435272217,-0.736450805664,-0.038222249349,1.21261867099,1.75171881782,0.043297142784
9190,-4.29605136447,-0.700952801175,-0.0134651184082,1.40200561523,1.83913353814,0.123562390561
9180,-4.55029466417,-0.746915452745,0.107709672716,1.55066455417,2.05588141547,0.215780378935
9170,-4.71567128499,-0.766220194499,0.0380234612359,1.62430827671,1.91727684869,0.208733881005
9160,-4.69262017144,-0.694436535305,0.0196866353353,1.35121331957,1.80322570801,0.0920961615424
9150,-4.42840983073,-0.946432215373,-0.0945448981391,1.17672220866,1.86277669271,0.000730051162062
9140,-4.38299933539,-0.896705796984,-0.124050733778,1.15831873576,1.88674079047,-0.063840023305
9130,-4.30580512153,-0.901060248481,-0.0302170647515,1.38796729194,2.10522986518,0.0475028200635
9120,-4.26924472385,-0.916877933078,-0.117637464735,0.904965260824,1.44025132921,-0.0576826646626
9110,-4.33046434191,-0.918283682929,-0.0278475443522,0.997198401557,1.5745803833,-0.0100886148402
9100,-4.41633639865,-0.970898191664,-0.202354176839,0.487608854506,0.977786424425,-0.227280807875
9090,-4.5223590427,-0.651939290365,-0.100052303738,0.955169872708,1.31458909776,-0.0931691539348
9080,-4.45814565023,-0.751037139893,-0.152120039198,1.05341874864,1.45872955322,-0.118221931753
9070,-4.36912655301,-0.865646650526,-0.100592803955,1.13886644151,1.744402398,-0.0506053624206
9060,-4.3507651435,-0.850005196465,-0.116860283746,0.894986385769,1.46751895481,-0.105739727421
9050,-4.39077063666,-0.89736082289,-0.0404496086968,0.802596672906,1.42960832384,-0.0830350737645
9040,-4.47063479953,-1.12188606262,-0.18598912557,0.828882251316,1.36610836453,-0.175786146546
9030,-4.51611005995,-0.995349587335,-0.0879063924154,0.911627070109,1.57028062609,-0.0786754023923
9020,-4.56861775716,-0.971096369425,-0.139709218343,0.930176052517,1.38510487874,-0.109557282007
9010,-4.60104929606,-0.884409408569,-0.0842385186089,1.12907521566,1.31554785834,-0.0392939003574
9000,-4.4979663425,-0.978383806017,-0.00918570624457,1.28550469293,1.41352725559,0.0037483236076
8990,-4.44347652859,-1.1203896247,-0.0265695359972,1.23715452406,1.5767332289,-0.0142660231512
8980,-4.46071573893,-1.08676143222,0.025346883138,1.38905658298,1.85181376139,0.115080525423
8970,-4.46716545953,-0.682240142822,0.118417443169,1.45853632609,1.85317687988,0.210243492694
8960,-4.37180769179,-0.547879960802,0.195604112413,1.76694167243,2.05994008382,0.305470205661
8950,-4.30806121826,-0.572491870456,0.160607825385,1.59548556858,1.90580223931,0.257688707796
8940,-4.30698564317,-0.701955362956,0.0162144131131,1.14629001194,1.54439375136,0.0569065580092
8930,-4.34712151421,-0.738651038276,0.0163201226128,1.04704023573,1.42512139214,0.0221556809168
8920,-4.41745995416,-0.708176142375,0.0464508904351,1.12599143982,1.37400054932,0.0788669424184
8910,-4.48983018663,-0.653949720595,0.0784544203016,1.46637424893,1.84394700792,0.194343547368
8900,-4.51455027262,-0.687022255792,0.0738593207465,1.46987687853,1.82780626085,0.151083771247
8890,-4.53469814724,-0.906470862495,0.00885289510091,1.40297994826,1.87709197998,0.0764126302668
8880,-4.43830108643,-0.909837705824,-0.0810017055935,1.25296467251,1.63509233263,0.00372037345344
8870,-4.43567013211,-0.764501486884,-0.014730919732,1.39038295322,2.13602735731,0.0808523786853
8860,-4.44723476834,-0.792443644206,-0.0833596123589,1.39361678229,1.92663947211,0.0375824940101
8850,-4.50555504693,-0.750718985664,-0.0178055657281,1.40181365119,2.0090552436,0.0356056479678
8840,-4.46834411621,-1.07025138855,-0.127137586806,0.993487887912,1.52164442274,-0.114356609147
8830,-4.55888044569,-0.893805736966,-0.0811189439562,0.867478603787,1.46659138997,-0.0768326479872
8820,-4.6365737915,-1.12739194234,-0.0795733133952,0.881805343628,1.33394402398,-0.119178515638
8810,-4.78816511366,-0.867604751587,-0.0218837314182,1.20540482415,1.47110188802,0.0434104593386
8800,-4.73961673313,-1.05524258084,-0.00259433322483,1.31506730821,1.63148956299,0.0958156130621
8790,-4.76815321181,-1.01200916714,0.00625559488932,1.39136817932,1.73959265815,0.0984781990841
8780,-4.66898362901,-0.805873608059,-0.0126069810655,1.36617681715,1.8972430759,0.103048733634
8770,-4.70364685059,-0.852424850464,-0.0256759643555,1.41546437581,1.88854963515,0.0746320763827
8760,-4.7254196167,-0.821984676785,-0.0664705064562,1.43113535563,1.94503428141,0.0613291156923
8750,-4.69522620307,-0.854403525458,-0.0981345282661,1.21252443102,1.52380472819,-0.0135836315368
8740,-4.60099131266,-0.776050084432,-0.119179026286,0.95744070265,1.2069357978,-0.0611976923702
8730,-4.43031819661,-0.748646782769,-0.106131913927,0.7217123074,0.992778523763,-0.13334197701
8720,-4.47461107042,-0.815708007813,-0.129561021593,0.780940272013,0.932383728027,-0.161178232085
8710,-4.3678624471,-0.736403588189,-0.119937557644,0.758928816054,1.16392635769,-0.105971398013
8700,-4.38062727186,-0.734622989231,-0.034700012207,0.986068242391,1.3115459866,-0.019866902866
8690,-4.38011542426,-0.798078070747,0.0418927510579,1.24981543647,1.53362053765,0.0984657909558
8680,-4.49390750461,-1.02645224677,0.074078962538,1.25989506192,1.53446994358,0.148715614582
8670,-4.52293548584,-0.944788648817,0.149353196886,1.20306781345,1.78454488118,0.153176763373
8660,-4.51679212782,-1.01403420342,0.00766245524089,0.901376486884,1.64381951226,-0.0159364842118
8650,-4.46258477105,-0.865536592272,-0.0584395514594,0.974445326063,1.38534596761,-0.0489545716495
8640,-4.36337907579,-0.868985977173,-0.16592763265,0.963976677789,1.22774827745,-0.130279187996
8630,-4.35820227729,-0.882472949558,0.0211877610948,1.30505440606,1.66108669705,0.0490961518374
8620,-4.4149714152,-0.893873146905,-0.0969438340929,1.05870379978,1.69077894423,-0.0686778889078
8610,-4.38160146077,-0.859187486437,-0.00491222805447,1.26775928921,1.86133371989,0.0572828542671
8600,-4.39036373562,-0.630756081475,0.0551478068034,1.25868469238,1.65385640462,0.0700116420147
8590,-4.40587666829,-0.557750718859,0.0609163920085,1.25144643995,1.75678032769,0.0964635858757
8580,-4.61807200114,-1.04591662089,-0.00883551703559,0.943418036567,1.33543565538,-0.0466421347092
8570,-4.76392211914,-1.49387537638,-0.190470547146,0.604523179796,1.07928534614,-0.252697007663
8560,-4.65834401449,-1.45919215732,-0.0805049472385,0.849295399984,1.19178619385,-0.148344723244
8550,-4.58756290012,-1.17694330004,-0.0517688327365,0.821796035767,1.29085167779,-0.118880184452
8540,-4.47897101508,-0.98031088935,-0.13090133667,0.643136206733,1.00084482829,-0.187379500594
8530,-4.65697801378,-0.776621280246,-0.276700846354,0.54320672777,0.909684244792,-0.307211343414
8520,-4.6705754598,-0.832528516981,-0.22064098782,0.66993631151,1.23492804633,-0.232671367244
8510,-4.74626668294,-1.15340785556,-0.131897226969,0.844537667169,1.26020490858,-0.158017399634
8500,-4.75990787082,-1.51627204895,-0.039176940918,0.761385387845,1.01826680501,-0.123367383081
8490,-4.74423014323,-1.26863566081,-0.0774436102973,0.729603627523,0.930955674913,-0.126538259777
8480,-4.67281951904,-1.04982984755,-0.0653502570258,0.912033428616,1.30889180501,-0.057444044163
8470,-4.47232699924,-0.901455230713,-0.0360308329264,0.779716720581,1.2093717787,-0.0950353282084
8460,-4.40679711236,-0.900634596083,-0.0729647318522,0.943350194295,1.49151628282,-0.0700301282299
8450,-4.38530510796,-0.755648167928,-0.158867645264,0.603622529772,1.00327538384,-0.189036846381
8440,-4.42189415826,-1.07954540677,-0.219666375054,0.32284286499,0.659722561306,-0.286338764779
8430,-4.3749464247,-0.954720781114,-0.232816992866,0.13269074334,0.313855150011,-0.342088314016
8420,-4.38637813992,-0.949899554782,-0.201599290636,0.492779583401,0.760870191786,-0.245268185755
8410,-4.34678141276,-0.763518074883,-0.0648186577691,0.839149754842,1.12133992513,-0.0444469928573
8400,-4.31729855008,-0.736340823703,0.0370400322808,1.09034365336,1.36943969727,0.0406590542544
8390,-4.28384128147,-0.561541781955,0.0844190809462,1.16553839789,1.54689364963,0.0986031870976
8380,-4.35544704861,-0.76864112854,0.0116613599989,1.29366606818,1.74849073622,0.0457356537333
8370,-4.47869398329,-0.784018910726,0.0108963012695,1.1837450748,1.8203962538,-0.00427379413194
8360,-4.61166381836,-0.925461010403,-0.0430434332954,0.969148322211,1.59244706896,-0.0499806378676
8350,-4.49935557048,-0.709717051188,0.00147086249458,0.80402241177,1.2155520969,-0.00874213705261
8340,-4.36218329536,-0.665935957167,0.0558176676432,1.09181044685,1.48123151991,0.0449695287175
8330,-4.37361568875,-0.63657939487,0.0387630886502,1.2334784868,1.60081498888,0.110188588004
8320,-4.61537695991,-0.994346254137,-0.0468236287435,1.19978904724,1.53826819526,-0.0255218440943
8310,-4.71851908366,-1.01743339539,-0.117836337619,0.890225694444,1.29230906169,-0.14838619531
8300,-4.65177018907,-1.14674412198,-0.214582909478,0.672605556912,1.06939985487,-0.279501767698
8290,-4.57402886285,-1.27435362074,-0.203834533691,0.856091266208,1.30941162109,-0.25850925507
8280,-4.5870976766,-1.45218906826,-0.213147396512,0.634036331177,0.881624009874,-0.30497306786
8270,-4.59274817573,-1.23912343343,-0.139874182807,0.907742123074,1.31559702555,-0.176710166471
8260,-4.51780056424,-0.749476928711,-0.127536095513,0.873289633857,1.3994579739,-0.103776870474
8250,-4.46515757243,-0.658796742757,-0.00449863009983,1.35796162075,1.85391540527,0.0813618990167
8240,-4.40133344862,-0.776195729574,-0.0392285664876,1.2133758884,1.77617458767,0.00810368191665
8230,-4.53742455377,-0.998931486342,-0.0434040493435,0.769966108534,1.17270253499,-0.0704999065541
8220,-4.51539374457,-1.27685255263,-0.119978671604,0.655318806966,0.855207824707,-0.19063957172
8210,-4.57610948351,-1.18186884562,-0.028562842475,0.899815394084,1.10382453071,-0.078265960075
8200,-4.4052315606,-0.992376056247,0.00644810994466,0.939182747735,1.34504140218,0.0263014017674
8190,-4.46260528564,-0.651320987278,0.068352593316,1.40676685757,1.97948828803,0.130361582746
8180,-4.48717753092,-0.919725316366,-0.0217244466146,1.34971655104,1.89459262424,0.0296204755423
8170,-4.60693596734,-0.750769178602,-0.0467799716526,1.0322174157,1.45400051541,-0.0489018679396
8160,-4.51744571262,-0.782605056763,-0.117947387695,1.11926419576,1.6252714369,-0.0922068678489
8150,-4.42149759928,-0.733149431017,-0.129927402072,1.17545272827,1.53579135471,-0.0513382657964
8140,-4.37231241862,-0.772058037652,-0.142580074734,1.02934587267,1.50753258599,-0.0868455671384
8130,-4.5002887302,-0.965715120104,-0.138197750515,0.75350859748,1.04862009684,-0.175032597389
8120,-4.50393473307,-1.06679057651,-0.192567189535,0.738657006158,1.02908087836,-0.251936610988
8110,-4.58026106093,-1.20615534465,-0.148890940348,1.09376649645,1.54706403944,-0.131123982533
8100,-4.52449476454,-1.04173795064,-0.0779472351074,1.16900802612,1.62156592475,-0.0325127344379
8090,-4.50925106472,-0.924066585965,0.02478612264,1.39880473667,1.69309624566,0.111910323147
8080,-4.46010335286,-0.938800447252,0.127124532064,1.32824782477,1.72452223036,0.146173190846
8070,-4.43936784532,-0.642579218547,0.0716918945313,1.4448050944,1.98637474908,0.156119204953
8060,-4.48366427951,-1.03332073636,-0.0694451226128,0.999320051405,1.42127956814,-0.0840989530208
8050,-4.43536580404,-0.943921754625,-0.152019670275,0.980578842163,1.37270626492,-0.0841112216095
8040,-4.38002387153,-0.887180218167,-0.172601911757,0.86925561693,1.14218478733,-0.172209238195
8030,-4.39083574083,-0.785938813951,-0.0469765557183,1.02877939012,1.60470598009,0.000105268469963
8020,-4.493800354,-0.922414550781,-0.21070590549,0.361936950684,1.05681813558,-0.274278752687
8010,-4.64005686442,-1.04074050903,-0.185422176785,0.450310058594,1.14064348009,-0.274345414953
8000,-4.50034264459,-1.40111902873,-0.248000250922,0.346708780924,0.735662333171,-0.414932198784
7990,-4.30692036947,-1.27184506734,-0.158275519477,0.858506859673,1.40719858805,-0.214995263349
7980,-4.20510338677,-0.825446336534,-0.160049099392,0.876252933078,1.2017320421,-0.176503024637
7970,-4.27013838026,-0.878465754191,-0.0578813340929,1.11062171088,1.6487681071,-0.0426758549202
7960,-4.33298661974,-0.767585940891,0.00261459350586,1.11230114407,1.42107594808,-0.00821665046663
7950,-4.33090701633,-0.880880974664,-0.0306164211697,0.951584837172,1.45401492649,-0.0477742080645
7940,-4.30939331055,-0.97205792745,0.0415334065755,0.982635972765,1.44516194661,-0.00232257070752
7930,-4.34993252224,-1.0865176985,-0.0136539035373,0.870734973484,1.19240264893,-0.0527578108119
7920,-4.48579542372,-1.11651415507,0.0391443040636,0.882482749091,1.00046132406,0.0232180638665
7910,-4.43777296278,-0.968623708089,0.0529469807943,0.880595762465,1.09747755263,0.0133968735323
7900,-4.34705691867,-0.732170834012,0.0223087734646,1.18466999478,1.54186367459,0.0644558679887
7890,-4.2328060574,-0.706577241686,-0.0279999627007,1.44843061659,1.90750613742,0.0809040451613
7880,-4.28960859511,-0.893661354913,-0.0650792439779,0.940100953844,1.36480848524,-0.0527535822437
7870,-4.42212609185,-1.12294967651,-0.162616390652,0.638166020711,1.05735015869,-0.208227330246
7860,-4.46707339817,-1.59391002231,-0.17198554145,0.397296913995,0.576513163249,-0.314470992919
7850,-4.46497124566,-1.12375105116,-0.136745707194,0.736524488661,1.25840962728,-0.189174929566
7840,-4.4513543023,-0.939237323337,-0.0948302374946,0.806229154799,1.03658820258,-0.138704072382
7830,-4.4637878418,-0.830256118774,-0.0495105319553,0.984426252577,1.19078080919,-0.0365997295487
7820,-4.42299448649,-0.924011171129,-0.0702926635742,0.730470504761,1.14713270399,-0.109368433082
7810,-4.38729688856,-0.832780659993,-0.0913949754503,0.983394707574,1.33075256348,-0.0431185591778
7800,-4.4254603068,-0.9000960456,-0.11095767551,0.904821328057,1.13123609755,-0.116710113877
7790,-4.48578626845,-0.671897201538,-0.063606177436,0.847880206638,1.22524414062,-0.0544650871844
7780,-4.46024237739,-0.632945463392,0.136588626438,1.32156041463,1.76475440131,0.112064945289
7770,-4.42604047987,-0.452973759969,0.127905697293,1.49525887383,1.8726498074,0.217972074905
7760,-4.40749257406,-0.763978279961,-0.0150382995605,1.39592814975,1.80913526747,0.0871467922483
7750,-4.32424757216,-0.829617801242,-0.19051361084,1.21225341797,1.52791052924,-0.0650750843677
7740,-4.3171564738,-0.94121770223,-0.200593058268,1.26713810391,1.52194773356,-0.1175533582
7730,-4.38543955485,-0.974426642524,-0.153794013129,1.09405501472,1.53380330404,-0.112557331962
7720,-4.45784420437,-1.07814293755,-0.136738501655,1.15218407525,1.53345014784,-0.0953921778628
7710,-4.56152818468,-1.06318329705,-0.144338734945,0.763499984741,1.11599205865,-0.142409121824
7700,-4.41854773627,-0.919180119832,-0.0979863484701,0.778298195733,0.94706624349,-0.0779293418686
7690,-4.26179843479,-0.706478864882,-0.0411120944553,0.894775738186,1.06179775662,-0.0260867586357
7680,-4.13100484212,-0.50596856859,-0.0291036817763,1.08973847283,1.39446767171,0.0616199121158
7670,-4.13178456624,-0.652759399414,0.0746910942925,1.32554523044,1.61128116184,0.123629305329
7660,-4.22307247586,-0.730178977119,0.0463394165039,1.50543517219,1.73782992893,0.112975946965
7650,-4.24061940511,-0.879209942288,-0.00160870022244,1.46523856269,1.79790276421,0.0644934642653
7640,-4.36384819878,-1.11033832126,-0.085129377577,1.44378385756,2.12686598036,0.0368487696079
7630,-4.40401170519,-1.25215277778,-0.222493743896,0.897055452135,1.56085476345,-0.210283312053
7620,-4.49711185031,-1.07925505744,-0.250805155436,0.880783750746,1.36664598253,-0.221126241639
7610,-4.45690375434,-1.21028630575,-0.237335798475,0.501951683892,0.896123080783,-0.326187955419
7600,-4.53100399441,-0.93816148546,-0.118124898275,0.852224188911,1.32202674018,-0.10620637347
7590,-4.58285878499,-1.10822664897,-0.129990386963,0.815433510674,1.1920888265,-0.163193948573
7580,-4.54811689589,-0.909246105618,-0.0286855909559,1.12034428067,1.81471506755,-0.00386019134536
7570,-4.46249762641,-0.953893500434,-0.0871616787381,0.888671968248,1.24048987495,-0.0902851564102
7560,-4.37684614393,-0.940026541816,-0.0814999898275,0.883310818142,1.02636464437,-0.082696693519
7550,-4.35942721897,-0.959353205363,-0.155909729004,0.783065634833,0.917642381456,-0.153882497653
7540,-4.34343617757,-0.792777370877,-0.00433705647786,1.25060574002,1.61702406141,0.0765944603828
7530,-4.37079230414,-0.637183541192,0.063463083903,1.41516050551,2.03901384142,0.145088637945
7520,-4.45667639838,-0.762530008952,0.0835614522298,1.27311548869,1.92448849148,0.140925472411
7510,-4.46130303277,-0.969030914307,0.0077146742079,0.998264016045,1.49435272217,0.00270146718361
7500,-4.53807966444,-1.08201720344,-0.0174953884549,0.989576144748,1.41944054498,-0.034012021441
7490,-4.42229648166,-1.07934979757,-0.147853003608,0.911441624959,1.39119110107,-0.128844727447
7480,-4.36761457655,-0.963535402086,-0.121888309055,1.06127490573,1.58646918403,-0.0858034369706
7470,-4.53509046766,-1.13617947049,-0.110696411133,1.02388296339,1.44041748047,-0.0889733792168
7460,-4.69260881212,-0.756571960449,-0.0108094109429,1.37652919345,1.90102725559,0.0487460779448
7450,-4.80723927816,-0.917891557482,-0.105018022325,1.13091747708,1.72209438748,-0.0803504843241
7440,-4.55356987847,-0.859909854465,-0.0813248528375,1.21023980035,1.51665462918,-0.0629639890884
7430,-4.36954396566,-0.799400583903,-0.0748480902778,1.15376347012,1.41685875787,-0.0546945646275
7420,-4.34295688205,-0.817450697157,-0.0874114142524,1.33203973558,1.69276648627,0.00859095246034
7410,-4.4087677002,-0.689931038751,-0.0220229254829,1.41815387302,1.97526380751,0.110656699612
7400,-4.39723409017,-0.638229777018,-0.0445860120985,1.39177730136,1.9999065823,0.053594614678
7390,-4.51937832303,-0.993432634142,-0.0315689934625,1.12195277744,1.71247372097,0.00308689854592
7380,-4.4425426907,-0.881343197293,-0.0984757317437,1.09567742242,1.78700527615,-0.0602294498808
7370,-4.50160725911,-0.909443495009,-0.0350549485948,1.10887396918,1.65081261529,0.006593777305
7360,-4.33628811306,-0.571744291517,-0.015470123291,1.36946714613,1.68659057617,0.0878831255357
7350,-4.38428938124,-0.493996971978,-0.00355122884115,1.23309268528,1.68120676676,0.0736754386349
7340,-4.3774339464,-0.480626127455,0.0338434007433,1.19448012458,1.46498921712,0.0537141001385
7330,-4.45326385498,-1.06738643222,0.00778189765083,1.01262397766,1.29260304769,-0.00430940250816
7320,-4.54463416206,-1.08733374702,-0.0469636705187,0.969773695204,1.2341925727,0.00324814389343
7310,-4.56140407986,-1.01234340244,0.0434430440267,1.29979605781,1.70102606879,0.10410876366
7300,-4.49308658176,-0.907873865763,-0.0339217291938,1.45057355245,1.851171875,0.0873205579336
7290,-4.48781212701,-1.08988028632,0.00423795912001,1.21312566969,1.69024149577,0.0392386452084
7280,-4.42827674018,-1.12126189338,-0.0148340013292,1.06034754435,1.54048936632,-0.0496675384331
7270,-4.540216234,-1.03337092082,-0.00736838446723,1.08780030992,1.39330919054,0.0247250521171
7260,-4.52050018311,-0.945611801147,0.0232103135851,1.15130800035,1.54071451823,0.0389475901298
7250,-4.56091647678,-0.848305274116,0.0334111531576,1.29182742649,1.749089898,0.0766363413517
7240,-4.53249664307,-0.896711315579,-0.0358311971029,1.0031470659,1.55134633382,-0.0235747646101
7230,-4.49303300646,-0.710496665107,-0.0698871188694,1.09039510939,1.66625366211,-0.0642144012015
7220,-4.46663869222,-0.89480255127,-0.0989474826389,0.781642286513,1.15530853271,-0.15945064922
7210,-4.43948025174,-0.998688040839,-0.133958265516,1.14840677897,1.70474938287,-0.120913649558
7200,-4.35412190755,-0.923819359673,-0.138703918457,1.08145868089,1.34643910726,-0.147902733645
7190,-4.5900487264,-1.02240863376,-0.180607774523,0.922638888889,1.28202429877,-0.181022319063
7180,-4.71478814019,-0.785582741631,-0.190383911133,0.862085749308,1.54430609809,-0.190418768634
7170,-4.77973361545,-1.29107683818,-0.172913784451,0.485209231906,1.0162612915,-0.261744248461
7160,-4.48493431939,-1.16743972778,-0.221714697944,0.483532969157,0.726672702365,-0.308459577874
7150,-4.35443166097,-1.3331485494,-0.214295366075,0.234144142999,0.530109490289,-0.339896751717
7140,-4.33819071452,-0.846899871826,-0.102404700385,0.57665757921,0.910484144423,-0.174118022546
7130,-4.36257035997,-0.640065655178,0.0523084852431,1.06781422085,1.65624593099,0.0562541928118
7120,-4.36289723714,-0.504042460124,0.0340005662706,1.40970783657,2.04941321479,0.162064715821
7110,-4.36326751709,-0.623443628947,-0.00743747287327,1.50800126817,1.89901207818,0.17146693579
7100,-4.36805369059,-0.552390246921,0.0816784328885,1.47612698873,1.9271870931,0.175705146632
7090,-4.39580569797,-0.992651384142,-0.0145411173503,1.17009714762,1.79689093696,0.0438837578971
7080,-4.40108201769,-0.946400341458,0.0199484083388,1.20401551141,1.77985263401,0.0270697842035
7070,-4.48710971408,-1.64280045403,-0.0958660549588,0.815442403158,1.24809417725,-0.194722701925
7060,-4.52257283529,-1.33917427063,-0.117782508002,0.790240300496,1.34572024875,-0.187590105503
7050,-4.54610748291,-1.33396870083,-0.0838336520725,0.651033231947,1.04610443115,-0.172628516364
7040,-4.44007737901,-0.966371570163,-0.0302998860677,0.796217091878,1.02852444119,-0.0773191853937
7030,-4.34900105794,-0.711861835056,-0.074462890625,0.582879375882,0.885491095649,-0.114146577093
7020,-4.41226365831,-0.913028021918,-0.165345085992,0.644304741753,0.813776482476,-0.203763843454
7010,-4.55874972873,-1.25433866713,-0.176579708523,0.418293058607,0.659865315755,-0.3137585267
7000,-4.61804267036,-1.63612335205,-0.187172868517,0.70252796597,1.27344038222,-0.276629821092
6990,-4.491668023,-1.25961183336,-0.143991173638,0.544959725274,1.09040442573,-0.218184115188
6980,-4.37032402886,-1.1704384274,-0.0593000623915,0.553077596029,1.05077090793,-0.176193388641
6970,-4.38495669895,-1.22360731337,-0.0359731038411,0.643690219455,0.947996181912,-0.172234055128
6960,-4.3778020223,-1.08070901659,-0.0795052422418,0.585046802097,0.857535129123,-0.165355209262
6950,-4.33223809136,-1.28301635742,-0.142469363742,0.435103115506,0.66003112793,-0.25508262644
6940,-4.26399875217,-0.698718126085,-0.0724363538954,0.760953343709,1.14016927083,-0.100270754886
6930,-4.31677161323,-1.21813634237,-0.102841440837,0.60914920383,0.901021491157,-0.223445218452
6920,-4.31521589491,-0.645235587226,-0.0263947380914,1.10439890544,1.3296178182,-0.00858201904025
6910,-4.30883229574,-0.794925537109,-0.112824842665,0.788999710083,1.11341790093,-0.122394509489
6900,-4.25674845378,-0.809978680081,-0.0804443359375,0.818475638496,1.21663530138,-0.103735046025
6890,-4.27924906413,-1.19772549947,-0.0914716932509,0.629433805678,0.882665337457,-0.187084069565
6880,-4.32201656765,-0.937717963325,-0.108051300049,0.784053031074,1.15855526394,-0.150805170653
6870,-4.52262115479,-1.15416801453,-0.100236680773,0.745772891574,1.04512820774,-0.160483889812
6860,-4.67043067084,-1.08008564419,-0.143458387587,0.760965779622,1.05642022027,-0.158078632928
6850,-4.85038655599,-1.0896394772,-0.0894883897569,0.761968315972,1.23963148329,-0.103977783649
6840,-4.61886511909,-0.765020124647,0.0481896294488,0.92343047248,1.04953274197,0.0475108021057
6830,-4.51530354818,-0.580721223619,0.138750457764,1.51216211955,1.9579155816,0.20088486105
6820,-4.41860131158,-0.82876630995,0.0298841688368,1.24467336867,1.81093648275,0.0582779521763
6810,-4.45147772895,-1.03617836846,-0.0447199503581,1.07609543694,1.38896026611,-0.033224949829
6800,-4.41261088053,-1.31890067206,-0.101023949517,0.624075605604,1.01340637207,-0.17607690119
6790,-4.36770782471,-1.1995948622,-0.187395646837,0.388470831977,0.719645521376,-0.315172676978
6780,-4.34939117432,-1.31678686354,-0.213766564263,0.557582083808,0.841983710395,-0.296227346782
6770,-4.43425208198,-1.0852846188,-0.213895670573,0.595578884549,0.97210015191,-0.230086483936
6760,-4.44727834066,-0.963574354384,-0.04744237264,0.941411989,1.39922926161,-0.0429672055574
6750,-4.54109242757,-1.00036849976,-0.075737423367,1.19098236932,1.46017405192,-0.0775642201617
6740,-4.51802910699,-0.827662412855,-0.0876957363552,0.986943588257,1.2086312188,-0.100639929776
6730,-4.47298194038,-0.916195771959,-0.00925140380859,0.914843156603,1.11210123698,-0.0536099223101
6720,-4.42639923096,-0.931818313599,0.0759346008301,0.856430316501,1.15383317735,-0.00313538762938
6710,-4.36037139893,-0.795592829386,-0.0749007331,0.850770653619,1.18349168566,-0.0770047584984
6700,-4.38163926866,-0.713330951267,-0.108909183078,1.0902611457,1.63004998101,-0.0480104547236
6690,-4.37873179118,-0.880516738892,-0.112397172716,1.07464000278,1.55540635851,-0.0513910359785
6680,-4.31722751194,-0.885476455688,-0.116417100694,1.163477673,1.63596055773,-0.0196299427718
6670,-4.33306545681,-1.07703153822,-0.111569298638,0.959793667263,1.25579579671,-0.115442001483
6660,-4.27748074002,-1.21914751689,-0.11505033705,0.752683724297,1.02082502577,-0.125702178481
6650,-4.29600236681,-1.29867477417,-0.0687650044759,0.807547014025,1.12232276069,-0.145603576507
6640,-4.25551317003,-0.907172266642,-0.0681042989095,0.700491689046,1.17625545926,-0.108762075113
6630,-4.27493913439,-0.935634121365,-0.0425854153103,0.688214153714,1.24658338759,-0.0906984016643
6620,-4.32106577555,-0.981400095622,-0.0430548773872,0.925687577989,1.33287234836,-0.056657273805
6610,-4.33607008192,-0.899369328817,0.0261689927843,1.16874345567,1.43290201823,0.0320846582634
6600,-4.32967376709,-0.905033620199,-0.0154932657878,1.1897406684,1.42746683757,-0.00693012273514
6590,-4.27363705105,-0.921788363987,-0.0284534878201,1.15247712877,1.56941138373,-0.0113364290594
6580,-4.41768137614,-1.16020344204,-0.112707773844,1.08271834479,1.65981190999,-0.128372227673
6570,-4.47135111491,-1.08897992452,-0.043756696913,1.04725844489,1.68569539388,-0.044840349647
6560,-4.51598103841,-1.00469471402,-0.0764255099826,0.88196633233,1.31836310493,-0.0947342567759
6550,-4.35139414469,-0.851730617947,-0.1048924764,0.667781329685,1.03089107937,-0.158927770222
6540,-4.38190968831,-1.12091256036,-0.199989657932,0.604542821248,0.87287902832,-0.260786271049
6530,-4.42815738254,-1.10428582086,-0.133363427056,0.583599709405,0.926351420085,-0.220146991687
6520,-4.4242799547,-1.18907841153,-0.149276394314,0.886273108588,1.32646026611,-0.167870167739
6510,-4.32829149034,-1.0354982588,-0.0646345350477,0.791057730781,1.24271630181,-0.11864496563
6500,-4.32287309435,-0.871158981323,-0.101413811578,0.602282884386,1.07538553874,-0.174589104153
6490,-4.35456237793,-0.853885328505,-0.133128696018,0.498607457479,0.922914123535,-0.214343607721
6480,-4.37607760959,-0.89845709059,-0.173760986328,0.494579925537,0.872929212782,-0.214811533095
6470,-4.37276153564,-0.899662017822,-0.112153540717,1.0247902849,1.49556681315,-0.0984626802415
6460,-4.31374426948,-1.0010528734,-0.014773050944,1.13067176819,1.65478261312,-0.000155078910573
6450,-4.43926968045,-0.969152128432,-0.0959791395399,1.4905762736,1.93821902805,0.0253034099301
6440,-4.47177039252,-0.85924691942,-0.0780197991265,1.35180718316,1.92245924208,0.00142732944773
6430,-4.52202012804,-1.02483322144,-0.176999240451,1.05781545003,1.41858181424,-0.145600227069
6420,-4.45789879693,-1.0707202318,-0.099262491862,0.947073050605,1.29162885878,-0.102308466939
6410,-4.51741485596,-1.36964100308,-0.16845380995,0.78471353319,1.10633070204,-0.179822926654
6400,-4.58492296007,-1.14854255676,-0.0778458489312,0.839063101874,1.24136420356,-0.0966264545878
6390,-4.45793389214,-1.08826089647,-0.171767510308,0.670831578573,0.956250847711,-0.204328227847
6380,-4.33372921414,-1.19063486735,-0.266705152724,0.413321244982,0.827542114258,-0.323122231578
6370,-4.42856869168,-1.10487983704,-0.224093967014,0.729725867377,1.15424906413,-0.225139460176
6360,-4.49578518338,-1.01307030572,-0.171705966526,0.706627053155,1.12958051893,-0.215061580996
6350,-4.48963114421,-1.08418958028,-0.114633687337,1.14478302002,1.50736406114,-0.072232369436
6340,-4.38400387234,-1.21194115533,-0.0882724338108,0.941768866645,1.13953518338,-0.128133994409
6330,-4.34292653402,-1.04662267049,-0.133718956841,1.0629057312,1.32051171197,-0.105511652595
6320,-4.28518981934,-0.811826112535,-0.113680860731,0.759528715346,1.20763312446,-0.127707367896
6310,-4.268309021,-0.770525588989,-0.180116271973,0.641367797852,1.15635104709,-0.182883776088
6300,-4.27542029487,-1.03386191474,-0.26598493788,0.537303712633,0.941292317708,-0.309765389559
6290,-4.34661814372,-1.59878804525,-0.316069624159,0.354035483466,0.64380001492,-0.451195138935
6280,-4.3653052436,-1.39693745083,-0.324274698893,0.144700308906,0.560957505968,-0.456255155009
6270,-4.41561041938,-1.76728795369,-0.302882639567,0.0326426442464,0.423617553711,-0.471107747987
6260,-4.3844974094,-1.03472135756,-0.280571831597,0.23158176846,0.924040561252,-0.354473328018
6250,-4.40249786377,-0.933561062283,-0.24839469062,0.369688347711,0.887744479709,-0.292723390109
6240,-4.37077246772,-0.780337922838,-0.177413770888,0.685691748725,1.22434878879,-0.124415317662
6230,-4.42469974094,-0.996192152235,-0.226265716553,0.599488923815,0.841649373372,-0.235386901954
6220,-4.44706590441,-1.12848988003,-0.228542073568,0.551717834473,0.767522515191,-0.271588456871
6210,-3.76555769179,-1.09200389438,-0.218764326308,0.652392306858,0.93885989719,-0.240496904438
6200,-2.36379530165,-0.668281300863,-0.118401251899,1.36853079902,1.9208855523,0.0630069611102
6190,-0.958150906033,-0.54059109158,-0.0383572048611,1.16089561462,1.79554595947,0.126541168736
6180,-0.752708774143,-0.52925845676,-0.0783770243327,1.02659585741,1.62361094157,0.0749795077437
6170,-0.799641587999,-0.502605344984,-0.17982711792,0.70210299174,1.28912217882,-0.0776193319673
6160,-0.797243245443,-0.556382963392,-0.158089870877,0.871535373264,1.33558790419,-0.0285356722019
6150,-1.22703094482,-0.890431094699,-0.207677290175,0.591107177734,0.674951510959,-0.206323102303
6140,-0.824805535211,-0.5388844045,-0.0928358289931,0.611995205349,0.941554260254,-0.0409273199027
6130,-0.817120022244,-0.603894890679,-0.192647637261,0.384751620822,0.616191101074,-0.147172391103
6120,-0.832329474555,-0.522704628838,-0.120344373915,1.12655010647,1.40948706733,0.10630252021
6110,-1.23796335856,-0.810716620551,-0.197762213813,1.07092825996,1.50885789659,-0.00533995836898
6100,-1.00591362847,-0.586352072822,-0.0882002088759,1.10519684686,1.37488657633,0.0512533110001
6090,-0.83054300944,-0.4892033471,-0.114960649278,0.890107633803,1.16370442708,0.0129471978693
6080,-0.780333624946,-0.546790178087,-0.128686777751,0.662777498033,0.990294562446,-0.0456826352909
6070,-0.918383958605,-0.598429616292,-0.169313897027,0.586942469279,0.868040466309,-0.05543061595
6060,-1.40547214084,-0.634080505371,-0.129651557075,0.6621624332,1.02777693007,-0.0252164561839
6050,-1.02428402371,-0.555075183445,-0.0318211025662,1.12242714776,1.51251339383,0.137546015697
6040,-0.661911688911,-0.452609430949,0.0572444491916,1.16613119337,1.5906689114,0.214724090614
6030,-0.531286960178,-0.45632677714,0.120794762505,1.15918627421,1.4543226454,0.249243490094
6020,-0.544354248047,-0.465563795302,0.136927202013,1.3743556722,1.63402235243,0.283832125214
6010,-0.535131666395,-0.437120318943,0.0858911302355,1.39496524387,1.67199435764,0.270480880888
6000,-0.856398857964,-0.526604749891,-0.0257807413737,1.58102945964,2.09082404243,0.191702236421
5990,-0.690435112847,-0.494043426514,-0.0588033888075,0.931008317735,1.1517803616,0.0922328862864
5980,-0.603571743435,-0.458837271796,-0.0993597242567,0.62872156779,0.93598429362,-0.0251247086967
5970,-0.622704230414,-0.522329330444,-0.072233581543,0.708508436415,0.900514560276,0.0268081869657
5960,-0.802031114366,-0.546057256063,-0.0766049702962,0.623465635512,0.981508212619,-0.0126061747657
5950,-0.634000990126,-0.49079864502,-0.111819373237,0.861331075033,1.19374440511,0.0253355228494
5940,-0.941200086806,-0.535089653863,-0.0539508395725,0.989926274618,1.19073944092,0.0622529109381
5930,-1.14207051595,-0.680188903809,-0.114110819499,0.740339202881,1.26439073351,-0.0375334178404
5920,-0.938881598579,-0.684758690728,-0.0220005459256,1.00413969252,1.56248524984,0.090019693998
5910,-0.766538492839,-0.616964179145,-0.155357615153,0.618133968777,1.37402208116,-0.0708520097716
5900,-1.08652191162,-0.684033830431,-0.181452094184,0.637481748793,1.1153717041,-0.0842918866319
5890,-1.21326649984,-0.852606099447,-0.208962334527,0.668413823446,0.906413438585,-0.131785620786
5880,-1.00536126031,-0.6363299391,-0.153334723579,0.582343699137,0.832649061415,-0.107394224515
5870,-0.889258829753,-0.592981626723,-0.187932078044,0.43608885871,0.795978969998,-0.129511631127
5860,-1.00701344808,-0.788517854479,-0.267907036675,0.227370817396,0.46847398546,-0.260951526992
5850,-0.779698350694,-0.485235366821,-0.153557925754,0.650782402886,0.967711724175,-0.0483868922808
5840,-0.888248019748,-0.52103386773,-0.149048529731,1.01167174445,1.35830383301,0.0395857712355
5830,-0.685871209039,-0.55676484002,-0.0300790574816,1.01435229831,1.36924336751,0.104607965823
5820,-0.902970377604,-0.718012017144,-0.158636389838,0.597284096612,0.850401984321,-0.0950236019854
5810,-0.925277709961,-0.653588850233,-0.181863318549,0.572854275174,1.04211697049,-0.0959866038135
5800,-1.24601982964,-0.772114283244,-0.23680589464,0.299048097399,1.06457570394,-0.234713392027
5790,-1.34870707194,-0.977284088135,-0.290194956462,0.183184229533,0.455783420139,-0.334649516403
5780,-1.59250335693,-0.913455293443,-0.291794925266,0.169691068861,0.467292277018,-0.327517792421
5770,-1.42260080973,-0.756415701972,-0.284052785238,0.0980956098768,0.337246195475,-0.306392139967
5760,-0.798725212945,-0.607462149726,-0.164057413737,0.573799226549,0.814639621311,-0.0876203830477
5750,-0.810145907932,-0.678694898817,-0.224982367622,0.549854041206,0.818802388509,-0.133238054038
5740,-0.643704223633,-0.589345041911,-0.121702829997,0.640779681736,0.910324266222,-0.0202374131938
5730,-0.585393439399,-0.550674396091,-0.0959271748861,0.520099216037,0.84272020128,-0.057655320758
5720,-0.735977342394,-0.523954866197,0.00428102281358,0.867040778266,1.15332132975,0.0950184383521
5710,-0.584268358019,-0.515868877835,0.0546511332194,1.01591855367,1.2264078776,0.184318658789
5700,-0.583451165093,-0.508144844903,0.109198845757,1.00815234714,1.2376159668,0.208607606968
5690,-0.549569532606,-0.450198186239,0.0522499932183,1.03042234633,1.34487745497,0.129247016414
5680,-0.692770555284,-0.489259991116,-0.0686498853895,1.16550121731,1.46711273193,0.10307470512
5670,-0.593564181858,-0.4427963935,0.0144065856934,1.08469403585,1.54267527262,0.0996258391172
5660,-0.766789754232,-0.494418919881,-0.00841064453125,1.07250958761,1.30675998264,0.107082195275
5650,-0.639484320747,-0.474818649292,-0.0446916368273,0.814485609266,1.00948978,0.083979872604
5640,-0.685391574436,-0.444144261678,-0.0259771558974,1.11619873895,1.38412051731,0.168200291889
5630,-0.42245042589,-0.317937588162,0.12007039388,1.24801956177,1.5225402832,0.260572583238
5620,-0.610228983561,-0.360478727553,0.165759362115,1.12686892192,1.43869984945,0.218041726034
5610,-0.848815070258,-0.551394492255,-0.0568861219618,0.778000810411,1.13951466878,0.0218918488591
5600,-0.983318922255,-0.788313581679,-0.107521057129,0.621801393297,0.957708909776,-0.0707091583317
5590,-0.983430820041,-0.621965798272,-0.0687107510037,0.874056676229,1.09444495307,0.0137353448604
5580,-0.824812655979,-0.493637813992,-0.0144370185004,1.3951861318,1.63684251573,0.20670297595
5570,-0.903237067329,-0.632102440728,0.129573228624,1.48925676982,1.86350148519,0.319510851452
5560,-0.758390808105,-0.547238125271,-0.0519940694173,0.989379518297,1.96057993571,0.11860544177
5550,-0.911266581217,-0.65293000963,-0.0897702534994,0.699060991075,1.30408884684,-0.0479415489598
5540,-1.07742818197,-0.770910771688,-0.193019951714,0.207992223104,0.658601888021,-0.21640887743
5530,-1.38805355496,-0.821911205716,-0.17846959432,0.484377822876,1.12736273872,-0.173911403669
5520,-1.11645151774,-0.788001581828,-0.187591128879,0.693927417331,1.27565985786,-0.0964313889775
5510,-1.09184299045,-0.607391120063,-0.10196041531,0.804570431179,1.00699344211,-0.0217959103084
5500,-0.797503492567,-0.696932084825,-0.018377855089,0.947836320665,1.40100572374,0.0688140711176
5490,-0.806057230632,-0.655118925307,0.0107335408529,0.74385687934,0.888891601563,0.0339013076344
5480,-0.681427341037,-0.569283947415,-0.0789587232802,0.632152752346,0.929725138346,-0.0380955252613
5470,-0.796030510796,-0.502562493218,-0.0212492201063,0.734707480537,1.17659861247,0.0709945816202
5460,-0.759843783908,-0.497291378445,0.0100785149468,1.12083487617,1.53518964979,0.143950295198
5450,-0.613843282064,-0.486807496813,0.00882415771485,1.22860281203,1.88241814507,0.175227587149
5440,-0.558235846625,-0.510954267714,-0.0384569803874,1.1090524292,1.93772532145,0.145609004272
5430,-0.626082526313,-0.547184143066,-0.0632407294379,0.964049665663,1.41905415853,0.0617338985772
5420,-0.661429511176,-0.471805199517,-0.0686734517415,1.01142949422,1.25116644965,0.0763027179804
5410,-0.598395792643,-0.469842436049,-0.097260623508,0.800088102553,1.09563581679,0.00215737537555
5400,-0.803541904026,-0.515542611016,-0.0986713833279,0.729506920709,1.01585049099,-0.030214933848
5390,-0.755274624295,-0.542611940172,-0.035521613227,0.979940617879,1.57859361437,0.0776736318357
5380,-0.652420552572,-0.486159744263,-0.0153884887695,1.18135818481,1.55485805935,0.183463488052
5370,-0.541244676378,-0.378995378282,0.041411251492,1.25804912991,1.79660186768,0.228264726516
5360,-0.572986687554,-0.43039616055,-0.0897362603082,0.883892796834,1.28805270725,0.105612204111
5350,-0.598401726617,-0.404173270331,-0.0987396240234,0.96676413642,1.33060031467,0.0812246402088
5340,-0.682918802897,-0.497119403415,-0.0433692932129,1.02990620083,1.41309695774,0.104085093113
5330,-0.764691670736,-0.513031344944,0.0831019083659,1.27617657979,1.89951748318,0.203471652151
5320,-0.902952067057,-0.627755025228,0.0755339728461,1.07835940891,1.46318749322,0.174474311875
5310,-0.905603705512,-0.632516352336,0.00196855333117,0.988093524509,1.28488430447,0.120916724516
5300,-0.794875590007,-0.588679131402,-0.0605854458279,1.02178397285,1.68605533176,0.123685091666
5290,-0.688107469347,-0.445084406535,-0.0989822387695,1.37155136108,1.939682685,0.206186140497
5280,-0.634758673774,-0.441501524183,-0.0502953423394,1.47356514825,1.9534717136,0.224799575949
5270,-0.72965121799,-0.390174221463,0.0293841891819,1.40957060072,2.16114078098,0.246827197854
5260,-0.679596794976,-0.401241175334,-0.0486308627658,1.11314280192,1.7123518202,0.126706743399
5250,-0.513594733344,-0.333290998671,-0.0210806952583,0.733511182997,1.26742248535,0.0756224918029
5240,-0.899417622884,-0.622293692695,-0.120509253608,0.388204820421,0.668687269423,-0.0883510526792
5230,-1.11762729221,-0.540267071194,-0.114532046848,0.396895904541,0.907391696506,-0.0901245652194
5220,-0.830093553331,-0.581956575182,-0.175211079915,0.520235214233,0.731593492296,-0.109491904005
5210,-0.787046474881,-0.509559190538,-0.170134735107,0.641517749363,1.28832617866,-0.0349755395203
5200,-0.901579115126,-0.666678068373,-0.251444244385,0.453059327867,0.742693244086,-0.17743633992
5190,-1.13953857422,-0.656450932821,-0.175354427761,0.562158788045,0.83819325765,-0.127500502417
5180,-1.12225579156,-0.680108337402,-0.184944237603,0.573017069499,0.838249545627,-0.134128337817
5170,-0.714080980089,-0.641977522108,-0.00925369262695,0.897318903605,1.23898417155,0.0787291244886
5160,-0.498325432671,-0.396350750393,-0.048836602105,0.84048661126,1.39276140001,0.0873134939268
5150,-0.560157436795,-0.331069997152,-0.00531404283312,1.15342069838,1.95196719699,0.178755397312
5140,-0.659601508247,-0.496359015571,-0.054209391276,1.15878618876,1.85279727512,0.164907784381
5130,-0.782865397135,-0.549068069458,-0.050239054362,1.14807690938,1.71897650825,0.151294240704
5120,-0.688075934516,-0.442563298543,-0.0802536858453,0.83720386929,1.36151360406,0.0450287162816
5110,-0.624534437391,-0.492308849759,-0.0231623331706,0.872042838203,1.2199915568,0.0590183414487
5100,-0.590782504612,-0.431257400513,0.0295531378852,1.05203662448,1.27839881049,0.118400904454
5090,-0.63214992947,-0.487714131673,0.0180541992187,1.07767339918,1.43210228814,0.110655415612
5080,-0.543539767795,-0.491359151204,-0.0132544623481,1.15168134901,1.50609961616,0.109559102836
5070,-0.573605685764,-0.491053585476,0.0252802530924,0.885697080824,1.32086368137,0.116559508772
5060,-0.550528971354,-0.467726338704,0.0322410583496,1.02083045959,1.51244015164,0.156951837447
5050,-0.579502360026,-0.45056930542,-0.0624031914605,0.802610727946,1.22557712131,0.0351024505797
5040,-0.937458292643,-0.674876539442,-0.129058074951,0.579105936686,0.931833394368,-0.0900562436664
5030,-1.08144293891,-0.615215259128,-0.056430223253,0.795756869846,1.19823710124,0.0085231431177
5020,-0.762567308214,-0.54895491706,-0.0581429375543,1.07664602492,1.40896216498,0.120530260896
5010,-0.666050550673,-0.47658197191,-0.0806917826335,1.61835543315,1.86918233236,0.20805340765
5000,-0.75487230089,-0.536223602295,-0.0579756842719,0.801502346463,1.34526180691,0.0301740383061
4990,-0.777599249946,-0.62399140252,-0.147648874919,0.707100779215,1.3278749254,-0.0706225394903
4980,-1.353451199,-0.755678354899,-0.10911831326,0.652481596205,1.2223385281,-0.0478712303112
4970,-1.51163448758,-1.09319972568,-0.160835859511,0.368915786743,0.530605570475,-0.209514051017
4960,-1.09252861871,-0.78669175042,-0.0884790208605,0.387595155504,0.478257921007,-0.0683716168395
4950,-1.46278025309,-0.973806805081,-0.143760087755,0.184210917155,0.399114820692,-0.191322509623
4940,-1.22772505018,-0.68953280131,-0.0586820814345,0.603054173787,0.995787556966,-0.0289730610537
4930,-1.15285305447,-0.604881871541,-0.0935501098633,0.494114498562,1.12153998481,-0.0791305951016
4920,-0.70070783827,-0.440646286011,-0.0615370856391,0.726458875868,1.18159637451,0.0412447108196
4910,-0.540227593316,-0.41167356703,0.0650758531359,0.859806840685,1.06580607096,0.147809536208
4900,-0.485726081,-0.353236558702,0.0609101189507,1.18371566772,1.43099500868,0.216845799133
4890,-0.600286187066,-0.394928809272,0.0445258246528,1.16267132229,1.33982577854,0.21516971212
4880,-0.555373128255,-0.374445114136,0.13414900038,0.972249416775,1.60911424425,0.215751123059
4870,-0.901423305935,-0.331016727024,0.00533345540365,0.822565722995,1.10787760417,0.122558230345
4860,-0.705719672309,-0.315751800537,0.0576393975152,0.874906751845,1.24752841526,0.171591548595
4850,-0.592581176758,-0.315327106052,0.0547174241808,1.24726112366,1.53055182563,0.20792412713
4840,-0.500857713487,-0.30302921719,0.0598871866862,1.01215473599,1.47052256266,0.174594165175
4830,-0.564038594564,-0.399768998888,0.0103602939182,0.866666107178,1.18403337267,0.107658469572
4820,-0.649713304308,-0.44952609592,-0.0406299167209,0.468964640299,0.867080518934,-0.0102853435189
4810,-0.673485819499,-0.439119110107,-0.110230678982,0.424489703708,0.544678073459,-0.0610106148046
4800,-0.896072387695,-0.550766415066,-0.134106445313,0.612475492689,0.83256632487,-0.0694613035042
4790,-0.717903306749,-0.520402052138,-0.0471486409505,1.09303909302,1.57593519423,0.119741034162
4780,-0.805147637261,-0.567832175361,-0.0321971469455,1.16858563741,1.55007646349,0.155585067978
4770,-1.26582336426,-0.433831041124,0.0757759094238,0.918096016778,1.46960042318,0.157812518951
4760,-1.42557000054,-0.50416408115,-0.0540876600477,0.48876095242,1.03854488797,-0.0378974180649
4750,-0.787047661675,-0.336161439684,-0.00306566026475,0.886413158841,1.55224982368,0.119592918106
4740,-0.697539435493,-0.491169213189,-0.0980445014106,0.775452228122,1.00008154975,0.0125433478194
4730,-0.566431681315,-0.362001724243,-0.055630323622,0.600750325521,1.13358764648,0.0250940139455
4720,-0.928318617079,-0.474171134101,-0.0555475023058,0.471604317559,0.788532511393,-0.0417236044834
4710,-0.604136149089,-0.303698611789,0.0868158128526,1.05779018826,1.36434326172,0.208203766524
4700,-0.673878479004,-0.448199513753,0.112273746067,1.04880349053,1.66202765571,0.20214782124
4690,-0.696628316243,-0.511609870063,0.0210172017415,1.04541044447,1.38925255669,0.133834306619
4680,-0.720612589518,-0.501974605984,-0.00398500230577,0.92641547309,1.22494252523,0.0809256238728
4670,-0.726729668511,-0.484286439684,0.0803718566895,1.01942878723,1.4588619656,0.192831287576
4660,-0.625979444716,-0.431450898912,0.111070844862,0.764325739543,0.994937811957,0.160792119873
4650,-0.761149088542,-0.451965874566,0.0264995998806,0.859994871351,1.19534420437,0.105038882879
4640,-0.73326365153,-0.55794740465,-0.0713369581434,0.591654713949,0.818320888943,-0.0394433325235
4630,-0.859361606174,-0.622026206123,-0.105069139269,0.575441886054,0.91377919515,-0.0551139990611
4620,-0.859485032823,-0.722060640123,-0.0677450391981,0.630335015191,1.21109008789,-0.0360736924748
4610,-1.17795986599,-0.702668855455,-0.123410203722,0.770871912638,1.13732621935,-0.0481258649079
4600,-0.764304436578,-0.559033660889,-0.0685533311632,0.691764475505,0.933952162001,-0.0125360206736
4590,-0.742628648546,-0.59974861145,-0.116470675998,0.599097281562,0.948151482476,-0.0624625501416
4580,-0.592721557617,-0.452223392063,-0.0306787278917,0.701028416951,0.964140828451,0.0475309766255
4570,-0.900073072645,-0.571476126777,-0.117870669895,0.672974921332,1.07930603027,-0.0346154397119
4560,-0.869209120009,-0.440898623996,-0.0979842291938,1.03487007989,1.71080712212,0.0847342008384
4550,-0.835559590658,-0.542798750136,-0.0750818040636,1.06166059706,1.72706875271,0.0712158043161
4540,-0.852689276801,-0.463342395359,-0.0597011142307,1.16030007256,1.68949364556,0.0856437190441
4530,-0.740974595812,-0.474136462741,-0.082341088189,0.9986647288,1.53893568251,0.0414383436731
4520,-0.705614895291,-0.477533493042,-0.0477423773872,0.856217405531,1.52821960449,0.0459520237368
4510,-0.941020711263,-0.485911458333,0.0105777316623,0.872332043118,1.26222398546,0.100758531099
4500,-0.52866736518,-0.407370096842,-0.00387183295356,0.96319539388,1.24122738308,0.153255562359
4490,-0.689145406087,-0.560590226915,0.00910797119141,1.18312561035,1.66963077121,0.187033832684
4480,-0.716513909234,-0.62454381307,-0.020260365804,1.26817928738,1.91191304525,0.189475860544
4470,-0.7767610338,-0.534997058445,-0.0438093397352,1.05319352892,1.60644005669,0.134761365732
4460,-0.906831359863,-0.473845452203,-0.0368870205349,0.841735424466,0.992760043674,0.0833257641062
4450,-0.708938937717,-0.48092074924,0.00372119479709,0.814034050836,1.03936241998,0.089695708919
4440,-0.762741767036,-0.492336357964,0.0382932027181,0.641926744249,1.05502065023,0.061924852733
4430,-0.801334465875,-0.550973510742,-0.060456000434,0.679510557387,1.39291585286,-0.0108201966893
4420,-1.10933244493,-0.515312627157,-0.11005452474,0.60855345832,1.1274693807,-0.0614294687453
4410,-0.669048902724,-0.4597029029,-0.0731592814128,0.763110665215,1.48884429932,0.0288108057166
4400,-0.576038953993,-0.38095348782,0.15572297838,1.03536662632,1.46517249213,0.211143029951
4390,-0.570040893555,-0.37494114346,0.0946044074165,0.980337456597,1.20663113064,0.205064188292
4380,-1.01303931342,-0.441274091933,-0.0145579020182,0.678965454102,0.859283955892,0.0425407680912
4370,-0.716498819987,-0.582269736396,-0.0608602735731,0.591065402561,0.846078152127,-0.030457041796
4360,-0.658917575412,-0.489879396227,-0.0539377848307,0.876633961995,1.01652391222,0.0983977219985
4350,-0.653915405273,-0.388131018745,0.0121385362413,0.882888158162,0.999953375922,0.101116226532
4340,-1.08416290283,-0.531186438666,-0.00661485460069,0.761222924127,1.09576789008,0.0825964006885
4330,-1.2766708374,-0.518521694607,-0.0196253458659,0.945183207194,1.51467285156,0.0563929230084
4320,-1.00587988959,-0.342306755914,0.0399295383029,0.934521043566,1.55424499512,0.15818363523
4310,-0.466416931152,-0.241032104492,0.0538107130263,1.19703007168,1.79837375217,0.268834381075
4300,-0.604608662923,-0.456847449409,-0.0237067328559,1.10010202196,1.40679660373,0.164635268638
4290,-0.603182135688,-0.457943979899,-0.0596322801378,0.995769805908,1.37359585232,0.100134602687
4280,-1.19921417236,-0.559138158162,-0.119954427083,0.60712401496,0.870641072591,-0.0376864109576
4270,-1.02639906141,-0.54917690701,-0.0879573398166,0.415289874607,0.766899617513,-0.0663471686459
4260,-0.813143751356,-0.456444744534,-0.0648197597928,0.372244364421,0.44693874783,-0.0574130624913
4250,-0.897626919217,-0.593100670709,-0.0990172492133,0.294095416599,0.494751485189,-0.117165917209
4240,-0.747611999512,-0.534687610202,-0.0371448940701,0.568089675903,0.800491333008,-0.0246087292593
4230,-1.32125922309,-0.655221057468,-0.0710069444444,0.63381304423,0.976001993815,-0.0509254385478
4220,-1.02842576769,-0.653984298706,-0.00040571424697,0.851882400513,1.3463953654,0.0739296334844
4210,-0.804772779677,-0.615480380588,0.109901428223,0.938542251587,1.29396616618,0.181254902982
4200,-0.584120347765,-0.48462574429,0.214419386122,1.36406990899,1.76084153917,0.34240539279
4190,-0.64444088406,-0.397633455065,0.277032640245,1.55183679369,2.01957617866,0.435000005415
4180,-0.658614603678,-0.361259841919,0.202562120226,1.80758324517,2.27000545926,0.378579742068
4170,-0.56017727322,-0.408335232205,-0.0268104553223,1.29453943888,1.66234063043,0.162619775398
4160,-0.920418972439,-0.58019595676,-0.0240192837185,0.852679858738,1.05965033637,0.0347695301536
4150,-0.85549943712,-0.512666803996,0.0380733913845,0.839635128445,1.39669223362,0.11134948967
4140,-0.682868279351,-0.281113315158,0.0782780965169,0.97443906996,1.30215945774,0.175724461629
4130,-0.693043348524,-0.356315773858,0.0948460049099,1.01001587762,1.39392768012,0.186764410722
4120,-0.492179192437,-0.366086324056,0.0837948269314,1.02416049533,1.53088904487,0.165613008897
4110,-0.637083774143,-0.462461496989,-0.0338883294,0.771209615072,1.61743655735,0.045972704429
4100,-0.76203918457,-0.45600930108,-0.0177018059625,0.926992543538,1.4211183336,0.0715251806779
4090,-1.19955376519,-0.699617301093,-0.164276716444,0.269028617011,0.585224405924,-0.172597720021
4080,-0.847545030382,-0.541237589518,-0.0969796922472,0.562636591593,0.837444051107,-0.0210823548318
4070,-0.902249993218,-0.724130944146,-0.106434377035,0.658480529785,1.06779361301,-0.0457166051236
4060,-0.578074645996,-0.332058987088,-0.0140251159668,0.872096193102,1.24464874268,0.149030203943
4050,-0.417033725315,-0.228190197415,0.015052541097,0.983553204007,1.39851328532,0.175487005896
4040,-0.556584337023,-0.32937365214,-0.0432957119412,0.808692194621,1.0651936849,0.0634531503531
4030,-1.02493320041,-0.575689951579,-0.113559892442,0.757571131388,1.04332427979,-0.0461990911155
4020,-1.18469814724,-0.77857383728,-0.114906650119,0.543751517402,0.960529581706,-0.0963032953937
4010,-1.2133166843,-0.682224985758,-0.00871904161241,0.800051930745,1.17562883165,0.036677104104
4000,-0.619600423177,-0.414227082994,0.020344458686,1.24869477166,1.59512820774,0.183850319777
3990,-0.594838290744,-0.412049619887,0.0911518520779,1.41842096965,1.65318925646,0.30014598868
3980,-0.518080986871,-0.371224822998,0.0411197238498,1.30926186456,1.89496409098,0.247104421501
3970,-0.813171725803,-0.655683059692,0.018460422092,0.917613449097,1.35274522569,0.109843113116
3960,-0.848708258735,-0.63322883606,-0.0777136908637,0.700963041517,1.23125542535,0.0121554695603
3950,-0.781839497884,-0.621520818075,0.0191200256348,0.950950580173,1.4809688992,0.122595103071
3940,-0.742818874783,-0.473292634752,-0.0093861050076,1.15623460558,1.34717288547,0.141035441991
3930,-0.9591861301,-0.622266294691,-0.0597578260634,0.992778218587,1.39792175293,0.0404740044288
3920,-1.08478529188,-0.718290447659,-0.0892843458388,0.688573972914,1.25534871419,-0.0609844751378
3910,-1.06388448079,-0.720004119873,-0.0879106309679,0.378178753323,0.735752868652,-0.108917414026
3900,-0.78617638482,-0.544486016168,-0.00165854560004,0.63792221917,1.09135657416,0.0326120028042
3890,-1.14638163249,-0.731545121935,0.0296715630425,0.669495239258,0.888408067491,0.0503856834376
3880,-0.972547743056,-0.641290054321,0.113670688205,0.983685073853,1.26323835585,0.152173887162
3870,-1.12521616618,-0.705437672933,-0.043463728163,0.637238506741,1.01535780165,-0.0172747304709
3860,-0.649280463325,-0.488012873332,-0.0577781677246,0.993527179294,1.50693664551,0.0187324434368
3850,-0.956167772081,-0.55545495775,-0.0448298136393,1.18168277317,1.53785451253,0.106284096522
3840,-0.703922526042,-0.48751727634,-0.0122812059191,1.46693075392,1.90880533854,0.218031195113
3830,-0.715755208333,-0.465359378391,0.0505827162001,1.20090730455,1.41562652588,0.203837005357
3820,-0.864133368598,-0.573357196384,0.0060060289171,0.839861492581,1.05086432563,0.0617075318421
3810,-1.10346883138,-0.549761310154,-0.00642335679796,0.70151254442,1.11823645698,0.0191453556318
3800,-1.29001990424,-0.70640425788,-0.0426141526964,0.705739890205,0.967333645291,-0.041756579613
3790,-1.14782358805,-0.698611212836,-0.0957346598307,0.512337561713,0.867625088162,-0.0927281347077
3780,-1.24569702148,-0.759431677924,-0.106538052029,0.270208858914,0.495727030436,-0.146357265424
3770,-1.46215311686,-0.853600641886,-0.0833471510145,0.205483924018,0.471751573351,-0.161583831232
3760,-1.27258385552,-0.604497002496,0.0305113050673,0.672220730252,1.1035832723,0.0504744228842
3750,-0.564718119303,-0.40944003635,0.0624998304579,0.853560926649,1.16988050673,0.110187430998
3740,-0.933732774523,-0.51069984436,-0.00316797892252,0.694183103773,1.03524932861,0.0530981282934
3730,-1.09684855143,-0.539174635145,-0.0374246385362,0.58373846266,1.07879248725,0.0134834522561
3720,-1.0148083157,-0.489124204848,-0.0167231241862,0.722307891846,1.19532928467,0.0518798794317
3710,-0.557680257161,-0.194718924628,0.073540157742,0.856222635905,1.11241251628,0.196895919899
3700,-1.21799316406,-0.613968421088,-0.0766637166341,0.415923046536,0.689100816515,-0.0704313600003
3690,-1.27506578234,-0.46849474589,-0.0323399013943,0.477181930542,0.728838941786,-0.0421461613636
3680,-1.51231723362,-0.795450931125,-0.0951032850477,0.453193427192,0.869052124023,-0.10852180944
3670,-1.03109758165,-0.551660970052,0.0247934129503,0.708866882324,0.917401462131,0.0519648343977
3660,-1.21593051487,-0.708693474664,-0.0358032226562,0.729828703139,1.10702938504,-0.0217288084903
3650,-0.852626376682,-0.600870454576,-0.0537187364366,0.823940073649,1.15865275065,0.0394004120074
3640,-1.04313490126,-0.660544459025,-0.0532379998101,0.641940765381,0.86842312283,-0.0241749988646
3630,-0.705326334635,-0.451675728692,0.0185506184896,0.879247953627,1.23510962592,0.114562159863
3620,-0.503113471137,-0.395651567247,0.0321697658963,0.942501653035,1.52314843072,0.168717287255
3610,-0.546667310927,-0.379250742594,0.184108734131,1.56983605279,2.27313673231,0.423113439352
3600,-0.487391153971,-0.365277116564,0.21593653361,1.2681598409,1.8533642239,0.321253091079
3590,-0.472449917263,-0.361606886122,0.178555636936,1.32732199775,1.52282918294,0.28787135071
3580,-0.722310723199,-0.539372651842,0.0601266649034,1.15944112142,1.37818722195,0.205800120361
3570,-0.611845737033,-0.504472283257,0.0365403917101,1.16847233242,1.53086954753,0.201064115395
3560,-0.577524820964,-0.369111531576,0.113875918918,1.1435574256,1.66835055881,0.253615607799
3550,-0.574507480197,-0.416901457045,-0.0191270616319,0.823189739651,1.14629584418,0.0908681070993
3540,-0.572608778212,-0.433414306641,-0.0405244615343,0.742778676351,1.20923868815,0.0134496293549
3530,-1.0207438151,-0.629305072361,-0.146786668566,0.149645928277,0.452610270182,-0.188281234173
3520,-1.18039737278,-0.687874772814,-0.141415829129,0.197413347032,0.491187032064,-0.184349298622
3510,-1.13648071289,-0.661117740207,-0.0680669148763,0.396623925103,0.992053053114,-0.0782877000459
3500,-0.935564337836,-0.689816716512,-0.141578843859,0.309857126872,0.97691921658,-0.152878524657
3490,-0.830294799805,-0.476691462199,-0.0182072957357,0.652694117228,1.10135142008,0.0138398938961
3480,-0.833538479275,-0.589457778931,-0.168392859565,0.284541634454,0.466139390734,-0.173081073088
3470,-1.13825497097,-0.379104673598,-0.0128900316026,0.711857452393,1.25079701742,0.0327196514042
3460,-1.09132775201,-0.546615320841,-0.0747392442491,0.547633404202,0.813699679905,-0.0633685875505
3450,-1.09720374213,-0.440881644355,-0.0983816358778,0.504191716512,0.769357977973,-0.0802830750591
3440,-1.00783013238,-0.760279218886,-0.184715949164,0.119675216675,0.30756954617,-0.235078950098
3430,-1.22283003065,-0.75243876987,-0.156508721246,0.136380674574,0.321122233073,-0.202415257576
3420,-0.885171339247,-0.568267974854,-0.062673441569,0.677315792508,0.940742323134,-0.00678836771566
3410,-0.508453199599,-0.321422381931,-0.00305853949653,1.17024962531,1.56270938449,0.189141633872
3400,-0.384114922418,-0.299947077433,0.102592129178,1.40918398539,1.92592027452,0.305590237184
3390,-0.485681491428,-0.277185457018,0.151072947184,1.39292135451,1.96083051893,0.298990673505
3380,-0.411914401584,-0.302967537774,0.0651893615723,1.23668022156,1.72787255181,0.246667763038
3370,-0.571589830187,-0.425633714464,0.0144781324599,1.33811536153,2.09004770915,0.191829501686
3360,-0.831056213379,-0.453226487901,-0.00459908379449,1.39822699653,1.99042290582,0.198273775168
3350,-0.571905178494,-0.377748947144,0.0490495469835,1.44714989556,2.04566311306,0.233430932449
3340,-0.447632344564,-0.379125145806,0.018795522054,0.84828543769,1.32456732856,0.154677120273
3330,-0.669849819607,-0.417148369683,0.0775118509928,0.8749537913,1.27653435601,0.181173639886
3320,-0.911377122667,-0.453978220622,0.0433533562554,0.815114245945,1.24988216824,0.072652442757
3310,-1.3928109063,-0.761905721029,-0.0234367370605,0.626441836887,0.825995890299,-0.0257026063294
3300,-1.61069725884,-1.00004145304,-0.0701720343696,0.516212387085,0.91488494873,-0.125266163039
3290,-1.65509372287,-1.04145888435,-0.0901740180122,0.49453660753,0.84085015191,-0.165499457756
3280,-1.46432410346,-0.794378272163,-0.0679811265734,0.42357266744,1.05115407308,-0.0864819645409
3270,-0.944543117947,-0.363029912313,-0.00607130262586,0.810138092041,1.16775783963,0.084057599751
3260,-0.530416361491,-0.37943043179,0.0354519314236,0.816433537801,1.47960561117,0.115460018509
3250,-0.621534898546,-0.453670569526,-0.0596540662977,0.786560838487,1.23058268229,0.0574704310597
3240,-0.900998094347,-0.496580734253,-0.0954970465766,0.661178927951,1.13276587592,-0.034309023144
3230,-0.826815456814,-0.671651153564,-0.101500532362,0.566876415677,1.00258585612,-0.047997779214
3220,-1.08670959473,-0.612291827732,-0.100922563341,0.267621061537,0.540095689562,-0.141365181221
3210,-0.868048943414,-0.7543384552,-0.10474319458,0.305369559394,0.551163058811,-0.15454517836
3200,-0.779963175456,-0.556066411336,-0.0771016438802,0.747013380263,1.01780954997,-0.0122009146583
3190,-0.69866265191,-0.444457092285,-0.0302595350477,1.41305057102,1.67380082872,0.175669665361
3180,-0.551463656955,-0.424014273749,-0.0856604682075,1.09506518894,1.56350572374,0.102375599429
3170,-0.601815456814,-0.497133458455,-0.024264272054,0.777586771647,1.35938907199,0.069814362165
3160,-0.85894402398,-0.525558598836,0.0425412495931,0.632408481174,0.998274230957,0.0726825288202
3150,-0.634626261393,-0.486362609863,0.095144059923,0.765399568346,1.27292717828,0.146416638687
3140,-0.625568813748,-0.443619639079,0.13617562188,0.854679005941,1.0224706014,0.183271474687
3130,-0.727277628581,-0.52540204366,0.119027370877,0.803552424113,1.19853888618,0.132981723862
3120,-0.722831556532,-0.39628847758,0.205657365587,0.876268319024,1.30173899333,0.221218206759
3110,-0.819823879666,-0.368918592665,0.0887085808648,0.732898212009,0.964962259928,0.118661029154
3100,-0.830174255371,-0.55356745402,0.0633708530002,0.483207287259,0.835532124837,0.0458813140083
3090,-1.19515279134,-0.683461252848,0.0147119310167,0.649126756456,0.918113538954,0.0119672713321
3080,-0.882631089952,-0.396000196669,-0.0227055867513,0.524260779487,0.721231587728,0.0088751263399
3070,-0.751755947537,-0.472138231066,-0.018307156033,0.699589945475,1.01928846571,0.0614724748174
3060,-0.839406161838,-0.571480975681,-0.0458952162001,0.533118726942,1.09654998779,-0.0372734167911
3050,-1.15397457547,-0.803630438911,-0.0486654493544,0.691936645508,1.08003540039,-0.0668844237103
3040,-1.16816524929,-0.723124838935,-0.100077395969,0.491533220079,0.641528828939,-0.107181508125
3030,-0.880681525336,-0.611294394599,-0.0209715949165,0.603765631782,0.876752387153,0.023617216229
3020,-0.748974948459,-0.426937501695,-0.0422469245063,0.66223101298,1.19248996311,0.0395021658357
3010,-0.493740675184,-0.3951773919,0.0481472439236,0.813219417996,1.47858818902,0.150234847578
3000,-0.57737036811,-0.473797743056,-0.025577460395,0.851202977498,1.19565344916,0.0696283735737
2990,-0.607100084093,-0.504687796699,-0.00491070217557,0.659890357123,1.25396830241,0.0627057272706
2980,-0.554384358724,-0.455259153578,0.0235004001194,0.799813919067,1.35748341878,0.116753162728
2970,-0.565848795573,-0.408002683851,0.0510883755154,0.714682481554,0.968087599013,0.10248026505
2960,-0.495755683051,-0.385008867052,0.0137687683105,0.906947818332,1.13751695421,0.0925965107773
2950,-0.397109476725,-0.293720228407,0.00360607571073,0.883378075494,1.04939524333,0.0946236238121
2940,-0.472314792209,-0.263375871446,0.00683322482639,0.728156094021,1.31850043403,0.107776382872
2930,-0.622868008084,-0.261177503798,0.129273562961,0.819071451823,1.39861212836,0.209422769636
2920,-0.821812438965,-0.464929597643,0.0433670891656,0.795814183553,1.49757876926,0.0815478936505
2910,-0.455893792046,-0.323066897922,-0.00798229641385,0.780365473429,1.45630018446,0.0877150258494
2900,-0.820452541775,-0.571140094333,-0.0627406650119,0.570751478407,0.884676276313,-0.0394026013898
2890,-0.651307508681,-0.431511586507,-0.035265689426,0.56642985026,0.986023966471,0.00778721161042
2880,-0.705628458659,-0.437879104614,-0.0493901570638,0.577015855577,0.877201165093,0.00856994745196
2870,-0.607268608941,-0.425197423299,-0.000576866997613,0.812653054131,1.06146189372,0.0836728512533
2860,-0.676159837511,-0.517598249647,0.0379415724013,0.856319919162,1.23536800808,0.114804733133
2850,-0.786565314399,-0.589617326525,-0.0624838087294,0.867605158488,1.38969217936,0.0454800654729
2840,-0.974629380968,-0.646822009616,0.0149542066786,0.951333372328,1.39726732042,0.102150278221
2830,-0.913801405165,-0.627284300062,-0.109197998047,0.692509808011,1.02983618842,-0.0625379935549
2820,-0.852056715224,-0.547436040243,-0.0428159077962,0.795735397339,1.28493008084,0.0170761967713
2810,-0.858622741699,-0.649120432536,-0.0828126695421,0.565617523193,0.969514126248,-0.0353531163221
2800,-0.831366305881,-0.474472020467,0.00905583699544,0.888049316406,1.31985253228,0.106506004191
2790,-0.677029927572,-0.537160568237,-0.116220770942,0.499194429186,0.721206495497,-0.060209999707
2780,-0.907948472765,-0.758325661553,-0.215945519341,0.0793819851345,0.425322977702,-0.258756362221
2770,-0.887322489421,-0.598874003092,-0.157639567057,0.240024549696,0.521233113607,-0.171871262959
2760,-0.545876227485,-0.30135699802,-0.0740038553874,0.593055631849,0.792888556586,0.00113442089655
2750,-0.53787044949,-0.310289137099,0.111222669813,0.770848778619,1.0171435886,0.181766602347
2740,-0.95694003635,-0.395167829725,-0.0292227003309,0.617803658379,1.05262129042,0.0266610259297
2730,-1.79466383192,-1.11209560818,-0.0851891411675,0.63004286872,0.94480726454,-0.102613320002
2720,-1.51588762071,-0.85792271932,-0.0814337836372,0.602935714722,0.734766981337,-0.100317066691
2710,-1.52409176297,-0.826932161119,-0.092296939426,0.505995271471,0.689466179742,-0.11551144474
2700,-1.27389712863,-0.672653427124,-0.156220753988,0.281209826999,0.58078274197,-0.179137168233
2690,-1.46729159885,-0.72865304735,-0.164167785645,0.33998202006,0.691378275553,-0.175049568532
2680,-0.9839972602,-0.485976003011,-0.086597527398,0.445952657064,0.826418897841,-0.067900019056
2670,-0.720361158583,-0.464580010308,0.0124810112847,0.739300655789,1.27303382026,0.0865984462585
2660,-0.618933444553,-0.445079074436,-0.01162109375,1.18945486281,1.50204094781,0.181548198992
2650,-0.77573123508,-0.564266459147,-0.0232437133789,0.991431359185,1.26982167562,0.0576275241797
2640,-0.680056593153,-0.468291939629,-0.0244855244954,0.753864941067,1.06007876926,0.0761251922043
2630,-0.749600050184,-0.469581883748,-0.0908401489258,0.327977472941,0.523309326172,-0.0866838418924
2620,-0.362747701009,-0.331441582574,-0.0122035556369,0.804455362956,1.03043806288,0.123510358472
2610,-0.512502543132,-0.407755025228,-0.00258365207248,0.904877327813,1.24238213433,0.0927654190675
2600,-0.765087042914,-0.584974865384,0.0389573838976,1.04821061876,1.40369754367,0.151706996378
2590,-0.826869710286,-0.627788001166,0.034871758355,1.01916242811,1.36130913628,0.113813954342
2580,-0.783102586534,-0.506363423665,0.0894321017795,0.905946875678,1.30060170492,0.167529323584
2570,-0.639356825087,-0.504378314548,0.0474860297309,1.15722208659,1.44268629286,0.216842851431
2560,-0.736317443848,-0.517025595771,0.0532333374023,1.18786116706,1.46936459012,0.211456511127
2550,-0.587190416124,-0.469199125502,0.0839571634928,1.12196020338,1.57684139676,0.222176008231
2540,-0.502047390408,-0.358387612237,0.117392052544,1.07078453064,1.43779534234,0.233379183688
2530,-0.807406955295,-0.433879496257,0.128774600559,0.973760325114,1.20109829373,0.215975375023
2520,-1.08027547201,-0.602603674995,0.00368287828233,1.09724110921,1.26796162923,0.138574475321
2510,-1.06811421712,-0.630792338053,-0.0484086778429,0.823853276571,1.31132032606,0.0461582754476
2500,-0.910957505968,-0.685130547418,-0.0866221110026,0.758076909383,1.19107276069,-0.035486468102
2490,-1.23656022814,-0.634342286852,-0.0955119662815,0.445677312215,1.03706665039,-0.107156217157
2480,-0.843063863118,-0.640274234348,-0.0754813300239,0.446074820624,1.1496307373,-0.0622536252141
2470,-1.16568840875,-0.932449942695,-0.17174826728,0.246023220486,0.542695448134,-0.21450941577
2460,-0.737160407172,-0.596567314996,-0.0512613084581,0.509366166857,0.806108940972,-0.0479254060474
2450,-0.805289713542,-0.448493737115,0.0289389716254,0.77390308804,0.88834821913,0.075492659412
2440,-0.632549709744,-0.357987976074,0.10522664388,1.01957306756,1.65439978706,0.22211912073
2430,-0.837379286024,-0.431582438151,-0.0199468824599,0.843809814453,1.37281358507,0.082505284022
2420,-1.10168982612,-0.533122702705,-0.0650049845378,0.826714901394,1.16496971978,0.0414815585691
2410,-0.983027140299,-0.529859525892,-0.00953487820095,0.776468217638,1.10580698649,0.0592900842459
2400,-0.356447516547,-0.258863711887,0.107259284125,0.923051452637,1.29201049805,0.219877955655
2390,-0.936933051215,-0.340679541694,0.0952582465278,0.525866368612,0.707176717122,0.0812278424517
2380,-0.478593953451,-0.232201724582,0.195285458035,0.955843624539,1.22600979275,0.246849193906
2370,-0.801310560438,-0.354898113675,0.196919250488,1.00081455655,1.34505835639,0.231869271542
2360,-0.562577650282,-0.242660386827,0.203822665744,1.07428187052,1.56536678738,0.300148764524
2350,-0.740617540148,-0.30056125217,0.0870614793566,0.738480902778,1.03024546305,0.161173531375
2340,-0.36749657525,-0.299371176826,0.0746150546604,0.689620937771,1.06928982205,0.12950800896
2330,-0.39986521403,-0.237537222968,0.112084706624,0.946351716783,1.32371554905,0.233140372042
2320,-0.460979207357,-0.306016294691,0.106912909614,1.00740987142,1.34867943658,0.227165695574
2310,-0.693517727322,-0.437206615872,0.0735115051269,0.944366217719,1.22622850206,0.178388490651
2300,-0.921322462294,-0.527145775689,0.178322940403,0.917786712646,1.29605933295,0.190359311012
2290,-1.14742685954,-0.623667967055,0.0736032274034,1.28719211155,1.80834265815,0.224547433197
2280,-0.957638041178,-0.705132700602,0.0692269219292,1.23766286214,1.75056491428,0.187004497823
2270,-1.21585812039,-0.784612943861,-0.0742434183757,0.718369030423,0.992695278592,-0.0496689157076
2260,-0.883008490668,-0.681218448215,-0.0412432352702,0.690850541857,1.13975202772,-0.00885225877052
2250,-0.999669223362,-0.636358837552,-0.0886900160048,0.455232145521,0.748974948459,-0.0691051953496
2240,-1.03301171197,-0.599788953993,-0.015340508355,0.679383366903,1.03037261963,-0.00427161892266
2230,-1.26600850423,-0.70413547092,0.0169470045302,0.632646806505,1.05396982829,0.0031361797797
2220,-0.576503838433,-0.283652191162,0.134727562798,1.12786350674,1.54710354275,0.260889816288
2210,-0.440022616916,-0.303930740356,0.234965430366,1.45158102247,1.8533654107,0.420933404777
2200,-0.532195027669,-0.394159978231,0.236713239882,1.32739560445,2.04643334283,0.386905403954
2190,-0.622478739421,-0.470877117581,0.100401221381,1.00078643799,1.35405375163,0.24944790198
2180,-0.689877149794,-0.47965139601,0.0887101915148,0.797575903998,1.14725426568,0.151097551248
2170,-0.676241556803,-0.505419192844,0.0758919609918,0.819226667616,1.03685438368,0.135324807664
2160,-0.805169847276,-0.519040518867,0.0207223680284,0.837279103597,1.13746829563,0.0919419070611
2150,-0.980936177572,-0.583890770806,-0.0628918965658,0.455820024278,0.754156833225,-0.0634974299228
2140,-0.716062249078,-0.489990937975,-0.0315454271105,0.503639034695,0.658762105306,-0.000908402303691
2130,-0.480205959744,-0.381943562826,-0.0604148864746,0.625229059855,0.852236768934,0.0204759881361
2120,-0.738146294488,-0.296629859077,-0.025526936849,0.643581593831,1.0140528361,0.039272307813
2110,-0.750116475423,-0.402053502401,-0.0424942864312,0.522624138726,1.0046629164,0.00177817136845
2100,-0.656988525391,-0.403902537028,-0.0265252855089,0.633894195557,0.95677541097,0.025658517924
2090,-0.606346978082,-0.316766289605,0.0898569742839,0.816555913289,1.13634219699,0.148149559916
2080,-0.537432522244,-0.422457860311,0.0188165452745,0.654686550564,0.93859439426,0.0715935375851
2070,-0.586387803819,-0.367368511624,0.0207200792101,0.656016727024,1.18085208469,0.0595090192579
2060,-0.868571133084,-0.587021560669,-0.0913182576497,0.230795678033,0.486556159125,-0.13093855981
2050,-0.903601243761,-0.555099105835,-0.0840276930067,0.260078760783,0.456174045139,-0.125404471075
2040,-1.10297241211,-0.588713328044,-0.022673034668,0.431308432685,0.651273091634,-0.05272104293
2030,-1.04899749756,-0.414447411431,0.111887020535,0.765104226006,1.45876922607,0.119512247653
2020,-1.20229526096,-0.421358684964,0.123206922743,0.971517851088,1.18066830105,0.169817464163
2010,-1.28644104004,-0.605416590373,0.0359248691135,0.694611536662,1.25920562744,0.0473332088777
2000,-1.37255452474,-0.62086312188,0.079131825765,0.981958762275,1.61825561523,0.150707432262
1990,-1.15155181885,-0.461907170614,0.0710741678874,0.766720598009,1.02989688449,0.104918984915
1980,-0.775692579481,-0.507033665975,0.125516933865,1.0422676256,1.44469248454,0.234699314252
1970,-1.08815053304,-0.512652757433,0.0942406548394,0.711291342841,1.1177637736,0.115406511662
1960,-0.758102416992,-0.416511645847,0.0970279269748,1.05996737162,1.38263668484,0.228265755075
1950,-0.607251824273,-0.380656407674,0.0412707858615,1.32499545627,1.65759514703,0.224194674108
1940,-0.550830756293,-0.321802842882,0.172484503852,1.35362553914,1.95791371663,0.326307998201
1930,-0.448480224609,-0.291672566732,0.0735341389974,1.08160674201,1.49710286458,0.224722949189
1920,-0.684399074978,-0.45285859002,-0.0214464823405,1.00351389567,1.56489935981,0.100326300595
1910,-0.626725938585,-0.35504222446,0.0190079583062,0.955462646484,1.27062750922,0.133606599106
1900,-0.614205254449,-0.395454491509,0.0667784796821,1.04093243917,1.20523257785,0.198840701904
1890,-0.612193806966,-0.299842944675,0.106348758274,0.878463575575,1.46388685438,0.200656659926
1880,-0.480689832899,-0.259713312785,0.00521952311198,0.544881913927,1.13085361057,0.0796040509751
1870,-0.550248379178,-0.440060874091,0.00277294582791,0.676884587606,1.07083129883,0.0420909770855
1860,-0.557372199164,-0.488429302639,0.0390399509006,1.15776307,1.41607326931,0.152367443194
1850,-0.496426391602,-0.33261499193,0.124792056613,1.50429063585,1.72992858887,0.328947642235
1840,-0.691497294108,-0.373879708184,0.291772800022,1.54735695733,1.79498206245,0.448714298877
1830,-0.617322625054,-0.438835661146,0.278177981906,1.14969583299,1.4464940389,0.349103945237
1820,-0.809996880425,-0.40256251865,0.0918059455024,0.877747997708,1.13420884874,0.143820969176
1810,-1.25173882378,-0.749777857463,-0.0535463968913,0.285208468967,0.80096605089,-0.124286434795
1800,-1.08766089545,-0.829320263333,-0.0813970777724,0.571309229533,1.34148254395,-0.118088916912
1790,-1.28155093723,-1.0048306444,-0.0611796061198,0.399319610596,0.617645263672,-0.152598103467
1780,-0.905913119846,-0.68392139011,-0.0662147521973,0.400851771037,0.770500013563,-0.101546277118
1770,-0.78640153673,-0.495455271403,-0.0286515129937,0.301553522746,0.582666693793,-0.0615964840978
1760,-0.781253899468,-0.487362077501,0.0602599249946,0.492664582994,0.753849453396,0.0400739402333
1750,-0.579843478733,-0.361494581434,0.0553293863932,0.807597020467,1.09039306641,0.142815567739
1740,-0.604206000434,-0.379851650662,0.0588320414225,0.972805260552,1.39306199816,0.180403949597
1730,-0.397365654839,-0.261906534831,0.0559243096246,0.909621624417,1.27341359456,0.161416121577
1720,-0.450305175781,-0.230574027167,0.0918922424316,0.825847905477,1.10939975315,0.168007039376
1710,-0.473132493761,-0.284709498088,0.153590477837,0.889805348714,1.09703470866,0.230670711667
1700,-0.497139655219,-0.340518154568,0.132127126058,0.920198644002,1.44203542074,0.229910808365
1690,-0.649966430664,-0.452023273044,-0.0572650485569,0.605402552287,1.54785427517,-0.00209645228982
1680,-1.2783944024,-0.72269885593,-0.129509989421,0.583753009372,1.46165822347,-0.09599981347
1670,-1.2303334554,-0.757253638373,-0.105209011502,0.516624120076,0.954855685764,-0.11828639661
1660,-0.922738138835,-0.514602559408,0.030421617296,0.994442537096,1.45667266846,0.107473767267
1650,-0.685782708062,-0.42814394633,0.0616055806478,1.19850913154,1.77663167318,0.213686605037
1640,-0.722089979384,-0.443943566216,0.110281541612,0.960370585124,1.45745171441,0.18050822352
1630,-0.458733283149,-0.341820102268,0.0684254116482,0.91105764601,1.11151275635,0.17582198714
1620,-0.521233113607,-0.278998650445,0.0725129021539,0.730203145345,0.834267849392,0.147508328366
1610,-0.316585456,-0.220183029175,0.158435906304,1.0805384318,1.5570537991,0.310298108941
1600,-0.933752102322,-0.48139690823,0.0605600145128,0.653875367906,1.00142025418,0.0992965500738
1590,-0.966781785753,-0.360263434516,0.0678866916233,0.76482770284,1.00528649224,0.0908530086264
1580,-1.34317084418,-0.762882614136,-0.0618177625868,0.394441019694,0.627572631836,-0.11066833827
1570,-0.568249511719,-0.402808125814,0.0536939832899,0.79536239624,1.10856713189,0.109930461104
1560,-0.591254679362,-0.42042098999,0.0972220526801,0.854748424954,1.14120229085,0.13202763505
1550,-0.592577107747,-0.338801201714,0.172765943739,1.2894278378,1.76867184109,0.291518227415
1540,-0.622024027507,-0.32548377143,0.182761298286,1.2923464542,1.8821750217,0.346188645517
1530,-0.398200141059,-0.325726716783,0.0740136040582,1.23047708299,1.80659501817,0.257188103035
1520,-0.493153889974,-0.353241170247,0.0256406995985,0.977751312256,1.42803497314,0.175527304978
1510,-0.871765984429,-0.496619644165,-0.00778511895074,0.851998452081,1.22408633762,0.0847217381478
1500,-0.745090908474,-0.452211464776,0.0296365525987,0.776242302789,1.29915415446,0.1082652378
1490,-0.749896070692,-0.396873626709,0.0707129584418,0.696729710897,1.03315226237,0.144767979803
1480,-0.93952975803,-0.356072523329,0.0351620144314,0.481934170193,0.822596062554,0.0495946064308
1470,-1.17962120904,-0.330326571994,-0.0129869249132,0.629455634223,0.849374728733,0.0466840422762
1460,-0.622615729438,-0.530714738634,-0.0474505954319,0.732274687025,1.13657904731,0.00728909233651
1450,-0.709218682183,-0.520335795085,-0.00127656724718,1.17385970222,1.67879045275,0.149741176303
1440,-0.815789794922,-0.524323094686,-0.0225200229221,1.00793039958,1.26778971354,0.0869224255617
1430,-0.603706190321,-0.461345180935,0.000711483425562,0.750236748589,1.06038682726,0.0738387035613
1420,-0.679038662381,-0.46118669298,-0.0453987969292,0.734093144735,0.928322347005,0.031260502834
1410,-1.11663614909,-0.570421981812,0.0136996799045,0.828708589342,1.14768693712,0.0784237201267
1400,-0.589176940918,-0.49874961853,0.0237665812174,0.793055233426,1.15107879639,0.130480982032
1390,-0.746863979763,-0.5073853302,0.0871521843804,1.08083858066,1.38777550591,0.173536357576
1380,-0.729424879286,-0.379773703681,0.0934265984429,1.10129477607,1.34177992079,0.23110348505
1370,-1.1986843533,-0.517238371107,0.0696005079481,0.848776126438,1.17121344672,0.122932616749
1360,-1.32007819282,-0.720758607652,0.00994296603732,0.59948794047,0.824432542589,-0.014690518672
1350,-1.19718034532,-0.7004296875,-0.0422793070475,0.647144826253,1.14029303657,-0.0312935861552
1340,-0.772115749783,-0.358488472833,0.0374540540907,0.834979553223,1.26893174913,0.109975752792
1330,-0.807493930393,-0.490387547811,0.00626720852322,0.771326073541,1.25927717421,0.0938130018329
1320,-0.852885097928,-0.54881969028,0.00317298041449,0.727460861206,0.994241672092,0.0518073162379
1310,-0.82779168023,-0.56899772644,0.0348056369358,0.661700956557,0.854029846191,0.0779832037551
1300,-0.701492140028,-0.343533647325,0.110571458605,0.621358693441,0.894008551704,0.113569745682
1290,-0.795226033529,-0.52369597541,0.0323254903158,0.755655568441,0.888091532389,0.0713281948548
1280,-0.492492167155,-0.447577455309,0.0164763556586,0.790266053942,1.19905463325,0.104101946507
1270,-0.525477939182,-0.422639202542,0.118834347195,1.28344190809,1.52346954346,0.283026724071
1260,-0.409796820747,-0.289732767741,0.154339514838,1.1588963996,1.43468882243,0.310087372106
1250,-0.441994730632,-0.311109297011,0.176043870714,1.22775211758,1.55217132568,0.316687698639
1240,-0.662566799588,-0.20186158922,0.095659298367,1.02179600186,1.49936506483,0.236354941644
1230,-0.479180738661,-0.205291731093,0.198534732395,1.15994920519,1.3821363661,0.292333644398
1220,-0.377013481988,-0.229803085327,0.256868659125,1.24568369548,1.4361638387,0.333274839979
1210,-0.471417914497,-0.353554814657,0.167534467909,1.22983475579,1.53292880588,0.283844339813
1200,-0.546965874566,-0.302495973375,0.0735866122776,1.04203382704,1.52505323622,0.193282898651
1190,-0.855686781141,-0.576715087891,0.0184850056966,0.769876013862,1.10563608805,0.0447660490351
1180,-1.06661495633,-0.620992507935,0.0113655938043,0.456940248277,0.783852471246,0.0137947079171
1170,-0.639642164442,-0.355579732259,0.0224472893609,0.477966266208,0.705366685655,0.0384609980012
1160,-0.803878275553,-0.513523890177,-0.103759256999,0.550544959174,1.04896952311,-0.0536970524737
1150,-0.728681606717,-0.549059736464,-0.0384554545085,0.581574172974,1.01587558322,0.00185606220857
1140,-0.745654466417,-0.485415615506,0.030022599962,0.546203943888,0.784255811903,0.0417482695597
1130,-0.653527832031,-0.449286905924,-0.00440555148654,0.784872758653,1.254737854,0.0413425150181
1120,-1.03576660156,-0.697676450941,-0.023892042372,0.81665687561,1.37170121935,0.00244996028962
1110,-1.06458553738,-0.735501344469,0.0550634596083,0.908241204156,1.15490943061,0.0777237508115
1100,-1.18299730089,-0.594609519111,0.0481278313531,1.01370463053,1.36238064236,0.148304150349
1090,-0.922287495931,-0.390888943142,0.130696275499,1.291662657,1.7139884101,0.307113406183
1080,-0.682434251573,-0.374975823296,0.0801735772027,1.04975508796,1.41593644884,0.187521056906
1070,-0.629785834418,-0.274227269491,0.100114695231,0.986592966715,1.30268096924,0.243904395885
1060,-1.39467247857,-0.70434129503,0.0275767008464,0.406222203573,0.626677280002,-0.0231082968396
1050,-1.31425662571,-0.602179353502,0.0131151835124,0.453520389133,0.562764485677,-0.0123206335028
1040,-1.16107584635,-0.55508875529,0.00783945719401,0.315896072388,0.604151916504,-0.0361767348583
1030,-0.409637620714,-0.319113811917,0.147509596083,0.691333372328,0.83965250651,0.177155100701
1020,-0.654030693902,-0.505277057224,0.102305263943,1.04223176744,1.28515574137,0.176002245369
1010,-0.747294277615,-0.507914055718,0.0501408047146,1.00120502896,1.41254916721,0.149111643022
1000,-0.650760735406,-0.343130043877,0.0383933173286,0.84676123725,1.13431532118,0.125308799682
990,-0.460756937663,-0.309601330227,0.100766584608,0.920944349501,1.05779724121,0.181681616239
980,-0.345269436306,-0.27410859002,0.101029629178,0.882471839057,1.34279429118,0.202055942457
970,-0.49047732883,-0.361390389336,0.108988528781,1.1099850803,1.39733479818,0.21173972664
960,-0.44270002577,-0.25790576511,0.172542402479,0.919731343587,1.23244374593,0.254022531187
950,-0.478896416558,-0.330677998861,0.139645809597,1.02051200019,1.5763929579,0.271479929805
940,-0.458189731174,-0.293243450589,0.108656056722,1.04622175429,1.34837002224,0.240498400912
930,-0.412105136447,-0.364960564507,0.0885530259874,0.800694910685,1.22540893555,0.166570256249
920,-0.526217142741,-0.325303607517,0.0240303887261,0.70573922899,0.970596822103,0.094714940863
910,-0.636109076606,-0.412048195733,0.00424134996202,0.620527920193,0.769864400228,0.0337478988277
900,-0.649031575521,-0.388694729275,0.0635394626194,0.618987087674,0.942264472114,0.106091672568
890,-0.538861083984,-0.36328737047,0.130897182888,0.72151383294,1.15294121636,0.189128201608
880,-0.529721238878,-0.34702416314,0.281821356879,1.302520735,1.58382093641,0.385405457937
870,-0.930238850911,-0.434394065009,0.0719755384657,1.41059503343,1.98698238797,0.230484274334
860,-0.652960205078,-0.409548136393,0.0703879462348,1.58973392063,1.95521901449,0.272870346095
850,-0.681830342611,-0.466364601983,0.0362174140082,1.10728858948,1.59482303196,0.124932806553
840,-0.656196085612,-0.401181148953,0.0925597296821,0.875095926921,1.12633548313,0.148027470772
830,-1.06364254422,-0.532824978299,0.0273112826877,0.477624782986,0.669188435872,0.0200837256356
820,-0.818892923991,-0.557094794379,0.0268061319987,0.425386216905,0.622202724881,0.00748490461425
810,-0.478612263997,-0.309415435791,0.179960208469,0.651416566637,0.808536275228,0.201638405654
800,-0.387175157335,-0.189349517822,0.250383758545,0.854461212158,1.17226308187,0.283227517878
790,-0.522878350152,-0.29129266527,0.227833133274,0.757806421916,1.24558851454,0.235817060483
780,-0.569353400336,-0.25248878479,0.0928709242079,0.521865005493,0.963565572103,0.12748286821
770,-0.930490451389,-0.475513475206,0.111267937554,0.877177225749,1.19385867649,0.170893091418
760,-0.826039123535,-0.472405717638,0.0612808227539,0.937913182576,1.22286105686,0.157853710774
750,-0.978194173177,-0.460738652547,0.0838990105523,0.850869615343,1.50846371121,0.178876104854
740,-0.394967312283,-0.323239500258,0.0656229654948,0.628455615573,1.14215308295,0.131303477303
730,-0.500633748372,-0.319069307115,0.142710367839,0.944522264269,1.17532518175,0.253640155932
720,-0.400109015571,-0.315411359999,0.100828552246,0.983435863919,1.28600413005,0.188478721804
710,-0.472078111437,-0.317786441379,0.0919561598036,1.02845080905,1.421824646,0.189503435284
700,-0.661221143934,-0.365595041911,0.129024844699,1.07773693509,1.35682932536,0.210737098978
690,-0.557928127713,-0.304609739516,0.148967912462,1.24081857469,1.61916215685,0.25930065659
680,-0.575608656141,-0.246934136285,0.267928144667,1.37835309347,1.87451443142,0.404199605954
670,-0.49902750651,-0.339170642429,0.136394924588,1.32321486579,1.53401963976,0.321068780422
660,-0.730749342177,-0.249150305854,0.135557725694,1.21900935703,1.33322804769,0.303276145933
650,-1.05479346381,-0.373478808933,0.121550411648,0.817749421861,1.09563513862,0.169831105608
640,-1.03951568604,-0.47389026218,0.111524624295,1.18068919712,1.49599304199,0.217208124072
630,-0.722998725043,-0.295109846327,0.207816399468,1.10589631822,1.37783186171,0.289769226963
620,-0.75241394043,-0.455290137397,0.20287967258,1.27609887017,1.71295912001,0.313457099613
610,-0.662583245171,-0.285871641371,0.175682576497,1.27197706434,1.94096713596,0.32293971955
600,-0.498939344618,-0.16696150038,0.206725565592,0.907792188856,1.36126946343,0.254041598481
590,-0.481546020508,-0.287300593058,0.186656528049,0.947111002604,1.48432888455,0.242138903758
580,-0.386756388346,-0.256799647013,0.296183183458,0.837052239312,1.15181596544,0.301372267314
570,-0.554570685493,-0.286723683675,0.288850318061,1.27120148553,1.5955323961,0.401585441178
560,-0.551326497396,-0.280452211168,0.235643683539,1.19776725769,1.38592190213,0.362605750475
550,-0.609043036567,-0.37896174113,0.13841518826,1.04036608378,1.42856479221,0.237401394719
540,-1.2858259413,-0.568901299371,0.108119116889,0.858815697564,1.06320461697,0.156176185742
530,-1.00123647054,-0.482786127726,0.11467107137,0.692376242744,0.945435926649,0.107690201082
520,-0.795973544651,-0.438480199178,0.161226569282,0.833822775947,1.38773345947,0.205929384651
510,-0.811152309842,-0.517029936049,0.1059521993,0.597571317885,1.12332204183,0.0955047576457
500,-1.09724544949,-0.560321477254,0.130215623644,0.841799502903,1.19599965413,0.171851021105
490,-1.40404001872,-0.372633650038,0.0594724867079,0.737439685398,1.01459994846,0.110736475544
480,-0.681614854601,-0.268845299615,0.125515916612,0.892651528252,1.09075792101,0.219670765398
470,-0.272812228733,-0.195170432197,0.187163204617,1.0222105662,1.27960357666,0.314334362865
460,-0.380430603027,-0.216549284193,0.11701397366,0.863671332465,1.49934082031,0.223816587402
450,-0.612454901801,-0.411365220812,0.0538636101617,1.00161419339,1.42230970595,0.179540415593
440,-0.946019999186,-0.618385153876,-0.0101977878147,0.569229719374,0.798403761122,-0.0123353592573
430,-0.864449395074,-0.54491232978,0.0864329020182,0.610175238715,0.91815999349,0.064010415696
420,-0.9402440389,-0.51698805915,0.0445588853624,0.406601376004,0.667911953396,0.00236506442399
410,-0.9025487264,-0.542001427544,0.0800979614258,0.534876802233,1.04925062391,0.0735391035049
400,-0.358464219835,-0.249512083266,0.168323686388,0.949129214817,1.36690504286,0.243803703887
390,-0.392448764377,-0.151219753689,0.300734880235,1.4300203281,1.71410505507,0.414797676967
380,-0.353990512424,-0.117219026354,0.249866994222,1.37001799689,1.55205790202,0.408775654521
370,-0.367485555013,-0.161837141249,0.164061482747,1.19700697157,1.6544470893,0.341146445972
360,-0.50173356798,-0.23745836046,0.063959842258,1.01035797119,1.52607404921,0.198781331441
350,-0.402739800347,-0.290741348267,0.0217037624783,0.892994478014,1.37250044081,0.155953093506
340,-0.654512702094,-0.364451149835,-0.0117935180664,0.624392886692,1.00862443712,0.0363682393545
330,-0.558733791775,-0.380795754327,0.0249795701769,0.757306094699,0.931626044379,0.102124898662
320,-0.478496127658,-0.291238488091,0.0858055962457,0.706740544637,1.08217807346,0.147807253791
310,-0.566886732313,-0.385114652846,0.0117727491591,0.687513817681,0.972017245822,0.0932539748677
300,-0.636625501845,-0.39037979126,-0.00989634195964,0.726854841444,0.893975490994,0.0312744462408
290,-0.52676832411,-0.319913143582,0.0729043748644,0.794885949029,1.63610415988,0.139516130234
280,-0.482923210992,-0.276035707262,0.12629538642,1.12063986037,1.5844200982,0.26947839072
270,-0.537906053331,-0.350216039022,0.110571373834,0.972676264445,1.53557315403,0.219104934582
260,-0.998222181532,-0.792520421346,-0.111326429579,0.493107918633,0.933637152778,-0.173888146327
250,-0.952352905273,-0.653329111735,-0.125354003906,0.485598898994,0.762823316786,-0.142146948549
240,-0.916344706217,-0.572323362562,-0.0999012417263,0.383811925252,0.991144137912,-0.109317873652
230,-0.709216308594,-0.383985561795,0.000772433810765,0.696757685343,1.22476671007,0.0976050012264
220,-0.947265625,-0.613771972656,-0.0964509752062,0.426230824788,0.907630242242,-0.107968328756
210,-0.772227138943,-0.576101582845,-0.0851417541504,0.143377770318,0.315829467773,-0.131900561392
200,0.0,0.0,0.0,0.0,0.0,0.0
